  0
SECTION
  2
HEADER
  9
$ACADVER
  1
AC1024
  9
$ACADMAINTVER
 70
6
  9
$DWGCODEPAGE
  3
ANSI_1252
  9
$LASTSAVEDBY
  1
ezdxf
  9
$INSBASE
 10
0.0
 20
0.0
 30
0.0
  9
$EXTMIN
 10
1e+20
 20
1e+20
 30
1e+20
  9
$EXTMAX
 10
-1e+20
 20
-1e+20
 30
-1e+20
  9
$LIMMIN
 10
0.0
 20
0.0
  9
$LIMMAX
 10
420.0
 20
297.0
  9
$ORTHOMODE
 70
0
  9
$REGENMODE
 70
1
  9
$FILLMODE
 70
1
  9
$QTEXTMODE
 70
0
  9
$MIRRTEXT
 70
1
  9
$LTSCALE
 40
1.0
  9
$ATTMODE
 70
1
  9
$TEXTSIZE
 40
2.5
  9
$TRACEWID
 40
1.0
  9
$TEXTSTYLE
  7
Standard
  9
$CLAYER
  8
0
  9
$CELTYPE
  6
ByLayer
  9
$CECOLOR
 62
256
  9
$CELTSCALE
 40
1.0
  9
$DISPSILH
 70
0
  9
$DIMSCALE
 40
1.0
  9
$DIMASZ
 40
2.5
  9
$DIMEXO
 40
0.625
  9
$DIMDLI
 40
3.75
  9
$DIMRND
 40
0.0
  9
$DIMDLE
 40
0.0
  9
$DIMEXE
 40
1.25
  9
$DIMTP
 40
0.0
  9
$DIMTM
 40
0.0
  9
$DIMTXT
 40
2.5
  9
$DIMCEN
 40
2.5
  9
$DIMTSZ
 40
0.0
  9
$DIMTOL
 70
0
  9
$DIMLIM
 70
0
  9
$DIMTIH
 70
0
  9
$DIMTOH
 70
0
  9
$DIMSE1
 70
0
  9
$DIMSE2
 70
0
  9
$DIMTAD
 70
1
  9
$DIMZIN
 70
8
  9
$DIMBLK
  1

  9
$DIMASO
 70
1
  9
$DIMSHO
 70
1
  9
$DIMPOST
  1

  9
$DIMAPOST
  1

  9
$DIMALT
 70
0
  9
$DIMALTD
 70
3
  9
$DIMALTF
 40
0.03937007874
  9
$DIMLFAC
 40
1.0
  9
$DIMTOFL
 70
1
  9
$DIMTVP
 40
0.0
  9
$DIMTIX
 70
0
  9
$DIMSOXD
 70
0
  9
$DIMSAH
 70
0
  9
$DIMBLK1
  1

  9
$DIMBLK2
  1

  9
$DIMSTYLE
  2
ISO-25
  9
$DIMCLRD
 70
0
  9
$DIMCLRE
 70
0
  9
$DIMCLRT
 70
0
  9
$DIMTFAC
 40
1.0
  9
$DIMGAP
 40
0.625
  9
$DIMJUST
 70
0
  9
$DIMSD1
 70
0
  9
$DIMSD2
 70
0
  9
$DIMTOLJ
 70
0
  9
$DIMTZIN
 70
8
  9
$DIMALTZ
 70
0
  9
$DIMALTTZ
 70
0
  9
$DIMUPT
 70
0
  9
$DIMDEC
 70
2
  9
$DIMTDEC
 70
2
  9
$DIMALTU
 70
2
  9
$DIMALTTD
 70
3
  9
$DIMTXSTY
  7
Standard
  9
$DIMAUNIT
 70
0
  9
$DIMADEC
 70
0
  9
$DIMALTRND
 40
0.0
  9
$DIMAZIN
 70
0
  9
$DIMDSEP
 70
44
  9
$DIMATFIT
 70
3
  9
$DIMFRAC
 70
0
  9
$DIMLDRBLK
  1

  9
$DIMLUNIT
 70
2
  9
$DIMLWD
 70
-2
  9
$DIMLWE
 70
-2
  9
$DIMTMOVE
 70
0
  9
$DIMFXL
 40
1.0
  9
$DIMFXLON
 70
0
  9
$DIMJOGANG
 40
0.785398163397
  9
$DIMTFILL
 70
0
  9
$DIMTFILLCLR
 70
0
  9
$DIMARCSYM
 70
0
  9
$DIMLTYPE
  6

  9
$DIMLTEX1
  6

  9
$DIMLTEX2
  6

  9
$DIMTXTDIRECTION
 70
0
  9
$LUNITS
 70
2
  9
$LUPREC
 70
4
  9
$SKETCHINC
 40
1.0
  9
$FILLETRAD
 40
10.0
  9
$AUNITS
 70
0
  9
$AUPREC
 70
2
  9
$MENU
  1
.
  9
$ELEVATION
 40
0.0
  9
$PELEVATION
 40
0.0
  9
$THICKNESS
 40
0.0
  9
$LIMCHECK
 70
0
  9
$CHAMFERA
 40
0.0
  9
$CHAMFERB
 40
0.0
  9
$CHAMFERC
 40
0.0
  9
$CHAMFERD
 40
0.0
  9
$SKPOLY
 70
0
  9
$TDCREATE
 40
2461312.983414352
  9
$TDUCREATE
 40
2458532.153996898
  9
$TDUPDATE
 40
2461312.983425926
  9
$TDUUPDATE
 40
2458532.1544311
  9
$TDINDWG
 40
0.0
  9
$TDUSRTIMER
 40
0.0
  9
$USRTIMER
 70
1
  9
$ANGBASE
 50
0.0
  9
$ANGDIR
 70
0
  9
$PDMODE
 70
0
  9
$PDSIZE
 40
0.0
  9
$PLINEWID
 40
0.0
  9
$SPLFRAME
 70
0
  9
$SPLINETYPE
 70
6
  9
$SPLINESEGS
 70
8
  9
$HANDSEED
  5
1294
  9
$SURFTAB1
 70
6
  9
$SURFTAB2
 70
6
  9
$SURFTYPE
 70
6
  9
$SURFU
 70
6
  9
$SURFV
 70
6
  9
$UCSBASE
  2

  9
$UCSNAME
  2

  9
$UCSORG
 10
0.0
 20
0.0
 30
0.0
  9
$UCSXDIR
 10
1.0
 20
0.0
 30
0.0
  9
$UCSYDIR
 10
0.0
 20
1.0
 30
0.0
  9
$UCSORTHOREF
  2

  9
$UCSORTHOVIEW
 70
0
  9
$UCSORGTOP
 10
0.0
 20
0.0
 30
0.0
  9
$UCSORGBOTTOM
 10
0.0
 20
0.0
 30
0.0
  9
$UCSORGLEFT
 10
0.0
 20
0.0
 30
0.0
  9
$UCSORGRIGHT
 10
0.0
 20
0.0
 30
0.0
  9
$UCSORGFRONT
 10
0.0
 20
0.0
 30
0.0
  9
$UCSORGBACK
 10
0.0
 20
0.0
 30
0.0
  9
$PUCSBASE
  2

  9
$PUCSNAME
  2

  9
$PUCSORG
 10
0.0
 20
0.0
 30
0.0
  9
$PUCSXDIR
 10
1.0
 20
0.0
 30
0.0
  9
$PUCSYDIR
 10
0.0
 20
1.0
 30
0.0
  9
$PUCSORTHOREF
  2

  9
$PUCSORTHOVIEW
 70
0
  9
$PUCSORGTOP
 10
0.0
 20
0.0
 30
0.0
  9
$PUCSORGBOTTOM
 10
0.0
 20
0.0
 30
0.0
  9
$PUCSORGLEFT
 10
0.0
 20
0.0
 30
0.0
  9
$PUCSORGRIGHT
 10
0.0
 20
0.0
 30
0.0
  9
$PUCSORGFRONT
 10
0.0
 20
0.0
 30
0.0
  9
$PUCSORGBACK
 10
0.0
 20
0.0
 30
0.0
  9
$USERI1
 70
0
  9
$USERI2
 70
0
  9
$USERI3
 70
0
  9
$USERI4
 70
0
  9
$USERI5
 70
0
  9
$USERR1
 40
0.0
  9
$USERR2
 40
0.0
  9
$USERR3
 40
0.0
  9
$USERR4
 40
0.0
  9
$USERR5
 40
0.0
  9
$WORLDVIEW
 70
1
  9
$SHADEDGE
 70
3
  9
$SHADEDIF
 70
70
  9
$TILEMODE
 70
1
  9
$MAXACTVP
 70
64
  9
$PINSBASE
 10
0.0
 20
0.0
 30
0.0
  9
$PLIMCHECK
 70
0
  9
$PEXTMIN
 10
1e+20
 20
1e+20
 30
1e+20
  9
$PEXTMAX
 10
-1e+20
 20
-1e+20
 30
-1e+20
  9
$PLIMMIN
 10
0.0
 20
0.0
  9
$PLIMMAX
 10
420.0
 20
297.0
  9
$UNITMODE
 70
0
  9
$VISRETAIN
 70
1
  9
$PLINEGEN
 70
0
  9
$PSLTSCALE
 70
1
  9
$TREEDEPTH
 70
3020
  9
$CMLSTYLE
  2
Standard
  9
$CMLJUST
 70
0
  9
$CMLSCALE
 40
20.0
  9
$PROXYGRAPHICS
 70
1
  9
$MEASUREMENT
 70
1
  9
$CELWEIGHT
370
-1
  9
$ENDCAPS
280
0
  9
$JOINSTYLE
280
0
  9
$LWDISPLAY
290
0
  9
$INSUNITS
 70
6
  9
$HYPERLINKBASE
  1

  9
$STYLESHEET
  1

  9
$XEDIT
290
1
  9
$CEPSNTYPE
380
0
  9
$PSTYLEMODE
290
1
  9
$FINGERPRINTGUID
  2
{86E0857E-A1AC-4AA2-82F0-213E24399DAF}
  9
$VERSIONGUID
  2
{DB04A3D2-8D36-41C9-8BB5-89ADD603A01E}
  9
$EXTNAMES
290
1
  9
$PSVPSCALE
 40
0.0
  9
$OLESTARTUP
290
0
  9
$SORTENTS
280
127
  9
$INDEXCTL
280
0
  9
$HIDETEXT
280
1
  9
$XCLIPFRAME
280
1
  9
$HALOGAP
280
0
  9
$OBSCOLOR
 70
257
  9
$OBSLTYPE
280
0
  9
$INTERSECTIONDISPLAY
280
0
  9
$INTERSECTIONCOLOR
 70
257
  9
$DIMASSOC
280
2
  9
$PROJECTNAME
  1

  9
$CAMERADISPLAY
290
0
  9
$LENSLENGTH
 40
50.0
  9
$CAMERAHEIGHT
 40
0.0
  9
$STEPSPERSEC
 40
24.0
  9
$STEPSIZE
 40
100.0
  9
$3DDWFPREC
 40
2.0
  9
$PSOLWIDTH
 40
0.005
  9
$PSOLHEIGHT
 40
0.08
  9
$LOFTANG1
 40
1.570796326795
  9
$LOFTANG2
 40
1.570796326795
  9
$LOFTMAG1
 40
0.0
  9
$LOFTMAG2
 40
0.0
  9
$LOFTPARAM
 70
7
  9
$LOFTNORMALS
280
1
  9
$LATITUDE
 40
37.795
  9
$LONGITUDE
 40
-122.394
  9
$NORTHDIRECTION
 40
0.0
  9
$TIMEZONE
 70
-8000
  9
$LIGHTGLYPHDISPLAY
280
1
  9
$TILEMODELIGHTSYNCH
280
1
  9
$CMATERIAL
347
20
  9
$SOLIDHIST
280
0
  9
$SHOWHIST
280
1
  9
$DWFFRAME
280
2
  9
$DGNFRAME
280
2
  9
$REALWORLDSCALE
290
1
  9
$INTERFERECOLOR
 62
256
  9
$CSHADOW
280
0
  9
$SHADOWPLANELOCATION
 40
0.0
  0
ENDSEC
  0
SECTION
  2
CLASSES
  0
CLASS
  1
ACDBDICTIONARYWDFLT
  2
AcDbDictionaryWithDefault
  3
ObjectDBX Classes
 90
0
 91
0
280
0
281
0
  0
CLASS
  1
SUN
  2
AcDbSun
  3
SCENEOE
 90
1153
 91
0
280
0
281
0
  0
CLASS
  1
VISUALSTYLE
  2
AcDbVisualStyle
  3
ObjectDBX Classes
 90
4095
 91
0
280
0
281
0
  0
CLASS
  1
MATERIAL
  2
AcDbMaterial
  3
ObjectDBX Classes
 90
1153
 91
0
280
0
281
0
  0
CLASS
  1
SCALE
  2
AcDbScale
  3
ObjectDBX Classes
 90
1153
 91
0
280
0
281
0
  0
CLASS
  1
TABLESTYLE
  2
AcDbTableStyle
  3
ObjectDBX Classes
 90
4095
 91
0
280
0
281
0
  0
CLASS
  1
MLEADERSTYLE
  2
AcDbMLeaderStyle
  3
ACDB_MLEADERSTYLE_CLASS
 90
4095
 91
0
280
0
281
0
  0
CLASS
  1
DICTIONARYVAR
  2
AcDbDictionaryVar
  3
ObjectDBX Classes
 90
0
 91
0
280
0
281
0
  0
CLASS
  1
CELLSTYLEMAP
  2
AcDbCellStyleMap
  3
ObjectDBX Classes
 90
1152
 91
0
280
0
281
0
  0
CLASS
  1
MENTALRAYRENDERSETTINGS
  2
AcDbMentalRayRenderSettings
  3
SCENEOE
 90
1024
 91
0
280
0
281
0
  0
CLASS
  1
ACDBDETAILVIEWSTYLE
  2
AcDbDetailViewStyle
  3
ObjectDBX Classes
 90
1025
 91
0
280
0
281
0
  0
CLASS
  1
ACDBSECTIONVIEWSTYLE
  2
AcDbSectionViewStyle
  3
ObjectDBX Classes
 90
1025
 91
0
280
0
281
0
  0
CLASS
  1
RASTERVARIABLES
  2
AcDbRasterVariables
  3
ISM
 90
0
 91
0
280
0
281
0
  0
CLASS
  1
ACDBPLACEHOLDER
  2
AcDbPlaceHolder
  3
ObjectDBX Classes
 90
0
 91
0
280
0
281
0
  0
CLASS
  1
LAYOUT
  2
AcDbLayout
  3
ObjectDBX Classes
 90
0
 91
0
280
0
281
0
  0
ENDSEC
  0
SECTION
  2
TABLES
  0
TABLE
  2
VPORT
  5
8
330
0
100
AcDbSymbolTable
 70
1
  0
VPORT
  5
23
330
8
100
AcDbSymbolTableRecord
100
AcDbViewportTableRecord
  2
*Active
 70
0
 10
0.0
 20
0.0
 11
1.0
 21
1.0
 12
0.0
 22
0.0
 13
0.0
 23
0.0
 14
0.5
 24
0.5
 15
0.5
 25
0.5
 16
0.0
 26
0.0
 36
1.0
 17
0.0
 27
0.0
 37
0.0
 40
1000.0
 41
1.34
 42
50.0
 43
0.0
 44
0.0
 50
0.0
 51
0.0
 71
0
 72
1000
 73
1
 74
3
 75
0
 76
0
 77
0
 78
0
281
0
 65
0
146
0.0
  0
ENDTAB
  0
TABLE
  2
LTYPE
  5
2
330
0
100
AcDbSymbolTable
 70
3
  0
LTYPE
  5
24
330
2
100
AcDbSymbolTableRecord
100
AcDbLinetypeTableRecord
  2
ByBlock
 70
0
  3

 72
65
 73
0
 40
0.0
  0
LTYPE
  5
25
330
2
100
AcDbSymbolTableRecord
100
AcDbLinetypeTableRecord
  2
ByLayer
 70
0
  3

 72
65
 73
0
 40
0.0
  0
LTYPE
  5
26
330
2
100
AcDbSymbolTableRecord
100
AcDbLinetypeTableRecord
  2
Continuous
 70
0
  3

 72
65
 73
0
 40
0.0
  0
ENDTAB
  0
TABLE
  2
LAYER
  5
1
330
0
100
AcDbSymbolTable
 70
16
  0
LAYER
  5
27
330
1
100
AcDbSymbolTableRecord
100
AcDbLayerTableRecord
  2
0
 70
0
 62
7
  6
Continuous
370
-3
390
13
347
21
  0
LAYER
  5
28
330
1
100
AcDbSymbolTableRecord
100
AcDbLayerTableRecord
  2
Defpoints
 70
0
 62
7
  6
Continuous
290
0
370
-3
390
13
347
21
  0
LAYER
  5
2F
330
1
100
AcDbSymbolTableRecord
100
AcDbLayerTableRecord
  2
ГРАНИЦА_РАБОТ
 70
0
 62
1
  6
Continuous
370
-3
390
13
347
21
  0
LAYER
  5
31
330
1
100
AcDbSymbolTableRecord
100
AcDbLayerTableRecord
  2
ЗДАНИЯ
 70
0
 62
7
  6
Continuous
370
-3
390
13
347
21
  0
LAYER
  5
33
330
1
100
AcDbSymbolTableRecord
100
AcDbLayerTableRecord
  2
ПРОЕЗЖАЯ_ЧАСТЬ
 70
0
 62
5
  6
Continuous
370
-3
390
13
347
21
  0
LAYER
  5
36
330
1
100
AcDbSymbolTableRecord
100
AcDbLayerTableRecord
  2
ТРОТУАР
 70
0
 62
8
  6
Continuous
370
-3
390
13
347
21
  0
LAYER
  5
39
330
1
100
AcDbSymbolTableRecord
100
AcDbLayerTableRecord
  2
ВОДОПРОВОД_В1
 70
0
 62
4
  6
Continuous
370
-3
390
13
347
21
  0
LAYER
  5
3B
330
1
100
AcDbSymbolTableRecord
100
AcDbLayerTableRecord
  2
ГАЗОПРОВОД
 70
0
 62
2
  6
Continuous
370
-3
390
13
347
21
  0
LAYER
  5
3D
330
1
100
AcDbSymbolTableRecord
100
AcDbLayerTableRecord
  2
КАБЕЛЬ_СВЯЗИ
 70
0
 62
6
  6
Continuous
370
-3
390
13
347
21
  0
LAYER
  5
3F
330
1
100
AcDbSymbolTableRecord
100
AcDbLayerTableRecord
  2
КАНАЛИЗАЦИЯ_К1
 70
0
 62
3
  6
Continuous
370
-3
390
13
347
21
  0
LAYER
  5
41
330
1
100
AcDbSymbolTableRecord
100
AcDbLayerTableRecord
  2
ОПОРЫ_ОСВЕЩЕНИЯ
 70
0
 62
30
  6
Continuous
370
-3
390
13
347
21
  0
LAYER
  5
47
330
1
100
AcDbSymbolTableRecord
100
AcDbLayerTableRecord
  2
СУЩ_ДЕРЕВЬЯ
 70
0
 62
3
  6
Continuous
370
-3
390
13
347
21
  0
LAYER
  5
4F
330
1
100
AcDbSymbolTableRecord
100
AcDbLayerTableRecord
  2
GREEN_AI_TREES
 70
0
 62
3
  6
Continuous
370
-3
390
13
347
21
  0
LAYER
  5
50
330
1
100
AcDbSymbolTableRecord
100
AcDbLayerTableRecord
  2
GREEN_AI_SHRUBS
 70
0
 62
82
  6
Continuous
370
-3
390
13
347
21
  0
LAYER
  5
51
330
1
100
AcDbSymbolTableRecord
100
AcDbLayerTableRecord
  2
GREEN_AI_ZONES
 70
0
 62
8
  6
Continuous
370
-3
390
13
347
21
  0
LAYER
  5
52
330
1
100
AcDbSymbolTableRecord
100
AcDbLayerTableRecord
  2
GREEN_AI_NOTES
 70
0
 62
7
  6
Continuous
370
-3
390
13
347
21
  0
ENDTAB
  0
TABLE
  2
STYLE
  5
5
330
0
100
AcDbSymbolTable
 70
1
  0
STYLE
  5
29
330
5
100
AcDbSymbolTableRecord
100
AcDbTextStyleTableRecord
  2
Standard
 70
0
 40
0.0
 41
1.0
 50
0.0
 71
0
 42
2.5
  3
txt
  4

  0
ENDTAB
  0
TABLE
  2
VIEW
  5
7
330
0
100
AcDbSymbolTable
 70
0
  0
ENDTAB
  0
TABLE
  2
UCS
  5
6
330
0
100
AcDbSymbolTable
 70
0
  0
ENDTAB
  0
TABLE
  2
APPID
  5
3
330
0
100
AcDbSymbolTable
 70
4
  0
APPID
  5
2A
330
3
100
AcDbSymbolTableRecord
100
AcDbRegAppTableRecord
  2
ACAD
 70
0
  0
APPID
  5
4C
330
3
100
AcDbSymbolTableRecord
100
AcDbRegAppTableRecord
  2
HATCHBACKGROUNDCOLOR
 70
0
  0
APPID
  5
4D
330
3
100
AcDbSymbolTableRecord
100
AcDbRegAppTableRecord
  2
EZDXF
 70
0
  0
APPID
  5
53
330
3
100
AcDbSymbolTableRecord
100
AcDbRegAppTableRecord
  2
GREENAI
 70
0
  0
ENDTAB
  0
TABLE
  2
DIMSTYLE
  5
4
330
0
100
AcDbSymbolTable
 70
1
100
AcDbDimStyleTable
  0
DIMSTYLE
105
2B
330
4
100
AcDbSymbolTableRecord
100
AcDbDimStyleTableRecord
  2
Standard
 70
0
 40
1.0
 41
2.5
 42
0.625
 43
3.75
 44
1.25
 45
0.0
 46
0.0
 47
0.0
 48
0.0
 49
2.5
140
2.5
141
2.5
142
0.0
143
0.03937007874
144
1.0
145
0.0
146
1.0
147
0.625
148
0.0
 69
0
 70
0
 71
0
 72
0
 73
0
 74
0
 75
0
 76
0
 77
1
 78
8
 79
3
170
0
171
3
172
1
173
0
174
0
175
0
176
0
177
0
178
0
179
2
271
2
272
2
273
2
274
3
275
0
276
0
277
2
278
44
279
0
280
0
281
0
282
0
283
0
284
8
285
0
286
0
288
0
289
3
290
0
371
-2
372
-2
  0
ENDTAB
  0
TABLE
  2
BLOCK_RECORD
  5
9
330
0
100
AcDbSymbolTable
 70
4
  0
BLOCK_RECORD
  5
17
330
9
100
AcDbSymbolTableRecord
100
AcDbBlockTableRecord
  2
*Model_Space
340
1A
 70
0
280
1
281
0
  0
BLOCK_RECORD
  5
1B
330
9
100
AcDbSymbolTableRecord
100
AcDbBlockTableRecord
  2
*Paper_Space
340
1E
 70
0
280
1
281
0
  0
BLOCK_RECORD
  5
54
330
9
100
AcDbSymbolTableRecord
100
AcDbBlockTableRecord
  2
GREEN_AI_TREE
340
0
 70
0
280
1
281
0
  0
BLOCK_RECORD
  5
5E
330
9
100
AcDbSymbolTableRecord
100
AcDbBlockTableRecord
  2
GREEN_AI_SHRUB
340
0
 70
0
280
1
281
0
  0
ENDTAB
  0
ENDSEC
  0
SECTION
  2
BLOCKS
  0
BLOCK
  5
18
330
17
100
AcDbEntity
  8
0
100
AcDbBlockBegin
  2
*Model_Space
 70
0
 10
0.0
 20
0.0
 30
0.0
  3
*Model_Space
  1

  0
ENDBLK
  5
19
330
17
100
AcDbEntity
  8
0
100
AcDbBlockEnd
  0
BLOCK
  5
1C
330
1B
100
AcDbEntity
  8
0
100
AcDbBlockBegin
  2
*Paper_Space
 70
0
 10
0.0
 20
0.0
 30
0.0
  3
*Paper_Space
  1

  0
ENDBLK
  5
1D
330
1B
100
AcDbEntity
  8
0
100
AcDbBlockEnd
  0
BLOCK
  5
55
330
54
100
AcDbEntity
  8
0
100
AcDbBlockBegin
  2
GREEN_AI_TREE
 70
2
 10
0.0
 20
0.0
 30
0.0
  3
GREEN_AI_TREE
  1

  0
CIRCLE
  5
57
330
54
100
AcDbEntity
  8
0
100
AcDbCircle
 10
0.0
 20
0.0
 30
0.0
 40
1.0
  0
LINE
  5
58
330
54
100
AcDbEntity
  8
0
100
AcDbLine
 10
-0.18
 20
0.0
 30
0.0
 11
0.18
 21
0.0
 31
0.0
  0
LINE
  5
59
330
54
100
AcDbEntity
  8
0
100
AcDbLine
 10
0.0
 20
-0.18
 30
0.0
 11
0.0
 21
0.18
 31
0.0
  0
CIRCLE
  5
5A
330
54
100
AcDbEntity
  8
0
100
AcDbCircle
 10
0.0
 20
0.0
 30
0.0
 40
0.06
  0
ATTDEF
  5
5B
330
54
100
AcDbEntity
  8
0
 60
1
100
AcDbText
 10
1.15
 20
0.0
 30
0.0
 40
0.18
  1

100
AcDbAttributeDefinition
  3

  2
ID
 70
0
  0
ATTDEF
  5
5C
330
54
100
AcDbEntity
  8
0
 60
1
100
AcDbText
 10
1.15
 20
-0.3
 30
0.0
 40
0.18
  1

100
AcDbAttributeDefinition
  3

  2
PORODA
 70
0
  0
ATTDEF
  5
5D
330
54
100
AcDbEntity
  8
0
 60
1
100
AcDbText
 10
1.15
 20
-0.6
 30
0.0
 40
0.18
  1

100
AcDbAttributeDefinition
  3

  2
NORMA
 70
0
  0
ENDBLK
  5
56
330
54
100
AcDbEntity
  8
0
100
AcDbBlockEnd
  0
BLOCK
  5
5F
330
5E
100
AcDbEntity
  8
0
100
AcDbBlockBegin
  2
GREEN_AI_SHRUB
 70
2
 10
0.0
 20
0.0
 30
0.0
  3
GREEN_AI_SHRUB
  1

  0
CIRCLE
  5
61
330
5E
100
AcDbEntity
  8
0
100
AcDbCircle
 10
0.0
 20
0.0
 30
0.0
 40
1.0
  0
CIRCLE
  5
62
330
5E
100
AcDbEntity
  8
0
100
AcDbCircle
 10
0.0
 20
0.0
 30
0.0
 40
0.25
  0
ATTDEF
  5
63
330
5E
100
AcDbEntity
  8
0
 60
1
100
AcDbText
 10
1.15
 20
0.0
 30
0.0
 40
0.18
  1

100
AcDbAttributeDefinition
  3

  2
ID
 70
0
  0
ATTDEF
  5
64
330
5E
100
AcDbEntity
  8
0
 60
1
100
AcDbText
 10
1.15
 20
0.0
 30
0.0
 40
0.18
  1

100
AcDbAttributeDefinition
  3

  2
PORODA
 70
0
  0
ATTDEF
  5
65
330
5E
100
AcDbEntity
  8
0
 60
1
100
AcDbText
 10
1.15
 20
0.0
 30
0.0
 40
0.18
  1

100
AcDbAttributeDefinition
  3

  2
NORMA
 70
0
  0
ENDBLK
  5
60
330
5E
100
AcDbEntity
  8
0
100
AcDbBlockEnd
  0
ENDSEC
  0
SECTION
  2
ENTITIES
  0
LWPOLYLINE
  5
30
330
17
100
AcDbEntity
  8
ГРАНИЦА_РАБОТ
100
AcDbPolyline
 90
4
 70
1
 10
0.0
 20
0.0
 10
120.0
 20
0.0
 10
120.0
 20
60.0
 10
0.0
 20
60.0
  0
LWPOLYLINE
  5
32
330
17
100
AcDbEntity
  8
ЗДАНИЯ
100
AcDbPolyline
 90
4
 70
1
 10
10.0
 20
40.0
 10
45.0
 20
40.0
 10
45.0
 20
56.0
 10
10.0
 20
56.0
  0
LWPOLYLINE
  5
34
330
17
100
AcDbEntity
  8
ПРОЕЗЖАЯ_ЧАСТЬ
100
AcDbPolyline
 90
2
 70
0
 10
0.0
 20
8.0
 10
120.0
 20
8.0
  0
LWPOLYLINE
  5
35
330
17
100
AcDbEntity
  8
ПРОЕЗЖАЯ_ЧАСТЬ
100
AcDbPolyline
 90
2
 70
0
 10
0.0
 20
14.0
 10
120.0
 20
14.0
  0
LWPOLYLINE
  5
37
330
17
100
AcDbEntity
  8
ТРОТУАР
100
AcDbPolyline
 90
2
 70
0
 10
0.0
 20
20.0
 10
120.0
 20
20.0
  0
LWPOLYLINE
  5
38
330
17
100
AcDbEntity
  8
ТРОТУАР
100
AcDbPolyline
 90
2
 70
0
 10
0.0
 20
23.0
 10
120.0
 20
23.0
  0
LWPOLYLINE
  5
3A
330
17
100
AcDbEntity
  8
ВОДОПРОВОД_В1
100
AcDbPolyline
 90
2
 70
0
 10
0.0
 20
30.0
 10
120.0
 20
30.0
  0
LWPOLYLINE
  5
3C
330
17
100
AcDbEntity
  8
ГАЗОПРОВОД
100
AcDbPolyline
 90
3
 70
0
 10
0.0
 20
34.0
 10
60.0
 20
34.0
 10
60.0
 20
60.0
  0
LWPOLYLINE
  5
3E
330
17
100
AcDbEntity
  8
КАБЕЛЬ_СВЯЗИ
100
AcDbPolyline
 90
2
 70
0
 10
0.0
 20
26.0
 10
120.0
 20
26.0
  0
LWPOLYLINE
  5
40
330
17
100
AcDbEntity
  8
КАНАЛИЗАЦИЯ_К1
100
AcDbPolyline
 90
2
 70
0
 10
80.0
 20
0.0
 10
80.0
 20
60.0
  0
CIRCLE
  5
42
330
17
100
AcDbEntity
  8
ОПОРЫ_ОСВЕЩЕНИЯ
100
AcDbCircle
 10
15.0
 20
17.0
 30
0.0
 40
0.3
  0
CIRCLE
  5
43
330
17
100
AcDbEntity
  8
ОПОРЫ_ОСВЕЩЕНИЯ
100
AcDbCircle
 10
40.0
 20
17.0
 30
0.0
 40
0.3
  0
CIRCLE
  5
44
330
17
100
AcDbEntity
  8
ОПОРЫ_ОСВЕЩЕНИЯ
100
AcDbCircle
 10
65.0
 20
17.0
 30
0.0
 40
0.3
  0
CIRCLE
  5
45
330
17
100
AcDbEntity
  8
ОПОРЫ_ОСВЕЩЕНИЯ
100
AcDbCircle
 10
90.0
 20
17.0
 30
0.0
 40
0.3
  0
CIRCLE
  5
46
330
17
100
AcDbEntity
  8
ОПОРЫ_ОСВЕЩЕНИЯ
100
AcDbCircle
 10
110.0
 20
17.0
 30
0.0
 40
0.3
  0
CIRCLE
  5
48
330
17
100
AcDbEntity
  8
СУЩ_ДЕРЕВЬЯ
100
AcDbCircle
 10
55.0
 20
35.0
 30
0.0
 40
3.0
  0
CIRCLE
  5
49
330
17
100
AcDbEntity
  8
СУЩ_ДЕРЕВЬЯ
100
AcDbCircle
 10
95.0
 20
45.0
 30
0.0
 40
3.0
  0
CIRCLE
  5
4A
330
17
100
AcDbEntity
  8
СУЩ_ДЕРЕВЬЯ
100
AcDbCircle
 10
105.0
 20
30.0
 30
0.0
 40
3.0
  0
CIRCLE
  5
4B
330
17
100
AcDbEntity
  8
СУЩ_ДЕРЕВЬЯ
100
AcDbCircle
 10
68.0
 20
50.0
 30
0.0
 40
3.0
  0
INSERT
  5
66
330
17
100
AcDbEntity
  8
GREEN_AI_TREES
100
AcDbBlockReference
 66
1
  2
GREEN_AI_TREE
 10
117.625
 20
59.375
 30
0.0
 41
2.0
 42
2.0
 43
2.0
  0
ATTRIB
  5
68
330
17
100
AcDbEntity
  8
0
 60
1
100
AcDbText
 10
119.925
 20
59.375
 30
0.0
 40
0.36
  1
T-001
 11
119.925
 21
59.375
 31
0.0
100
AcDbAttribute
  2
ID
 70
0
  0
ATTRIB
  5
69
330
17
100
AcDbEntity
  8
0
 60
1
100
AcDbText
 10
119.925
 20
58.775
 30
0.0
 40
0.36
  1
Клён остролистный 'Globosum' (штамб)
 11
119.925
 21
58.775
 31
0.0
100
AcDbAttribute
  2
PORODA
 70
0
  0
ATTRIB
  5
6A
330
17
100
AcDbEntity
  8
0
 60
1
100
AcDbText
 10
119.925
 20
58.175
 30
0.0
 40
0.36
  1
Существующее сохраняемое дерево (от ствола): норма 4.0 м, факт 26.63 м (Проектное допущение, смыкание крон, сохранение насаждений по ППМ № 743-ПП)
 11
119.925
 21
58.175
 31
0.0
100
AcDbAttribute
  2
NORMA
 70
0
  0
SEQEND
  5
67
330
66
100
AcDbEntity
  8
GREEN_AI_TREES
  0
TEXT
  5
6B
330
17
100
AcDbEntity
  8
GREEN_AI_NOTES
100
AcDbText
 10
119.125
 20
60.875
 30
0.0
 40
0.5
  1
T-001
 11
119.125
 21
60.875
 31
0.0
100
AcDbText
  0
INSERT
  5
6C
330
17
100
AcDbEntity
  8
GREEN_AI_TREES
100
AcDbBlockReference
 66
1
  2
GREEN_AI_TREE
 10
110.125
 20
59.375
 30
0.0
 41
2.5
 42
2.5
 43
2.5
  0
ATTRIB
  5
6E
330
17
100
AcDbEntity
  8
0
 60
1
100
AcDbText
 10
113.0
 20
59.375
 30
0.0
 40
0.44999999999999996
  1
T-002
 11
113.0
 21
59.375
 31
0.0
100
AcDbAttribute
  2
ID
 70
0
  0
ATTRIB
  5
6F
330
17
100
AcDbEntity
  8
0
 60
1
100
AcDbText
 10
113.0
 20
58.625
 30
0.0
 40
0.44999999999999996
  1
Рябина обыкновенная
 11
113.0
 21
58.625
 31
0.0
100
AcDbAttribute
  2
PORODA
 70
0
  0
ATTRIB
  5
70
330
17
100
AcDbEntity
  8
0
 60
1
100
AcDbText
 10
113.0
 20
57.875
 30
0.0
 40
0.44999999999999996
  1
Существующее сохраняемое дерево (от ствола): норма 4.0 м, факт 20.69 м (Проектное допущение, смыкание крон, сохранение насаждений по ППМ № 743-ПП)
 11
113.0
 21
57.875
 31
0.0
100
AcDbAttribute
  2
NORMA
 70
0
  0
SEQEND
  5
6D
330
6C
100
AcDbEntity
  8
GREEN_AI_TREES
  0
TEXT
  5
71
330
17
100
AcDbEntity
  8
GREEN_AI_NOTES
100
AcDbText
 10
112.0
 20
61.25
 30
0.0
 40
0.5
  1
T-002
 11
112.0
 21
61.25
 31
0.0
100
AcDbText
  0
INSERT
  5
72
330
17
100
AcDbEntity
  8
GREEN_AI_TREES
100
AcDbBlockReference
 66
1
  2
GREEN_AI_TREE
 10
102.625
 20
59.375
 30
0.0
 41
2.5
 42
2.5
 43
2.5
  0
ATTRIB
  5
74
330
17
100
AcDbEntity
  8
0
 60
1
100
AcDbText
 10
105.5
 20
59.375
 30
0.0
 40
0.44999999999999996
  1
T-003
 11
105.5
 21
59.375
 31
0.0
100
AcDbAttribute
  2
ID
 70
0
  0
ATTRIB
  5
75
330
17
100
AcDbEntity
  8
0
 60
1
100
AcDbText
 10
105.5
 20
58.625
 30
0.0
 40
0.44999999999999996
  1
Яблоня декоративная Недзвецкого
 11
105.5
 21
58.625
 31
0.0
100
AcDbAttribute
  2
PORODA
 70
0
  0
ATTRIB
  5
76
330
17
100
AcDbEntity
  8
0
 60
1
100
AcDbText
 10
105.5
 20
57.875
 30
0.0
 40
0.44999999999999996
  1
Существующее сохраняемое дерево (от ствола): норма 4.0 м, факт 16.1 м (Проектное допущение, смыкание крон, сохранение насаждений по ППМ № 743-ПП)
 11
105.5
 21
57.875
 31
0.0
100
AcDbAttribute
  2
NORMA
 70
0
  0
SEQEND
  5
73
330
72
100
AcDbEntity
  8
GREEN_AI_TREES
  0
TEXT
  5
77
330
17
100
AcDbEntity
  8
GREEN_AI_NOTES
100
AcDbText
 10
104.5
 20
61.25
 30
0.0
 40
0.5
  1
T-003
 11
104.5
 21
61.25
 31
0.0
100
AcDbText
  0
INSERT
  5
78
330
17
100
AcDbEntity
  8
GREEN_AI_TREES
100
AcDbBlockReference
 66
1
  2
GREEN_AI_TREE
 10
95.125
 20
59.375
 30
0.0
 41
2.0
 42
2.0
 43
2.0
  0
ATTRIB
  5
7A
330
17
100
AcDbEntity
  8
0
 60
1
100
AcDbText
 10
97.425
 20
59.375
 30
0.0
 40
0.36
  1
T-004
 11
97.425
 21
59.375
 31
0.0
100
AcDbAttribute
  2
ID
 70
0
  0
ATTRIB
  5
7B
330
17
100
AcDbEntity
  8
0
 60
1
100
AcDbText
 10
97.425
 20
58.775
 30
0.0
 40
0.36
  1
Боярышник однопестичный
 11
97.425
 21
58.775
 31
0.0
100
AcDbAttribute
  2
PORODA
 70
0
  0
ATTRIB
  5
7C
330
17
100
AcDbEntity
  8
0
 60
1
100
AcDbText
 10
97.425
 20
58.175
 30
0.0
 40
0.36
  1
Существующее сохраняемое дерево (от ствола): норма 4.0 м, факт 14.25 м (Проектное допущение, смыкание крон, сохранение насаждений по ППМ № 743-ПП)
 11
97.425
 21
58.175
 31
0.0
100
AcDbAttribute
  2
NORMA
 70
0
  0
SEQEND
  5
79
330
78
100
AcDbEntity
  8
GREEN_AI_TREES
  0
TEXT
  5
7D
330
17
100
AcDbEntity
  8
GREEN_AI_NOTES
100
AcDbText
 10
96.625
 20
60.875
 30
0.0
 40
0.5
  1
T-004
 11
96.625
 21
60.875
 31
0.0
100
AcDbText
  0
INSERT
  5
7E
330
17
100
AcDbEntity
  8
GREEN_AI_TREES
100
AcDbBlockReference
 66
1
  2
GREEN_AI_TREE
 10
87.625
 20
59.375
 30
0.0
 41
2.5
 42
2.5
 43
2.5
  0
ATTRIB
  5
80
330
17
100
AcDbEntity
  8
0
 60
1
100
AcDbText
 10
90.5
 20
59.375
 30
0.0
 40
0.44999999999999996
  1
T-005
 11
90.5
 21
59.375
 31
0.0
100
AcDbAttribute
  2
ID
 70
0
  0
ATTRIB
  5
81
330
17
100
AcDbEntity
  8
0
 60
1
100
AcDbText
 10
90.5
 20
58.625
 30
0.0
 40
0.44999999999999996
  1
Ель колючая
 11
90.5
 21
58.625
 31
0.0
100
AcDbAttribute
  2
PORODA
 70
0
  0
ATTRIB
  5
82
330
17
100
AcDbEntity
  8
0
 60
1
100
AcDbText
 10
90.5
 20
57.875
 30
0.0
 40
0.44999999999999996
  1
Канализация: норма 1.5 м, факт 7.5 м (СП 42.13330.2016, таблица 9.1; 743-ПП п. 3.6.3; 623-ПП п. 4.2.4)
 11
90.5
 21
57.875
 31
0.0
100
AcDbAttribute
  2
NORMA
 70
0
  0
SEQEND
  5
7F
330
7E
100
AcDbEntity
  8
GREEN_AI_TREES
  0
TEXT
  5
83
330
17
100
AcDbEntity
  8
GREEN_AI_NOTES
100
AcDbText
 10
89.5
 20
61.25
 30
0.0
 40
0.5
  1
T-005
 11
89.5
 21
61.25
 31
0.0
100
AcDbText
  0
INSERT
  5
84
330
17
100
AcDbEntity
  8
GREEN_AI_TREES
100
AcDbBlockReference
 66
1
  2
GREEN_AI_TREE
 10
117.625
 20
46.625
 30
0.0
 41
2.0
 42
2.0
 43
2.0
  0
ATTRIB
  5
86
330
17
100
AcDbEntity
  8
0
 60
1
100
AcDbText
 10
119.925
 20
46.625
 30
0.0
 40
0.36
  1
T-006
 11
119.925
 21
46.625
 31
0.0
100
AcDbAttribute
  2
ID
 70
0
  0
ATTRIB
  5
87
330
17
100
AcDbEntity
  8
0
 60
1
100
AcDbText
 10
119.925
 20
46.025
 30
0.0
 40
0.36
  1
Клён Гиннала
 11
119.925
 21
46.025
 31
0.0
100
AcDbAttribute
  2
PORODA
 70
0
  0
ATTRIB
  5
88
330
17
100
AcDbEntity
  8
0
 60
1
100
AcDbText
 10
119.925
 20
45.425
 30
0.0
 40
0.36
  1
Водопровод, дренаж: норма 2.0 м, факт 16.5 м (СП 42.13330.2016, таблица 9.1; 743-ПП п. 3.6.3; 623-ПП п. 4.2.4)
 11
119.925
 21
45.425
 31
0.0
100
AcDbAttribute
  2
NORMA
 70
0
  0
SEQEND
  5
85
330
84
100
AcDbEntity
  8
GREEN_AI_TREES
  0
TEXT
  5
89
330
17
100
AcDbEntity
  8
GREEN_AI_NOTES
100
AcDbText
 10
119.125
 20
48.125
 30
0.0
 40
0.5
  1
T-006
 11
119.125
 21
48.125
 31
0.0
100
AcDbText
  0
INSERT
  5
8A
330
17
100
AcDbEntity
  8
GREEN_AI_TREES
100
AcDbBlockReference
 66
1
  2
GREEN_AI_TREE
 10
110.125
 20
46.625
 30
0.0
 41
4.0
 42
4.0
 43
4.0
  0
ATTRIB
  5
8C
330
17
100
AcDbEntity
  8
0
 60
1
100
AcDbText
 10
114.725
 20
46.625
 30
0.0
 40
0.72
  1
T-007
 11
114.725
 21
46.625
 31
0.0
100
AcDbAttribute
  2
ID
 70
0
  0
ATTRIB
  5
8D
330
17
100
AcDbEntity
  8
0
 60
1
100
AcDbText
 10
114.725
 20
45.425
 30
0.0
 40
0.72
  1
Липа мелколистная
 11
114.725
 21
45.425
 31
0.0
100
AcDbAttribute
  2
PORODA
 70
0
  0
ATTRIB
  5
8E
330
17
100
AcDbEntity
  8
0
 60
1
100
AcDbText
 10
114.725
 20
44.225
 30
0.0
 40
0.72
  1
Существующее сохраняемое дерево (от ствола): норма 4.0 м, факт 15.07 м (Проектное допущение, смыкание крон, сохранение насаждений по ППМ № 743-ПП)
 11
114.725
 21
44.225
 31
0.0
100
AcDbAttribute
  2
NORMA
 70
0
  0
SEQEND
  5
8B
330
8A
100
AcDbEntity
  8
GREEN_AI_TREES
  0
TEXT
  5
8F
330
17
100
AcDbEntity
  8
GREEN_AI_NOTES
100
AcDbText
 10
113.125
 20
49.625
 30
0.0
 40
0.5
  1
T-007
 11
113.125
 21
49.625
 31
0.0
100
AcDbText
  0
INSERT
  5
90
330
17
100
AcDbEntity
  8
GREEN_AI_TREES
100
AcDbBlockReference
 66
1
  2
GREEN_AI_TREE
 10
102.625
 20
46.625
 30
0.0
 41
5.0
 42
5.0
 43
5.0
  0
ATTRIB
  5
92
330
17
100
AcDbEntity
  8
0
 60
1
100
AcDbText
 10
108.375
 20
46.625
 30
0.0
 40
0.8999999999999999
  1
T-008
 11
108.375
 21
46.625
 31
0.0
100
AcDbAttribute
  2
ID
 70
0
  0
ATTRIB
  5
93
330
17
100
AcDbEntity
  8
0
 60
1
100
AcDbText
 10
108.375
 20
45.125
 30
0.0
 40
0.8999999999999999
  1
Дуб черешчатый
 11
108.375
 21
45.125
 31
0.0
100
AcDbAttribute
  2
PORODA
 70
0
  0
ATTRIB
  5
94
330
17
100
AcDbEntity
  8
0
 60
1
100
AcDbText
 10
108.375
 20
43.625
 30
0.0
 40
0.8999999999999999
  1
Существующее сохраняемое дерево (от ствола): норма 4.0 м, факт 7.65 м (Проектное допущение, смыкание крон, сохранение насаждений по ППМ № 743-ПП)
 11
108.375
 21
43.625
 31
0.0
100
AcDbAttribute
  2
NORMA
 70
0
  0
SEQEND
  5
91
330
90
100
AcDbEntity
  8
GREEN_AI_TREES
  0
TEXT
  5
95
330
17
100
AcDbEntity
  8
GREEN_AI_NOTES
100
AcDbText
 10
106.375
 20
50.375
 30
0.0
 40
0.5
  1
T-008
 11
106.375
 21
50.375
 31
0.0
100
AcDbText
  0
INSERT
  5
96
330
17
100
AcDbEntity
  8
GREEN_AI_TREES
100
AcDbBlockReference
 66
1
  2
GREEN_AI_TREE
 10
87.625
 20
46.625
 30
0.0
 41
3.0
 42
3.0
 43
3.0
  0
ATTRIB
  5
98
330
17
100
AcDbEntity
  8
0
 60
1
100
AcDbText
 10
91.075
 20
46.625
 30
0.0
 40
0.54
  1
T-009
 11
91.075
 21
46.625
 31
0.0
100
AcDbAttribute
  2
ID
 70
0
  0
ATTRIB
  5
99
330
17
100
AcDbEntity
  8
0
 60
1
100
AcDbText
 10
91.075
 20
45.725
 30
0.0
 40
0.54
  1
Берёза повислая
 11
91.075
 21
45.725
 31
0.0
100
AcDbAttribute
  2
PORODA
 70
0
  0
ATTRIB
  5
9A
330
17
100
AcDbEntity
  8
0
 60
1
100
AcDbText
 10
91.075
 20
44.825
 30
0.0
 40
0.54
  1
Существующее сохраняемое дерево (от ствола): норма 4.0 м, факт 7.65 м (Проектное допущение, смыкание крон, сохранение насаждений по ППМ № 743-ПП)
 11
91.075
 21
44.825
 31
0.0
100
AcDbAttribute
  2
NORMA
 70
0
  0
SEQEND
  5
97
330
96
100
AcDbEntity
  8
GREEN_AI_TREES
  0
TEXT
  5
9B
330
17
100
AcDbEntity
  8
GREEN_AI_NOTES
100
AcDbText
 10
89.875
 20
48.875
 30
0.0
 40
0.5
  1
T-009
 11
89.875
 21
48.875
 31
0.0
100
AcDbText
  0
INSERT
  5
9C
330
17
100
AcDbEntity
  8
GREEN_AI_TREES
100
AcDbBlockReference
 66
1
  2
GREEN_AI_TREE
 10
117.625
 20
33.625
 30
0.0
 41
2.5
 42
2.5
 43
2.5
  0
ATTRIB
  5
9E
330
17
100
AcDbEntity
  8
0
 60
1
100
AcDbText
 10
120.5
 20
33.625
 30
0.0
 40
0.44999999999999996
  1
T-010
 11
120.5
 21
33.625
 31
0.0
100
AcDbAttribute
  2
ID
 70
0
  0
ATTRIB
  5
9F
330
17
100
AcDbEntity
  8
0
 60
1
100
AcDbText
 10
120.5
 20
32.875
 30
0.0
 40
0.44999999999999996
  1
Рябина обыкновенная
 11
120.5
 21
32.875
 31
0.0
100
AcDbAttribute
  2
PORODA
 70
0
  0
ATTRIB
  5
A0
330
17
100
AcDbEntity
  8
0
 60
1
100
AcDbText
 10
120.5
 20
32.125
 30
0.0
 40
0.44999999999999996
  1
Водопровод, дренаж: норма 2.0 м, факт 3.5 м (СП 42.13330.2016, таблица 9.1; 743-ПП п. 3.6.3; 623-ПП п. 4.2.4)
 11
120.5
 21
32.125
 31
0.0
100
AcDbAttribute
  2
NORMA
 70
0
  0
SEQEND
  5
9D
330
9C
100
AcDbEntity
  8
GREEN_AI_TREES
  0
TEXT
  5
A1
330
17
100
AcDbEntity
  8
GREEN_AI_NOTES
100
AcDbText
 10
119.5
 20
35.5
 30
0.0
 40
0.5
  1
T-010
 11
119.5
 21
35.5
 31
0.0
100
AcDbText
  0
INSERT
  5
A2
330
17
100
AcDbEntity
  8
GREEN_AI_TREES
100
AcDbBlockReference
 66
1
  2
GREEN_AI_TREE
 10
110.125
 20
33.625
 30
0.0
 41
3.0
 42
3.0
 43
3.0
  0
ATTRIB
  5
A4
330
17
100
AcDbEntity
  8
0
 60
1
100
AcDbText
 10
113.575
 20
33.625
 30
0.0
 40
0.54
  1
T-011
 11
113.575
 21
33.625
 31
0.0
100
AcDbAttribute
  2
ID
 70
0
  0
ATTRIB
  5
A5
330
17
100
AcDbEntity
  8
0
 60
1
100
AcDbText
 10
113.575
 20
32.725
 30
0.0
 40
0.54
  1
Сосна обыкновенная
 11
113.575
 21
32.725
 31
0.0
100
AcDbAttribute
  2
PORODA
 70
0
  0
ATTRIB
  5
A6
330
17
100
AcDbEntity
  8
0
 60
1
100
AcDbText
 10
113.575
 20
31.825
 30
0.0
 40
0.54
  1
Водопровод, дренаж: норма 2.0 м, факт 3.5 м (СП 42.13330.2016, таблица 9.1; 743-ПП п. 3.6.3; 623-ПП п. 4.2.4)
 11
113.575
 21
31.825
 31
0.0
100
AcDbAttribute
  2
NORMA
 70
0
  0
SEQEND
  5
A3
330
A2
100
AcDbEntity
  8
GREEN_AI_TREES
  0
TEXT
  5
A7
330
17
100
AcDbEntity
  8
GREEN_AI_NOTES
100
AcDbText
 10
112.375
 20
35.875
 30
0.0
 40
0.5
  1
T-011
 11
112.375
 21
35.875
 31
0.0
100
AcDbText
  0
INSERT
  5
A8
330
17
100
AcDbEntity
  8
GREEN_AI_TREES
100
AcDbBlockReference
 66
1
  2
GREEN_AI_TREE
 10
95.125
 20
33.625
 30
0.0
 41
3.0
 42
3.0
 43
3.0
  0
ATTRIB
  5
AA
330
17
100
AcDbEntity
  8
0
 60
1
100
AcDbText
 10
98.575
 20
33.625
 30
0.0
 40
0.54
  1
T-012
 11
98.575
 21
33.625
 31
0.0
100
AcDbAttribute
  2
ID
 70
0
  0
ATTRIB
  5
AB
330
17
100
AcDbEntity
  8
0
 60
1
100
AcDbText
 10
98.575
 20
32.725
 30
0.0
 40
0.54
  1
Лиственница сибирская
 11
98.575
 21
32.725
 31
0.0
100
AcDbAttribute
  2
PORODA
 70
0
  0
ATTRIB
  5
AC
330
17
100
AcDbEntity
  8
0
 60
1
100
AcDbText
 10
98.575
 20
31.825
 30
0.0
 40
0.54
  1
Водопровод, дренаж: норма 2.0 м, факт 3.5 м (СП 42.13330.2016, таблица 9.1; 743-ПП п. 3.6.3; 623-ПП п. 4.2.4)
 11
98.575
 21
31.825
 31
0.0
100
AcDbAttribute
  2
NORMA
 70
0
  0
SEQEND
  5
A9
330
A8
100
AcDbEntity
  8
GREEN_AI_TREES
  0
TEXT
  5
AD
330
17
100
AcDbEntity
  8
GREEN_AI_NOTES
100
AcDbText
 10
97.375
 20
35.875
 30
0.0
 40
0.5
  1
T-012
 11
97.375
 21
35.875
 31
0.0
100
AcDbText
  0
INSERT
  5
AE
330
17
100
AcDbEntity
  8
GREEN_AI_TREES
100
AcDbBlockReference
 66
1
  2
GREEN_AI_TREE
 10
87.625
 20
33.625
 30
0.0
 41
4.5
 42
4.5
 43
4.5
  0
ATTRIB
  5
B0
330
17
100
AcDbEntity
  8
0
 60
1
100
AcDbText
 10
92.8
 20
33.625
 30
0.0
 40
0.8099999999999999
  1
T-013
 11
92.8
 21
33.625
 31
0.0
100
AcDbAttribute
  2
ID
 70
0
  0
ATTRIB
  5
B1
330
17
100
AcDbEntity
  8
0
 60
1
100
AcDbText
 10
92.8
 20
32.275
 30
0.0
 40
0.8099999999999999
  1
Каштан конский
 11
92.8
 21
32.275
 31
0.0
100
AcDbAttribute
  2
PORODA
 70
0
  0
ATTRIB
  5
B2
330
17
100
AcDbEntity
  8
0
 60
1
100
AcDbText
 10
92.8
 20
30.925
 30
0.0
 40
0.8099999999999999
  1
Водопровод, дренаж: норма 2.0 м, факт 3.5 м (СП 42.13330.2016, таблица 9.1; 743-ПП п. 3.6.3; 623-ПП п. 4.2.4)
 11
92.8
 21
30.925
 31
0.0
100
AcDbAttribute
  2
NORMA
 70
0
  0
SEQEND
  5
AF
330
AE
100
AcDbEntity
  8
GREEN_AI_TREES
  0
TEXT
  5
B3
330
17
100
AcDbEntity
  8
GREEN_AI_NOTES
100
AcDbText
 10
91.0
 20
37.0
 30
0.0
 40
0.5
  1
T-013
 11
91.0
 21
37.0
 31
0.0
100
AcDbText
  0
INSERT
  5
B4
330
17
100
AcDbEntity
  8
GREEN_AI_TREES
100
AcDbBlockReference
 66
1
  2
GREEN_AI_TREE
 10
0.875
 20
4.375
 30
0.0
 41
2.5
 42
2.5
 43
2.5
  0
ATTRIB
  5
B6
330
17
100
AcDbEntity
  8
0
 60
1
100
AcDbText
 10
3.75
 20
4.375
 30
0.0
 40
0.44999999999999996
  1
T-014
 11
3.75
 21
4.375
 31
0.0
100
AcDbAttribute
  2
ID
 70
0
  0
ATTRIB
  5
B7
330
17
100
AcDbEntity
  8
0
 60
1
100
AcDbText
 10
3.75
 20
3.625
 30
0.0
 40
0.44999999999999996
  1
Яблоня декоративная Недзвецкого
 11
3.75
 21
3.625
 31
0.0
100
AcDbAttribute
  2
PORODA
 70
0
  0
ATTRIB
  5
B8
330
17
100
AcDbEntity
  8
0
 60
1
100
AcDbText
 10
3.75
 20
2.875
 30
0.0
 40
0.44999999999999996
  1
Край проезжей части, кромка укреплённой полосы обочины: норма 2.0 м, факт 3.75 м (СП 42.13330.2016, таблица 9.1; 743-ПП п. 3.6.3; 623-ПП п. 4.2.4)
 11
3.75
 21
2.875
 31
0.0
100
AcDbAttribute
  2
NORMA
 70
0
  0
SEQEND
  5
B5
330
B4
100
AcDbEntity
  8
GREEN_AI_TREES
  0
TEXT
  5
B9
330
17
100
AcDbEntity
  8
GREEN_AI_NOTES
100
AcDbText
 10
2.75
 20
6.25
 30
0.0
 40
0.5
  1
T-014
 11
2.75
 21
6.25
 31
0.0
100
AcDbText
  0
INSERT
  5
BA
330
17
100
AcDbEntity
  8
GREEN_AI_TREES
100
AcDbBlockReference
 66
1
  2
GREEN_AI_TREE
 10
6.875
 20
4.375
 30
0.0
 41
2.0
 42
2.0
 43
2.0
  0
ATTRIB
  5
BC
330
17
100
AcDbEntity
  8
0
 60
1
100
AcDbText
 10
9.175
 20
4.375
 30
0.0
 40
0.36
  1
T-015
 11
9.175
 21
4.375
 31
0.0
100
AcDbAttribute
  2
ID
 70
0
  0
ATTRIB
  5
BD
330
17
100
AcDbEntity
  8
0
 60
1
100
AcDbText
 10
9.175
 20
3.775
 30
0.0
 40
0.36
  1
Боярышник однопестичный
 11
9.175
 21
3.775
 31
0.0
100
AcDbAttribute
  2
PORODA
 70
0
  0
ATTRIB
  5
BE
330
17
100
AcDbEntity
  8
0
 60
1
100
AcDbText
 10
9.175
 20
3.175
 30
0.0
 40
0.36
  1
Край проезжей части, кромка укреплённой полосы обочины: норма 2.0 м, факт 3.75 м (СП 42.13330.2016, таблица 9.1; 743-ПП п. 3.6.3; 623-ПП п. 4.2.4)
 11
9.175
 21
3.175
 31
0.0
100
AcDbAttribute
  2
NORMA
 70
0
  0
SEQEND
  5
BB
330
BA
100
AcDbEntity
  8
GREEN_AI_TREES
  0
TEXT
  5
BF
330
17
100
AcDbEntity
  8
GREEN_AI_NOTES
100
AcDbText
 10
8.375
 20
5.875
 30
0.0
 40
0.5
  1
T-015
 11
8.375
 21
5.875
 31
0.0
100
AcDbText
  0
INSERT
  5
C0
330
17
100
AcDbEntity
  8
GREEN_AI_TREES
100
AcDbBlockReference
 66
1
  2
GREEN_AI_TREE
 10
12.875
 20
4.375
 30
0.0
 41
2.5
 42
2.5
 43
2.5
  0
ATTRIB
  5
C2
330
17
100
AcDbEntity
  8
0
 60
1
100
AcDbText
 10
15.75
 20
4.375
 30
0.0
 40
0.44999999999999996
  1
T-016
 11
15.75
 21
4.375
 31
0.0
100
AcDbAttribute
  2
ID
 70
0
  0
ATTRIB
  5
C3
330
17
100
AcDbEntity
  8
0
 60
1
100
AcDbText
 10
15.75
 20
3.625
 30
0.0
 40
0.44999999999999996
  1
Ель колючая
 11
15.75
 21
3.625
 31
0.0
100
AcDbAttribute
  2
PORODA
 70
0
  0
ATTRIB
  5
C4
330
17
100
AcDbEntity
  8
0
 60
1
100
AcDbText
 10
15.75
 20
2.875
 30
0.0
 40
0.44999999999999996
  1
Край проезжей части, кромка укреплённой полосы обочины: норма 2.0 м, факт 3.75 м (СП 42.13330.2016, таблица 9.1; 743-ПП п. 3.6.3; 623-ПП п. 4.2.4)
 11
15.75
 21
2.875
 31
0.0
100
AcDbAttribute
  2
NORMA
 70
0
  0
SEQEND
  5
C1
330
C0
100
AcDbEntity
  8
GREEN_AI_TREES
  0
TEXT
  5
C5
330
17
100
AcDbEntity
  8
GREEN_AI_NOTES
100
AcDbText
 10
14.75
 20
6.25
 30
0.0
 40
0.5
  1
T-016
 11
14.75
 21
6.25
 31
0.0
100
AcDbText
  0
INSERT
  5
C6
330
17
100
AcDbEntity
  8
GREEN_AI_TREES
100
AcDbBlockReference
 66
1
  2
GREEN_AI_TREE
 10
18.875
 20
4.375
 30
0.0
 41
2.0
 42
2.0
 43
2.0
  0
ATTRIB
  5
C8
330
17
100
AcDbEntity
  8
0
 60
1
100
AcDbText
 10
21.175
 20
4.375
 30
0.0
 40
0.36
  1
T-017
 11
21.175
 21
4.375
 31
0.0
100
AcDbAttribute
  2
ID
 70
0
  0
ATTRIB
  5
C9
330
17
100
AcDbEntity
  8
0
 60
1
100
AcDbText
 10
21.175
 20
3.775
 30
0.0
 40
0.36
  1
Клён остролистный 'Globosum' (штамб)
 11
21.175
 21
3.775
 31
0.0
100
AcDbAttribute
  2
PORODA
 70
0
  0
ATTRIB
  5
CA
330
17
100
AcDbEntity
  8
0
 60
1
100
AcDbText
 10
21.175
 20
3.175
 30
0.0
 40
0.36
  1
Край проезжей части, кромка укреплённой полосы обочины: норма 2.0 м, факт 3.75 м (СП 42.13330.2016, таблица 9.1; 743-ПП п. 3.6.3; 623-ПП п. 4.2.4)
 11
21.175
 21
3.175
 31
0.0
100
AcDbAttribute
  2
NORMA
 70
0
  0
SEQEND
  5
C7
330
C6
100
AcDbEntity
  8
GREEN_AI_TREES
  0
TEXT
  5
CB
330
17
100
AcDbEntity
  8
GREEN_AI_NOTES
100
AcDbText
 10
20.375
 20
5.875
 30
0.0
 40
0.5
  1
T-017
 11
20.375
 21
5.875
 31
0.0
100
AcDbText
  0
INSERT
  5
CC
330
17
100
AcDbEntity
  8
GREEN_AI_TREES
100
AcDbBlockReference
 66
1
  2
GREEN_AI_TREE
 10
24.875
 20
4.375
 30
0.0
 41
2.0
 42
2.0
 43
2.0
  0
ATTRIB
  5
CE
330
17
100
AcDbEntity
  8
0
 60
1
100
AcDbText
 10
27.175
 20
4.375
 30
0.0
 40
0.36
  1
T-018
 11
27.175
 21
4.375
 31
0.0
100
AcDbAttribute
  2
ID
 70
0
  0
ATTRIB
  5
CF
330
17
100
AcDbEntity
  8
0
 60
1
100
AcDbText
 10
27.175
 20
3.775
 30
0.0
 40
0.36
  1
Клён Гиннала
 11
27.175
 21
3.775
 31
0.0
100
AcDbAttribute
  2
PORODA
 70
0
  0
ATTRIB
  5
D0
330
17
100
AcDbEntity
  8
0
 60
1
100
AcDbText
 10
27.175
 20
3.175
 30
0.0
 40
0.36
  1
Край проезжей части, кромка укреплённой полосы обочины: норма 2.0 м, факт 3.75 м (СП 42.13330.2016, таблица 9.1; 743-ПП п. 3.6.3; 623-ПП п. 4.2.4)
 11
27.175
 21
3.175
 31
0.0
100
AcDbAttribute
  2
NORMA
 70
0
  0
SEQEND
  5
CD
330
CC
100
AcDbEntity
  8
GREEN_AI_TREES
  0
TEXT
  5
D1
330
17
100
AcDbEntity
  8
GREEN_AI_NOTES
100
AcDbText
 10
26.375
 20
5.875
 30
0.0
 40
0.5
  1
T-018
 11
26.375
 21
5.875
 31
0.0
100
AcDbText
  0
INSERT
  5
D2
330
17
100
AcDbEntity
  8
GREEN_AI_TREES
100
AcDbBlockReference
 66
1
  2
GREEN_AI_TREE
 10
30.875
 20
4.375
 30
0.0
 41
2.5
 42
2.5
 43
2.5
  0
ATTRIB
  5
D4
330
17
100
AcDbEntity
  8
0
 60
1
100
AcDbText
 10
33.75
 20
4.375
 30
0.0
 40
0.44999999999999996
  1
T-019
 11
33.75
 21
4.375
 31
0.0
100
AcDbAttribute
  2
ID
 70
0
  0
ATTRIB
  5
D5
330
17
100
AcDbEntity
  8
0
 60
1
100
AcDbText
 10
33.75
 20
3.625
 30
0.0
 40
0.44999999999999996
  1
Рябина обыкновенная
 11
33.75
 21
3.625
 31
0.0
100
AcDbAttribute
  2
PORODA
 70
0
  0
ATTRIB
  5
D6
330
17
100
AcDbEntity
  8
0
 60
1
100
AcDbText
 10
33.75
 20
2.875
 30
0.0
 40
0.44999999999999996
  1
Край проезжей части, кромка укреплённой полосы обочины: норма 2.0 м, факт 3.75 м (СП 42.13330.2016, таблица 9.1; 743-ПП п. 3.6.3; 623-ПП п. 4.2.4)
 11
33.75
 21
2.875
 31
0.0
100
AcDbAttribute
  2
NORMA
 70
0
  0
SEQEND
  5
D3
330
D2
100
AcDbEntity
  8
GREEN_AI_TREES
  0
TEXT
  5
D7
330
17
100
AcDbEntity
  8
GREEN_AI_NOTES
100
AcDbText
 10
32.75
 20
6.25
 30
0.0
 40
0.5
  1
T-019
 11
32.75
 21
6.25
 31
0.0
100
AcDbText
  0
INSERT
  5
D8
330
17
100
AcDbEntity
  8
GREEN_AI_TREES
100
AcDbBlockReference
 66
1
  2
GREEN_AI_TREE
 10
36.875
 20
4.375
 30
0.0
 41
2.5
 42
2.5
 43
2.5
  0
ATTRIB
  5
DA
330
17
100
AcDbEntity
  8
0
 60
1
100
AcDbText
 10
39.75
 20
4.375
 30
0.0
 40
0.44999999999999996
  1
T-020
 11
39.75
 21
4.375
 31
0.0
100
AcDbAttribute
  2
ID
 70
0
  0
ATTRIB
  5
DB
330
17
100
AcDbEntity
  8
0
 60
1
100
AcDbText
 10
39.75
 20
3.625
 30
0.0
 40
0.44999999999999996
  1
Яблоня декоративная Недзвецкого
 11
39.75
 21
3.625
 31
0.0
100
AcDbAttribute
  2
PORODA
 70
0
  0
ATTRIB
  5
DC
330
17
100
AcDbEntity
  8
0
 60
1
100
AcDbText
 10
39.75
 20
2.875
 30
0.0
 40
0.44999999999999996
  1
Край проезжей части, кромка укреплённой полосы обочины: норма 2.0 м, факт 3.75 м (СП 42.13330.2016, таблица 9.1; 743-ПП п. 3.6.3; 623-ПП п. 4.2.4)
 11
39.75
 21
2.875
 31
0.0
100
AcDbAttribute
  2
NORMA
 70
0
  0
SEQEND
  5
D9
330
D8
100
AcDbEntity
  8
GREEN_AI_TREES
  0
TEXT
  5
DD
330
17
100
AcDbEntity
  8
GREEN_AI_NOTES
100
AcDbText
 10
38.75
 20
6.25
 30
0.0
 40
0.5
  1
T-020
 11
38.75
 21
6.25
 31
0.0
100
AcDbText
  0
INSERT
  5
DE
330
17
100
AcDbEntity
  8
GREEN_AI_TREES
100
AcDbBlockReference
 66
1
  2
GREEN_AI_TREE
 10
42.875
 20
4.375
 30
0.0
 41
2.0
 42
2.0
 43
2.0
  0
ATTRIB
  5
E0
330
17
100
AcDbEntity
  8
0
 60
1
100
AcDbText
 10
45.175
 20
4.375
 30
0.0
 40
0.36
  1
T-021
 11
45.175
 21
4.375
 31
0.0
100
AcDbAttribute
  2
ID
 70
0
  0
ATTRIB
  5
E1
330
17
100
AcDbEntity
  8
0
 60
1
100
AcDbText
 10
45.175
 20
3.775
 30
0.0
 40
0.36
  1
Боярышник однопестичный
 11
45.175
 21
3.775
 31
0.0
100
AcDbAttribute
  2
PORODA
 70
0
  0
ATTRIB
  5
E2
330
17
100
AcDbEntity
  8
0
 60
1
100
AcDbText
 10
45.175
 20
3.175
 30
0.0
 40
0.36
  1
Край проезжей части, кромка укреплённой полосы обочины: норма 2.0 м, факт 3.75 м (СП 42.13330.2016, таблица 9.1; 743-ПП п. 3.6.3; 623-ПП п. 4.2.4)
 11
45.175
 21
3.175
 31
0.0
100
AcDbAttribute
  2
NORMA
 70
0
  0
SEQEND
  5
DF
330
DE
100
AcDbEntity
  8
GREEN_AI_TREES
  0
TEXT
  5
E3
330
17
100
AcDbEntity
  8
GREEN_AI_NOTES
100
AcDbText
 10
44.375
 20
5.875
 30
0.0
 40
0.5
  1
T-021
 11
44.375
 21
5.875
 31
0.0
100
AcDbText
  0
INSERT
  5
E4
330
17
100
AcDbEntity
  8
GREEN_AI_TREES
100
AcDbBlockReference
 66
1
  2
GREEN_AI_TREE
 10
48.875
 20
4.375
 30
0.0
 41
2.5
 42
2.5
 43
2.5
  0
ATTRIB
  5
E6
330
17
100
AcDbEntity
  8
0
 60
1
100
AcDbText
 10
51.75
 20
4.375
 30
0.0
 40
0.44999999999999996
  1
T-022
 11
51.75
 21
4.375
 31
0.0
100
AcDbAttribute
  2
ID
 70
0
  0
ATTRIB
  5
E7
330
17
100
AcDbEntity
  8
0
 60
1
100
AcDbText
 10
51.75
 20
3.625
 30
0.0
 40
0.44999999999999996
  1
Ель колючая
 11
51.75
 21
3.625
 31
0.0
100
AcDbAttribute
  2
PORODA
 70
0
  0
ATTRIB
  5
E8
330
17
100
AcDbEntity
  8
0
 60
1
100
AcDbText
 10
51.75
 20
2.875
 30
0.0
 40
0.44999999999999996
  1
Край проезжей части, кромка укреплённой полосы обочины: норма 2.0 м, факт 3.75 м (СП 42.13330.2016, таблица 9.1; 743-ПП п. 3.6.3; 623-ПП п. 4.2.4)
 11
51.75
 21
2.875
 31
0.0
100
AcDbAttribute
  2
NORMA
 70
0
  0
SEQEND
  5
E5
330
E4
100
AcDbEntity
  8
GREEN_AI_TREES
  0
TEXT
  5
E9
330
17
100
AcDbEntity
  8
GREEN_AI_NOTES
100
AcDbText
 10
50.75
 20
6.25
 30
0.0
 40
0.5
  1
T-022
 11
50.75
 21
6.25
 31
0.0
100
AcDbText
  0
INSERT
  5
EA
330
17
100
AcDbEntity
  8
GREEN_AI_TREES
100
AcDbBlockReference
 66
1
  2
GREEN_AI_TREE
 10
54.875
 20
4.375
 30
0.0
 41
2.0
 42
2.0
 43
2.0
  0
ATTRIB
  5
EC
330
17
100
AcDbEntity
  8
0
 60
1
100
AcDbText
 10
57.175
 20
4.375
 30
0.0
 40
0.36
  1
T-023
 11
57.175
 21
4.375
 31
0.0
100
AcDbAttribute
  2
ID
 70
0
  0
ATTRIB
  5
ED
330
17
100
AcDbEntity
  8
0
 60
1
100
AcDbText
 10
57.175
 20
3.775
 30
0.0
 40
0.36
  1
Клён остролистный 'Globosum' (штамб)
 11
57.175
 21
3.775
 31
0.0
100
AcDbAttribute
  2
PORODA
 70
0
  0
ATTRIB
  5
EE
330
17
100
AcDbEntity
  8
0
 60
1
100
AcDbText
 10
57.175
 20
3.175
 30
0.0
 40
0.36
  1
Край проезжей части, кромка укреплённой полосы обочины: норма 2.0 м, факт 3.75 м (СП 42.13330.2016, таблица 9.1; 743-ПП п. 3.6.3; 623-ПП п. 4.2.4)
 11
57.175
 21
3.175
 31
0.0
100
AcDbAttribute
  2
NORMA
 70
0
  0
SEQEND
  5
EB
330
EA
100
AcDbEntity
  8
GREEN_AI_TREES
  0
TEXT
  5
EF
330
17
100
AcDbEntity
  8
GREEN_AI_NOTES
100
AcDbText
 10
56.375
 20
5.875
 30
0.0
 40
0.5
  1
T-023
 11
56.375
 21
5.875
 31
0.0
100
AcDbText
  0
INSERT
  5
F0
330
17
100
AcDbEntity
  8
GREEN_AI_TREES
100
AcDbBlockReference
 66
1
  2
GREEN_AI_TREE
 10
60.875
 20
4.375
 30
0.0
 41
2.0
 42
2.0
 43
2.0
  0
ATTRIB
  5
F2
330
17
100
AcDbEntity
  8
0
 60
1
100
AcDbText
 10
63.175
 20
4.375
 30
0.0
 40
0.36
  1
T-024
 11
63.175
 21
4.375
 31
0.0
100
AcDbAttribute
  2
ID
 70
0
  0
ATTRIB
  5
F3
330
17
100
AcDbEntity
  8
0
 60
1
100
AcDbText
 10
63.175
 20
3.775
 30
0.0
 40
0.36
  1
Клён Гиннала
 11
63.175
 21
3.775
 31
0.0
100
AcDbAttribute
  2
PORODA
 70
0
  0
ATTRIB
  5
F4
330
17
100
AcDbEntity
  8
0
 60
1
100
AcDbText
 10
63.175
 20
3.175
 30
0.0
 40
0.36
  1
Край проезжей части, кромка укреплённой полосы обочины: норма 2.0 м, факт 3.75 м (СП 42.13330.2016, таблица 9.1; 743-ПП п. 3.6.3; 623-ПП п. 4.2.4)
 11
63.175
 21
3.175
 31
0.0
100
AcDbAttribute
  2
NORMA
 70
0
  0
SEQEND
  5
F1
330
F0
100
AcDbEntity
  8
GREEN_AI_TREES
  0
TEXT
  5
F5
330
17
100
AcDbEntity
  8
GREEN_AI_NOTES
100
AcDbText
 10
62.375
 20
5.875
 30
0.0
 40
0.5
  1
T-024
 11
62.375
 21
5.875
 31
0.0
100
AcDbText
  0
INSERT
  5
F6
330
17
100
AcDbEntity
  8
GREEN_AI_TREES
100
AcDbBlockReference
 66
1
  2
GREEN_AI_TREE
 10
66.875
 20
4.375
 30
0.0
 41
2.5
 42
2.5
 43
2.5
  0
ATTRIB
  5
F8
330
17
100
AcDbEntity
  8
0
 60
1
100
AcDbText
 10
69.75
 20
4.375
 30
0.0
 40
0.44999999999999996
  1
T-025
 11
69.75
 21
4.375
 31
0.0
100
AcDbAttribute
  2
ID
 70
0
  0
ATTRIB
  5
F9
330
17
100
AcDbEntity
  8
0
 60
1
100
AcDbText
 10
69.75
 20
3.625
 30
0.0
 40
0.44999999999999996
  1
Рябина обыкновенная
 11
69.75
 21
3.625
 31
0.0
100
AcDbAttribute
  2
PORODA
 70
0
  0
ATTRIB
  5
FA
330
17
100
AcDbEntity
  8
0
 60
1
100
AcDbText
 10
69.75
 20
2.875
 30
0.0
 40
0.44999999999999996
  1
Край проезжей части, кромка укреплённой полосы обочины: норма 2.0 м, факт 3.75 м (СП 42.13330.2016, таблица 9.1; 743-ПП п. 3.6.3; 623-ПП п. 4.2.4)
 11
69.75
 21
2.875
 31
0.0
100
AcDbAttribute
  2
NORMA
 70
0
  0
SEQEND
  5
F7
330
F6
100
AcDbEntity
  8
GREEN_AI_TREES
  0
TEXT
  5
FB
330
17
100
AcDbEntity
  8
GREEN_AI_NOTES
100
AcDbText
 10
68.75
 20
6.25
 30
0.0
 40
0.5
  1
T-025
 11
68.75
 21
6.25
 31
0.0
100
AcDbText
  0
INSERT
  5
FC
330
17
100
AcDbEntity
  8
GREEN_AI_TREES
100
AcDbBlockReference
 66
1
  2
GREEN_AI_TREE
 10
72.875
 20
4.375
 30
0.0
 41
2.5
 42
2.5
 43
2.5
  0
ATTRIB
  5
FE
330
17
100
AcDbEntity
  8
0
 60
1
100
AcDbText
 10
75.75
 20
4.375
 30
0.0
 40
0.44999999999999996
  1
T-026
 11
75.75
 21
4.375
 31
0.0
100
AcDbAttribute
  2
ID
 70
0
  0
ATTRIB
  5
FF
330
17
100
AcDbEntity
  8
0
 60
1
100
AcDbText
 10
75.75
 20
3.625
 30
0.0
 40
0.44999999999999996
  1
Яблоня декоративная Недзвецкого
 11
75.75
 21
3.625
 31
0.0
100
AcDbAttribute
  2
PORODA
 70
0
  0
ATTRIB
  5
100
330
17
100
AcDbEntity
  8
0
 60
1
100
AcDbText
 10
75.75
 20
2.875
 30
0.0
 40
0.44999999999999996
  1
Край проезжей части, кромка укреплённой полосы обочины: норма 2.0 м, факт 3.75 м (СП 42.13330.2016, таблица 9.1; 743-ПП п. 3.6.3; 623-ПП п. 4.2.4)
 11
75.75
 21
2.875
 31
0.0
100
AcDbAttribute
  2
NORMA
 70
0
  0
SEQEND
  5
FD
330
FC
100
AcDbEntity
  8
GREEN_AI_TREES
  0
TEXT
  5
101
330
17
100
AcDbEntity
  8
GREEN_AI_NOTES
100
AcDbText
 10
74.75
 20
6.25
 30
0.0
 40
0.5
  1
T-026
 11
74.75
 21
6.25
 31
0.0
100
AcDbText
  0
INSERT
  5
102
330
17
100
AcDbEntity
  8
GREEN_AI_TREES
100
AcDbBlockReference
 66
1
  2
GREEN_AI_TREE
 10
0.875
 20
11.125
 30
0.0
 41
2.0
 42
2.0
 43
2.0
  0
ATTRIB
  5
104
330
17
100
AcDbEntity
  8
0
 60
1
100
AcDbText
 10
3.175
 20
11.125
 30
0.0
 40
0.36
  1
T-027
 11
3.175
 21
11.125
 31
0.0
100
AcDbAttribute
  2
ID
 70
0
  0
ATTRIB
  5
105
330
17
100
AcDbEntity
  8
0
 60
1
100
AcDbText
 10
3.175
 20
10.525
 30
0.0
 40
0.36
  1
Боярышник однопестичный
 11
3.175
 21
10.525
 31
0.0
100
AcDbAttribute
  2
PORODA
 70
0
  0
ATTRIB
  5
106
330
17
100
AcDbEntity
  8
0
 60
1
100
AcDbText
 10
3.175
 20
9.925
 30
0.0
 40
0.36
  1
Край проезжей части, кромка укреплённой полосы обочины: норма 2.0 м, факт 3.0 м (СП 42.13330.2016, таблица 9.1; 743-ПП п. 3.6.3; 623-ПП п. 4.2.4)
 11
3.175
 21
9.925
 31
0.0
100
AcDbAttribute
  2
NORMA
 70
0
  0
SEQEND
  5
103
330
102
100
AcDbEntity
  8
GREEN_AI_TREES
  0
TEXT
  5
107
330
17
100
AcDbEntity
  8
GREEN_AI_NOTES
100
AcDbText
 10
2.375
 20
12.625
 30
0.0
 40
0.5
  1
T-027
 11
2.375
 21
12.625
 31
0.0
100
AcDbText
  0
INSERT
  5
108
330
17
100
AcDbEntity
  8
GREEN_AI_TREES
100
AcDbBlockReference
 66
1
  2
GREEN_AI_TREE
 10
11.875
 20
11.125
 30
0.0
 41
2.5
 42
2.5
 43
2.5
  0
ATTRIB
  5
10A
330
17
100
AcDbEntity
  8
0
 60
1
100
AcDbText
 10
14.75
 20
11.125
 30
0.0
 40
0.44999999999999996
  1
T-028
 11
14.75
 21
11.125
 31
0.0
100
AcDbAttribute
  2
ID
 70
0
  0
ATTRIB
  5
10B
330
17
100
AcDbEntity
  8
0
 60
1
100
AcDbText
 10
14.75
 20
10.375
 30
0.0
 40
0.44999999999999996
  1
Ель колючая
 11
14.75
 21
10.375
 31
0.0
100
AcDbAttribute
  2
PORODA
 70
0
  0
ATTRIB
  5
10C
330
17
100
AcDbEntity
  8
0
 60
1
100
AcDbText
 10
14.75
 20
9.625
 30
0.0
 40
0.44999999999999996
  1
Край проезжей части, кромка укреплённой полосы обочины: норма 2.0 м, факт 3.0 м (СП 42.13330.2016, таблица 9.1; 743-ПП п. 3.6.3; 623-ПП п. 4.2.4)
 11
14.75
 21
9.625
 31
0.0
100
AcDbAttribute
  2
NORMA
 70
0
  0
SEQEND
  5
109
330
108
100
AcDbEntity
  8
GREEN_AI_TREES
  0
TEXT
  5
10D
330
17
100
AcDbEntity
  8
GREEN_AI_NOTES
100
AcDbText
 10
13.75
 20
13.0
 30
0.0
 40
0.5
  1
T-028
 11
13.75
 21
13.0
 31
0.0
100
AcDbText
  0
INSERT
  5
10E
330
17
100
AcDbEntity
  8
GREEN_AI_TREES
100
AcDbBlockReference
 66
1
  2
GREEN_AI_TREE
 10
17.875
 20
11.125
 30
0.0
 41
2.0
 42
2.0
 43
2.0
  0
ATTRIB
  5
110
330
17
100
AcDbEntity
  8
0
 60
1
100
AcDbText
 10
20.175
 20
11.125
 30
0.0
 40
0.36
  1
T-029
 11
20.175
 21
11.125
 31
0.0
100
AcDbAttribute
  2
ID
 70
0
  0
ATTRIB
  5
111
330
17
100
AcDbEntity
  8
0
 60
1
100
AcDbText
 10
20.175
 20
10.525
 30
0.0
 40
0.36
  1
Клён остролистный 'Globosum' (штамб)
 11
20.175
 21
10.525
 31
0.0
100
AcDbAttribute
  2
PORODA
 70
0
  0
ATTRIB
  5
112
330
17
100
AcDbEntity
  8
0
 60
1
100
AcDbText
 10
20.175
 20
9.925
 30
0.0
 40
0.36
  1
Край проезжей части, кромка укреплённой полосы обочины: норма 2.0 м, факт 3.0 м (СП 42.13330.2016, таблица 9.1; 743-ПП п. 3.6.3; 623-ПП п. 4.2.4)
 11
20.175
 21
9.925
 31
0.0
100
AcDbAttribute
  2
NORMA
 70
0
  0
SEQEND
  5
10F
330
10E
100
AcDbEntity
  8
GREEN_AI_TREES
  0
TEXT
  5
113
330
17
100
AcDbEntity
  8
GREEN_AI_NOTES
100
AcDbText
 10
19.375
 20
12.625
 30
0.0
 40
0.5
  1
T-029
 11
19.375
 21
12.625
 31
0.0
100
AcDbText
  0
INSERT
  5
114
330
17
100
AcDbEntity
  8
GREEN_AI_TREES
100
AcDbBlockReference
 66
1
  2
GREEN_AI_TREE
 10
23.875
 20
11.125
 30
0.0
 41
2.0
 42
2.0
 43
2.0
  0
ATTRIB
  5
116
330
17
100
AcDbEntity
  8
0
 60
1
100
AcDbText
 10
26.175
 20
11.125
 30
0.0
 40
0.36
  1
T-030
 11
26.175
 21
11.125
 31
0.0
100
AcDbAttribute
  2
ID
 70
0
  0
ATTRIB
  5
117
330
17
100
AcDbEntity
  8
0
 60
1
100
AcDbText
 10
26.175
 20
10.525
 30
0.0
 40
0.36
  1
Клён Гиннала
 11
26.175
 21
10.525
 31
0.0
100
AcDbAttribute
  2
PORODA
 70
0
  0
ATTRIB
  5
118
330
17
100
AcDbEntity
  8
0
 60
1
100
AcDbText
 10
26.175
 20
9.925
 30
0.0
 40
0.36
  1
Край проезжей части, кромка укреплённой полосы обочины: норма 2.0 м, факт 3.0 м (СП 42.13330.2016, таблица 9.1; 743-ПП п. 3.6.3; 623-ПП п. 4.2.4)
 11
26.175
 21
9.925
 31
0.0
100
AcDbAttribute
  2
NORMA
 70
0
  0
SEQEND
  5
115
330
114
100
AcDbEntity
  8
GREEN_AI_TREES
  0
TEXT
  5
119
330
17
100
AcDbEntity
  8
GREEN_AI_NOTES
100
AcDbText
 10
25.375
 20
12.625
 30
0.0
 40
0.5
  1
T-030
 11
25.375
 21
12.625
 31
0.0
100
AcDbText
  0
INSERT
  5
11A
330
17
100
AcDbEntity
  8
GREEN_AI_TREES
100
AcDbBlockReference
 66
1
  2
GREEN_AI_TREE
 10
29.875
 20
11.125
 30
0.0
 41
2.5
 42
2.5
 43
2.5
  0
ATTRIB
  5
11C
330
17
100
AcDbEntity
  8
0
 60
1
100
AcDbText
 10
32.75
 20
11.125
 30
0.0
 40
0.44999999999999996
  1
T-031
 11
32.75
 21
11.125
 31
0.0
100
AcDbAttribute
  2
ID
 70
0
  0
ATTRIB
  5
11D
330
17
100
AcDbEntity
  8
0
 60
1
100
AcDbText
 10
32.75
 20
10.375
 30
0.0
 40
0.44999999999999996
  1
Рябина обыкновенная
 11
32.75
 21
10.375
 31
0.0
100
AcDbAttribute
  2
PORODA
 70
0
  0
ATTRIB
  5
11E
330
17
100
AcDbEntity
  8
0
 60
1
100
AcDbText
 10
32.75
 20
9.625
 30
0.0
 40
0.44999999999999996
  1
Край проезжей части, кромка укреплённой полосы обочины: норма 2.0 м, факт 3.0 м (СП 42.13330.2016, таблица 9.1; 743-ПП п. 3.6.3; 623-ПП п. 4.2.4)
 11
32.75
 21
9.625
 31
0.0
100
AcDbAttribute
  2
NORMA
 70
0
  0
SEQEND
  5
11B
330
11A
100
AcDbEntity
  8
GREEN_AI_TREES
  0
TEXT
  5
11F
330
17
100
AcDbEntity
  8
GREEN_AI_NOTES
100
AcDbText
 10
31.75
 20
13.0
 30
0.0
 40
0.5
  1
T-031
 11
31.75
 21
13.0
 31
0.0
100
AcDbText
  0
INSERT
  5
120
330
17
100
AcDbEntity
  8
GREEN_AI_TREES
100
AcDbBlockReference
 66
1
  2
GREEN_AI_TREE
 10
35.875
 20
11.125
 30
0.0
 41
2.5
 42
2.5
 43
2.5
  0
ATTRIB
  5
122
330
17
100
AcDbEntity
  8
0
 60
1
100
AcDbText
 10
38.75
 20
11.125
 30
0.0
 40
0.44999999999999996
  1
T-032
 11
38.75
 21
11.125
 31
0.0
100
AcDbAttribute
  2
ID
 70
0
  0
ATTRIB
  5
123
330
17
100
AcDbEntity
  8
0
 60
1
100
AcDbText
 10
38.75
 20
10.375
 30
0.0
 40
0.44999999999999996
  1
Яблоня декоративная Недзвецкого
 11
38.75
 21
10.375
 31
0.0
100
AcDbAttribute
  2
PORODA
 70
0
  0
ATTRIB
  5
124
330
17
100
AcDbEntity
  8
0
 60
1
100
AcDbText
 10
38.75
 20
9.625
 30
0.0
 40
0.44999999999999996
  1
Край проезжей части, кромка укреплённой полосы обочины: норма 2.0 м, факт 3.0 м (СП 42.13330.2016, таблица 9.1; 743-ПП п. 3.6.3; 623-ПП п. 4.2.4)
 11
38.75
 21
9.625
 31
0.0
100
AcDbAttribute
  2
NORMA
 70
0
  0
SEQEND
  5
121
330
120
100
AcDbEntity
  8
GREEN_AI_TREES
  0
TEXT
  5
125
330
17
100
AcDbEntity
  8
GREEN_AI_NOTES
100
AcDbText
 10
37.75
 20
13.0
 30
0.0
 40
0.5
  1
T-032
 11
37.75
 21
13.0
 31
0.0
100
AcDbText
  0
INSERT
  5
126
330
17
100
AcDbEntity
  8
GREEN_AI_TREES
100
AcDbBlockReference
 66
1
  2
GREEN_AI_TREE
 10
41.875
 20
11.125
 30
0.0
 41
2.0
 42
2.0
 43
2.0
  0
ATTRIB
  5
128
330
17
100
AcDbEntity
  8
0
 60
1
100
AcDbText
 10
44.175
 20
11.125
 30
0.0
 40
0.36
  1
T-033
 11
44.175
 21
11.125
 31
0.0
100
AcDbAttribute
  2
ID
 70
0
  0
ATTRIB
  5
129
330
17
100
AcDbEntity
  8
0
 60
1
100
AcDbText
 10
44.175
 20
10.525
 30
0.0
 40
0.36
  1
Боярышник однопестичный
 11
44.175
 21
10.525
 31
0.0
100
AcDbAttribute
  2
PORODA
 70
0
  0
ATTRIB
  5
12A
330
17
100
AcDbEntity
  8
0
 60
1
100
AcDbText
 10
44.175
 20
9.925
 30
0.0
 40
0.36
  1
Край проезжей части, кромка укреплённой полосы обочины: норма 2.0 м, факт 3.0 м (СП 42.13330.2016, таблица 9.1; 743-ПП п. 3.6.3; 623-ПП п. 4.2.4)
 11
44.175
 21
9.925
 31
0.0
100
AcDbAttribute
  2
NORMA
 70
0
  0
SEQEND
  5
127
330
126
100
AcDbEntity
  8
GREEN_AI_TREES
  0
TEXT
  5
12B
330
17
100
AcDbEntity
  8
GREEN_AI_NOTES
100
AcDbText
 10
43.375
 20
12.625
 30
0.0
 40
0.5
  1
T-033
 11
43.375
 21
12.625
 31
0.0
100
AcDbText
  0
INSERT
  5
12C
330
17
100
AcDbEntity
  8
GREEN_AI_TREES
100
AcDbBlockReference
 66
1
  2
GREEN_AI_TREE
 10
47.875
 20
11.125
 30
0.0
 41
2.5
 42
2.5
 43
2.5
  0
ATTRIB
  5
12E
330
17
100
AcDbEntity
  8
0
 60
1
100
AcDbText
 10
50.75
 20
11.125
 30
0.0
 40
0.44999999999999996
  1
T-034
 11
50.75
 21
11.125
 31
0.0
100
AcDbAttribute
  2
ID
 70
0
  0
ATTRIB
  5
12F
330
17
100
AcDbEntity
  8
0
 60
1
100
AcDbText
 10
50.75
 20
10.375
 30
0.0
 40
0.44999999999999996
  1
Ель колючая
 11
50.75
 21
10.375
 31
0.0
100
AcDbAttribute
  2
PORODA
 70
0
  0
ATTRIB
  5
130
330
17
100
AcDbEntity
  8
0
 60
1
100
AcDbText
 10
50.75
 20
9.625
 30
0.0
 40
0.44999999999999996
  1
Край проезжей части, кромка укреплённой полосы обочины: норма 2.0 м, факт 3.0 м (СП 42.13330.2016, таблица 9.1; 743-ПП п. 3.6.3; 623-ПП п. 4.2.4)
 11
50.75
 21
9.625
 31
0.0
100
AcDbAttribute
  2
NORMA
 70
0
  0
SEQEND
  5
12D
330
12C
100
AcDbEntity
  8
GREEN_AI_TREES
  0
TEXT
  5
131
330
17
100
AcDbEntity
  8
GREEN_AI_NOTES
100
AcDbText
 10
49.75
 20
13.0
 30
0.0
 40
0.5
  1
T-034
 11
49.75
 21
13.0
 31
0.0
100
AcDbText
  0
INSERT
  5
132
330
17
100
AcDbEntity
  8
GREEN_AI_TREES
100
AcDbBlockReference
 66
1
  2
GREEN_AI_TREE
 10
53.875
 20
11.125
 30
0.0
 41
2.0
 42
2.0
 43
2.0
  0
ATTRIB
  5
134
330
17
100
AcDbEntity
  8
0
 60
1
100
AcDbText
 10
56.175
 20
11.125
 30
0.0
 40
0.36
  1
T-035
 11
56.175
 21
11.125
 31
0.0
100
AcDbAttribute
  2
ID
 70
0
  0
ATTRIB
  5
135
330
17
100
AcDbEntity
  8
0
 60
1
100
AcDbText
 10
56.175
 20
10.525
 30
0.0
 40
0.36
  1
Клён остролистный 'Globosum' (штамб)
 11
56.175
 21
10.525
 31
0.0
100
AcDbAttribute
  2
PORODA
 70
0
  0
ATTRIB
  5
136
330
17
100
AcDbEntity
  8
0
 60
1
100
AcDbText
 10
56.175
 20
9.925
 30
0.0
 40
0.36
  1
Край проезжей части, кромка укреплённой полосы обочины: норма 2.0 м, факт 3.0 м (СП 42.13330.2016, таблица 9.1; 743-ПП п. 3.6.3; 623-ПП п. 4.2.4)
 11
56.175
 21
9.925
 31
0.0
100
AcDbAttribute
  2
NORMA
 70
0
  0
SEQEND
  5
133
330
132
100
AcDbEntity
  8
GREEN_AI_TREES
  0
TEXT
  5
137
330
17
100
AcDbEntity
  8
GREEN_AI_NOTES
100
AcDbText
 10
55.375
 20
12.625
 30
0.0
 40
0.5
  1
T-035
 11
55.375
 21
12.625
 31
0.0
100
AcDbText
  0
INSERT
  5
138
330
17
100
AcDbEntity
  8
GREEN_AI_TREES
100
AcDbBlockReference
 66
1
  2
GREEN_AI_TREE
 10
59.875
 20
11.125
 30
0.0
 41
2.0
 42
2.0
 43
2.0
  0
ATTRIB
  5
13A
330
17
100
AcDbEntity
  8
0
 60
1
100
AcDbText
 10
62.175
 20
11.125
 30
0.0
 40
0.36
  1
T-036
 11
62.175
 21
11.125
 31
0.0
100
AcDbAttribute
  2
ID
 70
0
  0
ATTRIB
  5
13B
330
17
100
AcDbEntity
  8
0
 60
1
100
AcDbText
 10
62.175
 20
10.525
 30
0.0
 40
0.36
  1
Клён Гиннала
 11
62.175
 21
10.525
 31
0.0
100
AcDbAttribute
  2
PORODA
 70
0
  0
ATTRIB
  5
13C
330
17
100
AcDbEntity
  8
0
 60
1
100
AcDbText
 10
62.175
 20
9.925
 30
0.0
 40
0.36
  1
Край проезжей части, кромка укреплённой полосы обочины: норма 2.0 м, факт 3.0 м (СП 42.13330.2016, таблица 9.1; 743-ПП п. 3.6.3; 623-ПП п. 4.2.4)
 11
62.175
 21
9.925
 31
0.0
100
AcDbAttribute
  2
NORMA
 70
0
  0
SEQEND
  5
139
330
138
100
AcDbEntity
  8
GREEN_AI_TREES
  0
TEXT
  5
13D
330
17
100
AcDbEntity
  8
GREEN_AI_NOTES
100
AcDbText
 10
61.375
 20
12.625
 30
0.0
 40
0.5
  1
T-036
 11
61.375
 21
12.625
 31
0.0
100
AcDbText
  0
INSERT
  5
13E
330
17
100
AcDbEntity
  8
GREEN_AI_TREES
100
AcDbBlockReference
 66
1
  2
GREEN_AI_TREE
 10
67.875
 20
11.125
 30
0.0
 41
2.5
 42
2.5
 43
2.5
  0
ATTRIB
  5
140
330
17
100
AcDbEntity
  8
0
 60
1
100
AcDbText
 10
70.75
 20
11.125
 30
0.0
 40
0.44999999999999996
  1
T-037
 11
70.75
 21
11.125
 31
0.0
100
AcDbAttribute
  2
ID
 70
0
  0
ATTRIB
  5
141
330
17
100
AcDbEntity
  8
0
 60
1
100
AcDbText
 10
70.75
 20
10.375
 30
0.0
 40
0.44999999999999996
  1
Рябина обыкновенная
 11
70.75
 21
10.375
 31
0.0
100
AcDbAttribute
  2
PORODA
 70
0
  0
ATTRIB
  5
142
330
17
100
AcDbEntity
  8
0
 60
1
100
AcDbText
 10
70.75
 20
9.625
 30
0.0
 40
0.44999999999999996
  1
Край проезжей части, кромка укреплённой полосы обочины: норма 2.0 м, факт 3.0 м (СП 42.13330.2016, таблица 9.1; 743-ПП п. 3.6.3; 623-ПП п. 4.2.4)
 11
70.75
 21
9.625
 31
0.0
100
AcDbAttribute
  2
NORMA
 70
0
  0
SEQEND
  5
13F
330
13E
100
AcDbEntity
  8
GREEN_AI_TREES
  0
TEXT
  5
143
330
17
100
AcDbEntity
  8
GREEN_AI_NOTES
100
AcDbText
 10
69.75
 20
13.0
 30
0.0
 40
0.5
  1
T-037
 11
69.75
 21
13.0
 31
0.0
100
AcDbText
  0
INSERT
  5
144
330
17
100
AcDbEntity
  8
GREEN_AI_TREES
100
AcDbBlockReference
 66
1
  2
GREEN_AI_TREE
 10
73.875
 20
11.125
 30
0.0
 41
2.5
 42
2.5
 43
2.5
  0
ATTRIB
  5
146
330
17
100
AcDbEntity
  8
0
 60
1
100
AcDbText
 10
76.75
 20
11.125
 30
0.0
 40
0.44999999999999996
  1
T-038
 11
76.75
 21
11.125
 31
0.0
100
AcDbAttribute
  2
ID
 70
0
  0
ATTRIB
  5
147
330
17
100
AcDbEntity
  8
0
 60
1
100
AcDbText
 10
76.75
 20
10.375
 30
0.0
 40
0.44999999999999996
  1
Яблоня декоративная Недзвецкого
 11
76.75
 21
10.375
 31
0.0
100
AcDbAttribute
  2
PORODA
 70
0
  0
ATTRIB
  5
148
330
17
100
AcDbEntity
  8
0
 60
1
100
AcDbText
 10
76.75
 20
9.625
 30
0.0
 40
0.44999999999999996
  1
Край проезжей части, кромка укреплённой полосы обочины: норма 2.0 м, факт 3.0 м (СП 42.13330.2016, таблица 9.1; 743-ПП п. 3.6.3; 623-ПП п. 4.2.4)
 11
76.75
 21
9.625
 31
0.0
100
AcDbAttribute
  2
NORMA
 70
0
  0
SEQEND
  5
145
330
144
100
AcDbEntity
  8
GREEN_AI_TREES
  0
TEXT
  5
149
330
17
100
AcDbEntity
  8
GREEN_AI_NOTES
100
AcDbText
 10
75.75
 20
13.0
 30
0.0
 40
0.5
  1
T-038
 11
75.75
 21
13.0
 31
0.0
100
AcDbText
  0
INSERT
  5
14A
330
17
100
AcDbEntity
  8
GREEN_AI_TREES
100
AcDbBlockReference
 66
1
  2
GREEN_AI_TREE
 10
82.625
 20
4.375
 30
0.0
 41
2.0
 42
2.0
 43
2.0
  0
ATTRIB
  5
14C
330
17
100
AcDbEntity
  8
0
 60
1
100
AcDbText
 10
84.925
 20
4.375
 30
0.0
 40
0.36
  1
T-039
 11
84.925
 21
4.375
 31
0.0
100
AcDbAttribute
  2
ID
 70
0
  0
ATTRIB
  5
14D
330
17
100
AcDbEntity
  8
0
 60
1
100
AcDbText
 10
84.925
 20
3.775
 30
0.0
 40
0.36
  1
Боярышник однопестичный
 11
84.925
 21
3.775
 31
0.0
100
AcDbAttribute
  2
PORODA
 70
0
  0
ATTRIB
  5
14E
330
17
100
AcDbEntity
  8
0
 60
1
100
AcDbText
 10
84.925
 20
3.175
 30
0.0
 40
0.36
  1
Канализация: норма 1.5 м, факт 2.5 м (СП 42.13330.2016, таблица 9.1; 743-ПП п. 3.6.3; 623-ПП п. 4.2.4)
 11
84.925
 21
3.175
 31
0.0
100
AcDbAttribute
  2
NORMA
 70
0
  0
SEQEND
  5
14B
330
14A
100
AcDbEntity
  8
GREEN_AI_TREES
  0
TEXT
  5
14F
330
17
100
AcDbEntity
  8
GREEN_AI_NOTES
100
AcDbText
 10
84.125
 20
5.875
 30
0.0
 40
0.5
  1
T-039
 11
84.125
 21
5.875
 31
0.0
100
AcDbText
  0
INSERT
  5
150
330
17
100
AcDbEntity
  8
GREEN_AI_TREES
100
AcDbBlockReference
 66
1
  2
GREEN_AI_TREE
 10
88.625
 20
4.375
 30
0.0
 41
2.5
 42
2.5
 43
2.5
  0
ATTRIB
  5
152
330
17
100
AcDbEntity
  8
0
 60
1
100
AcDbText
 10
91.5
 20
4.375
 30
0.0
 40
0.44999999999999996
  1
T-040
 11
91.5
 21
4.375
 31
0.0
100
AcDbAttribute
  2
ID
 70
0
  0
ATTRIB
  5
153
330
17
100
AcDbEntity
  8
0
 60
1
100
AcDbText
 10
91.5
 20
3.625
 30
0.0
 40
0.44999999999999996
  1
Ель колючая
 11
91.5
 21
3.625
 31
0.0
100
AcDbAttribute
  2
PORODA
 70
0
  0
ATTRIB
  5
154
330
17
100
AcDbEntity
  8
0
 60
1
100
AcDbText
 10
91.5
 20
2.875
 30
0.0
 40
0.44999999999999996
  1
Край проезжей части, кромка укреплённой полосы обочины: норма 2.0 м, факт 3.75 м (СП 42.13330.2016, таблица 9.1; 743-ПП п. 3.6.3; 623-ПП п. 4.2.4)
 11
91.5
 21
2.875
 31
0.0
100
AcDbAttribute
  2
NORMA
 70
0
  0
SEQEND
  5
151
330
150
100
AcDbEntity
  8
GREEN_AI_TREES
  0
TEXT
  5
155
330
17
100
AcDbEntity
  8
GREEN_AI_NOTES
100
AcDbText
 10
90.5
 20
6.25
 30
0.0
 40
0.5
  1
T-040
 11
90.5
 21
6.25
 31
0.0
100
AcDbText
  0
INSERT
  5
156
330
17
100
AcDbEntity
  8
GREEN_AI_TREES
100
AcDbBlockReference
 66
1
  2
GREEN_AI_TREE
 10
94.625
 20
4.375
 30
0.0
 41
2.0
 42
2.0
 43
2.0
  0
ATTRIB
  5
158
330
17
100
AcDbEntity
  8
0
 60
1
100
AcDbText
 10
96.925
 20
4.375
 30
0.0
 40
0.36
  1
T-041
 11
96.925
 21
4.375
 31
0.0
100
AcDbAttribute
  2
ID
 70
0
  0
ATTRIB
  5
159
330
17
100
AcDbEntity
  8
0
 60
1
100
AcDbText
 10
96.925
 20
3.775
 30
0.0
 40
0.36
  1
Клён остролистный 'Globosum' (штамб)
 11
96.925
 21
3.775
 31
0.0
100
AcDbAttribute
  2
PORODA
 70
0
  0
ATTRIB
  5
15A
330
17
100
AcDbEntity
  8
0
 60
1
100
AcDbText
 10
96.925
 20
3.175
 30
0.0
 40
0.36
  1
Край проезжей части, кромка укреплённой полосы обочины: норма 2.0 м, факт 3.75 м (СП 42.13330.2016, таблица 9.1; 743-ПП п. 3.6.3; 623-ПП п. 4.2.4)
 11
96.925
 21
3.175
 31
0.0
100
AcDbAttribute
  2
NORMA
 70
0
  0
SEQEND
  5
157
330
156
100
AcDbEntity
  8
GREEN_AI_TREES
  0
TEXT
  5
15B
330
17
100
AcDbEntity
  8
GREEN_AI_NOTES
100
AcDbText
 10
96.125
 20
5.875
 30
0.0
 40
0.5
  1
T-041
 11
96.125
 21
5.875
 31
0.0
100
AcDbText
  0
INSERT
  5
15C
330
17
100
AcDbEntity
  8
GREEN_AI_TREES
100
AcDbBlockReference
 66
1
  2
GREEN_AI_TREE
 10
100.625
 20
4.375
 30
0.0
 41
2.0
 42
2.0
 43
2.0
  0
ATTRIB
  5
15E
330
17
100
AcDbEntity
  8
0
 60
1
100
AcDbText
 10
102.925
 20
4.375
 30
0.0
 40
0.36
  1
T-042
 11
102.925
 21
4.375
 31
0.0
100
AcDbAttribute
  2
ID
 70
0
  0
ATTRIB
  5
15F
330
17
100
AcDbEntity
  8
0
 60
1
100
AcDbText
 10
102.925
 20
3.775
 30
0.0
 40
0.36
  1
Клён Гиннала
 11
102.925
 21
3.775
 31
0.0
100
AcDbAttribute
  2
PORODA
 70
0
  0
ATTRIB
  5
160
330
17
100
AcDbEntity
  8
0
 60
1
100
AcDbText
 10
102.925
 20
3.175
 30
0.0
 40
0.36
  1
Край проезжей части, кромка укреплённой полосы обочины: норма 2.0 м, факт 3.75 м (СП 42.13330.2016, таблица 9.1; 743-ПП п. 3.6.3; 623-ПП п. 4.2.4)
 11
102.925
 21
3.175
 31
0.0
100
AcDbAttribute
  2
NORMA
 70
0
  0
SEQEND
  5
15D
330
15C
100
AcDbEntity
  8
GREEN_AI_TREES
  0
TEXT
  5
161
330
17
100
AcDbEntity
  8
GREEN_AI_NOTES
100
AcDbText
 10
102.125
 20
5.875
 30
0.0
 40
0.5
  1
T-042
 11
102.125
 21
5.875
 31
0.0
100
AcDbText
  0
INSERT
  5
162
330
17
100
AcDbEntity
  8
GREEN_AI_TREES
100
AcDbBlockReference
 66
1
  2
GREEN_AI_TREE
 10
106.625
 20
4.375
 30
0.0
 41
2.5
 42
2.5
 43
2.5
  0
ATTRIB
  5
164
330
17
100
AcDbEntity
  8
0
 60
1
100
AcDbText
 10
109.5
 20
4.375
 30
0.0
 40
0.44999999999999996
  1
T-043
 11
109.5
 21
4.375
 31
0.0
100
AcDbAttribute
  2
ID
 70
0
  0
ATTRIB
  5
165
330
17
100
AcDbEntity
  8
0
 60
1
100
AcDbText
 10
109.5
 20
3.625
 30
0.0
 40
0.44999999999999996
  1
Рябина обыкновенная
 11
109.5
 21
3.625
 31
0.0
100
AcDbAttribute
  2
PORODA
 70
0
  0
ATTRIB
  5
166
330
17
100
AcDbEntity
  8
0
 60
1
100
AcDbText
 10
109.5
 20
2.875
 30
0.0
 40
0.44999999999999996
  1
Край проезжей части, кромка укреплённой полосы обочины: норма 2.0 м, факт 3.75 м (СП 42.13330.2016, таблица 9.1; 743-ПП п. 3.6.3; 623-ПП п. 4.2.4)
 11
109.5
 21
2.875
 31
0.0
100
AcDbAttribute
  2
NORMA
 70
0
  0
SEQEND
  5
163
330
162
100
AcDbEntity
  8
GREEN_AI_TREES
  0
TEXT
  5
167
330
17
100
AcDbEntity
  8
GREEN_AI_NOTES
100
AcDbText
 10
108.5
 20
6.25
 30
0.0
 40
0.5
  1
T-043
 11
108.5
 21
6.25
 31
0.0
100
AcDbText
  0
INSERT
  5
168
330
17
100
AcDbEntity
  8
GREEN_AI_TREES
100
AcDbBlockReference
 66
1
  2
GREEN_AI_TREE
 10
112.625
 20
4.375
 30
0.0
 41
2.5
 42
2.5
 43
2.5
  0
ATTRIB
  5
16A
330
17
100
AcDbEntity
  8
0
 60
1
100
AcDbText
 10
115.5
 20
4.375
 30
0.0
 40
0.44999999999999996
  1
T-044
 11
115.5
 21
4.375
 31
0.0
100
AcDbAttribute
  2
ID
 70
0
  0
ATTRIB
  5
16B
330
17
100
AcDbEntity
  8
0
 60
1
100
AcDbText
 10
115.5
 20
3.625
 30
0.0
 40
0.44999999999999996
  1
Яблоня декоративная Недзвецкого
 11
115.5
 21
3.625
 31
0.0
100
AcDbAttribute
  2
PORODA
 70
0
  0
ATTRIB
  5
16C
330
17
100
AcDbEntity
  8
0
 60
1
100
AcDbText
 10
115.5
 20
2.875
 30
0.0
 40
0.44999999999999996
  1
Край проезжей части, кромка укреплённой полосы обочины: норма 2.0 м, факт 3.75 м (СП 42.13330.2016, таблица 9.1; 743-ПП п. 3.6.3; 623-ПП п. 4.2.4)
 11
115.5
 21
2.875
 31
0.0
100
AcDbAttribute
  2
NORMA
 70
0
  0
SEQEND
  5
169
330
168
100
AcDbEntity
  8
GREEN_AI_TREES
  0
TEXT
  5
16D
330
17
100
AcDbEntity
  8
GREEN_AI_NOTES
100
AcDbText
 10
114.5
 20
6.25
 30
0.0
 40
0.5
  1
T-044
 11
114.5
 21
6.25
 31
0.0
100
AcDbText
  0
INSERT
  5
16E
330
17
100
AcDbEntity
  8
GREEN_AI_TREES
100
AcDbBlockReference
 66
1
  2
GREEN_AI_TREE
 10
118.625
 20
4.375
 30
0.0
 41
2.0
 42
2.0
 43
2.0
  0
ATTRIB
  5
170
330
17
100
AcDbEntity
  8
0
 60
1
100
AcDbText
 10
120.925
 20
4.375
 30
0.0
 40
0.36
  1
T-045
 11
120.925
 21
4.375
 31
0.0
100
AcDbAttribute
  2
ID
 70
0
  0
ATTRIB
  5
171
330
17
100
AcDbEntity
  8
0
 60
1
100
AcDbText
 10
120.925
 20
3.775
 30
0.0
 40
0.36
  1
Боярышник однопестичный
 11
120.925
 21
3.775
 31
0.0
100
AcDbAttribute
  2
PORODA
 70
0
  0
ATTRIB
  5
172
330
17
100
AcDbEntity
  8
0
 60
1
100
AcDbText
 10
120.925
 20
3.175
 30
0.0
 40
0.36
  1
Край проезжей части, кромка укреплённой полосы обочины: норма 2.0 м, факт 3.76 м (СП 42.13330.2016, таблица 9.1; 743-ПП п. 3.6.3; 623-ПП п. 4.2.4)
 11
120.925
 21
3.175
 31
0.0
100
AcDbAttribute
  2
NORMA
 70
0
  0
SEQEND
  5
16F
330
16E
100
AcDbEntity
  8
GREEN_AI_TREES
  0
TEXT
  5
173
330
17
100
AcDbEntity
  8
GREEN_AI_NOTES
100
AcDbText
 10
120.125
 20
5.875
 30
0.0
 40
0.5
  1
T-045
 11
120.125
 21
5.875
 31
0.0
100
AcDbText
  0
INSERT
  5
174
330
17
100
AcDbEntity
  8
GREEN_AI_TREES
100
AcDbBlockReference
 66
1
  2
GREEN_AI_TREE
 10
75.125
 20
47.625
 30
0.0
 41
3.0
 42
3.0
 43
3.0
  0
ATTRIB
  5
176
330
17
100
AcDbEntity
  8
0
 60
1
100
AcDbText
 10
78.575
 20
47.625
 30
0.0
 40
0.54
  1
T-046
 11
78.575
 21
47.625
 31
0.0
100
AcDbAttribute
  2
ID
 70
0
  0
ATTRIB
  5
177
330
17
100
AcDbEntity
  8
0
 60
1
100
AcDbText
 10
78.575
 20
46.725
 30
0.0
 40
0.54
  1
Лещина древовидная
 11
78.575
 21
46.725
 31
0.0
100
AcDbAttribute
  2
PORODA
 70
0
  0
ATTRIB
  5
178
330
17
100
AcDbEntity
  8
0
 60
1
100
AcDbText
 10
78.575
 20
45.825
 30
0.0
 40
0.54
  1
Существующее сохраняемое дерево (от ствола): норма 4.0 м, факт 7.43 м (Проектное допущение, смыкание крон, сохранение насаждений по ППМ № 743-ПП)
 11
78.575
 21
45.825
 31
0.0
100
AcDbAttribute
  2
NORMA
 70
0
  0
SEQEND
  5
175
330
174
100
AcDbEntity
  8
GREEN_AI_TREES
  0
TEXT
  5
179
330
17
100
AcDbEntity
  8
GREEN_AI_NOTES
100
AcDbText
 10
77.375
 20
49.875
 30
0.0
 40
0.5
  1
T-046
 11
77.375
 21
49.875
 31
0.0
100
AcDbText
  0
INSERT
  5
17A
330
17
100
AcDbEntity
  8
GREEN_AI_TREES
100
AcDbBlockReference
 66
1
  2
GREEN_AI_TREE
 10
75.625
 20
55.125
 30
0.0
 41
4.0
 42
4.0
 43
4.0
  0
ATTRIB
  5
17C
330
17
100
AcDbEntity
  8
0
 60
1
100
AcDbText
 10
80.225
 20
55.125
 30
0.0
 40
0.72
  1
T-047
 11
80.225
 21
55.125
 31
0.0
100
AcDbAttribute
  2
ID
 70
0
  0
ATTRIB
  5
17D
330
17
100
AcDbEntity
  8
0
 60
1
100
AcDbText
 10
80.225
 20
53.925
 30
0.0
 40
0.72
  1
Липа мелколистная
 11
80.225
 21
53.925
 31
0.0
100
AcDbAttribute
  2
PORODA
 70
0
  0
ATTRIB
  5
17E
330
17
100
AcDbEntity
  8
0
 60
1
100
AcDbText
 10
80.225
 20
52.725
 30
0.0
 40
0.72
  1
Канализация: норма 1.5 м, факт 4.5 м (СП 42.13330.2016, таблица 9.1; 743-ПП п. 3.6.3; 623-ПП п. 4.2.4)
 11
80.225
 21
52.725
 31
0.0
100
AcDbAttribute
  2
NORMA
 70
0
  0
SEQEND
  5
17B
330
17A
100
AcDbEntity
  8
GREEN_AI_TREES
  0
TEXT
  5
17F
330
17
100
AcDbEntity
  8
GREEN_AI_NOTES
100
AcDbText
 10
78.625
 20
58.125
 30
0.0
 40
0.5
  1
T-047
 11
78.625
 21
58.125
 31
0.0
100
AcDbText
  0
INSERT
  5
180
330
17
100
AcDbEntity
  8
GREEN_AI_TREES
100
AcDbBlockReference
 66
1
  2
GREEN_AI_TREE
 10
68.125
 20
36.625
 30
0.0
 41
5.0
 42
5.0
 43
5.0
  0
ATTRIB
  5
182
330
17
100
AcDbEntity
  8
0
 60
1
100
AcDbText
 10
73.875
 20
36.625
 30
0.0
 40
0.8999999999999999
  1
T-048
 11
73.875
 21
36.625
 31
0.0
100
AcDbAttribute
  2
ID
 70
0
  0
ATTRIB
  5
183
330
17
100
AcDbEntity
  8
0
 60
1
100
AcDbText
 10
73.875
 20
35.125
 30
0.0
 40
0.8999999999999999
  1
Дуб черешчатый
 11
73.875
 21
35.125
 31
0.0
100
AcDbAttribute
  2
PORODA
 70
0
  0
ATTRIB
  5
184
330
17
100
AcDbEntity
  8
0
 60
1
100
AcDbText
 10
73.875
 20
33.625
 30
0.0
 40
0.8999999999999999
  1
Водопровод, дренаж: норма 2.0 м, факт 6.5 м (СП 42.13330.2016, таблица 9.1; 743-ПП п. 3.6.3; 623-ПП п. 4.2.4)
 11
73.875
 21
33.625
 31
0.0
100
AcDbAttribute
  2
NORMA
 70
0
  0
SEQEND
  5
181
330
180
100
AcDbEntity
  8
GREEN_AI_TREES
  0
TEXT
  5
185
330
17
100
AcDbEntity
  8
GREEN_AI_NOTES
100
AcDbText
 10
71.875
 20
40.375
 30
0.0
 40
0.5
  1
T-048
 11
71.875
 21
40.375
 31
0.0
100
AcDbText
  0
INSERT
  5
186
330
17
100
AcDbEntity
  8
GREEN_AI_TREES
100
AcDbBlockReference
 66
1
  2
GREEN_AI_TREE
 10
68.625
 20
44.125
 30
0.0
 41
3.0
 42
3.0
 43
3.0
  0
ATTRIB
  5
188
330
17
100
AcDbEntity
  8
0
 60
1
100
AcDbText
 10
72.075
 20
44.125
 30
0.0
 40
0.54
  1
T-049
 11
72.075
 21
44.125
 31
0.0
100
AcDbAttribute
  2
ID
 70
0
  0
ATTRIB
  5
189
330
17
100
AcDbEntity
  8
0
 60
1
100
AcDbText
 10
72.075
 20
43.225
 30
0.0
 40
0.54
  1
Берёза повислая
 11
72.075
 21
43.225
 31
0.0
100
AcDbAttribute
  2
PORODA
 70
0
  0
ATTRIB
  5
18A
330
17
100
AcDbEntity
  8
0
 60
1
100
AcDbText
 10
72.075
 20
42.325
 30
0.0
 40
0.54
  1
Существующее сохраняемое дерево (от ствола): норма 4.0 м, факт 6.02 м (Проектное допущение, смыкание крон, сохранение насаждений по ППМ № 743-ПП)
 11
72.075
 21
42.325
 31
0.0
100
AcDbAttribute
  2
NORMA
 70
0
  0
SEQEND
  5
187
330
186
100
AcDbEntity
  8
GREEN_AI_TREES
  0
TEXT
  5
18B
330
17
100
AcDbEntity
  8
GREEN_AI_NOTES
100
AcDbText
 10
70.875
 20
46.375
 30
0.0
 40
0.5
  1
T-049
 11
70.875
 21
46.375
 31
0.0
100
AcDbText
  0
INSERT
  5
18C
330
17
100
AcDbEntity
  8
GREEN_AI_TREES
100
AcDbBlockReference
 66
1
  2
GREEN_AI_TREE
 10
69.125
 20
59.125
 30
0.0
 41
2.5
 42
2.5
 43
2.5
  0
ATTRIB
  5
18E
330
17
100
AcDbEntity
  8
0
 60
1
100
AcDbText
 10
72.0
 20
59.125
 30
0.0
 40
0.44999999999999996
  1
T-050
 11
72.0
 21
59.125
 31
0.0
100
AcDbAttribute
  2
ID
 70
0
  0
ATTRIB
  5
18F
330
17
100
AcDbEntity
  8
0
 60
1
100
AcDbText
 10
72.0
 20
58.375
 30
0.0
 40
0.44999999999999996
  1
Ель колючая
 11
72.0
 21
58.375
 31
0.0
100
AcDbAttribute
  2
PORODA
 70
0
  0
ATTRIB
  5
190
330
17
100
AcDbEntity
  8
0
 60
1
100
AcDbText
 10
72.0
 20
57.625
 30
0.0
 40
0.44999999999999996
  1
Существующее сохраняемое дерево (от ствола): норма 4.0 м, факт 9.06 м (Проектное допущение, смыкание крон, сохранение насаждений по ППМ № 743-ПП)
 11
72.0
 21
57.625
 31
0.0
100
AcDbAttribute
  2
NORMA
 70
0
  0
SEQEND
  5
18D
330
18C
100
AcDbEntity
  8
GREEN_AI_TREES
  0
TEXT
  5
191
330
17
100
AcDbEntity
  8
GREEN_AI_NOTES
100
AcDbText
 10
71.0
 20
61.0
 30
0.0
 40
0.5
  1
T-050
 11
71.0
 21
61.0
 31
0.0
100
AcDbText
  0
INSERT
  5
192
330
17
100
AcDbEntity
  8
GREEN_AI_TREES
100
AcDbBlockReference
 66
1
  2
GREEN_AI_TREE
 10
49.875
 20
36.625
 30
0.0
 41
3.0
 42
3.0
 43
3.0
  0
ATTRIB
  5
194
330
17
100
AcDbEntity
  8
0
 60
1
100
AcDbText
 10
53.325
 20
36.625
 30
0.0
 40
0.54
  1
T-051
 11
53.325
 21
36.625
 31
0.0
100
AcDbAttribute
  2
ID
 70
0
  0
ATTRIB
  5
195
330
17
100
AcDbEntity
  8
0
 60
1
100
AcDbText
 10
53.325
 20
35.725
 30
0.0
 40
0.54
  1
Сосна обыкновенная
 11
53.325
 21
35.725
 31
0.0
100
AcDbAttribute
  2
PORODA
 70
0
  0
ATTRIB
  5
196
330
17
100
AcDbEntity
  8
0
 60
1
100
AcDbText
 10
53.325
 20
34.825
 30
0.0
 40
0.54
  1
Наружная стена здания и сооружения: норма 5.0 м, факт 5.9 м (СП 42.13330.2016, таблица 9.1; 743-ПП п. 3.6.3; 623-ПП п. 4.2.4)
 11
53.325
 21
34.825
 31
0.0
100
AcDbAttribute
  2
NORMA
 70
0
  0
SEQEND
  5
193
330
192
100
AcDbEntity
  8
GREEN_AI_TREES
  0
TEXT
  5
197
330
17
100
AcDbEntity
  8
GREEN_AI_NOTES
100
AcDbText
 10
52.125
 20
38.875
 30
0.0
 40
0.5
  1
T-051
 11
52.125
 21
38.875
 31
0.0
100
AcDbText
  0
INSERT
  5
198
330
17
100
AcDbEntity
  8
GREEN_AI_TREES
100
AcDbBlockReference
 66
1
  2
GREEN_AI_TREE
 10
53.875
 20
42.875
 30
0.0
 41
3.0
 42
3.0
 43
3.0
  0
ATTRIB
  5
19A
330
17
100
AcDbEntity
  8
0
 60
1
100
AcDbText
 10
57.325
 20
42.875
 30
0.0
 40
0.54
  1
T-052
 11
57.325
 21
42.875
 31
0.0
100
AcDbAttribute
  2
ID
 70
0
  0
ATTRIB
  5
19B
330
17
100
AcDbEntity
  8
0
 60
1
100
AcDbText
 10
57.325
 20
41.975
 30
0.0
 40
0.54
  1
Лиственница сибирская
 11
57.325
 21
41.975
 31
0.0
100
AcDbAttribute
  2
PORODA
 70
0
  0
ATTRIB
  5
19C
330
17
100
AcDbEntity
  8
0
 60
1
100
AcDbText
 10
57.325
 20
41.075
 30
0.0
 40
0.54
  1
Наружная стена здания и сооружения: норма 5.0 м, факт 8.75 м (СП 42.13330.2016, таблица 9.1; 743-ПП п. 3.6.3; 623-ПП п. 4.2.4)
 11
57.325
 21
41.075
 31
0.0
100
AcDbAttribute
  2
NORMA
 70
0
  0
SEQEND
  5
199
330
198
100
AcDbEntity
  8
GREEN_AI_TREES
  0
TEXT
  5
19D
330
17
100
AcDbEntity
  8
GREEN_AI_NOTES
100
AcDbText
 10
56.125
 20
45.125
 30
0.0
 40
0.5
  1
T-052
 11
56.125
 21
45.125
 31
0.0
100
AcDbText
  0
INSERT
  5
19E
330
17
100
AcDbEntity
  8
GREEN_AI_TREES
100
AcDbBlockReference
 66
1
  2
GREEN_AI_TREE
 10
54.375
 20
50.125
 30
0.0
 41
4.5
 42
4.5
 43
4.5
  0
ATTRIB
  5
1A0
330
17
100
AcDbEntity
  8
0
 60
1
100
AcDbText
 10
59.55
 20
50.125
 30
0.0
 40
0.8099999999999999
  1
T-053
 11
59.55
 21
50.125
 31
0.0
100
AcDbAttribute
  2
ID
 70
0
  0
ATTRIB
  5
1A1
330
17
100
AcDbEntity
  8
0
 60
1
100
AcDbText
 10
59.55
 20
48.775
 30
0.0
 40
0.8099999999999999
  1
Каштан конский
 11
59.55
 21
48.775
 31
0.0
100
AcDbAttribute
  2
PORODA
 70
0
  0
ATTRIB
  5
1A2
330
17
100
AcDbEntity
  8
0
 60
1
100
AcDbText
 10
59.55
 20
47.425
 30
0.0
 40
0.8099999999999999
  1
Газопровод: норма 1.5 м, факт 5.75 м (СП 42.13330.2016, таблица 9.1; 743-ПП п. 3.6.3; 623-ПП п. 4.2.4)
 11
59.55
 21
47.425
 31
0.0
100
AcDbAttribute
  2
NORMA
 70
0
  0
SEQEND
  5
19F
330
19E
100
AcDbEntity
  8
GREEN_AI_TREES
  0
TEXT
  5
1A3
330
17
100
AcDbEntity
  8
GREEN_AI_NOTES
100
AcDbText
 10
57.75
 20
53.5
 30
0.0
 40
0.5
  1
T-053
 11
57.75
 21
53.5
 31
0.0
100
AcDbText
  0
INSERT
  5
1A4
330
17
100
AcDbEntity
  8
GREEN_AI_TREES
100
AcDbBlockReference
 66
1
  2
GREEN_AI_TREE
 10
54.375
 20
57.625
 30
0.0
 41
2.0
 42
2.0
 43
2.0
  0
ATTRIB
  5
1A6
330
17
100
AcDbEntity
  8
0
 60
1
100
AcDbText
 10
56.675
 20
57.625
 30
0.0
 40
0.36
  1
T-054
 11
56.675
 21
57.625
 31
0.0
100
AcDbAttribute
  2
ID
 70
0
  0
ATTRIB
  5
1A7
330
17
100
AcDbEntity
  8
0
 60
1
100
AcDbText
 10
56.675
 20
57.025
 30
0.0
 40
0.36
  1
Клён остролистный 'Globosum' (штамб)
 11
56.675
 21
57.025
 31
0.0
100
AcDbAttribute
  2
PORODA
 70
0
  0
ATTRIB
  5
1A8
330
17
100
AcDbEntity
  8
0
 60
1
100
AcDbText
 10
56.675
 20
56.425
 30
0.0
 40
0.36
  1
Газопровод: норма 1.5 м, факт 5.75 м (СП 42.13330.2016, таблица 9.1; 743-ПП п. 3.6.3; 623-ПП п. 4.2.4)
 11
56.675
 21
56.425
 31
0.0
100
AcDbAttribute
  2
NORMA
 70
0
  0
SEQEND
  5
1A5
330
1A4
100
AcDbEntity
  8
GREEN_AI_TREES
  0
TEXT
  5
1A9
330
17
100
AcDbEntity
  8
GREEN_AI_NOTES
100
AcDbText
 10
55.875
 20
59.125
 30
0.0
 40
0.5
  1
T-054
 11
55.875
 21
59.125
 31
0.0
100
AcDbText
  0
INSERT
  5
1AA
330
17
100
AcDbEntity
  8
GREEN_AI_TREES
100
AcDbBlockReference
 66
1
  2
GREEN_AI_TREE
 10
1.875
 20
37.625
 30
0.0
 41
2.0
 42
2.0
 43
2.0
  0
ATTRIB
  5
1AC
330
17
100
AcDbEntity
  8
0
 60
1
100
AcDbText
 10
4.175
 20
37.625
 30
0.0
 40
0.36
  1
T-055
 11
4.175
 21
37.625
 31
0.0
100
AcDbAttribute
  2
ID
 70
0
  0
ATTRIB
  5
1AD
330
17
100
AcDbEntity
  8
0
 60
1
100
AcDbText
 10
4.175
 20
37.025
 30
0.0
 40
0.36
  1
Клён Гиннала
 11
4.175
 21
37.025
 31
0.0
100
AcDbAttribute
  2
PORODA
 70
0
  0
ATTRIB
  5
1AE
330
17
100
AcDbEntity
  8
0
 60
1
100
AcDbText
 10
4.175
 20
36.425
 30
0.0
 40
0.36
  1
Газопровод: норма 1.5 м, факт 3.5 м (СП 42.13330.2016, таблица 9.1; 743-ПП п. 3.6.3; 623-ПП п. 4.2.4)
 11
4.175
 21
36.425
 31
0.0
100
AcDbAttribute
  2
NORMA
 70
0
  0
SEQEND
  5
1AB
330
1AA
100
AcDbEntity
  8
GREEN_AI_TREES
  0
TEXT
  5
1AF
330
17
100
AcDbEntity
  8
GREEN_AI_NOTES
100
AcDbText
 10
3.375
 20
39.125
 30
0.0
 40
0.5
  1
T-055
 11
3.375
 21
39.125
 31
0.0
100
AcDbText
  0
INSERT
  5
1B0
330
17
100
AcDbEntity
  8
GREEN_AI_TREES
100
AcDbBlockReference
 66
1
  2
GREEN_AI_TREE
 10
2.375
 20
47.625
 30
0.0
 41
2.5
 42
2.5
 43
2.5
  0
ATTRIB
  5
1B2
330
17
100
AcDbEntity
  8
0
 60
1
100
AcDbText
 10
5.25
 20
47.625
 30
0.0
 40
0.44999999999999996
  1
T-056
 11
5.25
 21
47.625
 31
0.0
100
AcDbAttribute
  2
ID
 70
0
  0
ATTRIB
  5
1B3
330
17
100
AcDbEntity
  8
0
 60
1
100
AcDbText
 10
5.25
 20
46.875
 30
0.0
 40
0.44999999999999996
  1
Рябина обыкновенная
 11
5.25
 21
46.875
 31
0.0
100
AcDbAttribute
  2
PORODA
 70
0
  0
ATTRIB
  5
1B4
330
17
100
AcDbEntity
  8
0
 60
1
100
AcDbText
 10
5.25
 20
46.125
 30
0.0
 40
0.44999999999999996
  1
Наружная стена здания и сооружения: норма 5.0 м, факт 7.75 м (СП 42.13330.2016, таблица 9.1; 743-ПП п. 3.6.3; 623-ПП п. 4.2.4)
 11
5.25
 21
46.125
 31
0.0
100
AcDbAttribute
  2
NORMA
 70
0
  0
SEQEND
  5
1B1
330
1B0
100
AcDbEntity
  8
GREEN_AI_TREES
  0
TEXT
  5
1B5
330
17
100
AcDbEntity
  8
GREEN_AI_NOTES
100
AcDbText
 10
4.25
 20
49.5
 30
0.0
 40
0.5
  1
T-056
 11
4.25
 21
49.5
 31
0.0
100
AcDbText
  0
INSERT
  5
1B6
330
17
100
AcDbEntity
  8
GREEN_AI_TREES
100
AcDbBlockReference
 66
1
  2
GREEN_AI_TREE
 10
2.375
 20
53.625
 30
0.0
 41
2.5
 42
2.5
 43
2.5
  0
ATTRIB
  5
1B8
330
17
100
AcDbEntity
  8
0
 60
1
100
AcDbText
 10
5.25
 20
53.625
 30
0.0
 40
0.44999999999999996
  1
T-057
 11
5.25
 21
53.625
 31
0.0
100
AcDbAttribute
  2
ID
 70
0
  0
ATTRIB
  5
1B9
330
17
100
AcDbEntity
  8
0
 60
1
100
AcDbText
 10
5.25
 20
52.875
 30
0.0
 40
0.44999999999999996
  1
Яблоня декоративная Недзвецкого
 11
5.25
 21
52.875
 31
0.0
100
AcDbAttribute
  2
PORODA
 70
0
  0
ATTRIB
  5
1BA
330
17
100
AcDbEntity
  8
0
 60
1
100
AcDbText
 10
5.25
 20
52.125
 30
0.0
 40
0.44999999999999996
  1
Наружная стена здания и сооружения: норма 5.0 м, факт 7.75 м (СП 42.13330.2016, таблица 9.1; 743-ПП п. 3.6.3; 623-ПП п. 4.2.4)
 11
5.25
 21
52.125
 31
0.0
100
AcDbAttribute
  2
NORMA
 70
0
  0
SEQEND
  5
1B7
330
1B6
100
AcDbEntity
  8
GREEN_AI_TREES
  0
TEXT
  5
1BB
330
17
100
AcDbEntity
  8
GREEN_AI_NOTES
100
AcDbText
 10
4.25
 20
55.5
 30
0.0
 40
0.5
  1
T-057
 11
4.25
 21
55.5
 31
0.0
100
AcDbText
  0
INSERT
  5
1BC
330
17
100
AcDbEntity
  8
GREEN_AI_TREES
100
AcDbBlockReference
 66
1
  2
GREEN_AI_TREE
 10
45.125
 20
17.375
 30
0.0
 41
2.0
 42
2.0
 43
2.0
  0
ATTRIB
  5
1BE
330
17
100
AcDbEntity
  8
0
 60
1
100
AcDbText
 10
47.425
 20
17.375
 30
0.0
 40
0.36
  1
T-058
 11
47.425
 21
17.375
 31
0.0
100
AcDbAttribute
  2
ID
 70
0
  0
ATTRIB
  5
1BF
330
17
100
AcDbEntity
  8
0
 60
1
100
AcDbText
 10
47.425
 20
16.775
 30
0.0
 40
0.36
  1
Боярышник однопестичный
 11
47.425
 21
16.775
 31
0.0
100
AcDbAttribute
  2
PORODA
 70
0
  0
ATTRIB
  5
1C0
330
17
100
AcDbEntity
  8
0
 60
1
100
AcDbText
 10
47.425
 20
16.175
 30
0.0
 40
0.36
  1
Мачта и опора осветительной сети, колонна галереи или эстакады: норма 4.0 м, факт 5.01 м (СП 42.13330.2016, таблица 9.1; 743-ПП п. 3.6.3; 623-ПП п. 4.2.4)
 11
47.425
 21
16.175
 31
0.0
100
AcDbAttribute
  2
NORMA
 70
0
  0
SEQEND
  5
1BD
330
1BC
100
AcDbEntity
  8
GREEN_AI_TREES
  0
TEXT
  5
1C1
330
17
100
AcDbEntity
  8
GREEN_AI_NOTES
100
AcDbText
 10
46.625
 20
18.875
 30
0.0
 40
0.5
  1
T-058
 11
46.625
 21
18.875
 31
0.0
100
AcDbText
  0
INSERT
  5
1C2
330
17
100
AcDbEntity
  8
GREEN_AI_TREES
100
AcDbBlockReference
 66
1
  2
GREEN_AI_TREE
 10
51.125
 20
17.375
 30
0.0
 41
2.5
 42
2.5
 43
2.5
  0
ATTRIB
  5
1C4
330
17
100
AcDbEntity
  8
0
 60
1
100
AcDbText
 10
54.0
 20
17.375
 30
0.0
 40
0.44999999999999996
  1
T-059
 11
54.0
 21
17.375
 31
0.0
100
AcDbAttribute
  2
ID
 70
0
  0
ATTRIB
  5
1C5
330
17
100
AcDbEntity
  8
0
 60
1
100
AcDbText
 10
54.0
 20
16.625
 30
0.0
 40
0.44999999999999996
  1
Ель колючая
 11
54.0
 21
16.625
 31
0.0
100
AcDbAttribute
  2
PORODA
 70
0
  0
ATTRIB
  5
1C6
330
17
100
AcDbEntity
  8
0
 60
1
100
AcDbText
 10
54.0
 20
15.875
 30
0.0
 40
0.44999999999999996
  1
Край проезжей части, кромка укреплённой полосы обочины: норма 2.0 м, факт 3.25 м (СП 42.13330.2016, таблица 9.1; 743-ПП п. 3.6.3; 623-ПП п. 4.2.4)
 11
54.0
 21
15.875
 31
0.0
100
AcDbAttribute
  2
NORMA
 70
0
  0
SEQEND
  5
1C3
330
1C2
100
AcDbEntity
  8
GREEN_AI_TREES
  0
TEXT
  5
1C7
330
17
100
AcDbEntity
  8
GREEN_AI_NOTES
100
AcDbText
 10
53.0
 20
19.25
 30
0.0
 40
0.5
  1
T-059
 11
53.0
 21
19.25
 31
0.0
100
AcDbText
  0
INSERT
  5
1C8
330
17
100
AcDbEntity
  8
GREEN_AI_TREES
100
AcDbBlockReference
 66
1
  2
GREEN_AI_TREE
 10
57.125
 20
17.375
 30
0.0
 41
2.0
 42
2.0
 43
2.0
  0
ATTRIB
  5
1CA
330
17
100
AcDbEntity
  8
0
 60
1
100
AcDbText
 10
59.425
 20
17.375
 30
0.0
 40
0.36
  1
T-060
 11
59.425
 21
17.375
 31
0.0
100
AcDbAttribute
  2
ID
 70
0
  0
ATTRIB
  5
1CB
330
17
100
AcDbEntity
  8
0
 60
1
100
AcDbText
 10
59.425
 20
16.775
 30
0.0
 40
0.36
  1
Клён остролистный 'Globosum' (штамб)
 11
59.425
 21
16.775
 31
0.0
100
AcDbAttribute
  2
PORODA
 70
0
  0
ATTRIB
  5
1CC
330
17
100
AcDbEntity
  8
0
 60
1
100
AcDbText
 10
59.425
 20
16.175
 30
0.0
 40
0.36
  1
Край проезжей части, кромка укреплённой полосы обочины: норма 2.0 м, факт 3.25 м (СП 42.13330.2016, таблица 9.1; 743-ПП п. 3.6.3; 623-ПП п. 4.2.4)
 11
59.425
 21
16.175
 31
0.0
100
AcDbAttribute
  2
NORMA
 70
0
  0
SEQEND
  5
1C9
330
1C8
100
AcDbEntity
  8
GREEN_AI_TREES
  0
TEXT
  5
1CD
330
17
100
AcDbEntity
  8
GREEN_AI_NOTES
100
AcDbText
 10
58.625
 20
18.875
 30
0.0
 40
0.5
  1
T-060
 11
58.625
 21
18.875
 31
0.0
100
AcDbText
  0
INSERT
  5
1CE
330
17
100
AcDbEntity
  8
GREEN_AI_TREES
100
AcDbBlockReference
 66
1
  2
GREEN_AI_TREE
 10
20.125
 20
17.375
 30
0.0
 41
2.0
 42
2.0
 43
2.0
  0
ATTRIB
  5
1D0
330
17
100
AcDbEntity
  8
0
 60
1
100
AcDbText
 10
22.425
 20
17.375
 30
0.0
 40
0.36
  1
T-061
 11
22.425
 21
17.375
 31
0.0
100
AcDbAttribute
  2
ID
 70
0
  0
ATTRIB
  5
1D1
330
17
100
AcDbEntity
  8
0
 60
1
100
AcDbText
 10
22.425
 20
16.775
 30
0.0
 40
0.36
  1
Клён Гиннала
 11
22.425
 21
16.775
 31
0.0
100
AcDbAttribute
  2
PORODA
 70
0
  0
ATTRIB
  5
1D2
330
17
100
AcDbEntity
  8
0
 60
1
100
AcDbText
 10
22.425
 20
16.175
 30
0.0
 40
0.36
  1
Мачта и опора осветительной сети, колонна галереи или эстакады: норма 4.0 м, факт 5.01 м (СП 42.13330.2016, таблица 9.1; 743-ПП п. 3.6.3; 623-ПП п. 4.2.4)
 11
22.425
 21
16.175
 31
0.0
100
AcDbAttribute
  2
NORMA
 70
0
  0
SEQEND
  5
1CF
330
1CE
100
AcDbEntity
  8
GREEN_AI_TREES
  0
TEXT
  5
1D3
330
17
100
AcDbEntity
  8
GREEN_AI_NOTES
100
AcDbText
 10
21.625
 20
18.875
 30
0.0
 40
0.5
  1
T-061
 11
21.625
 21
18.875
 31
0.0
100
AcDbText
  0
INSERT
  5
1D4
330
17
100
AcDbEntity
  8
GREEN_AI_TREES
100
AcDbBlockReference
 66
1
  2
GREEN_AI_TREE
 10
26.125
 20
17.375
 30
0.0
 41
2.5
 42
2.5
 43
2.5
  0
ATTRIB
  5
1D6
330
17
100
AcDbEntity
  8
0
 60
1
100
AcDbText
 10
29.0
 20
17.375
 30
0.0
 40
0.44999999999999996
  1
T-062
 11
29.0
 21
17.375
 31
0.0
100
AcDbAttribute
  2
ID
 70
0
  0
ATTRIB
  5
1D7
330
17
100
AcDbEntity
  8
0
 60
1
100
AcDbText
 10
29.0
 20
16.625
 30
0.0
 40
0.44999999999999996
  1
Рябина обыкновенная
 11
29.0
 21
16.625
 31
0.0
100
AcDbAttribute
  2
PORODA
 70
0
  0
ATTRIB
  5
1D8
330
17
100
AcDbEntity
  8
0
 60
1
100
AcDbText
 10
29.0
 20
15.875
 30
0.0
 40
0.44999999999999996
  1
Край проезжей части, кромка укреплённой полосы обочины: норма 2.0 м, факт 3.25 м (СП 42.13330.2016, таблица 9.1; 743-ПП п. 3.6.3; 623-ПП п. 4.2.4)
 11
29.0
 21
15.875
 31
0.0
100
AcDbAttribute
  2
NORMA
 70
0
  0
SEQEND
  5
1D5
330
1D4
100
AcDbEntity
  8
GREEN_AI_TREES
  0
TEXT
  5
1D9
330
17
100
AcDbEntity
  8
GREEN_AI_NOTES
100
AcDbText
 10
28.0
 20
19.25
 30
0.0
 40
0.5
  1
T-062
 11
28.0
 21
19.25
 31
0.0
100
AcDbText
  0
INSERT
  5
1DA
330
17
100
AcDbEntity
  8
GREEN_AI_TREES
100
AcDbBlockReference
 66
1
  2
GREEN_AI_TREE
 10
32.125
 20
17.375
 30
0.0
 41
2.5
 42
2.5
 43
2.5
  0
ATTRIB
  5
1DC
330
17
100
AcDbEntity
  8
0
 60
1
100
AcDbText
 10
35.0
 20
17.375
 30
0.0
 40
0.44999999999999996
  1
T-063
 11
35.0
 21
17.375
 31
0.0
100
AcDbAttribute
  2
ID
 70
0
  0
ATTRIB
  5
1DD
330
17
100
AcDbEntity
  8
0
 60
1
100
AcDbText
 10
35.0
 20
16.625
 30
0.0
 40
0.44999999999999996
  1
Яблоня декоративная Недзвецкого
 11
35.0
 21
16.625
 31
0.0
100
AcDbAttribute
  2
PORODA
 70
0
  0
ATTRIB
  5
1DE
330
17
100
AcDbEntity
  8
0
 60
1
100
AcDbText
 10
35.0
 20
15.875
 30
0.0
 40
0.44999999999999996
  1
Край проезжей части, кромка укреплённой полосы обочины: норма 2.0 м, факт 3.25 м (СП 42.13330.2016, таблица 9.1; 743-ПП п. 3.6.3; 623-ПП п. 4.2.4)
 11
35.0
 21
15.875
 31
0.0
100
AcDbAttribute
  2
NORMA
 70
0
  0
SEQEND
  5
1DB
330
1DA
100
AcDbEntity
  8
GREEN_AI_TREES
  0
TEXT
  5
1DF
330
17
100
AcDbEntity
  8
GREEN_AI_NOTES
100
AcDbText
 10
34.0
 20
19.25
 30
0.0
 40
0.5
  1
T-063
 11
34.0
 21
19.25
 31
0.0
100
AcDbText
  0
INSERT
  5
1E0
330
17
100
AcDbEntity
  8
GREEN_AI_TREES
100
AcDbBlockReference
 66
1
  2
GREEN_AI_TREE
 10
95.125
 20
17.375
 30
0.0
 41
2.0
 42
2.0
 43
2.0
  0
ATTRIB
  5
1E2
330
17
100
AcDbEntity
  8
0
 60
1
100
AcDbText
 10
97.425
 20
17.375
 30
0.0
 40
0.36
  1
T-064
 11
97.425
 21
17.375
 31
0.0
100
AcDbAttribute
  2
ID
 70
0
  0
ATTRIB
  5
1E3
330
17
100
AcDbEntity
  8
0
 60
1
100
AcDbText
 10
97.425
 20
16.775
 30
0.0
 40
0.36
  1
Боярышник однопестичный
 11
97.425
 21
16.775
 31
0.0
100
AcDbAttribute
  2
PORODA
 70
0
  0
ATTRIB
  5
1E4
330
17
100
AcDbEntity
  8
0
 60
1
100
AcDbText
 10
97.425
 20
16.175
 30
0.0
 40
0.36
  1
Мачта и опора осветительной сети, колонна галереи или эстакады: норма 4.0 м, факт 5.01 м (СП 42.13330.2016, таблица 9.1; 743-ПП п. 3.6.3; 623-ПП п. 4.2.4)
 11
97.425
 21
16.175
 31
0.0
100
AcDbAttribute
  2
NORMA
 70
0
  0
SEQEND
  5
1E1
330
1E0
100
AcDbEntity
  8
GREEN_AI_TREES
  0
TEXT
  5
1E5
330
17
100
AcDbEntity
  8
GREEN_AI_NOTES
100
AcDbText
 10
96.625
 20
18.875
 30
0.0
 40
0.5
  1
T-064
 11
96.625
 21
18.875
 31
0.0
100
AcDbText
  0
INSERT
  5
1E6
330
17
100
AcDbEntity
  8
GREEN_AI_TREES
100
AcDbBlockReference
 66
1
  2
GREEN_AI_TREE
 10
101.125
 20
17.375
 30
0.0
 41
2.5
 42
2.5
 43
2.5
  0
ATTRIB
  5
1E8
330
17
100
AcDbEntity
  8
0
 60
1
100
AcDbText
 10
104.0
 20
17.375
 30
0.0
 40
0.44999999999999996
  1
T-065
 11
104.0
 21
17.375
 31
0.0
100
AcDbAttribute
  2
ID
 70
0
  0
ATTRIB
  5
1E9
330
17
100
AcDbEntity
  8
0
 60
1
100
AcDbText
 10
104.0
 20
16.625
 30
0.0
 40
0.44999999999999996
  1
Ель колючая
 11
104.0
 21
16.625
 31
0.0
100
AcDbAttribute
  2
PORODA
 70
0
  0
ATTRIB
  5
1EA
330
17
100
AcDbEntity
  8
0
 60
1
100
AcDbText
 10
104.0
 20
15.875
 30
0.0
 40
0.44999999999999996
  1
Край проезжей части, кромка укреплённой полосы обочины: норма 2.0 м, факт 3.25 м (СП 42.13330.2016, таблица 9.1; 743-ПП п. 3.6.3; 623-ПП п. 4.2.4)
 11
104.0
 21
15.875
 31
0.0
100
AcDbAttribute
  2
NORMA
 70
0
  0
SEQEND
  5
1E7
330
1E6
100
AcDbEntity
  8
GREEN_AI_TREES
  0
TEXT
  5
1EB
330
17
100
AcDbEntity
  8
GREEN_AI_NOTES
100
AcDbText
 10
103.0
 20
19.25
 30
0.0
 40
0.5
  1
T-065
 11
103.0
 21
19.25
 31
0.0
100
AcDbText
  0
INSERT
  5
1EC
330
17
100
AcDbEntity
  8
GREEN_AI_TREES
100
AcDbBlockReference
 66
1
  2
GREEN_AI_TREE
 10
0.875
 20
17.375
 30
0.0
 41
2.0
 42
2.0
 43
2.0
  0
ATTRIB
  5
1EE
330
17
100
AcDbEntity
  8
0
 60
1
100
AcDbText
 10
3.175
 20
17.375
 30
0.0
 40
0.36
  1
T-066
 11
3.175
 21
17.375
 31
0.0
100
AcDbAttribute
  2
ID
 70
0
  0
ATTRIB
  5
1EF
330
17
100
AcDbEntity
  8
0
 60
1
100
AcDbText
 10
3.175
 20
16.775
 30
0.0
 40
0.36
  1
Клён остролистный 'Globosum' (штамб)
 11
3.175
 21
16.775
 31
0.0
100
AcDbAttribute
  2
PORODA
 70
0
  0
ATTRIB
  5
1F0
330
17
100
AcDbEntity
  8
0
 60
1
100
AcDbText
 10
3.175
 20
16.175
 30
0.0
 40
0.36
  1
Край проезжей части, кромка укреплённой полосы обочины: норма 2.0 м, факт 3.25 м (СП 42.13330.2016, таблица 9.1; 743-ПП п. 3.6.3; 623-ПП п. 4.2.4)
 11
3.175
 21
16.175
 31
0.0
100
AcDbAttribute
  2
NORMA
 70
0
  0
SEQEND
  5
1ED
330
1EC
100
AcDbEntity
  8
GREEN_AI_TREES
  0
TEXT
  5
1F1
330
17
100
AcDbEntity
  8
GREEN_AI_NOTES
100
AcDbText
 10
2.375
 20
18.875
 30
0.0
 40
0.5
  1
T-066
 11
2.375
 21
18.875
 31
0.0
100
AcDbText
  0
INSERT
  5
1F2
330
17
100
AcDbEntity
  8
GREEN_AI_TREES
100
AcDbBlockReference
 66
1
  2
GREEN_AI_TREE
 10
6.875
 20
17.375
 30
0.0
 41
2.0
 42
2.0
 43
2.0
  0
ATTRIB
  5
1F4
330
17
100
AcDbEntity
  8
0
 60
1
100
AcDbText
 10
9.175
 20
17.375
 30
0.0
 40
0.36
  1
T-067
 11
9.175
 21
17.375
 31
0.0
100
AcDbAttribute
  2
ID
 70
0
  0
ATTRIB
  5
1F5
330
17
100
AcDbEntity
  8
0
 60
1
100
AcDbText
 10
9.175
 20
16.775
 30
0.0
 40
0.36
  1
Клён Гиннала
 11
9.175
 21
16.775
 31
0.0
100
AcDbAttribute
  2
PORODA
 70
0
  0
ATTRIB
  5
1F6
330
17
100
AcDbEntity
  8
0
 60
1
100
AcDbText
 10
9.175
 20
16.175
 30
0.0
 40
0.36
  1
Край проезжей части, кромка укреплённой полосы обочины: норма 2.0 м, факт 3.25 м (СП 42.13330.2016, таблица 9.1; 743-ПП п. 3.6.3; 623-ПП п. 4.2.4)
 11
9.175
 21
16.175
 31
0.0
100
AcDbAttribute
  2
NORMA
 70
0
  0
SEQEND
  5
1F3
330
1F2
100
AcDbEntity
  8
GREEN_AI_TREES
  0
TEXT
  5
1F7
330
17
100
AcDbEntity
  8
GREEN_AI_NOTES
100
AcDbText
 10
8.375
 20
18.875
 30
0.0
 40
0.5
  1
T-067
 11
8.375
 21
18.875
 31
0.0
100
AcDbText
  0
INSERT
  5
1F8
330
17
100
AcDbEntity
  8
GREEN_AI_TREES
100
AcDbBlockReference
 66
1
  2
GREEN_AI_TREE
 10
70.125
 20
17.375
 30
0.0
 41
2.5
 42
2.5
 43
2.5
  0
ATTRIB
  5
1FA
330
17
100
AcDbEntity
  8
0
 60
1
100
AcDbText
 10
73.0
 20
17.375
 30
0.0
 40
0.44999999999999996
  1
T-068
 11
73.0
 21
17.375
 31
0.0
100
AcDbAttribute
  2
ID
 70
0
  0
ATTRIB
  5
1FB
330
17
100
AcDbEntity
  8
0
 60
1
100
AcDbText
 10
73.0
 20
16.625
 30
0.0
 40
0.44999999999999996
  1
Рябина обыкновенная
 11
73.0
 21
16.625
 31
0.0
100
AcDbAttribute
  2
PORODA
 70
0
  0
ATTRIB
  5
1FC
330
17
100
AcDbEntity
  8
0
 60
1
100
AcDbText
 10
73.0
 20
15.875
 30
0.0
 40
0.44999999999999996
  1
Мачта и опора осветительной сети, колонна галереи или эстакады: норма 4.0 м, факт 5.01 м (СП 42.13330.2016, таблица 9.1; 743-ПП п. 3.6.3; 623-ПП п. 4.2.4)
 11
73.0
 21
15.875
 31
0.0
100
AcDbAttribute
  2
NORMA
 70
0
  0
SEQEND
  5
1F9
330
1F8
100
AcDbEntity
  8
GREEN_AI_TREES
  0
TEXT
  5
1FD
330
17
100
AcDbEntity
  8
GREEN_AI_NOTES
100
AcDbText
 10
72.0
 20
19.25
 30
0.0
 40
0.5
  1
T-068
 11
72.0
 21
19.25
 31
0.0
100
AcDbText
  0
INSERT
  5
1FE
330
17
100
AcDbEntity
  8
GREEN_AI_TREES
100
AcDbBlockReference
 66
1
  2
GREEN_AI_TREE
 10
76.125
 20
17.375
 30
0.0
 41
2.5
 42
2.5
 43
2.5
  0
ATTRIB
  5
200
330
17
100
AcDbEntity
  8
0
 60
1
100
AcDbText
 10
79.0
 20
17.375
 30
0.0
 40
0.44999999999999996
  1
T-069
 11
79.0
 21
17.375
 31
0.0
100
AcDbAttribute
  2
ID
 70
0
  0
ATTRIB
  5
201
330
17
100
AcDbEntity
  8
0
 60
1
100
AcDbText
 10
79.0
 20
16.625
 30
0.0
 40
0.44999999999999996
  1
Яблоня декоративная Недзвецкого
 11
79.0
 21
16.625
 31
0.0
100
AcDbAttribute
  2
PORODA
 70
0
  0
ATTRIB
  5
202
330
17
100
AcDbEntity
  8
0
 60
1
100
AcDbText
 10
79.0
 20
15.875
 30
0.0
 40
0.44999999999999996
  1
Край проезжей части, кромка укреплённой полосы обочины: норма 2.0 м, факт 3.25 м (СП 42.13330.2016, таблица 9.1; 743-ПП п. 3.6.3; 623-ПП п. 4.2.4)
 11
79.0
 21
15.875
 31
0.0
100
AcDbAttribute
  2
NORMA
 70
0
  0
SEQEND
  5
1FF
330
1FE
100
AcDbEntity
  8
GREEN_AI_TREES
  0
TEXT
  5
203
330
17
100
AcDbEntity
  8
GREEN_AI_NOTES
100
AcDbText
 10
78.0
 20
19.25
 30
0.0
 40
0.5
  1
T-069
 11
78.0
 21
19.25
 31
0.0
100
AcDbText
  0
INSERT
  5
204
330
17
100
AcDbEntity
  8
GREEN_AI_TREES
100
AcDbBlockReference
 66
1
  2
GREEN_AI_TREE
 10
85.125
 20
17.125
 30
0.0
 41
3.0
 42
3.0
 43
3.0
  0
ATTRIB
  5
206
330
17
100
AcDbEntity
  8
0
 60
1
100
AcDbText
 10
88.575
 20
17.125
 30
0.0
 40
0.54
  1
T-070
 11
88.575
 21
17.125
 31
0.0
100
AcDbAttribute
  2
ID
 70
0
  0
ATTRIB
  5
207
330
17
100
AcDbEntity
  8
0
 60
1
100
AcDbText
 10
88.575
 20
16.225
 30
0.0
 40
0.54
  1
Лещина древовидная
 11
88.575
 21
16.225
 31
0.0
100
AcDbAttribute
  2
PORODA
 70
0
  0
ATTRIB
  5
208
330
17
100
AcDbEntity
  8
0
 60
1
100
AcDbText
 10
88.575
 20
15.325
 30
0.0
 40
0.54
  1
Мачта и опора осветительной сети, колонна галереи или эстакады: норма 4.0 м, факт 5.0 м (СП 42.13330.2016, таблица 9.1; 743-ПП п. 3.6.3; 623-ПП п. 4.2.4)
 11
88.575
 21
15.325
 31
0.0
100
AcDbAttribute
  2
NORMA
 70
0
  0
SEQEND
  5
205
330
204
100
AcDbEntity
  8
GREEN_AI_TREES
  0
TEXT
  5
209
330
17
100
AcDbEntity
  8
GREEN_AI_NOTES
100
AcDbText
 10
87.375
 20
19.375
 30
0.0
 40
0.5
  1
T-070
 11
87.375
 21
19.375
 31
0.0
100
AcDbText
  0
INSERT
  5
20A
330
17
100
AcDbEntity
  8
GREEN_AI_TREES
100
AcDbBlockReference
 66
1
  2
GREEN_AI_TREE
 10
115.125
 20
17.125
 30
0.0
 41
4.0
 42
4.0
 43
4.0
  0
ATTRIB
  5
20C
330
17
100
AcDbEntity
  8
0
 60
1
100
AcDbText
 10
119.725
 20
17.125
 30
0.0
 40
0.72
  1
T-071
 11
119.725
 21
17.125
 31
0.0
100
AcDbAttribute
  2
ID
 70
0
  0
ATTRIB
  5
20D
330
17
100
AcDbEntity
  8
0
 60
1
100
AcDbText
 10
119.725
 20
15.925
 30
0.0
 40
0.72
  1
Липа мелколистная
 11
119.725
 21
15.925
 31
0.0
100
AcDbAttribute
  2
PORODA
 70
0
  0
ATTRIB
  5
20E
330
17
100
AcDbEntity
  8
0
 60
1
100
AcDbText
 10
119.725
 20
14.725
 30
0.0
 40
0.72
  1
Мачта и опора осветительной сети, колонна галереи или эстакады: норма 4.0 м, факт 5.0 м (СП 42.13330.2016, таблица 9.1; 743-ПП п. 3.6.3; 623-ПП п. 4.2.4)
 11
119.725
 21
14.725
 31
0.0
100
AcDbAttribute
  2
NORMA
 70
0
  0
SEQEND
  5
20B
330
20A
100
AcDbEntity
  8
GREEN_AI_TREES
  0
TEXT
  5
20F
330
17
100
AcDbEntity
  8
GREEN_AI_NOTES
100
AcDbText
 10
118.125
 20
20.125
 30
0.0
 40
0.5
  1
T-071
 11
118.125
 21
20.125
 31
0.0
100
AcDbText
  0
INSERT
  5
210
330
17
100
AcDbEntity
  8
GREEN_AI_TREES
100
AcDbBlockReference
 66
1
  2
GREEN_AI_TREE
 10
102.375
 20
36.125
 30
0.0
 41
5.0
 42
5.0
 43
5.0
  0
ATTRIB
  5
212
330
17
100
AcDbEntity
  8
0
 60
1
100
AcDbText
 10
108.125
 20
36.125
 30
0.0
 40
0.8999999999999999
  1
T-072
 11
108.125
 21
36.125
 31
0.0
100
AcDbAttribute
  2
ID
 70
0
  0
ATTRIB
  5
213
330
17
100
AcDbEntity
  8
0
 60
1
100
AcDbText
 10
108.125
 20
34.625
 30
0.0
 40
0.8999999999999999
  1
Дуб черешчатый
 11
108.125
 21
34.625
 31
0.0
100
AcDbAttribute
  2
PORODA
 70
0
  0
ATTRIB
  5
214
330
17
100
AcDbEntity
  8
0
 60
1
100
AcDbText
 10
108.125
 20
33.125
 30
0.0
 40
0.8999999999999999
  1
Существующее сохраняемое дерево (от ствола): норма 4.0 м, факт 6.6 м (Проектное допущение, смыкание крон, сохранение насаждений по ППМ № 743-ПП)
 11
108.125
 21
33.125
 31
0.0
100
AcDbAttribute
  2
NORMA
 70
0
  0
SEQEND
  5
211
330
210
100
AcDbEntity
  8
GREEN_AI_TREES
  0
TEXT
  5
215
330
17
100
AcDbEntity
  8
GREEN_AI_NOTES
100
AcDbText
 10
106.125
 20
39.875
 30
0.0
 40
0.5
  1
T-072
 11
106.125
 21
39.875
 31
0.0
100
AcDbText
  0
INSERT
  5
216
330
17
100
AcDbEntity
  8
GREEN_AI_TREES
100
AcDbBlockReference
 66
1
  2
GREEN_AI_TREE
 10
75.125
 20
39.375
 30
0.0
 41
3.0
 42
3.0
 43
3.0
  0
ATTRIB
  5
218
330
17
100
AcDbEntity
  8
0
 60
1
100
AcDbText
 10
78.575
 20
39.375
 30
0.0
 40
0.54
  1
T-073
 11
78.575
 21
39.375
 31
0.0
100
AcDbAttribute
  2
ID
 70
0
  0
ATTRIB
  5
219
330
17
100
AcDbEntity
  8
0
 60
1
100
AcDbText
 10
78.575
 20
38.475
 30
0.0
 40
0.54
  1
Берёза повислая
 11
78.575
 21
38.475
 31
0.0
100
AcDbAttribute
  2
PORODA
 70
0
  0
ATTRIB
  5
21A
330
17
100
AcDbEntity
  8
0
 60
1
100
AcDbText
 10
78.575
 20
37.575
 30
0.0
 40
0.54
  1
Канализация: норма 1.5 м, факт 5.0 м (СП 42.13330.2016, таблица 9.1; 743-ПП п. 3.6.3; 623-ПП п. 4.2.4)
 11
78.575
 21
37.575
 31
0.0
100
AcDbAttribute
  2
NORMA
 70
0
  0
SEQEND
  5
217
330
216
100
AcDbEntity
  8
GREEN_AI_TREES
  0
TEXT
  5
21B
330
17
100
AcDbEntity
  8
GREEN_AI_NOTES
100
AcDbText
 10
77.375
 20
41.625
 30
0.0
 40
0.5
  1
T-073
 11
77.375
 21
41.625
 31
0.0
100
AcDbText
  0
INSERT
  5
21C
330
17
100
AcDbEntity
  8
GREEN_AI_TREES
100
AcDbBlockReference
 66
1
  2
GREEN_AI_TREE
 10
83.875
 20
40.125
 30
0.0
 41
3.0
 42
3.0
 43
3.0
  0
ATTRIB
  5
21E
330
17
100
AcDbEntity
  8
0
 60
1
100
AcDbText
 10
87.325
 20
40.125
 30
0.0
 40
0.54
  1
T-074
 11
87.325
 21
40.125
 31
0.0
100
AcDbAttribute
  2
ID
 70
0
  0
ATTRIB
  5
21F
330
17
100
AcDbEntity
  8
0
 60
1
100
AcDbText
 10
87.325
 20
39.225
 30
0.0
 40
0.54
  1
Сосна обыкновенная
 11
87.325
 21
39.225
 31
0.0
100
AcDbAttribute
  2
PORODA
 70
0
  0
ATTRIB
  5
220
330
17
100
AcDbEntity
  8
0
 60
1
100
AcDbText
 10
87.325
 20
38.325
 30
0.0
 40
0.54
  1
Канализация: норма 1.5 м, факт 3.75 м (СП 42.13330.2016, таблица 9.1; 743-ПП п. 3.6.3; 623-ПП п. 4.2.4)
 11
87.325
 21
38.325
 31
0.0
100
AcDbAttribute
  2
NORMA
 70
0
  0
SEQEND
  5
21D
330
21C
100
AcDbEntity
  8
GREEN_AI_TREES
  0
TEXT
  5
221
330
17
100
AcDbEntity
  8
GREEN_AI_NOTES
100
AcDbText
 10
86.125
 20
42.375
 30
0.0
 40
0.5
  1
T-074
 11
86.125
 21
42.375
 31
0.0
100
AcDbText
  0
INSERT
  5
222
330
17
100
AcDbEntity
  8
GREEN_AI_TREES
100
AcDbBlockReference
 66
1
  2
GREEN_AI_TREE
 10
83.375
 20
52.875
 30
0.0
 41
3.0
 42
3.0
 43
3.0
  0
ATTRIB
  5
224
330
17
100
AcDbEntity
  8
0
 60
1
100
AcDbText
 10
86.825
 20
52.875
 30
0.0
 40
0.54
  1
T-075
 11
86.825
 21
52.875
 31
0.0
100
AcDbAttribute
  2
ID
 70
0
  0
ATTRIB
  5
225
330
17
100
AcDbEntity
  8
0
 60
1
100
AcDbText
 10
86.825
 20
51.975
 30
0.0
 40
0.54
  1
Лиственница сибирская
 11
86.825
 21
51.975
 31
0.0
100
AcDbAttribute
  2
PORODA
 70
0
  0
ATTRIB
  5
226
330
17
100
AcDbEntity
  8
0
 60
1
100
AcDbText
 10
86.825
 20
51.075
 30
0.0
 40
0.54
  1
Канализация: норма 1.5 м, факт 3.25 м (СП 42.13330.2016, таблица 9.1; 743-ПП п. 3.6.3; 623-ПП п. 4.2.4)
 11
86.825
 21
51.075
 31
0.0
100
AcDbAttribute
  2
NORMA
 70
0
  0
SEQEND
  5
223
330
222
100
AcDbEntity
  8
GREEN_AI_TREES
  0
TEXT
  5
227
330
17
100
AcDbEntity
  8
GREEN_AI_NOTES
100
AcDbText
 10
85.625
 20
55.125
 30
0.0
 40
0.5
  1
T-075
 11
85.625
 21
55.125
 31
0.0
100
AcDbText
  0
INSERT
  5
228
330
17
100
AcDbEntity
  8
GREEN_AI_TREES
100
AcDbBlockReference
 66
1
  2
GREEN_AI_TREE
 10
113.875
 20
40.125
 30
0.0
 41
4.5
 42
4.5
 43
4.5
  0
ATTRIB
  5
22A
330
17
100
AcDbEntity
  8
0
 60
1
100
AcDbText
 10
119.05
 20
40.125
 30
0.0
 40
0.8099999999999999
  1
T-076
 11
119.05
 21
40.125
 31
0.0
100
AcDbAttribute
  2
ID
 70
0
  0
ATTRIB
  5
22B
330
17
100
AcDbEntity
  8
0
 60
1
100
AcDbText
 10
119.05
 20
38.775
 30
0.0
 40
0.8099999999999999
  1
Каштан конский
 11
119.05
 21
38.775
 31
0.0
100
AcDbAttribute
  2
PORODA
 70
0
  0
ATTRIB
  5
22C
330
17
100
AcDbEntity
  8
0
 60
1
100
AcDbText
 10
119.05
 20
37.425
 30
0.0
 40
0.8099999999999999
  1
Водопровод, дренаж: норма 2.0 м, факт 10.0 м (СП 42.13330.2016, таблица 9.1; 743-ПП п. 3.6.3; 623-ПП п. 4.2.4)
 11
119.05
 21
37.425
 31
0.0
100
AcDbAttribute
  2
NORMA
 70
0
  0
SEQEND
  5
229
330
228
100
AcDbEntity
  8
GREEN_AI_TREES
  0
TEXT
  5
22D
330
17
100
AcDbEntity
  8
GREEN_AI_NOTES
100
AcDbText
 10
117.25
 20
43.5
 30
0.0
 40
0.5
  1
T-076
 11
117.25
 21
43.5
 31
0.0
100
AcDbText
  0
INSERT
  5
22E
330
17
100
AcDbEntity
  8
GREEN_AI_TREES
100
AcDbBlockReference
 66
1
  2
GREEN_AI_TREE
 10
92.375
 20
40.625
 30
0.0
 41
3.0
 42
3.0
 43
3.0
  0
ATTRIB
  5
230
330
17
100
AcDbEntity
  8
0
 60
1
100
AcDbText
 10
95.825
 20
40.625
 30
0.0
 40
0.54
  1
T-077
 11
95.825
 21
40.625
 31
0.0
100
AcDbAttribute
  2
ID
 70
0
  0
ATTRIB
  5
231
330
17
100
AcDbEntity
  8
0
 60
1
100
AcDbText
 10
95.825
 20
39.725
 30
0.0
 40
0.54
  1
Лещина древовидная
 11
95.825
 21
39.725
 31
0.0
100
AcDbAttribute
  2
PORODA
 70
0
  0
ATTRIB
  5
232
330
17
100
AcDbEntity
  8
0
 60
1
100
AcDbText
 10
95.825
 20
38.825
 30
0.0
 40
0.54
  1
Существующее сохраняемое дерево (от ствола): норма 4.0 м, факт 5.27 м (Проектное допущение, смыкание крон, сохранение насаждений по ППМ № 743-ПП)
 11
95.825
 21
38.825
 31
0.0
100
AcDbAttribute
  2
NORMA
 70
0
  0
SEQEND
  5
22F
330
22E
100
AcDbEntity
  8
GREEN_AI_TREES
  0
TEXT
  5
233
330
17
100
AcDbEntity
  8
GREEN_AI_NOTES
100
AcDbText
 10
94.625
 20
42.875
 30
0.0
 40
0.5
  1
T-077
 11
94.625
 21
42.875
 31
0.0
100
AcDbText
  0
INSERT
  5
234
330
17
100
AcDbEntity
  8
GREEN_AI_TREES
100
AcDbBlockReference
 66
1
  2
GREEN_AI_TREE
 10
92.875
 20
52.125
 30
0.0
 41
4.0
 42
4.0
 43
4.0
  0
ATTRIB
  5
236
330
17
100
AcDbEntity
  8
0
 60
1
100
AcDbText
 10
97.475
 20
52.125
 30
0.0
 40
0.72
  1
T-078
 11
97.475
 21
52.125
 31
0.0
100
AcDbAttribute
  2
ID
 70
0
  0
ATTRIB
  5
237
330
17
100
AcDbEntity
  8
0
 60
1
100
AcDbText
 10
97.475
 20
50.925
 30
0.0
 40
0.72
  1
Липа мелколистная
 11
97.475
 21
50.925
 31
0.0
100
AcDbAttribute
  2
PORODA
 70
0
  0
ATTRIB
  5
238
330
17
100
AcDbEntity
  8
0
 60
1
100
AcDbText
 10
97.475
 20
49.725
 30
0.0
 40
0.72
  1
Существующее сохраняемое дерево (от ствола): норма 4.0 м, факт 7.35 м (Проектное допущение, смыкание крон, сохранение насаждений по ППМ № 743-ПП)
 11
97.475
 21
49.725
 31
0.0
100
AcDbAttribute
  2
NORMA
 70
0
  0
SEQEND
  5
235
330
234
100
AcDbEntity
  8
GREEN_AI_TREES
  0
TEXT
  5
239
330
17
100
AcDbEntity
  8
GREEN_AI_NOTES
100
AcDbText
 10
95.875
 20
55.125
 30
0.0
 40
0.5
  1
T-078
 11
95.875
 21
55.125
 31
0.0
100
AcDbText
  0
INSERT
  5
23A
330
17
100
AcDbEntity
  8
GREEN_AI_TREES
100
AcDbBlockReference
 66
1
  2
GREEN_AI_TREE
 10
63.125
 20
49.375
 30
0.0
 41
5.0
 42
5.0
 43
5.0
  0
ATTRIB
  5
23C
330
17
100
AcDbEntity
  8
0
 60
1
100
AcDbText
 10
68.875
 20
49.375
 30
0.0
 40
0.8999999999999999
  1
T-079
 11
68.875
 21
49.375
 31
0.0
100
AcDbAttribute
  2
ID
 70
0
  0
ATTRIB
  5
23D
330
17
100
AcDbEntity
  8
0
 60
1
100
AcDbText
 10
68.875
 20
47.875
 30
0.0
 40
0.8999999999999999
  1
Дуб черешчатый
 11
68.875
 21
47.875
 31
0.0
100
AcDbAttribute
  2
PORODA
 70
0
  0
ATTRIB
  5
23E
330
17
100
AcDbEntity
  8
0
 60
1
100
AcDbText
 10
68.875
 20
46.375
 30
0.0
 40
0.8999999999999999
  1
Существующее сохраняемое дерево (от ствола): норма 4.0 м, факт 5.06 м (Проектное допущение, смыкание крон, сохранение насаждений по ППМ № 743-ПП)
 11
68.875
 21
46.375
 31
0.0
100
AcDbAttribute
  2
NORMA
 70
0
  0
SEQEND
  5
23B
330
23A
100
AcDbEntity
  8
GREEN_AI_TREES
  0
TEXT
  5
23F
330
17
100
AcDbEntity
  8
GREEN_AI_NOTES
100
AcDbText
 10
66.875
 20
53.125
 30
0.0
 40
0.5
  1
T-079
 11
66.875
 21
53.125
 31
0.0
100
AcDbText
  0
INSERT
  5
240
330
17
100
AcDbEntity
  8
GREEN_AI_SHRUBS
100
AcDbBlockReference
 66
1
  2
GREEN_AI_SHRUB
 10
0.375
 20
6.125
 30
0.0
 41
0.4
 42
0.4
 43
0.4
  0
ATTRIB
  5
242
330
17
100
AcDbEntity
  8
0
 60
1
100
AcDbText
 10
0.835
 20
6.125
 30
0.0
 40
0.072
  1
S-0001
 11
0.835
 21
6.125
 31
0.0
100
AcDbAttribute
  2
ID
 70
0
  0
ATTRIB
  5
243
330
17
100
AcDbEntity
  8
0
 60
1
100
AcDbText
 10
0.835
 20
6.125
 30
0.0
 40
0.072
  1
Спирея серая 'Grefsheim'
 11
0.835
 21
6.125
 31
0.0
100
AcDbAttribute
  2
PORODA
 70
0
  0
ATTRIB
  5
244
330
17
100
AcDbEntity
  8
0
 60
1
100
AcDbText
 10
0.835
 20
6.125
 30
0.0
 40
0.072
  1
Край проезжей части, кромка укреплённой полосы обочины: норма 1.0 м, факт 2.0 м (СП 42.13330.2016, таблица 9.1; 743-ПП п. 3.6.3; 623-ПП п. 4.2.4)
 11
0.835
 21
6.125
 31
0.0
100
AcDbAttribute
  2
NORMA
 70
0
  0
SEQEND
  5
241
330
240
100
AcDbEntity
  8
GREEN_AI_SHRUBS
  0
INSERT
  5
245
330
17
100
AcDbEntity
  8
GREEN_AI_SHRUBS
100
AcDbBlockReference
 66
1
  2
GREEN_AI_SHRUB
 10
1.625
 20
6.125
 30
0.0
 41
0.4
 42
0.4
 43
0.4
  0
ATTRIB
  5
247
330
17
100
AcDbEntity
  8
0
 60
1
100
AcDbText
 10
2.085
 20
6.125
 30
0.0
 40
0.072
  1
S-0002
 11
2.085
 21
6.125
 31
0.0
100
AcDbAttribute
  2
ID
 70
0
  0
ATTRIB
  5
248
330
17
100
AcDbEntity
  8
0
 60
1
100
AcDbText
 10
2.085
 20
6.125
 30
0.0
 40
0.072
  1
Спирея серая 'Grefsheim'
 11
2.085
 21
6.125
 31
0.0
100
AcDbAttribute
  2
PORODA
 70
0
  0
ATTRIB
  5
249
330
17
100
AcDbEntity
  8
0
 60
1
100
AcDbText
 10
2.085
 20
6.125
 30
0.0
 40
0.072
  1
Край проезжей части, кромка укреплённой полосы обочины: норма 1.0 м, факт 2.0 м (СП 42.13330.2016, таблица 9.1; 743-ПП п. 3.6.3; 623-ПП п. 4.2.4)
 11
2.085
 21
6.125
 31
0.0
100
AcDbAttribute
  2
NORMA
 70
0
  0
SEQEND
  5
246
330
245
100
AcDbEntity
  8
GREEN_AI_SHRUBS
  0
INSERT
  5
24A
330
17
100
AcDbEntity
  8
GREEN_AI_SHRUBS
100
AcDbBlockReference
 66
1
  2
GREEN_AI_SHRUB
 10
2.875
 20
6.125
 30
0.0
 41
0.4
 42
0.4
 43
0.4
  0
ATTRIB
  5
24C
330
17
100
AcDbEntity
  8
0
 60
1
100
AcDbText
 10
3.335
 20
6.125
 30
0.0
 40
0.072
  1
S-0003
 11
3.335
 21
6.125
 31
0.0
100
AcDbAttribute
  2
ID
 70
0
  0
ATTRIB
  5
24D
330
17
100
AcDbEntity
  8
0
 60
1
100
AcDbText
 10
3.335
 20
6.125
 30
0.0
 40
0.072
  1
Спирея серая 'Grefsheim'
 11
3.335
 21
6.125
 31
0.0
100
AcDbAttribute
  2
PORODA
 70
0
  0
ATTRIB
  5
24E
330
17
100
AcDbEntity
  8
0
 60
1
100
AcDbText
 10
3.335
 20
6.125
 30
0.0
 40
0.072
  1
Край проезжей части, кромка укреплённой полосы обочины: норма 1.0 м, факт 2.0 м (СП 42.13330.2016, таблица 9.1; 743-ПП п. 3.6.3; 623-ПП п. 4.2.4)
 11
3.335
 21
6.125
 31
0.0
100
AcDbAttribute
  2
NORMA
 70
0
  0
SEQEND
  5
24B
330
24A
100
AcDbEntity
  8
GREEN_AI_SHRUBS
  0
INSERT
  5
24F
330
17
100
AcDbEntity
  8
GREEN_AI_SHRUBS
100
AcDbBlockReference
 66
1
  2
GREEN_AI_SHRUB
 10
4.125
 20
6.125
 30
0.0
 41
0.4
 42
0.4
 43
0.4
  0
ATTRIB
  5
251
330
17
100
AcDbEntity
  8
0
 60
1
100
AcDbText
 10
4.585
 20
6.125
 30
0.0
 40
0.072
  1
S-0004
 11
4.585
 21
6.125
 31
0.0
100
AcDbAttribute
  2
ID
 70
0
  0
ATTRIB
  5
252
330
17
100
AcDbEntity
  8
0
 60
1
100
AcDbText
 10
4.585
 20
6.125
 30
0.0
 40
0.072
  1
Спирея серая 'Grefsheim'
 11
4.585
 21
6.125
 31
0.0
100
AcDbAttribute
  2
PORODA
 70
0
  0
ATTRIB
  5
253
330
17
100
AcDbEntity
  8
0
 60
1
100
AcDbText
 10
4.585
 20
6.125
 30
0.0
 40
0.072
  1
Край проезжей части, кромка укреплённой полосы обочины: норма 1.0 м, факт 2.0 м (СП 42.13330.2016, таблица 9.1; 743-ПП п. 3.6.3; 623-ПП п. 4.2.4)
 11
4.585
 21
6.125
 31
0.0
100
AcDbAttribute
  2
NORMA
 70
0
  0
SEQEND
  5
250
330
24F
100
AcDbEntity
  8
GREEN_AI_SHRUBS
  0
INSERT
  5
254
330
17
100
AcDbEntity
  8
GREEN_AI_SHRUBS
100
AcDbBlockReference
 66
1
  2
GREEN_AI_SHRUB
 10
5.375
 20
6.125
 30
0.0
 41
0.4
 42
0.4
 43
0.4
  0
ATTRIB
  5
256
330
17
100
AcDbEntity
  8
0
 60
1
100
AcDbText
 10
5.835
 20
6.125
 30
0.0
 40
0.072
  1
S-0005
 11
5.835
 21
6.125
 31
0.0
100
AcDbAttribute
  2
ID
 70
0
  0
ATTRIB
  5
257
330
17
100
AcDbEntity
  8
0
 60
1
100
AcDbText
 10
5.835
 20
6.125
 30
0.0
 40
0.072
  1
Спирея серая 'Grefsheim'
 11
5.835
 21
6.125
 31
0.0
100
AcDbAttribute
  2
PORODA
 70
0
  0
ATTRIB
  5
258
330
17
100
AcDbEntity
  8
0
 60
1
100
AcDbText
 10
5.835
 20
6.125
 30
0.0
 40
0.072
  1
Край проезжей части, кромка укреплённой полосы обочины: норма 1.0 м, факт 2.0 м (СП 42.13330.2016, таблица 9.1; 743-ПП п. 3.6.3; 623-ПП п. 4.2.4)
 11
5.835
 21
6.125
 31
0.0
100
AcDbAttribute
  2
NORMA
 70
0
  0
SEQEND
  5
255
330
254
100
AcDbEntity
  8
GREEN_AI_SHRUBS
  0
INSERT
  5
259
330
17
100
AcDbEntity
  8
GREEN_AI_SHRUBS
100
AcDbBlockReference
 66
1
  2
GREEN_AI_SHRUB
 10
6.625
 20
6.125
 30
0.0
 41
0.4
 42
0.4
 43
0.4
  0
ATTRIB
  5
25B
330
17
100
AcDbEntity
  8
0
 60
1
100
AcDbText
 10
7.085
 20
6.125
 30
0.0
 40
0.072
  1
S-0006
 11
7.085
 21
6.125
 31
0.0
100
AcDbAttribute
  2
ID
 70
0
  0
ATTRIB
  5
25C
330
17
100
AcDbEntity
  8
0
 60
1
100
AcDbText
 10
7.085
 20
6.125
 30
0.0
 40
0.072
  1
Спирея серая 'Grefsheim'
 11
7.085
 21
6.125
 31
0.0
100
AcDbAttribute
  2
PORODA
 70
0
  0
ATTRIB
  5
25D
330
17
100
AcDbEntity
  8
0
 60
1
100
AcDbText
 10
7.085
 20
6.125
 30
0.0
 40
0.072
  1
Край проезжей части, кромка укреплённой полосы обочины: норма 1.0 м, факт 2.0 м (СП 42.13330.2016, таблица 9.1; 743-ПП п. 3.6.3; 623-ПП п. 4.2.4)
 11
7.085
 21
6.125
 31
0.0
100
AcDbAttribute
  2
NORMA
 70
0
  0
SEQEND
  5
25A
330
259
100
AcDbEntity
  8
GREEN_AI_SHRUBS
  0
INSERT
  5
25E
330
17
100
AcDbEntity
  8
GREEN_AI_SHRUBS
100
AcDbBlockReference
 66
1
  2
GREEN_AI_SHRUB
 10
7.875
 20
6.125
 30
0.0
 41
0.4
 42
0.4
 43
0.4
  0
ATTRIB
  5
260
330
17
100
AcDbEntity
  8
0
 60
1
100
AcDbText
 10
8.335
 20
6.125
 30
0.0
 40
0.072
  1
S-0007
 11
8.335
 21
6.125
 31
0.0
100
AcDbAttribute
  2
ID
 70
0
  0
ATTRIB
  5
261
330
17
100
AcDbEntity
  8
0
 60
1
100
AcDbText
 10
8.335
 20
6.125
 30
0.0
 40
0.072
  1
Спирея серая 'Grefsheim'
 11
8.335
 21
6.125
 31
0.0
100
AcDbAttribute
  2
PORODA
 70
0
  0
ATTRIB
  5
262
330
17
100
AcDbEntity
  8
0
 60
1
100
AcDbText
 10
8.335
 20
6.125
 30
0.0
 40
0.072
  1
Край проезжей части, кромка укреплённой полосы обочины: норма 1.0 м, факт 2.0 м (СП 42.13330.2016, таблица 9.1; 743-ПП п. 3.6.3; 623-ПП п. 4.2.4)
 11
8.335
 21
6.125
 31
0.0
100
AcDbAttribute
  2
NORMA
 70
0
  0
SEQEND
  5
25F
330
25E
100
AcDbEntity
  8
GREEN_AI_SHRUBS
  0
INSERT
  5
263
330
17
100
AcDbEntity
  8
GREEN_AI_SHRUBS
100
AcDbBlockReference
 66
1
  2
GREEN_AI_SHRUB
 10
9.125
 20
6.125
 30
0.0
 41
0.4
 42
0.4
 43
0.4
  0
ATTRIB
  5
265
330
17
100
AcDbEntity
  8
0
 60
1
100
AcDbText
 10
9.585
 20
6.125
 30
0.0
 40
0.072
  1
S-0008
 11
9.585
 21
6.125
 31
0.0
100
AcDbAttribute
  2
ID
 70
0
  0
ATTRIB
  5
266
330
17
100
AcDbEntity
  8
0
 60
1
100
AcDbText
 10
9.585
 20
6.125
 30
0.0
 40
0.072
  1
Спирея серая 'Grefsheim'
 11
9.585
 21
6.125
 31
0.0
100
AcDbAttribute
  2
PORODA
 70
0
  0
ATTRIB
  5
267
330
17
100
AcDbEntity
  8
0
 60
1
100
AcDbText
 10
9.585
 20
6.125
 30
0.0
 40
0.072
  1
Край проезжей части, кромка укреплённой полосы обочины: норма 1.0 м, факт 2.0 м (СП 42.13330.2016, таблица 9.1; 743-ПП п. 3.6.3; 623-ПП п. 4.2.4)
 11
9.585
 21
6.125
 31
0.0
100
AcDbAttribute
  2
NORMA
 70
0
  0
SEQEND
  5
264
330
263
100
AcDbEntity
  8
GREEN_AI_SHRUBS
  0
INSERT
  5
268
330
17
100
AcDbEntity
  8
GREEN_AI_SHRUBS
100
AcDbBlockReference
 66
1
  2
GREEN_AI_SHRUB
 10
10.375
 20
6.125
 30
0.0
 41
0.4
 42
0.4
 43
0.4
  0
ATTRIB
  5
26A
330
17
100
AcDbEntity
  8
0
 60
1
100
AcDbText
 10
10.835
 20
6.125
 30
0.0
 40
0.072
  1
S-0009
 11
10.835
 21
6.125
 31
0.0
100
AcDbAttribute
  2
ID
 70
0
  0
ATTRIB
  5
26B
330
17
100
AcDbEntity
  8
0
 60
1
100
AcDbText
 10
10.835
 20
6.125
 30
0.0
 40
0.072
  1
Спирея серая 'Grefsheim'
 11
10.835
 21
6.125
 31
0.0
100
AcDbAttribute
  2
PORODA
 70
0
  0
ATTRIB
  5
26C
330
17
100
AcDbEntity
  8
0
 60
1
100
AcDbText
 10
10.835
 20
6.125
 30
0.0
 40
0.072
  1
Край проезжей части, кромка укреплённой полосы обочины: норма 1.0 м, факт 2.0 м (СП 42.13330.2016, таблица 9.1; 743-ПП п. 3.6.3; 623-ПП п. 4.2.4)
 11
10.835
 21
6.125
 31
0.0
100
AcDbAttribute
  2
NORMA
 70
0
  0
SEQEND
  5
269
330
268
100
AcDbEntity
  8
GREEN_AI_SHRUBS
  0
INSERT
  5
26D
330
17
100
AcDbEntity
  8
GREEN_AI_SHRUBS
100
AcDbBlockReference
 66
1
  2
GREEN_AI_SHRUB
 10
11.625
 20
6.125
 30
0.0
 41
0.4
 42
0.4
 43
0.4
  0
ATTRIB
  5
26F
330
17
100
AcDbEntity
  8
0
 60
1
100
AcDbText
 10
12.085
 20
6.125
 30
0.0
 40
0.072
  1
S-0010
 11
12.085
 21
6.125
 31
0.0
100
AcDbAttribute
  2
ID
 70
0
  0
ATTRIB
  5
270
330
17
100
AcDbEntity
  8
0
 60
1
100
AcDbText
 10
12.085
 20
6.125
 30
0.0
 40
0.072
  1
Спирея серая 'Grefsheim'
 11
12.085
 21
6.125
 31
0.0
100
AcDbAttribute
  2
PORODA
 70
0
  0
ATTRIB
  5
271
330
17
100
AcDbEntity
  8
0
 60
1
100
AcDbText
 10
12.085
 20
6.125
 30
0.0
 40
0.072
  1
Край проезжей части, кромка укреплённой полосы обочины: норма 1.0 м, факт 2.0 м (СП 42.13330.2016, таблица 9.1; 743-ПП п. 3.6.3; 623-ПП п. 4.2.4)
 11
12.085
 21
6.125
 31
0.0
100
AcDbAttribute
  2
NORMA
 70
0
  0
SEQEND
  5
26E
330
26D
100
AcDbEntity
  8
GREEN_AI_SHRUBS
  0
INSERT
  5
272
330
17
100
AcDbEntity
  8
GREEN_AI_SHRUBS
100
AcDbBlockReference
 66
1
  2
GREEN_AI_SHRUB
 10
12.875
 20
6.125
 30
0.0
 41
0.4
 42
0.4
 43
0.4
  0
ATTRIB
  5
274
330
17
100
AcDbEntity
  8
0
 60
1
100
AcDbText
 10
13.335
 20
6.125
 30
0.0
 40
0.072
  1
S-0011
 11
13.335
 21
6.125
 31
0.0
100
AcDbAttribute
  2
ID
 70
0
  0
ATTRIB
  5
275
330
17
100
AcDbEntity
  8
0
 60
1
100
AcDbText
 10
13.335
 20
6.125
 30
0.0
 40
0.072
  1
Спирея серая 'Grefsheim'
 11
13.335
 21
6.125
 31
0.0
100
AcDbAttribute
  2
PORODA
 70
0
  0
ATTRIB
  5
276
330
17
100
AcDbEntity
  8
0
 60
1
100
AcDbText
 10
13.335
 20
6.125
 30
0.0
 40
0.072
  1
Край проезжей части, кромка укреплённой полосы обочины: норма 1.0 м, факт 2.0 м (СП 42.13330.2016, таблица 9.1; 743-ПП п. 3.6.3; 623-ПП п. 4.2.4)
 11
13.335
 21
6.125
 31
0.0
100
AcDbAttribute
  2
NORMA
 70
0
  0
SEQEND
  5
273
330
272
100
AcDbEntity
  8
GREEN_AI_SHRUBS
  0
INSERT
  5
277
330
17
100
AcDbEntity
  8
GREEN_AI_SHRUBS
100
AcDbBlockReference
 66
1
  2
GREEN_AI_SHRUB
 10
14.125
 20
6.125
 30
0.0
 41
0.4
 42
0.4
 43
0.4
  0
ATTRIB
  5
279
330
17
100
AcDbEntity
  8
0
 60
1
100
AcDbText
 10
14.585
 20
6.125
 30
0.0
 40
0.072
  1
S-0012
 11
14.585
 21
6.125
 31
0.0
100
AcDbAttribute
  2
ID
 70
0
  0
ATTRIB
  5
27A
330
17
100
AcDbEntity
  8
0
 60
1
100
AcDbText
 10
14.585
 20
6.125
 30
0.0
 40
0.072
  1
Спирея серая 'Grefsheim'
 11
14.585
 21
6.125
 31
0.0
100
AcDbAttribute
  2
PORODA
 70
0
  0
ATTRIB
  5
27B
330
17
100
AcDbEntity
  8
0
 60
1
100
AcDbText
 10
14.585
 20
6.125
 30
0.0
 40
0.072
  1
Край проезжей части, кромка укреплённой полосы обочины: норма 1.0 м, факт 2.0 м (СП 42.13330.2016, таблица 9.1; 743-ПП п. 3.6.3; 623-ПП п. 4.2.4)
 11
14.585
 21
6.125
 31
0.0
100
AcDbAttribute
  2
NORMA
 70
0
  0
SEQEND
  5
278
330
277
100
AcDbEntity
  8
GREEN_AI_SHRUBS
  0
INSERT
  5
27C
330
17
100
AcDbEntity
  8
GREEN_AI_SHRUBS
100
AcDbBlockReference
 66
1
  2
GREEN_AI_SHRUB
 10
15.375
 20
6.125
 30
0.0
 41
0.4
 42
0.4
 43
0.4
  0
ATTRIB
  5
27E
330
17
100
AcDbEntity
  8
0
 60
1
100
AcDbText
 10
15.835
 20
6.125
 30
0.0
 40
0.072
  1
S-0013
 11
15.835
 21
6.125
 31
0.0
100
AcDbAttribute
  2
ID
 70
0
  0
ATTRIB
  5
27F
330
17
100
AcDbEntity
  8
0
 60
1
100
AcDbText
 10
15.835
 20
6.125
 30
0.0
 40
0.072
  1
Спирея серая 'Grefsheim'
 11
15.835
 21
6.125
 31
0.0
100
AcDbAttribute
  2
PORODA
 70
0
  0
ATTRIB
  5
280
330
17
100
AcDbEntity
  8
0
 60
1
100
AcDbText
 10
15.835
 20
6.125
 30
0.0
 40
0.072
  1
Край проезжей части, кромка укреплённой полосы обочины: норма 1.0 м, факт 2.0 м (СП 42.13330.2016, таблица 9.1; 743-ПП п. 3.6.3; 623-ПП п. 4.2.4)
 11
15.835
 21
6.125
 31
0.0
100
AcDbAttribute
  2
NORMA
 70
0
  0
SEQEND
  5
27D
330
27C
100
AcDbEntity
  8
GREEN_AI_SHRUBS
  0
INSERT
  5
281
330
17
100
AcDbEntity
  8
GREEN_AI_SHRUBS
100
AcDbBlockReference
 66
1
  2
GREEN_AI_SHRUB
 10
16.625
 20
6.125
 30
0.0
 41
0.4
 42
0.4
 43
0.4
  0
ATTRIB
  5
283
330
17
100
AcDbEntity
  8
0
 60
1
100
AcDbText
 10
17.085
 20
6.125
 30
0.0
 40
0.072
  1
S-0014
 11
17.085
 21
6.125
 31
0.0
100
AcDbAttribute
  2
ID
 70
0
  0
ATTRIB
  5
284
330
17
100
AcDbEntity
  8
0
 60
1
100
AcDbText
 10
17.085
 20
6.125
 30
0.0
 40
0.072
  1
Спирея серая 'Grefsheim'
 11
17.085
 21
6.125
 31
0.0
100
AcDbAttribute
  2
PORODA
 70
0
  0
ATTRIB
  5
285
330
17
100
AcDbEntity
  8
0
 60
1
100
AcDbText
 10
17.085
 20
6.125
 30
0.0
 40
0.072
  1
Край проезжей части, кромка укреплённой полосы обочины: норма 1.0 м, факт 2.0 м (СП 42.13330.2016, таблица 9.1; 743-ПП п. 3.6.3; 623-ПП п. 4.2.4)
 11
17.085
 21
6.125
 31
0.0
100
AcDbAttribute
  2
NORMA
 70
0
  0
SEQEND
  5
282
330
281
100
AcDbEntity
  8
GREEN_AI_SHRUBS
  0
INSERT
  5
286
330
17
100
AcDbEntity
  8
GREEN_AI_SHRUBS
100
AcDbBlockReference
 66
1
  2
GREEN_AI_SHRUB
 10
17.875
 20
6.125
 30
0.0
 41
0.4
 42
0.4
 43
0.4
  0
ATTRIB
  5
288
330
17
100
AcDbEntity
  8
0
 60
1
100
AcDbText
 10
18.335
 20
6.125
 30
0.0
 40
0.072
  1
S-0015
 11
18.335
 21
6.125
 31
0.0
100
AcDbAttribute
  2
ID
 70
0
  0
ATTRIB
  5
289
330
17
100
AcDbEntity
  8
0
 60
1
100
AcDbText
 10
18.335
 20
6.125
 30
0.0
 40
0.072
  1
Спирея серая 'Grefsheim'
 11
18.335
 21
6.125
 31
0.0
100
AcDbAttribute
  2
PORODA
 70
0
  0
ATTRIB
  5
28A
330
17
100
AcDbEntity
  8
0
 60
1
100
AcDbText
 10
18.335
 20
6.125
 30
0.0
 40
0.072
  1
Край проезжей части, кромка укреплённой полосы обочины: норма 1.0 м, факт 2.0 м (СП 42.13330.2016, таблица 9.1; 743-ПП п. 3.6.3; 623-ПП п. 4.2.4)
 11
18.335
 21
6.125
 31
0.0
100
AcDbAttribute
  2
NORMA
 70
0
  0
SEQEND
  5
287
330
286
100
AcDbEntity
  8
GREEN_AI_SHRUBS
  0
INSERT
  5
28B
330
17
100
AcDbEntity
  8
GREEN_AI_SHRUBS
100
AcDbBlockReference
 66
1
  2
GREEN_AI_SHRUB
 10
19.125
 20
6.125
 30
0.0
 41
0.4
 42
0.4
 43
0.4
  0
ATTRIB
  5
28D
330
17
100
AcDbEntity
  8
0
 60
1
100
AcDbText
 10
19.585
 20
6.125
 30
0.0
 40
0.072
  1
S-0016
 11
19.585
 21
6.125
 31
0.0
100
AcDbAttribute
  2
ID
 70
0
  0
ATTRIB
  5
28E
330
17
100
AcDbEntity
  8
0
 60
1
100
AcDbText
 10
19.585
 20
6.125
 30
0.0
 40
0.072
  1
Спирея серая 'Grefsheim'
 11
19.585
 21
6.125
 31
0.0
100
AcDbAttribute
  2
PORODA
 70
0
  0
ATTRIB
  5
28F
330
17
100
AcDbEntity
  8
0
 60
1
100
AcDbText
 10
19.585
 20
6.125
 30
0.0
 40
0.072
  1
Край проезжей части, кромка укреплённой полосы обочины: норма 1.0 м, факт 2.0 м (СП 42.13330.2016, таблица 9.1; 743-ПП п. 3.6.3; 623-ПП п. 4.2.4)
 11
19.585
 21
6.125
 31
0.0
100
AcDbAttribute
  2
NORMA
 70
0
  0
SEQEND
  5
28C
330
28B
100
AcDbEntity
  8
GREEN_AI_SHRUBS
  0
INSERT
  5
290
330
17
100
AcDbEntity
  8
GREEN_AI_SHRUBS
100
AcDbBlockReference
 66
1
  2
GREEN_AI_SHRUB
 10
20.375
 20
6.125
 30
0.0
 41
0.4
 42
0.4
 43
0.4
  0
ATTRIB
  5
292
330
17
100
AcDbEntity
  8
0
 60
1
100
AcDbText
 10
20.835
 20
6.125
 30
0.0
 40
0.072
  1
S-0017
 11
20.835
 21
6.125
 31
0.0
100
AcDbAttribute
  2
ID
 70
0
  0
ATTRIB
  5
293
330
17
100
AcDbEntity
  8
0
 60
1
100
AcDbText
 10
20.835
 20
6.125
 30
0.0
 40
0.072
  1
Спирея серая 'Grefsheim'
 11
20.835
 21
6.125
 31
0.0
100
AcDbAttribute
  2
PORODA
 70
0
  0
ATTRIB
  5
294
330
17
100
AcDbEntity
  8
0
 60
1
100
AcDbText
 10
20.835
 20
6.125
 30
0.0
 40
0.072
  1
Край проезжей части, кромка укреплённой полосы обочины: норма 1.0 м, факт 2.0 м (СП 42.13330.2016, таблица 9.1; 743-ПП п. 3.6.3; 623-ПП п. 4.2.4)
 11
20.835
 21
6.125
 31
0.0
100
AcDbAttribute
  2
NORMA
 70
0
  0
SEQEND
  5
291
330
290
100
AcDbEntity
  8
GREEN_AI_SHRUBS
  0
INSERT
  5
295
330
17
100
AcDbEntity
  8
GREEN_AI_SHRUBS
100
AcDbBlockReference
 66
1
  2
GREEN_AI_SHRUB
 10
21.625
 20
6.125
 30
0.0
 41
0.4
 42
0.4
 43
0.4
  0
ATTRIB
  5
297
330
17
100
AcDbEntity
  8
0
 60
1
100
AcDbText
 10
22.085
 20
6.125
 30
0.0
 40
0.072
  1
S-0018
 11
22.085
 21
6.125
 31
0.0
100
AcDbAttribute
  2
ID
 70
0
  0
ATTRIB
  5
298
330
17
100
AcDbEntity
  8
0
 60
1
100
AcDbText
 10
22.085
 20
6.125
 30
0.0
 40
0.072
  1
Спирея серая 'Grefsheim'
 11
22.085
 21
6.125
 31
0.0
100
AcDbAttribute
  2
PORODA
 70
0
  0
ATTRIB
  5
299
330
17
100
AcDbEntity
  8
0
 60
1
100
AcDbText
 10
22.085
 20
6.125
 30
0.0
 40
0.072
  1
Край проезжей части, кромка укреплённой полосы обочины: норма 1.0 м, факт 2.0 м (СП 42.13330.2016, таблица 9.1; 743-ПП п. 3.6.3; 623-ПП п. 4.2.4)
 11
22.085
 21
6.125
 31
0.0
100
AcDbAttribute
  2
NORMA
 70
0
  0
SEQEND
  5
296
330
295
100
AcDbEntity
  8
GREEN_AI_SHRUBS
  0
INSERT
  5
29A
330
17
100
AcDbEntity
  8
GREEN_AI_SHRUBS
100
AcDbBlockReference
 66
1
  2
GREEN_AI_SHRUB
 10
22.875
 20
6.125
 30
0.0
 41
0.4
 42
0.4
 43
0.4
  0
ATTRIB
  5
29C
330
17
100
AcDbEntity
  8
0
 60
1
100
AcDbText
 10
23.335
 20
6.125
 30
0.0
 40
0.072
  1
S-0019
 11
23.335
 21
6.125
 31
0.0
100
AcDbAttribute
  2
ID
 70
0
  0
ATTRIB
  5
29D
330
17
100
AcDbEntity
  8
0
 60
1
100
AcDbText
 10
23.335
 20
6.125
 30
0.0
 40
0.072
  1
Спирея серая 'Grefsheim'
 11
23.335
 21
6.125
 31
0.0
100
AcDbAttribute
  2
PORODA
 70
0
  0
ATTRIB
  5
29E
330
17
100
AcDbEntity
  8
0
 60
1
100
AcDbText
 10
23.335
 20
6.125
 30
0.0
 40
0.072
  1
Край проезжей части, кромка укреплённой полосы обочины: норма 1.0 м, факт 2.0 м (СП 42.13330.2016, таблица 9.1; 743-ПП п. 3.6.3; 623-ПП п. 4.2.4)
 11
23.335
 21
6.125
 31
0.0
100
AcDbAttribute
  2
NORMA
 70
0
  0
SEQEND
  5
29B
330
29A
100
AcDbEntity
  8
GREEN_AI_SHRUBS
  0
INSERT
  5
29F
330
17
100
AcDbEntity
  8
GREEN_AI_SHRUBS
100
AcDbBlockReference
 66
1
  2
GREEN_AI_SHRUB
 10
24.125
 20
6.125
 30
0.0
 41
0.4
 42
0.4
 43
0.4
  0
ATTRIB
  5
2A1
330
17
100
AcDbEntity
  8
0
 60
1
100
AcDbText
 10
24.585
 20
6.125
 30
0.0
 40
0.072
  1
S-0020
 11
24.585
 21
6.125
 31
0.0
100
AcDbAttribute
  2
ID
 70
0
  0
ATTRIB
  5
2A2
330
17
100
AcDbEntity
  8
0
 60
1
100
AcDbText
 10
24.585
 20
6.125
 30
0.0
 40
0.072
  1
Спирея серая 'Grefsheim'
 11
24.585
 21
6.125
 31
0.0
100
AcDbAttribute
  2
PORODA
 70
0
  0
ATTRIB
  5
2A3
330
17
100
AcDbEntity
  8
0
 60
1
100
AcDbText
 10
24.585
 20
6.125
 30
0.0
 40
0.072
  1
Край проезжей части, кромка укреплённой полосы обочины: норма 1.0 м, факт 2.0 м (СП 42.13330.2016, таблица 9.1; 743-ПП п. 3.6.3; 623-ПП п. 4.2.4)
 11
24.585
 21
6.125
 31
0.0
100
AcDbAttribute
  2
NORMA
 70
0
  0
SEQEND
  5
2A0
330
29F
100
AcDbEntity
  8
GREEN_AI_SHRUBS
  0
INSERT
  5
2A4
330
17
100
AcDbEntity
  8
GREEN_AI_SHRUBS
100
AcDbBlockReference
 66
1
  2
GREEN_AI_SHRUB
 10
25.375
 20
6.125
 30
0.0
 41
0.4
 42
0.4
 43
0.4
  0
ATTRIB
  5
2A6
330
17
100
AcDbEntity
  8
0
 60
1
100
AcDbText
 10
25.835
 20
6.125
 30
0.0
 40
0.072
  1
S-0021
 11
25.835
 21
6.125
 31
0.0
100
AcDbAttribute
  2
ID
 70
0
  0
ATTRIB
  5
2A7
330
17
100
AcDbEntity
  8
0
 60
1
100
AcDbText
 10
25.835
 20
6.125
 30
0.0
 40
0.072
  1
Спирея серая 'Grefsheim'
 11
25.835
 21
6.125
 31
0.0
100
AcDbAttribute
  2
PORODA
 70
0
  0
ATTRIB
  5
2A8
330
17
100
AcDbEntity
  8
0
 60
1
100
AcDbText
 10
25.835
 20
6.125
 30
0.0
 40
0.072
  1
Край проезжей части, кромка укреплённой полосы обочины: норма 1.0 м, факт 2.0 м (СП 42.13330.2016, таблица 9.1; 743-ПП п. 3.6.3; 623-ПП п. 4.2.4)
 11
25.835
 21
6.125
 31
0.0
100
AcDbAttribute
  2
NORMA
 70
0
  0
SEQEND
  5
2A5
330
2A4
100
AcDbEntity
  8
GREEN_AI_SHRUBS
  0
INSERT
  5
2A9
330
17
100
AcDbEntity
  8
GREEN_AI_SHRUBS
100
AcDbBlockReference
 66
1
  2
GREEN_AI_SHRUB
 10
26.625
 20
6.125
 30
0.0
 41
0.4
 42
0.4
 43
0.4
  0
ATTRIB
  5
2AB
330
17
100
AcDbEntity
  8
0
 60
1
100
AcDbText
 10
27.085
 20
6.125
 30
0.0
 40
0.072
  1
S-0022
 11
27.085
 21
6.125
 31
0.0
100
AcDbAttribute
  2
ID
 70
0
  0
ATTRIB
  5
2AC
330
17
100
AcDbEntity
  8
0
 60
1
100
AcDbText
 10
27.085
 20
6.125
 30
0.0
 40
0.072
  1
Спирея серая 'Grefsheim'
 11
27.085
 21
6.125
 31
0.0
100
AcDbAttribute
  2
PORODA
 70
0
  0
ATTRIB
  5
2AD
330
17
100
AcDbEntity
  8
0
 60
1
100
AcDbText
 10
27.085
 20
6.125
 30
0.0
 40
0.072
  1
Край проезжей части, кромка укреплённой полосы обочины: норма 1.0 м, факт 2.0 м (СП 42.13330.2016, таблица 9.1; 743-ПП п. 3.6.3; 623-ПП п. 4.2.4)
 11
27.085
 21
6.125
 31
0.0
100
AcDbAttribute
  2
NORMA
 70
0
  0
SEQEND
  5
2AA
330
2A9
100
AcDbEntity
  8
GREEN_AI_SHRUBS
  0
INSERT
  5
2AE
330
17
100
AcDbEntity
  8
GREEN_AI_SHRUBS
100
AcDbBlockReference
 66
1
  2
GREEN_AI_SHRUB
 10
27.875
 20
6.125
 30
0.0
 41
0.4
 42
0.4
 43
0.4
  0
ATTRIB
  5
2B0
330
17
100
AcDbEntity
  8
0
 60
1
100
AcDbText
 10
28.335
 20
6.125
 30
0.0
 40
0.072
  1
S-0023
 11
28.335
 21
6.125
 31
0.0
100
AcDbAttribute
  2
ID
 70
0
  0
ATTRIB
  5
2B1
330
17
100
AcDbEntity
  8
0
 60
1
100
AcDbText
 10
28.335
 20
6.125
 30
0.0
 40
0.072
  1
Спирея серая 'Grefsheim'
 11
28.335
 21
6.125
 31
0.0
100
AcDbAttribute
  2
PORODA
 70
0
  0
ATTRIB
  5
2B2
330
17
100
AcDbEntity
  8
0
 60
1
100
AcDbText
 10
28.335
 20
6.125
 30
0.0
 40
0.072
  1
Край проезжей части, кромка укреплённой полосы обочины: норма 1.0 м, факт 2.0 м (СП 42.13330.2016, таблица 9.1; 743-ПП п. 3.6.3; 623-ПП п. 4.2.4)
 11
28.335
 21
6.125
 31
0.0
100
AcDbAttribute
  2
NORMA
 70
0
  0
SEQEND
  5
2AF
330
2AE
100
AcDbEntity
  8
GREEN_AI_SHRUBS
  0
INSERT
  5
2B3
330
17
100
AcDbEntity
  8
GREEN_AI_SHRUBS
100
AcDbBlockReference
 66
1
  2
GREEN_AI_SHRUB
 10
29.125
 20
6.125
 30
0.0
 41
0.4
 42
0.4
 43
0.4
  0
ATTRIB
  5
2B5
330
17
100
AcDbEntity
  8
0
 60
1
100
AcDbText
 10
29.585
 20
6.125
 30
0.0
 40
0.072
  1
S-0024
 11
29.585
 21
6.125
 31
0.0
100
AcDbAttribute
  2
ID
 70
0
  0
ATTRIB
  5
2B6
330
17
100
AcDbEntity
  8
0
 60
1
100
AcDbText
 10
29.585
 20
6.125
 30
0.0
 40
0.072
  1
Спирея серая 'Grefsheim'
 11
29.585
 21
6.125
 31
0.0
100
AcDbAttribute
  2
PORODA
 70
0
  0
ATTRIB
  5
2B7
330
17
100
AcDbEntity
  8
0
 60
1
100
AcDbText
 10
29.585
 20
6.125
 30
0.0
 40
0.072
  1
Край проезжей части, кромка укреплённой полосы обочины: норма 1.0 м, факт 2.0 м (СП 42.13330.2016, таблица 9.1; 743-ПП п. 3.6.3; 623-ПП п. 4.2.4)
 11
29.585
 21
6.125
 31
0.0
100
AcDbAttribute
  2
NORMA
 70
0
  0
SEQEND
  5
2B4
330
2B3
100
AcDbEntity
  8
GREEN_AI_SHRUBS
  0
INSERT
  5
2B8
330
17
100
AcDbEntity
  8
GREEN_AI_SHRUBS
100
AcDbBlockReference
 66
1
  2
GREEN_AI_SHRUB
 10
30.375
 20
6.125
 30
0.0
 41
0.4
 42
0.4
 43
0.4
  0
ATTRIB
  5
2BA
330
17
100
AcDbEntity
  8
0
 60
1
100
AcDbText
 10
30.835
 20
6.125
 30
0.0
 40
0.072
  1
S-0025
 11
30.835
 21
6.125
 31
0.0
100
AcDbAttribute
  2
ID
 70
0
  0
ATTRIB
  5
2BB
330
17
100
AcDbEntity
  8
0
 60
1
100
AcDbText
 10
30.835
 20
6.125
 30
0.0
 40
0.072
  1
Спирея серая 'Grefsheim'
 11
30.835
 21
6.125
 31
0.0
100
AcDbAttribute
  2
PORODA
 70
0
  0
ATTRIB
  5
2BC
330
17
100
AcDbEntity
  8
0
 60
1
100
AcDbText
 10
30.835
 20
6.125
 30
0.0
 40
0.072
  1
Край проезжей части, кромка укреплённой полосы обочины: норма 1.0 м, факт 2.0 м (СП 42.13330.2016, таблица 9.1; 743-ПП п. 3.6.3; 623-ПП п. 4.2.4)
 11
30.835
 21
6.125
 31
0.0
100
AcDbAttribute
  2
NORMA
 70
0
  0
SEQEND
  5
2B9
330
2B8
100
AcDbEntity
  8
GREEN_AI_SHRUBS
  0
INSERT
  5
2BD
330
17
100
AcDbEntity
  8
GREEN_AI_SHRUBS
100
AcDbBlockReference
 66
1
  2
GREEN_AI_SHRUB
 10
31.625
 20
6.125
 30
0.0
 41
0.4
 42
0.4
 43
0.4
  0
ATTRIB
  5
2BF
330
17
100
AcDbEntity
  8
0
 60
1
100
AcDbText
 10
32.085
 20
6.125
 30
0.0
 40
0.072
  1
S-0026
 11
32.085
 21
6.125
 31
0.0
100
AcDbAttribute
  2
ID
 70
0
  0
ATTRIB
  5
2C0
330
17
100
AcDbEntity
  8
0
 60
1
100
AcDbText
 10
32.085
 20
6.125
 30
0.0
 40
0.072
  1
Спирея серая 'Grefsheim'
 11
32.085
 21
6.125
 31
0.0
100
AcDbAttribute
  2
PORODA
 70
0
  0
ATTRIB
  5
2C1
330
17
100
AcDbEntity
  8
0
 60
1
100
AcDbText
 10
32.085
 20
6.125
 30
0.0
 40
0.072
  1
Край проезжей части, кромка укреплённой полосы обочины: норма 1.0 м, факт 2.0 м (СП 42.13330.2016, таблица 9.1; 743-ПП п. 3.6.3; 623-ПП п. 4.2.4)
 11
32.085
 21
6.125
 31
0.0
100
AcDbAttribute
  2
NORMA
 70
0
  0
SEQEND
  5
2BE
330
2BD
100
AcDbEntity
  8
GREEN_AI_SHRUBS
  0
INSERT
  5
2C2
330
17
100
AcDbEntity
  8
GREEN_AI_SHRUBS
100
AcDbBlockReference
 66
1
  2
GREEN_AI_SHRUB
 10
32.875
 20
6.125
 30
0.0
 41
0.4
 42
0.4
 43
0.4
  0
ATTRIB
  5
2C4
330
17
100
AcDbEntity
  8
0
 60
1
100
AcDbText
 10
33.335
 20
6.125
 30
0.0
 40
0.072
  1
S-0027
 11
33.335
 21
6.125
 31
0.0
100
AcDbAttribute
  2
ID
 70
0
  0
ATTRIB
  5
2C5
330
17
100
AcDbEntity
  8
0
 60
1
100
AcDbText
 10
33.335
 20
6.125
 30
0.0
 40
0.072
  1
Спирея серая 'Grefsheim'
 11
33.335
 21
6.125
 31
0.0
100
AcDbAttribute
  2
PORODA
 70
0
  0
ATTRIB
  5
2C6
330
17
100
AcDbEntity
  8
0
 60
1
100
AcDbText
 10
33.335
 20
6.125
 30
0.0
 40
0.072
  1
Край проезжей части, кромка укреплённой полосы обочины: норма 1.0 м, факт 2.0 м (СП 42.13330.2016, таблица 9.1; 743-ПП п. 3.6.3; 623-ПП п. 4.2.4)
 11
33.335
 21
6.125
 31
0.0
100
AcDbAttribute
  2
NORMA
 70
0
  0
SEQEND
  5
2C3
330
2C2
100
AcDbEntity
  8
GREEN_AI_SHRUBS
  0
INSERT
  5
2C7
330
17
100
AcDbEntity
  8
GREEN_AI_SHRUBS
100
AcDbBlockReference
 66
1
  2
GREEN_AI_SHRUB
 10
34.125
 20
6.125
 30
0.0
 41
0.4
 42
0.4
 43
0.4
  0
ATTRIB
  5
2C9
330
17
100
AcDbEntity
  8
0
 60
1
100
AcDbText
 10
34.585
 20
6.125
 30
0.0
 40
0.072
  1
S-0028
 11
34.585
 21
6.125
 31
0.0
100
AcDbAttribute
  2
ID
 70
0
  0
ATTRIB
  5
2CA
330
17
100
AcDbEntity
  8
0
 60
1
100
AcDbText
 10
34.585
 20
6.125
 30
0.0
 40
0.072
  1
Спирея серая 'Grefsheim'
 11
34.585
 21
6.125
 31
0.0
100
AcDbAttribute
  2
PORODA
 70
0
  0
ATTRIB
  5
2CB
330
17
100
AcDbEntity
  8
0
 60
1
100
AcDbText
 10
34.585
 20
6.125
 30
0.0
 40
0.072
  1
Край проезжей части, кромка укреплённой полосы обочины: норма 1.0 м, факт 2.0 м (СП 42.13330.2016, таблица 9.1; 743-ПП п. 3.6.3; 623-ПП п. 4.2.4)
 11
34.585
 21
6.125
 31
0.0
100
AcDbAttribute
  2
NORMA
 70
0
  0
SEQEND
  5
2C8
330
2C7
100
AcDbEntity
  8
GREEN_AI_SHRUBS
  0
INSERT
  5
2CC
330
17
100
AcDbEntity
  8
GREEN_AI_SHRUBS
100
AcDbBlockReference
 66
1
  2
GREEN_AI_SHRUB
 10
35.375
 20
6.125
 30
0.0
 41
0.4
 42
0.4
 43
0.4
  0
ATTRIB
  5
2CE
330
17
100
AcDbEntity
  8
0
 60
1
100
AcDbText
 10
35.835
 20
6.125
 30
0.0
 40
0.072
  1
S-0029
 11
35.835
 21
6.125
 31
0.0
100
AcDbAttribute
  2
ID
 70
0
  0
ATTRIB
  5
2CF
330
17
100
AcDbEntity
  8
0
 60
1
100
AcDbText
 10
35.835
 20
6.125
 30
0.0
 40
0.072
  1
Спирея серая 'Grefsheim'
 11
35.835
 21
6.125
 31
0.0
100
AcDbAttribute
  2
PORODA
 70
0
  0
ATTRIB
  5
2D0
330
17
100
AcDbEntity
  8
0
 60
1
100
AcDbText
 10
35.835
 20
6.125
 30
0.0
 40
0.072
  1
Край проезжей части, кромка укреплённой полосы обочины: норма 1.0 м, факт 2.0 м (СП 42.13330.2016, таблица 9.1; 743-ПП п. 3.6.3; 623-ПП п. 4.2.4)
 11
35.835
 21
6.125
 31
0.0
100
AcDbAttribute
  2
NORMA
 70
0
  0
SEQEND
  5
2CD
330
2CC
100
AcDbEntity
  8
GREEN_AI_SHRUBS
  0
INSERT
  5
2D1
330
17
100
AcDbEntity
  8
GREEN_AI_SHRUBS
100
AcDbBlockReference
 66
1
  2
GREEN_AI_SHRUB
 10
36.625
 20
6.125
 30
0.0
 41
0.4
 42
0.4
 43
0.4
  0
ATTRIB
  5
2D3
330
17
100
AcDbEntity
  8
0
 60
1
100
AcDbText
 10
37.085
 20
6.125
 30
0.0
 40
0.072
  1
S-0030
 11
37.085
 21
6.125
 31
0.0
100
AcDbAttribute
  2
ID
 70
0
  0
ATTRIB
  5
2D4
330
17
100
AcDbEntity
  8
0
 60
1
100
AcDbText
 10
37.085
 20
6.125
 30
0.0
 40
0.072
  1
Спирея серая 'Grefsheim'
 11
37.085
 21
6.125
 31
0.0
100
AcDbAttribute
  2
PORODA
 70
0
  0
ATTRIB
  5
2D5
330
17
100
AcDbEntity
  8
0
 60
1
100
AcDbText
 10
37.085
 20
6.125
 30
0.0
 40
0.072
  1
Край проезжей части, кромка укреплённой полосы обочины: норма 1.0 м, факт 2.0 м (СП 42.13330.2016, таблица 9.1; 743-ПП п. 3.6.3; 623-ПП п. 4.2.4)
 11
37.085
 21
6.125
 31
0.0
100
AcDbAttribute
  2
NORMA
 70
0
  0
SEQEND
  5
2D2
330
2D1
100
AcDbEntity
  8
GREEN_AI_SHRUBS
  0
INSERT
  5
2D6
330
17
100
AcDbEntity
  8
GREEN_AI_SHRUBS
100
AcDbBlockReference
 66
1
  2
GREEN_AI_SHRUB
 10
37.875
 20
6.125
 30
0.0
 41
0.4
 42
0.4
 43
0.4
  0
ATTRIB
  5
2D8
330
17
100
AcDbEntity
  8
0
 60
1
100
AcDbText
 10
38.335
 20
6.125
 30
0.0
 40
0.072
  1
S-0031
 11
38.335
 21
6.125
 31
0.0
100
AcDbAttribute
  2
ID
 70
0
  0
ATTRIB
  5
2D9
330
17
100
AcDbEntity
  8
0
 60
1
100
AcDbText
 10
38.335
 20
6.125
 30
0.0
 40
0.072
  1
Спирея серая 'Grefsheim'
 11
38.335
 21
6.125
 31
0.0
100
AcDbAttribute
  2
PORODA
 70
0
  0
ATTRIB
  5
2DA
330
17
100
AcDbEntity
  8
0
 60
1
100
AcDbText
 10
38.335
 20
6.125
 30
0.0
 40
0.072
  1
Край проезжей части, кромка укреплённой полосы обочины: норма 1.0 м, факт 2.0 м (СП 42.13330.2016, таблица 9.1; 743-ПП п. 3.6.3; 623-ПП п. 4.2.4)
 11
38.335
 21
6.125
 31
0.0
100
AcDbAttribute
  2
NORMA
 70
0
  0
SEQEND
  5
2D7
330
2D6
100
AcDbEntity
  8
GREEN_AI_SHRUBS
  0
INSERT
  5
2DB
330
17
100
AcDbEntity
  8
GREEN_AI_SHRUBS
100
AcDbBlockReference
 66
1
  2
GREEN_AI_SHRUB
 10
39.125
 20
6.125
 30
0.0
 41
0.4
 42
0.4
 43
0.4
  0
ATTRIB
  5
2DD
330
17
100
AcDbEntity
  8
0
 60
1
100
AcDbText
 10
39.585
 20
6.125
 30
0.0
 40
0.072
  1
S-0032
 11
39.585
 21
6.125
 31
0.0
100
AcDbAttribute
  2
ID
 70
0
  0
ATTRIB
  5
2DE
330
17
100
AcDbEntity
  8
0
 60
1
100
AcDbText
 10
39.585
 20
6.125
 30
0.0
 40
0.072
  1
Спирея серая 'Grefsheim'
 11
39.585
 21
6.125
 31
0.0
100
AcDbAttribute
  2
PORODA
 70
0
  0
ATTRIB
  5
2DF
330
17
100
AcDbEntity
  8
0
 60
1
100
AcDbText
 10
39.585
 20
6.125
 30
0.0
 40
0.072
  1
Край проезжей части, кромка укреплённой полосы обочины: норма 1.0 м, факт 2.0 м (СП 42.13330.2016, таблица 9.1; 743-ПП п. 3.6.3; 623-ПП п. 4.2.4)
 11
39.585
 21
6.125
 31
0.0
100
AcDbAttribute
  2
NORMA
 70
0
  0
SEQEND
  5
2DC
330
2DB
100
AcDbEntity
  8
GREEN_AI_SHRUBS
  0
INSERT
  5
2E0
330
17
100
AcDbEntity
  8
GREEN_AI_SHRUBS
100
AcDbBlockReference
 66
1
  2
GREEN_AI_SHRUB
 10
40.375
 20
6.125
 30
0.0
 41
0.4
 42
0.4
 43
0.4
  0
ATTRIB
  5
2E2
330
17
100
AcDbEntity
  8
0
 60
1
100
AcDbText
 10
40.835
 20
6.125
 30
0.0
 40
0.072
  1
S-0033
 11
40.835
 21
6.125
 31
0.0
100
AcDbAttribute
  2
ID
 70
0
  0
ATTRIB
  5
2E3
330
17
100
AcDbEntity
  8
0
 60
1
100
AcDbText
 10
40.835
 20
6.125
 30
0.0
 40
0.072
  1
Спирея серая 'Grefsheim'
 11
40.835
 21
6.125
 31
0.0
100
AcDbAttribute
  2
PORODA
 70
0
  0
ATTRIB
  5
2E4
330
17
100
AcDbEntity
  8
0
 60
1
100
AcDbText
 10
40.835
 20
6.125
 30
0.0
 40
0.072
  1
Край проезжей части, кромка укреплённой полосы обочины: норма 1.0 м, факт 2.0 м (СП 42.13330.2016, таблица 9.1; 743-ПП п. 3.6.3; 623-ПП п. 4.2.4)
 11
40.835
 21
6.125
 31
0.0
100
AcDbAttribute
  2
NORMA
 70
0
  0
SEQEND
  5
2E1
330
2E0
100
AcDbEntity
  8
GREEN_AI_SHRUBS
  0
INSERT
  5
2E5
330
17
100
AcDbEntity
  8
GREEN_AI_SHRUBS
100
AcDbBlockReference
 66
1
  2
GREEN_AI_SHRUB
 10
41.625
 20
6.125
 30
0.0
 41
0.4
 42
0.4
 43
0.4
  0
ATTRIB
  5
2E7
330
17
100
AcDbEntity
  8
0
 60
1
100
AcDbText
 10
42.085
 20
6.125
 30
0.0
 40
0.072
  1
S-0034
 11
42.085
 21
6.125
 31
0.0
100
AcDbAttribute
  2
ID
 70
0
  0
ATTRIB
  5
2E8
330
17
100
AcDbEntity
  8
0
 60
1
100
AcDbText
 10
42.085
 20
6.125
 30
0.0
 40
0.072
  1
Спирея серая 'Grefsheim'
 11
42.085
 21
6.125
 31
0.0
100
AcDbAttribute
  2
PORODA
 70
0
  0
ATTRIB
  5
2E9
330
17
100
AcDbEntity
  8
0
 60
1
100
AcDbText
 10
42.085
 20
6.125
 30
0.0
 40
0.072
  1
Край проезжей части, кромка укреплённой полосы обочины: норма 1.0 м, факт 2.0 м (СП 42.13330.2016, таблица 9.1; 743-ПП п. 3.6.3; 623-ПП п. 4.2.4)
 11
42.085
 21
6.125
 31
0.0
100
AcDbAttribute
  2
NORMA
 70
0
  0
SEQEND
  5
2E6
330
2E5
100
AcDbEntity
  8
GREEN_AI_SHRUBS
  0
INSERT
  5
2EA
330
17
100
AcDbEntity
  8
GREEN_AI_SHRUBS
100
AcDbBlockReference
 66
1
  2
GREEN_AI_SHRUB
 10
42.875
 20
6.125
 30
0.0
 41
0.4
 42
0.4
 43
0.4
  0
ATTRIB
  5
2EC
330
17
100
AcDbEntity
  8
0
 60
1
100
AcDbText
 10
43.335
 20
6.125
 30
0.0
 40
0.072
  1
S-0035
 11
43.335
 21
6.125
 31
0.0
100
AcDbAttribute
  2
ID
 70
0
  0
ATTRIB
  5
2ED
330
17
100
AcDbEntity
  8
0
 60
1
100
AcDbText
 10
43.335
 20
6.125
 30
0.0
 40
0.072
  1
Спирея серая 'Grefsheim'
 11
43.335
 21
6.125
 31
0.0
100
AcDbAttribute
  2
PORODA
 70
0
  0
ATTRIB
  5
2EE
330
17
100
AcDbEntity
  8
0
 60
1
100
AcDbText
 10
43.335
 20
6.125
 30
0.0
 40
0.072
  1
Край проезжей части, кромка укреплённой полосы обочины: норма 1.0 м, факт 2.0 м (СП 42.13330.2016, таблица 9.1; 743-ПП п. 3.6.3; 623-ПП п. 4.2.4)
 11
43.335
 21
6.125
 31
0.0
100
AcDbAttribute
  2
NORMA
 70
0
  0
SEQEND
  5
2EB
330
2EA
100
AcDbEntity
  8
GREEN_AI_SHRUBS
  0
INSERT
  5
2EF
330
17
100
AcDbEntity
  8
GREEN_AI_SHRUBS
100
AcDbBlockReference
 66
1
  2
GREEN_AI_SHRUB
 10
44.125
 20
6.125
 30
0.0
 41
0.4
 42
0.4
 43
0.4
  0
ATTRIB
  5
2F1
330
17
100
AcDbEntity
  8
0
 60
1
100
AcDbText
 10
44.585
 20
6.125
 30
0.0
 40
0.072
  1
S-0036
 11
44.585
 21
6.125
 31
0.0
100
AcDbAttribute
  2
ID
 70
0
  0
ATTRIB
  5
2F2
330
17
100
AcDbEntity
  8
0
 60
1
100
AcDbText
 10
44.585
 20
6.125
 30
0.0
 40
0.072
  1
Спирея серая 'Grefsheim'
 11
44.585
 21
6.125
 31
0.0
100
AcDbAttribute
  2
PORODA
 70
0
  0
ATTRIB
  5
2F3
330
17
100
AcDbEntity
  8
0
 60
1
100
AcDbText
 10
44.585
 20
6.125
 30
0.0
 40
0.072
  1
Край проезжей части, кромка укреплённой полосы обочины: норма 1.0 м, факт 2.0 м (СП 42.13330.2016, таблица 9.1; 743-ПП п. 3.6.3; 623-ПП п. 4.2.4)
 11
44.585
 21
6.125
 31
0.0
100
AcDbAttribute
  2
NORMA
 70
0
  0
SEQEND
  5
2F0
330
2EF
100
AcDbEntity
  8
GREEN_AI_SHRUBS
  0
INSERT
  5
2F4
330
17
100
AcDbEntity
  8
GREEN_AI_SHRUBS
100
AcDbBlockReference
 66
1
  2
GREEN_AI_SHRUB
 10
45.375
 20
6.125
 30
0.0
 41
0.4
 42
0.4
 43
0.4
  0
ATTRIB
  5
2F6
330
17
100
AcDbEntity
  8
0
 60
1
100
AcDbText
 10
45.835
 20
6.125
 30
0.0
 40
0.072
  1
S-0037
 11
45.835
 21
6.125
 31
0.0
100
AcDbAttribute
  2
ID
 70
0
  0
ATTRIB
  5
2F7
330
17
100
AcDbEntity
  8
0
 60
1
100
AcDbText
 10
45.835
 20
6.125
 30
0.0
 40
0.072
  1
Спирея серая 'Grefsheim'
 11
45.835
 21
6.125
 31
0.0
100
AcDbAttribute
  2
PORODA
 70
0
  0
ATTRIB
  5
2F8
330
17
100
AcDbEntity
  8
0
 60
1
100
AcDbText
 10
45.835
 20
6.125
 30
0.0
 40
0.072
  1
Край проезжей части, кромка укреплённой полосы обочины: норма 1.0 м, факт 2.0 м (СП 42.13330.2016, таблица 9.1; 743-ПП п. 3.6.3; 623-ПП п. 4.2.4)
 11
45.835
 21
6.125
 31
0.0
100
AcDbAttribute
  2
NORMA
 70
0
  0
SEQEND
  5
2F5
330
2F4
100
AcDbEntity
  8
GREEN_AI_SHRUBS
  0
INSERT
  5
2F9
330
17
100
AcDbEntity
  8
GREEN_AI_SHRUBS
100
AcDbBlockReference
 66
1
  2
GREEN_AI_SHRUB
 10
46.625
 20
6.125
 30
0.0
 41
0.4
 42
0.4
 43
0.4
  0
ATTRIB
  5
2FB
330
17
100
AcDbEntity
  8
0
 60
1
100
AcDbText
 10
47.085
 20
6.125
 30
0.0
 40
0.072
  1
S-0038
 11
47.085
 21
6.125
 31
0.0
100
AcDbAttribute
  2
ID
 70
0
  0
ATTRIB
  5
2FC
330
17
100
AcDbEntity
  8
0
 60
1
100
AcDbText
 10
47.085
 20
6.125
 30
0.0
 40
0.072
  1
Спирея серая 'Grefsheim'
 11
47.085
 21
6.125
 31
0.0
100
AcDbAttribute
  2
PORODA
 70
0
  0
ATTRIB
  5
2FD
330
17
100
AcDbEntity
  8
0
 60
1
100
AcDbText
 10
47.085
 20
6.125
 30
0.0
 40
0.072
  1
Край проезжей части, кромка укреплённой полосы обочины: норма 1.0 м, факт 2.0 м (СП 42.13330.2016, таблица 9.1; 743-ПП п. 3.6.3; 623-ПП п. 4.2.4)
 11
47.085
 21
6.125
 31
0.0
100
AcDbAttribute
  2
NORMA
 70
0
  0
SEQEND
  5
2FA
330
2F9
100
AcDbEntity
  8
GREEN_AI_SHRUBS
  0
INSERT
  5
2FE
330
17
100
AcDbEntity
  8
GREEN_AI_SHRUBS
100
AcDbBlockReference
 66
1
  2
GREEN_AI_SHRUB
 10
47.875
 20
6.125
 30
0.0
 41
0.4
 42
0.4
 43
0.4
  0
ATTRIB
  5
300
330
17
100
AcDbEntity
  8
0
 60
1
100
AcDbText
 10
48.335
 20
6.125
 30
0.0
 40
0.072
  1
S-0039
 11
48.335
 21
6.125
 31
0.0
100
AcDbAttribute
  2
ID
 70
0
  0
ATTRIB
  5
301
330
17
100
AcDbEntity
  8
0
 60
1
100
AcDbText
 10
48.335
 20
6.125
 30
0.0
 40
0.072
  1
Спирея серая 'Grefsheim'
 11
48.335
 21
6.125
 31
0.0
100
AcDbAttribute
  2
PORODA
 70
0
  0
ATTRIB
  5
302
330
17
100
AcDbEntity
  8
0
 60
1
100
AcDbText
 10
48.335
 20
6.125
 30
0.0
 40
0.072
  1
Край проезжей части, кромка укреплённой полосы обочины: норма 1.0 м, факт 2.0 м (СП 42.13330.2016, таблица 9.1; 743-ПП п. 3.6.3; 623-ПП п. 4.2.4)
 11
48.335
 21
6.125
 31
0.0
100
AcDbAttribute
  2
NORMA
 70
0
  0
SEQEND
  5
2FF
330
2FE
100
AcDbEntity
  8
GREEN_AI_SHRUBS
  0
INSERT
  5
303
330
17
100
AcDbEntity
  8
GREEN_AI_SHRUBS
100
AcDbBlockReference
 66
1
  2
GREEN_AI_SHRUB
 10
49.125
 20
6.125
 30
0.0
 41
0.4
 42
0.4
 43
0.4
  0
ATTRIB
  5
305
330
17
100
AcDbEntity
  8
0
 60
1
100
AcDbText
 10
49.585
 20
6.125
 30
0.0
 40
0.072
  1
S-0040
 11
49.585
 21
6.125
 31
0.0
100
AcDbAttribute
  2
ID
 70
0
  0
ATTRIB
  5
306
330
17
100
AcDbEntity
  8
0
 60
1
100
AcDbText
 10
49.585
 20
6.125
 30
0.0
 40
0.072
  1
Спирея серая 'Grefsheim'
 11
49.585
 21
6.125
 31
0.0
100
AcDbAttribute
  2
PORODA
 70
0
  0
ATTRIB
  5
307
330
17
100
AcDbEntity
  8
0
 60
1
100
AcDbText
 10
49.585
 20
6.125
 30
0.0
 40
0.072
  1
Край проезжей части, кромка укреплённой полосы обочины: норма 1.0 м, факт 2.0 м (СП 42.13330.2016, таблица 9.1; 743-ПП п. 3.6.3; 623-ПП п. 4.2.4)
 11
49.585
 21
6.125
 31
0.0
100
AcDbAttribute
  2
NORMA
 70
0
  0
SEQEND
  5
304
330
303
100
AcDbEntity
  8
GREEN_AI_SHRUBS
  0
INSERT
  5
308
330
17
100
AcDbEntity
  8
GREEN_AI_SHRUBS
100
AcDbBlockReference
 66
1
  2
GREEN_AI_SHRUB
 10
50.375
 20
6.125
 30
0.0
 41
0.6
 42
0.6
 43
0.6
  0
ATTRIB
  5
30A
330
17
100
AcDbEntity
  8
0
 60
1
100
AcDbText
 10
51.065
 20
6.125
 30
0.0
 40
0.108
  1
S-0041
 11
51.065
 21
6.125
 31
0.0
100
AcDbAttribute
  2
ID
 70
0
  0
ATTRIB
  5
30B
330
17
100
AcDbEntity
  8
0
 60
1
100
AcDbText
 10
51.065
 20
6.125
 30
0.0
 40
0.108
  1
Спирея Вангутта
 11
51.065
 21
6.125
 31
0.0
100
AcDbAttribute
  2
PORODA
 70
0
  0
ATTRIB
  5
30C
330
17
100
AcDbEntity
  8
0
 60
1
100
AcDbText
 10
51.065
 20
6.125
 30
0.0
 40
0.108
  1
Край проезжей части, кромка укреплённой полосы обочины: норма 1.0 м, факт 2.0 м (СП 42.13330.2016, таблица 9.1; 743-ПП п. 3.6.3; 623-ПП п. 4.2.4)
 11
51.065
 21
6.125
 31
0.0
100
AcDbAttribute
  2
NORMA
 70
0
  0
SEQEND
  5
309
330
308
100
AcDbEntity
  8
GREEN_AI_SHRUBS
  0
INSERT
  5
30D
330
17
100
AcDbEntity
  8
GREEN_AI_SHRUBS
100
AcDbBlockReference
 66
1
  2
GREEN_AI_SHRUB
 10
51.625
 20
6.125
 30
0.0
 41
0.6
 42
0.6
 43
0.6
  0
ATTRIB
  5
30F
330
17
100
AcDbEntity
  8
0
 60
1
100
AcDbText
 10
52.315
 20
6.125
 30
0.0
 40
0.108
  1
S-0042
 11
52.315
 21
6.125
 31
0.0
100
AcDbAttribute
  2
ID
 70
0
  0
ATTRIB
  5
310
330
17
100
AcDbEntity
  8
0
 60
1
100
AcDbText
 10
52.315
 20
6.125
 30
0.0
 40
0.108
  1
Спирея Вангутта
 11
52.315
 21
6.125
 31
0.0
100
AcDbAttribute
  2
PORODA
 70
0
  0
ATTRIB
  5
311
330
17
100
AcDbEntity
  8
0
 60
1
100
AcDbText
 10
52.315
 20
6.125
 30
0.0
 40
0.108
  1
Край проезжей части, кромка укреплённой полосы обочины: норма 1.0 м, факт 2.0 м (СП 42.13330.2016, таблица 9.1; 743-ПП п. 3.6.3; 623-ПП п. 4.2.4)
 11
52.315
 21
6.125
 31
0.0
100
AcDbAttribute
  2
NORMA
 70
0
  0
SEQEND
  5
30E
330
30D
100
AcDbEntity
  8
GREEN_AI_SHRUBS
  0
INSERT
  5
312
330
17
100
AcDbEntity
  8
GREEN_AI_SHRUBS
100
AcDbBlockReference
 66
1
  2
GREEN_AI_SHRUB
 10
52.875
 20
6.125
 30
0.0
 41
0.6
 42
0.6
 43
0.6
  0
ATTRIB
  5
314
330
17
100
AcDbEntity
  8
0
 60
1
100
AcDbText
 10
53.565
 20
6.125
 30
0.0
 40
0.108
  1
S-0043
 11
53.565
 21
6.125
 31
0.0
100
AcDbAttribute
  2
ID
 70
0
  0
ATTRIB
  5
315
330
17
100
AcDbEntity
  8
0
 60
1
100
AcDbText
 10
53.565
 20
6.125
 30
0.0
 40
0.108
  1
Спирея Вангутта
 11
53.565
 21
6.125
 31
0.0
100
AcDbAttribute
  2
PORODA
 70
0
  0
ATTRIB
  5
316
330
17
100
AcDbEntity
  8
0
 60
1
100
AcDbText
 10
53.565
 20
6.125
 30
0.0
 40
0.108
  1
Край проезжей части, кромка укреплённой полосы обочины: норма 1.0 м, факт 2.0 м (СП 42.13330.2016, таблица 9.1; 743-ПП п. 3.6.3; 623-ПП п. 4.2.4)
 11
53.565
 21
6.125
 31
0.0
100
AcDbAttribute
  2
NORMA
 70
0
  0
SEQEND
  5
313
330
312
100
AcDbEntity
  8
GREEN_AI_SHRUBS
  0
INSERT
  5
317
330
17
100
AcDbEntity
  8
GREEN_AI_SHRUBS
100
AcDbBlockReference
 66
1
  2
GREEN_AI_SHRUB
 10
54.125
 20
6.125
 30
0.0
 41
0.6
 42
0.6
 43
0.6
  0
ATTRIB
  5
319
330
17
100
AcDbEntity
  8
0
 60
1
100
AcDbText
 10
54.815
 20
6.125
 30
0.0
 40
0.108
  1
S-0044
 11
54.815
 21
6.125
 31
0.0
100
AcDbAttribute
  2
ID
 70
0
  0
ATTRIB
  5
31A
330
17
100
AcDbEntity
  8
0
 60
1
100
AcDbText
 10
54.815
 20
6.125
 30
0.0
 40
0.108
  1
Спирея Вангутта
 11
54.815
 21
6.125
 31
0.0
100
AcDbAttribute
  2
PORODA
 70
0
  0
ATTRIB
  5
31B
330
17
100
AcDbEntity
  8
0
 60
1
100
AcDbText
 10
54.815
 20
6.125
 30
0.0
 40
0.108
  1
Край проезжей части, кромка укреплённой полосы обочины: норма 1.0 м, факт 2.0 м (СП 42.13330.2016, таблица 9.1; 743-ПП п. 3.6.3; 623-ПП п. 4.2.4)
 11
54.815
 21
6.125
 31
0.0
100
AcDbAttribute
  2
NORMA
 70
0
  0
SEQEND
  5
318
330
317
100
AcDbEntity
  8
GREEN_AI_SHRUBS
  0
INSERT
  5
31C
330
17
100
AcDbEntity
  8
GREEN_AI_SHRUBS
100
AcDbBlockReference
 66
1
  2
GREEN_AI_SHRUB
 10
55.375
 20
6.125
 30
0.0
 41
0.6
 42
0.6
 43
0.6
  0
ATTRIB
  5
31E
330
17
100
AcDbEntity
  8
0
 60
1
100
AcDbText
 10
56.065
 20
6.125
 30
0.0
 40
0.108
  1
S-0045
 11
56.065
 21
6.125
 31
0.0
100
AcDbAttribute
  2
ID
 70
0
  0
ATTRIB
  5
31F
330
17
100
AcDbEntity
  8
0
 60
1
100
AcDbText
 10
56.065
 20
6.125
 30
0.0
 40
0.108
  1
Спирея Вангутта
 11
56.065
 21
6.125
 31
0.0
100
AcDbAttribute
  2
PORODA
 70
0
  0
ATTRIB
  5
320
330
17
100
AcDbEntity
  8
0
 60
1
100
AcDbText
 10
56.065
 20
6.125
 30
0.0
 40
0.108
  1
Край проезжей части, кромка укреплённой полосы обочины: норма 1.0 м, факт 2.0 м (СП 42.13330.2016, таблица 9.1; 743-ПП п. 3.6.3; 623-ПП п. 4.2.4)
 11
56.065
 21
6.125
 31
0.0
100
AcDbAttribute
  2
NORMA
 70
0
  0
SEQEND
  5
31D
330
31C
100
AcDbEntity
  8
GREEN_AI_SHRUBS
  0
INSERT
  5
321
330
17
100
AcDbEntity
  8
GREEN_AI_SHRUBS
100
AcDbBlockReference
 66
1
  2
GREEN_AI_SHRUB
 10
56.625
 20
6.125
 30
0.0
 41
0.6
 42
0.6
 43
0.6
  0
ATTRIB
  5
323
330
17
100
AcDbEntity
  8
0
 60
1
100
AcDbText
 10
57.315
 20
6.125
 30
0.0
 40
0.108
  1
S-0046
 11
57.315
 21
6.125
 31
0.0
100
AcDbAttribute
  2
ID
 70
0
  0
ATTRIB
  5
324
330
17
100
AcDbEntity
  8
0
 60
1
100
AcDbText
 10
57.315
 20
6.125
 30
0.0
 40
0.108
  1
Спирея Вангутта
 11
57.315
 21
6.125
 31
0.0
100
AcDbAttribute
  2
PORODA
 70
0
  0
ATTRIB
  5
325
330
17
100
AcDbEntity
  8
0
 60
1
100
AcDbText
 10
57.315
 20
6.125
 30
0.0
 40
0.108
  1
Край проезжей части, кромка укреплённой полосы обочины: норма 1.0 м, факт 2.0 м (СП 42.13330.2016, таблица 9.1; 743-ПП п. 3.6.3; 623-ПП п. 4.2.4)
 11
57.315
 21
6.125
 31
0.0
100
AcDbAttribute
  2
NORMA
 70
0
  0
SEQEND
  5
322
330
321
100
AcDbEntity
  8
GREEN_AI_SHRUBS
  0
INSERT
  5
326
330
17
100
AcDbEntity
  8
GREEN_AI_SHRUBS
100
AcDbBlockReference
 66
1
  2
GREEN_AI_SHRUB
 10
57.875
 20
6.125
 30
0.0
 41
0.6
 42
0.6
 43
0.6
  0
ATTRIB
  5
328
330
17
100
AcDbEntity
  8
0
 60
1
100
AcDbText
 10
58.565
 20
6.125
 30
0.0
 40
0.108
  1
S-0047
 11
58.565
 21
6.125
 31
0.0
100
AcDbAttribute
  2
ID
 70
0
  0
ATTRIB
  5
329
330
17
100
AcDbEntity
  8
0
 60
1
100
AcDbText
 10
58.565
 20
6.125
 30
0.0
 40
0.108
  1
Спирея Вангутта
 11
58.565
 21
6.125
 31
0.0
100
AcDbAttribute
  2
PORODA
 70
0
  0
ATTRIB
  5
32A
330
17
100
AcDbEntity
  8
0
 60
1
100
AcDbText
 10
58.565
 20
6.125
 30
0.0
 40
0.108
  1
Край проезжей части, кромка укреплённой полосы обочины: норма 1.0 м, факт 2.0 м (СП 42.13330.2016, таблица 9.1; 743-ПП п. 3.6.3; 623-ПП п. 4.2.4)
 11
58.565
 21
6.125
 31
0.0
100
AcDbAttribute
  2
NORMA
 70
0
  0
SEQEND
  5
327
330
326
100
AcDbEntity
  8
GREEN_AI_SHRUBS
  0
INSERT
  5
32B
330
17
100
AcDbEntity
  8
GREEN_AI_SHRUBS
100
AcDbBlockReference
 66
1
  2
GREEN_AI_SHRUB
 10
59.125
 20
6.125
 30
0.0
 41
0.6
 42
0.6
 43
0.6
  0
ATTRIB
  5
32D
330
17
100
AcDbEntity
  8
0
 60
1
100
AcDbText
 10
59.815
 20
6.125
 30
0.0
 40
0.108
  1
S-0048
 11
59.815
 21
6.125
 31
0.0
100
AcDbAttribute
  2
ID
 70
0
  0
ATTRIB
  5
32E
330
17
100
AcDbEntity
  8
0
 60
1
100
AcDbText
 10
59.815
 20
6.125
 30
0.0
 40
0.108
  1
Спирея Вангутта
 11
59.815
 21
6.125
 31
0.0
100
AcDbAttribute
  2
PORODA
 70
0
  0
ATTRIB
  5
32F
330
17
100
AcDbEntity
  8
0
 60
1
100
AcDbText
 10
59.815
 20
6.125
 30
0.0
 40
0.108
  1
Край проезжей части, кромка укреплённой полосы обочины: норма 1.0 м, факт 2.0 м (СП 42.13330.2016, таблица 9.1; 743-ПП п. 3.6.3; 623-ПП п. 4.2.4)
 11
59.815
 21
6.125
 31
0.0
100
AcDbAttribute
  2
NORMA
 70
0
  0
SEQEND
  5
32C
330
32B
100
AcDbEntity
  8
GREEN_AI_SHRUBS
  0
INSERT
  5
330
330
17
100
AcDbEntity
  8
GREEN_AI_SHRUBS
100
AcDbBlockReference
 66
1
  2
GREEN_AI_SHRUB
 10
60.375
 20
6.125
 30
0.0
 41
0.6
 42
0.6
 43
0.6
  0
ATTRIB
  5
332
330
17
100
AcDbEntity
  8
0
 60
1
100
AcDbText
 10
61.065
 20
6.125
 30
0.0
 40
0.108
  1
S-0049
 11
61.065
 21
6.125
 31
0.0
100
AcDbAttribute
  2
ID
 70
0
  0
ATTRIB
  5
333
330
17
100
AcDbEntity
  8
0
 60
1
100
AcDbText
 10
61.065
 20
6.125
 30
0.0
 40
0.108
  1
Спирея Вангутта
 11
61.065
 21
6.125
 31
0.0
100
AcDbAttribute
  2
PORODA
 70
0
  0
ATTRIB
  5
334
330
17
100
AcDbEntity
  8
0
 60
1
100
AcDbText
 10
61.065
 20
6.125
 30
0.0
 40
0.108
  1
Край проезжей части, кромка укреплённой полосы обочины: норма 1.0 м, факт 2.0 м (СП 42.13330.2016, таблица 9.1; 743-ПП п. 3.6.3; 623-ПП п. 4.2.4)
 11
61.065
 21
6.125
 31
0.0
100
AcDbAttribute
  2
NORMA
 70
0
  0
SEQEND
  5
331
330
330
100
AcDbEntity
  8
GREEN_AI_SHRUBS
  0
INSERT
  5
335
330
17
100
AcDbEntity
  8
GREEN_AI_SHRUBS
100
AcDbBlockReference
 66
1
  2
GREEN_AI_SHRUB
 10
61.625
 20
6.125
 30
0.0
 41
0.6
 42
0.6
 43
0.6
  0
ATTRIB
  5
337
330
17
100
AcDbEntity
  8
0
 60
1
100
AcDbText
 10
62.315
 20
6.125
 30
0.0
 40
0.108
  1
S-0050
 11
62.315
 21
6.125
 31
0.0
100
AcDbAttribute
  2
ID
 70
0
  0
ATTRIB
  5
338
330
17
100
AcDbEntity
  8
0
 60
1
100
AcDbText
 10
62.315
 20
6.125
 30
0.0
 40
0.108
  1
Спирея Вангутта
 11
62.315
 21
6.125
 31
0.0
100
AcDbAttribute
  2
PORODA
 70
0
  0
ATTRIB
  5
339
330
17
100
AcDbEntity
  8
0
 60
1
100
AcDbText
 10
62.315
 20
6.125
 30
0.0
 40
0.108
  1
Край проезжей части, кромка укреплённой полосы обочины: норма 1.0 м, факт 2.0 м (СП 42.13330.2016, таблица 9.1; 743-ПП п. 3.6.3; 623-ПП п. 4.2.4)
 11
62.315
 21
6.125
 31
0.0
100
AcDbAttribute
  2
NORMA
 70
0
  0
SEQEND
  5
336
330
335
100
AcDbEntity
  8
GREEN_AI_SHRUBS
  0
INSERT
  5
33A
330
17
100
AcDbEntity
  8
GREEN_AI_SHRUBS
100
AcDbBlockReference
 66
1
  2
GREEN_AI_SHRUB
 10
62.875
 20
6.125
 30
0.0
 41
0.6
 42
0.6
 43
0.6
  0
ATTRIB
  5
33C
330
17
100
AcDbEntity
  8
0
 60
1
100
AcDbText
 10
63.565
 20
6.125
 30
0.0
 40
0.108
  1
S-0051
 11
63.565
 21
6.125
 31
0.0
100
AcDbAttribute
  2
ID
 70
0
  0
ATTRIB
  5
33D
330
17
100
AcDbEntity
  8
0
 60
1
100
AcDbText
 10
63.565
 20
6.125
 30
0.0
 40
0.108
  1
Спирея Вангутта
 11
63.565
 21
6.125
 31
0.0
100
AcDbAttribute
  2
PORODA
 70
0
  0
ATTRIB
  5
33E
330
17
100
AcDbEntity
  8
0
 60
1
100
AcDbText
 10
63.565
 20
6.125
 30
0.0
 40
0.108
  1
Край проезжей части, кромка укреплённой полосы обочины: норма 1.0 м, факт 2.0 м (СП 42.13330.2016, таблица 9.1; 743-ПП п. 3.6.3; 623-ПП п. 4.2.4)
 11
63.565
 21
6.125
 31
0.0
100
AcDbAttribute
  2
NORMA
 70
0
  0
SEQEND
  5
33B
330
33A
100
AcDbEntity
  8
GREEN_AI_SHRUBS
  0
INSERT
  5
33F
330
17
100
AcDbEntity
  8
GREEN_AI_SHRUBS
100
AcDbBlockReference
 66
1
  2
GREEN_AI_SHRUB
 10
64.125
 20
6.125
 30
0.0
 41
0.6
 42
0.6
 43
0.6
  0
ATTRIB
  5
341
330
17
100
AcDbEntity
  8
0
 60
1
100
AcDbText
 10
64.815
 20
6.125
 30
0.0
 40
0.108
  1
S-0052
 11
64.815
 21
6.125
 31
0.0
100
AcDbAttribute
  2
ID
 70
0
  0
ATTRIB
  5
342
330
17
100
AcDbEntity
  8
0
 60
1
100
AcDbText
 10
64.815
 20
6.125
 30
0.0
 40
0.108
  1
Спирея Вангутта
 11
64.815
 21
6.125
 31
0.0
100
AcDbAttribute
  2
PORODA
 70
0
  0
ATTRIB
  5
343
330
17
100
AcDbEntity
  8
0
 60
1
100
AcDbText
 10
64.815
 20
6.125
 30
0.0
 40
0.108
  1
Край проезжей части, кромка укреплённой полосы обочины: норма 1.0 м, факт 2.0 м (СП 42.13330.2016, таблица 9.1; 743-ПП п. 3.6.3; 623-ПП п. 4.2.4)
 11
64.815
 21
6.125
 31
0.0
100
AcDbAttribute
  2
NORMA
 70
0
  0
SEQEND
  5
340
330
33F
100
AcDbEntity
  8
GREEN_AI_SHRUBS
  0
INSERT
  5
344
330
17
100
AcDbEntity
  8
GREEN_AI_SHRUBS
100
AcDbBlockReference
 66
1
  2
GREEN_AI_SHRUB
 10
65.375
 20
6.125
 30
0.0
 41
0.6
 42
0.6
 43
0.6
  0
ATTRIB
  5
346
330
17
100
AcDbEntity
  8
0
 60
1
100
AcDbText
 10
66.065
 20
6.125
 30
0.0
 40
0.108
  1
S-0053
 11
66.065
 21
6.125
 31
0.0
100
AcDbAttribute
  2
ID
 70
0
  0
ATTRIB
  5
347
330
17
100
AcDbEntity
  8
0
 60
1
100
AcDbText
 10
66.065
 20
6.125
 30
0.0
 40
0.108
  1
Спирея Вангутта
 11
66.065
 21
6.125
 31
0.0
100
AcDbAttribute
  2
PORODA
 70
0
  0
ATTRIB
  5
348
330
17
100
AcDbEntity
  8
0
 60
1
100
AcDbText
 10
66.065
 20
6.125
 30
0.0
 40
0.108
  1
Край проезжей части, кромка укреплённой полосы обочины: норма 1.0 м, факт 2.0 м (СП 42.13330.2016, таблица 9.1; 743-ПП п. 3.6.3; 623-ПП п. 4.2.4)
 11
66.065
 21
6.125
 31
0.0
100
AcDbAttribute
  2
NORMA
 70
0
  0
SEQEND
  5
345
330
344
100
AcDbEntity
  8
GREEN_AI_SHRUBS
  0
INSERT
  5
349
330
17
100
AcDbEntity
  8
GREEN_AI_SHRUBS
100
AcDbBlockReference
 66
1
  2
GREEN_AI_SHRUB
 10
66.625
 20
6.125
 30
0.0
 41
0.6
 42
0.6
 43
0.6
  0
ATTRIB
  5
34B
330
17
100
AcDbEntity
  8
0
 60
1
100
AcDbText
 10
67.315
 20
6.125
 30
0.0
 40
0.108
  1
S-0054
 11
67.315
 21
6.125
 31
0.0
100
AcDbAttribute
  2
ID
 70
0
  0
ATTRIB
  5
34C
330
17
100
AcDbEntity
  8
0
 60
1
100
AcDbText
 10
67.315
 20
6.125
 30
0.0
 40
0.108
  1
Спирея Вангутта
 11
67.315
 21
6.125
 31
0.0
100
AcDbAttribute
  2
PORODA
 70
0
  0
ATTRIB
  5
34D
330
17
100
AcDbEntity
  8
0
 60
1
100
AcDbText
 10
67.315
 20
6.125
 30
0.0
 40
0.108
  1
Край проезжей части, кромка укреплённой полосы обочины: норма 1.0 м, факт 2.0 м (СП 42.13330.2016, таблица 9.1; 743-ПП п. 3.6.3; 623-ПП п. 4.2.4)
 11
67.315
 21
6.125
 31
0.0
100
AcDbAttribute
  2
NORMA
 70
0
  0
SEQEND
  5
34A
330
349
100
AcDbEntity
  8
GREEN_AI_SHRUBS
  0
INSERT
  5
34E
330
17
100
AcDbEntity
  8
GREEN_AI_SHRUBS
100
AcDbBlockReference
 66
1
  2
GREEN_AI_SHRUB
 10
67.875
 20
6.125
 30
0.0
 41
0.6
 42
0.6
 43
0.6
  0
ATTRIB
  5
350
330
17
100
AcDbEntity
  8
0
 60
1
100
AcDbText
 10
68.565
 20
6.125
 30
0.0
 40
0.108
  1
S-0055
 11
68.565
 21
6.125
 31
0.0
100
AcDbAttribute
  2
ID
 70
0
  0
ATTRIB
  5
351
330
17
100
AcDbEntity
  8
0
 60
1
100
AcDbText
 10
68.565
 20
6.125
 30
0.0
 40
0.108
  1
Спирея Вангутта
 11
68.565
 21
6.125
 31
0.0
100
AcDbAttribute
  2
PORODA
 70
0
  0
ATTRIB
  5
352
330
17
100
AcDbEntity
  8
0
 60
1
100
AcDbText
 10
68.565
 20
6.125
 30
0.0
 40
0.108
  1
Край проезжей части, кромка укреплённой полосы обочины: норма 1.0 м, факт 2.0 м (СП 42.13330.2016, таблица 9.1; 743-ПП п. 3.6.3; 623-ПП п. 4.2.4)
 11
68.565
 21
6.125
 31
0.0
100
AcDbAttribute
  2
NORMA
 70
0
  0
SEQEND
  5
34F
330
34E
100
AcDbEntity
  8
GREEN_AI_SHRUBS
  0
INSERT
  5
353
330
17
100
AcDbEntity
  8
GREEN_AI_SHRUBS
100
AcDbBlockReference
 66
1
  2
GREEN_AI_SHRUB
 10
69.125
 20
6.125
 30
0.0
 41
0.6
 42
0.6
 43
0.6
  0
ATTRIB
  5
355
330
17
100
AcDbEntity
  8
0
 60
1
100
AcDbText
 10
69.815
 20
6.125
 30
0.0
 40
0.108
  1
S-0056
 11
69.815
 21
6.125
 31
0.0
100
AcDbAttribute
  2
ID
 70
0
  0
ATTRIB
  5
356
330
17
100
AcDbEntity
  8
0
 60
1
100
AcDbText
 10
69.815
 20
6.125
 30
0.0
 40
0.108
  1
Спирея Вангутта
 11
69.815
 21
6.125
 31
0.0
100
AcDbAttribute
  2
PORODA
 70
0
  0
ATTRIB
  5
357
330
17
100
AcDbEntity
  8
0
 60
1
100
AcDbText
 10
69.815
 20
6.125
 30
0.0
 40
0.108
  1
Край проезжей части, кромка укреплённой полосы обочины: норма 1.0 м, факт 2.0 м (СП 42.13330.2016, таблица 9.1; 743-ПП п. 3.6.3; 623-ПП п. 4.2.4)
 11
69.815
 21
6.125
 31
0.0
100
AcDbAttribute
  2
NORMA
 70
0
  0
SEQEND
  5
354
330
353
100
AcDbEntity
  8
GREEN_AI_SHRUBS
  0
INSERT
  5
358
330
17
100
AcDbEntity
  8
GREEN_AI_SHRUBS
100
AcDbBlockReference
 66
1
  2
GREEN_AI_SHRUB
 10
70.375
 20
6.125
 30
0.0
 41
0.6
 42
0.6
 43
0.6
  0
ATTRIB
  5
35A
330
17
100
AcDbEntity
  8
0
 60
1
100
AcDbText
 10
71.065
 20
6.125
 30
0.0
 40
0.108
  1
S-0057
 11
71.065
 21
6.125
 31
0.0
100
AcDbAttribute
  2
ID
 70
0
  0
ATTRIB
  5
35B
330
17
100
AcDbEntity
  8
0
 60
1
100
AcDbText
 10
71.065
 20
6.125
 30
0.0
 40
0.108
  1
Спирея Вангутта
 11
71.065
 21
6.125
 31
0.0
100
AcDbAttribute
  2
PORODA
 70
0
  0
ATTRIB
  5
35C
330
17
100
AcDbEntity
  8
0
 60
1
100
AcDbText
 10
71.065
 20
6.125
 30
0.0
 40
0.108
  1
Край проезжей части, кромка укреплённой полосы обочины: норма 1.0 м, факт 2.0 м (СП 42.13330.2016, таблица 9.1; 743-ПП п. 3.6.3; 623-ПП п. 4.2.4)
 11
71.065
 21
6.125
 31
0.0
100
AcDbAttribute
  2
NORMA
 70
0
  0
SEQEND
  5
359
330
358
100
AcDbEntity
  8
GREEN_AI_SHRUBS
  0
INSERT
  5
35D
330
17
100
AcDbEntity
  8
GREEN_AI_SHRUBS
100
AcDbBlockReference
 66
1
  2
GREEN_AI_SHRUB
 10
71.625
 20
6.125
 30
0.0
 41
0.6
 42
0.6
 43
0.6
  0
ATTRIB
  5
35F
330
17
100
AcDbEntity
  8
0
 60
1
100
AcDbText
 10
72.315
 20
6.125
 30
0.0
 40
0.108
  1
S-0058
 11
72.315
 21
6.125
 31
0.0
100
AcDbAttribute
  2
ID
 70
0
  0
ATTRIB
  5
360
330
17
100
AcDbEntity
  8
0
 60
1
100
AcDbText
 10
72.315
 20
6.125
 30
0.0
 40
0.108
  1
Спирея Вангутта
 11
72.315
 21
6.125
 31
0.0
100
AcDbAttribute
  2
PORODA
 70
0
  0
ATTRIB
  5
361
330
17
100
AcDbEntity
  8
0
 60
1
100
AcDbText
 10
72.315
 20
6.125
 30
0.0
 40
0.108
  1
Край проезжей части, кромка укреплённой полосы обочины: норма 1.0 м, факт 2.0 м (СП 42.13330.2016, таблица 9.1; 743-ПП п. 3.6.3; 623-ПП п. 4.2.4)
 11
72.315
 21
6.125
 31
0.0
100
AcDbAttribute
  2
NORMA
 70
0
  0
SEQEND
  5
35E
330
35D
100
AcDbEntity
  8
GREEN_AI_SHRUBS
  0
INSERT
  5
362
330
17
100
AcDbEntity
  8
GREEN_AI_SHRUBS
100
AcDbBlockReference
 66
1
  2
GREEN_AI_SHRUB
 10
72.875
 20
6.125
 30
0.0
 41
0.6
 42
0.6
 43
0.6
  0
ATTRIB
  5
364
330
17
100
AcDbEntity
  8
0
 60
1
100
AcDbText
 10
73.565
 20
6.125
 30
0.0
 40
0.108
  1
S-0059
 11
73.565
 21
6.125
 31
0.0
100
AcDbAttribute
  2
ID
 70
0
  0
ATTRIB
  5
365
330
17
100
AcDbEntity
  8
0
 60
1
100
AcDbText
 10
73.565
 20
6.125
 30
0.0
 40
0.108
  1
Спирея Вангутта
 11
73.565
 21
6.125
 31
0.0
100
AcDbAttribute
  2
PORODA
 70
0
  0
ATTRIB
  5
366
330
17
100
AcDbEntity
  8
0
 60
1
100
AcDbText
 10
73.565
 20
6.125
 30
0.0
 40
0.108
  1
Край проезжей части, кромка укреплённой полосы обочины: норма 1.0 м, факт 2.0 м (СП 42.13330.2016, таблица 9.1; 743-ПП п. 3.6.3; 623-ПП п. 4.2.4)
 11
73.565
 21
6.125
 31
0.0
100
AcDbAttribute
  2
NORMA
 70
0
  0
SEQEND
  5
363
330
362
100
AcDbEntity
  8
GREEN_AI_SHRUBS
  0
INSERT
  5
367
330
17
100
AcDbEntity
  8
GREEN_AI_SHRUBS
100
AcDbBlockReference
 66
1
  2
GREEN_AI_SHRUB
 10
74.125
 20
6.125
 30
0.0
 41
0.6
 42
0.6
 43
0.6
  0
ATTRIB
  5
369
330
17
100
AcDbEntity
  8
0
 60
1
100
AcDbText
 10
74.815
 20
6.125
 30
0.0
 40
0.108
  1
S-0060
 11
74.815
 21
6.125
 31
0.0
100
AcDbAttribute
  2
ID
 70
0
  0
ATTRIB
  5
36A
330
17
100
AcDbEntity
  8
0
 60
1
100
AcDbText
 10
74.815
 20
6.125
 30
0.0
 40
0.108
  1
Спирея Вангутта
 11
74.815
 21
6.125
 31
0.0
100
AcDbAttribute
  2
PORODA
 70
0
  0
ATTRIB
  5
36B
330
17
100
AcDbEntity
  8
0
 60
1
100
AcDbText
 10
74.815
 20
6.125
 30
0.0
 40
0.108
  1
Край проезжей части, кромка укреплённой полосы обочины: норма 1.0 м, факт 2.0 м (СП 42.13330.2016, таблица 9.1; 743-ПП п. 3.6.3; 623-ПП п. 4.2.4)
 11
74.815
 21
6.125
 31
0.0
100
AcDbAttribute
  2
NORMA
 70
0
  0
SEQEND
  5
368
330
367
100
AcDbEntity
  8
GREEN_AI_SHRUBS
  0
INSERT
  5
36C
330
17
100
AcDbEntity
  8
GREEN_AI_SHRUBS
100
AcDbBlockReference
 66
1
  2
GREEN_AI_SHRUB
 10
75.375
 20
6.125
 30
0.0
 41
0.6
 42
0.6
 43
0.6
  0
ATTRIB
  5
36E
330
17
100
AcDbEntity
  8
0
 60
1
100
AcDbText
 10
76.065
 20
6.125
 30
0.0
 40
0.108
  1
S-0061
 11
76.065
 21
6.125
 31
0.0
100
AcDbAttribute
  2
ID
 70
0
  0
ATTRIB
  5
36F
330
17
100
AcDbEntity
  8
0
 60
1
100
AcDbText
 10
76.065
 20
6.125
 30
0.0
 40
0.108
  1
Спирея Вангутта
 11
76.065
 21
6.125
 31
0.0
100
AcDbAttribute
  2
PORODA
 70
0
  0
ATTRIB
  5
370
330
17
100
AcDbEntity
  8
0
 60
1
100
AcDbText
 10
76.065
 20
6.125
 30
0.0
 40
0.108
  1
Край проезжей части, кромка укреплённой полосы обочины: норма 1.0 м, факт 2.0 м (СП 42.13330.2016, таблица 9.1; 743-ПП п. 3.6.3; 623-ПП п. 4.2.4)
 11
76.065
 21
6.125
 31
0.0
100
AcDbAttribute
  2
NORMA
 70
0
  0
SEQEND
  5
36D
330
36C
100
AcDbEntity
  8
GREEN_AI_SHRUBS
  0
INSERT
  5
371
330
17
100
AcDbEntity
  8
GREEN_AI_SHRUBS
100
AcDbBlockReference
 66
1
  2
GREEN_AI_SHRUB
 10
76.625
 20
6.125
 30
0.0
 41
0.6
 42
0.6
 43
0.6
  0
ATTRIB
  5
373
330
17
100
AcDbEntity
  8
0
 60
1
100
AcDbText
 10
77.315
 20
6.125
 30
0.0
 40
0.108
  1
S-0062
 11
77.315
 21
6.125
 31
0.0
100
AcDbAttribute
  2
ID
 70
0
  0
ATTRIB
  5
374
330
17
100
AcDbEntity
  8
0
 60
1
100
AcDbText
 10
77.315
 20
6.125
 30
0.0
 40
0.108
  1
Спирея Вангутта
 11
77.315
 21
6.125
 31
0.0
100
AcDbAttribute
  2
PORODA
 70
0
  0
ATTRIB
  5
375
330
17
100
AcDbEntity
  8
0
 60
1
100
AcDbText
 10
77.315
 20
6.125
 30
0.0
 40
0.108
  1
Край проезжей части, кромка укреплённой полосы обочины: норма 1.0 м, факт 2.0 м (СП 42.13330.2016, таблица 9.1; 743-ПП п. 3.6.3; 623-ПП п. 4.2.4)
 11
77.315
 21
6.125
 31
0.0
100
AcDbAttribute
  2
NORMA
 70
0
  0
SEQEND
  5
372
330
371
100
AcDbEntity
  8
GREEN_AI_SHRUBS
  0
INSERT
  5
376
330
17
100
AcDbEntity
  8
GREEN_AI_SHRUBS
100
AcDbBlockReference
 66
1
  2
GREEN_AI_SHRUB
 10
77.875
 20
6.125
 30
0.0
 41
0.6
 42
0.6
 43
0.6
  0
ATTRIB
  5
378
330
17
100
AcDbEntity
  8
0
 60
1
100
AcDbText
 10
78.565
 20
6.125
 30
0.0
 40
0.108
  1
S-0063
 11
78.565
 21
6.125
 31
0.0
100
AcDbAttribute
  2
ID
 70
0
  0
ATTRIB
  5
379
330
17
100
AcDbEntity
  8
0
 60
1
100
AcDbText
 10
78.565
 20
6.125
 30
0.0
 40
0.108
  1
Спирея Вангутта
 11
78.565
 21
6.125
 31
0.0
100
AcDbAttribute
  2
PORODA
 70
0
  0
ATTRIB
  5
37A
330
17
100
AcDbEntity
  8
0
 60
1
100
AcDbText
 10
78.565
 20
6.125
 30
0.0
 40
0.108
  1
Край проезжей части, кромка укреплённой полосы обочины: норма 1.0 м, факт 2.0 м (СП 42.13330.2016, таблица 9.1; 743-ПП п. 3.6.3; 623-ПП п. 4.2.4)
 11
78.565
 21
6.125
 31
0.0
100
AcDbAttribute
  2
NORMA
 70
0
  0
SEQEND
  5
377
330
376
100
AcDbEntity
  8
GREEN_AI_SHRUBS
  0
INSERT
  5
37B
330
17
100
AcDbEntity
  8
GREEN_AI_SHRUBS
100
AcDbBlockReference
 66
1
  2
GREEN_AI_SHRUB
 10
81.875
 20
6.125
 30
0.0
 41
0.6
 42
0.6
 43
0.6
  0
ATTRIB
  5
37D
330
17
100
AcDbEntity
  8
0
 60
1
100
AcDbText
 10
82.565
 20
6.125
 30
0.0
 40
0.108
  1
S-0064
 11
82.565
 21
6.125
 31
0.0
100
AcDbAttribute
  2
ID
 70
0
  0
ATTRIB
  5
37E
330
17
100
AcDbEntity
  8
0
 60
1
100
AcDbText
 10
82.565
 20
6.125
 30
0.0
 40
0.108
  1
Спирея Вангутта
 11
82.565
 21
6.125
 31
0.0
100
AcDbAttribute
  2
PORODA
 70
0
  0
ATTRIB
  5
37F
330
17
100
AcDbEntity
  8
0
 60
1
100
AcDbText
 10
82.565
 20
6.125
 30
0.0
 40
0.108
  1
Канализация: норма 1.0 м, факт 1.75 м (СП 42.13330.2016, таблица 9.1; 743-ПП п. 3.6.3; 623-ПП п. 4.2.4)
 11
82.565
 21
6.125
 31
0.0
100
AcDbAttribute
  2
NORMA
 70
0
  0
SEQEND
  5
37C
330
37B
100
AcDbEntity
  8
GREEN_AI_SHRUBS
  0
INSERT
  5
380
330
17
100
AcDbEntity
  8
GREEN_AI_SHRUBS
100
AcDbBlockReference
 66
1
  2
GREEN_AI_SHRUB
 10
83.125
 20
6.125
 30
0.0
 41
0.6
 42
0.6
 43
0.6
  0
ATTRIB
  5
382
330
17
100
AcDbEntity
  8
0
 60
1
100
AcDbText
 10
83.815
 20
6.125
 30
0.0
 40
0.108
  1
S-0065
 11
83.815
 21
6.125
 31
0.0
100
AcDbAttribute
  2
ID
 70
0
  0
ATTRIB
  5
383
330
17
100
AcDbEntity
  8
0
 60
1
100
AcDbText
 10
83.815
 20
6.125
 30
0.0
 40
0.108
  1
Спирея Вангутта
 11
83.815
 21
6.125
 31
0.0
100
AcDbAttribute
  2
PORODA
 70
0
  0
ATTRIB
  5
384
330
17
100
AcDbEntity
  8
0
 60
1
100
AcDbText
 10
83.815
 20
6.125
 30
0.0
 40
0.108
  1
Край проезжей части, кромка укреплённой полосы обочины: норма 1.0 м, факт 2.0 м (СП 42.13330.2016, таблица 9.1; 743-ПП п. 3.6.3; 623-ПП п. 4.2.4)
 11
83.815
 21
6.125
 31
0.0
100
AcDbAttribute
  2
NORMA
 70
0
  0
SEQEND
  5
381
330
380
100
AcDbEntity
  8
GREEN_AI_SHRUBS
  0
INSERT
  5
385
330
17
100
AcDbEntity
  8
GREEN_AI_SHRUBS
100
AcDbBlockReference
 66
1
  2
GREEN_AI_SHRUB
 10
84.375
 20
6.125
 30
0.0
 41
0.6
 42
0.6
 43
0.6
  0
ATTRIB
  5
387
330
17
100
AcDbEntity
  8
0
 60
1
100
AcDbText
 10
85.065
 20
6.125
 30
0.0
 40
0.108
  1
S-0066
 11
85.065
 21
6.125
 31
0.0
100
AcDbAttribute
  2
ID
 70
0
  0
ATTRIB
  5
388
330
17
100
AcDbEntity
  8
0
 60
1
100
AcDbText
 10
85.065
 20
6.125
 30
0.0
 40
0.108
  1
Спирея Вангутта
 11
85.065
 21
6.125
 31
0.0
100
AcDbAttribute
  2
PORODA
 70
0
  0
ATTRIB
  5
389
330
17
100
AcDbEntity
  8
0
 60
1
100
AcDbText
 10
85.065
 20
6.125
 30
0.0
 40
0.108
  1
Край проезжей части, кромка укреплённой полосы обочины: норма 1.0 м, факт 2.0 м (СП 42.13330.2016, таблица 9.1; 743-ПП п. 3.6.3; 623-ПП п. 4.2.4)
 11
85.065
 21
6.125
 31
0.0
100
AcDbAttribute
  2
NORMA
 70
0
  0
SEQEND
  5
386
330
385
100
AcDbEntity
  8
GREEN_AI_SHRUBS
  0
INSERT
  5
38A
330
17
100
AcDbEntity
  8
GREEN_AI_SHRUBS
100
AcDbBlockReference
 66
1
  2
GREEN_AI_SHRUB
 10
85.625
 20
6.125
 30
0.0
 41
0.6
 42
0.6
 43
0.6
  0
ATTRIB
  5
38C
330
17
100
AcDbEntity
  8
0
 60
1
100
AcDbText
 10
86.315
 20
6.125
 30
0.0
 40
0.108
  1
S-0067
 11
86.315
 21
6.125
 31
0.0
100
AcDbAttribute
  2
ID
 70
0
  0
ATTRIB
  5
38D
330
17
100
AcDbEntity
  8
0
 60
1
100
AcDbText
 10
86.315
 20
6.125
 30
0.0
 40
0.108
  1
Спирея Вангутта
 11
86.315
 21
6.125
 31
0.0
100
AcDbAttribute
  2
PORODA
 70
0
  0
ATTRIB
  5
38E
330
17
100
AcDbEntity
  8
0
 60
1
100
AcDbText
 10
86.315
 20
6.125
 30
0.0
 40
0.108
  1
Край проезжей части, кромка укреплённой полосы обочины: норма 1.0 м, факт 2.0 м (СП 42.13330.2016, таблица 9.1; 743-ПП п. 3.6.3; 623-ПП п. 4.2.4)
 11
86.315
 21
6.125
 31
0.0
100
AcDbAttribute
  2
NORMA
 70
0
  0
SEQEND
  5
38B
330
38A
100
AcDbEntity
  8
GREEN_AI_SHRUBS
  0
INSERT
  5
38F
330
17
100
AcDbEntity
  8
GREEN_AI_SHRUBS
100
AcDbBlockReference
 66
1
  2
GREEN_AI_SHRUB
 10
86.875
 20
6.125
 30
0.0
 41
0.6
 42
0.6
 43
0.6
  0
ATTRIB
  5
391
330
17
100
AcDbEntity
  8
0
 60
1
100
AcDbText
 10
87.565
 20
6.125
 30
0.0
 40
0.108
  1
S-0068
 11
87.565
 21
6.125
 31
0.0
100
AcDbAttribute
  2
ID
 70
0
  0
ATTRIB
  5
392
330
17
100
AcDbEntity
  8
0
 60
1
100
AcDbText
 10
87.565
 20
6.125
 30
0.0
 40
0.108
  1
Спирея Вангутта
 11
87.565
 21
6.125
 31
0.0
100
AcDbAttribute
  2
PORODA
 70
0
  0
ATTRIB
  5
393
330
17
100
AcDbEntity
  8
0
 60
1
100
AcDbText
 10
87.565
 20
6.125
 30
0.0
 40
0.108
  1
Край проезжей части, кромка укреплённой полосы обочины: норма 1.0 м, факт 2.0 м (СП 42.13330.2016, таблица 9.1; 743-ПП п. 3.6.3; 623-ПП п. 4.2.4)
 11
87.565
 21
6.125
 31
0.0
100
AcDbAttribute
  2
NORMA
 70
0
  0
SEQEND
  5
390
330
38F
100
AcDbEntity
  8
GREEN_AI_SHRUBS
  0
INSERT
  5
394
330
17
100
AcDbEntity
  8
GREEN_AI_SHRUBS
100
AcDbBlockReference
 66
1
  2
GREEN_AI_SHRUB
 10
88.125
 20
6.125
 30
0.0
 41
0.6
 42
0.6
 43
0.6
  0
ATTRIB
  5
396
330
17
100
AcDbEntity
  8
0
 60
1
100
AcDbText
 10
88.815
 20
6.125
 30
0.0
 40
0.108
  1
S-0069
 11
88.815
 21
6.125
 31
0.0
100
AcDbAttribute
  2
ID
 70
0
  0
ATTRIB
  5
397
330
17
100
AcDbEntity
  8
0
 60
1
100
AcDbText
 10
88.815
 20
6.125
 30
0.0
 40
0.108
  1
Спирея Вангутта
 11
88.815
 21
6.125
 31
0.0
100
AcDbAttribute
  2
PORODA
 70
0
  0
ATTRIB
  5
398
330
17
100
AcDbEntity
  8
0
 60
1
100
AcDbText
 10
88.815
 20
6.125
 30
0.0
 40
0.108
  1
Край проезжей части, кромка укреплённой полосы обочины: норма 1.0 м, факт 2.0 м (СП 42.13330.2016, таблица 9.1; 743-ПП п. 3.6.3; 623-ПП п. 4.2.4)
 11
88.815
 21
6.125
 31
0.0
100
AcDbAttribute
  2
NORMA
 70
0
  0
SEQEND
  5
395
330
394
100
AcDbEntity
  8
GREEN_AI_SHRUBS
  0
INSERT
  5
399
330
17
100
AcDbEntity
  8
GREEN_AI_SHRUBS
100
AcDbBlockReference
 66
1
  2
GREEN_AI_SHRUB
 10
89.375
 20
6.125
 30
0.0
 41
0.6
 42
0.6
 43
0.6
  0
ATTRIB
  5
39B
330
17
100
AcDbEntity
  8
0
 60
1
100
AcDbText
 10
90.065
 20
6.125
 30
0.0
 40
0.108
  1
S-0070
 11
90.065
 21
6.125
 31
0.0
100
AcDbAttribute
  2
ID
 70
0
  0
ATTRIB
  5
39C
330
17
100
AcDbEntity
  8
0
 60
1
100
AcDbText
 10
90.065
 20
6.125
 30
0.0
 40
0.108
  1
Спирея Вангутта
 11
90.065
 21
6.125
 31
0.0
100
AcDbAttribute
  2
PORODA
 70
0
  0
ATTRIB
  5
39D
330
17
100
AcDbEntity
  8
0
 60
1
100
AcDbText
 10
90.065
 20
6.125
 30
0.0
 40
0.108
  1
Край проезжей части, кромка укреплённой полосы обочины: норма 1.0 м, факт 2.0 м (СП 42.13330.2016, таблица 9.1; 743-ПП п. 3.6.3; 623-ПП п. 4.2.4)
 11
90.065
 21
6.125
 31
0.0
100
AcDbAttribute
  2
NORMA
 70
0
  0
SEQEND
  5
39A
330
399
100
AcDbEntity
  8
GREEN_AI_SHRUBS
  0
INSERT
  5
39E
330
17
100
AcDbEntity
  8
GREEN_AI_SHRUBS
100
AcDbBlockReference
 66
1
  2
GREEN_AI_SHRUB
 10
90.625
 20
6.125
 30
0.0
 41
0.6
 42
0.6
 43
0.6
  0
ATTRIB
  5
3A0
330
17
100
AcDbEntity
  8
0
 60
1
100
AcDbText
 10
91.315
 20
6.125
 30
0.0
 40
0.108
  1
S-0071
 11
91.315
 21
6.125
 31
0.0
100
AcDbAttribute
  2
ID
 70
0
  0
ATTRIB
  5
3A1
330
17
100
AcDbEntity
  8
0
 60
1
100
AcDbText
 10
91.315
 20
6.125
 30
0.0
 40
0.108
  1
Спирея Вангутта
 11
91.315
 21
6.125
 31
0.0
100
AcDbAttribute
  2
PORODA
 70
0
  0
ATTRIB
  5
3A2
330
17
100
AcDbEntity
  8
0
 60
1
100
AcDbText
 10
91.315
 20
6.125
 30
0.0
 40
0.108
  1
Край проезжей части, кромка укреплённой полосы обочины: норма 1.0 м, факт 2.0 м (СП 42.13330.2016, таблица 9.1; 743-ПП п. 3.6.3; 623-ПП п. 4.2.4)
 11
91.315
 21
6.125
 31
0.0
100
AcDbAttribute
  2
NORMA
 70
0
  0
SEQEND
  5
39F
330
39E
100
AcDbEntity
  8
GREEN_AI_SHRUBS
  0
INSERT
  5
3A3
330
17
100
AcDbEntity
  8
GREEN_AI_SHRUBS
100
AcDbBlockReference
 66
1
  2
GREEN_AI_SHRUB
 10
91.875
 20
6.125
 30
0.0
 41
0.6
 42
0.6
 43
0.6
  0
ATTRIB
  5
3A5
330
17
100
AcDbEntity
  8
0
 60
1
100
AcDbText
 10
92.565
 20
6.125
 30
0.0
 40
0.108
  1
S-0072
 11
92.565
 21
6.125
 31
0.0
100
AcDbAttribute
  2
ID
 70
0
  0
ATTRIB
  5
3A6
330
17
100
AcDbEntity
  8
0
 60
1
100
AcDbText
 10
92.565
 20
6.125
 30
0.0
 40
0.108
  1
Спирея Вангутта
 11
92.565
 21
6.125
 31
0.0
100
AcDbAttribute
  2
PORODA
 70
0
  0
ATTRIB
  5
3A7
330
17
100
AcDbEntity
  8
0
 60
1
100
AcDbText
 10
92.565
 20
6.125
 30
0.0
 40
0.108
  1
Край проезжей части, кромка укреплённой полосы обочины: норма 1.0 м, факт 2.0 м (СП 42.13330.2016, таблица 9.1; 743-ПП п. 3.6.3; 623-ПП п. 4.2.4)
 11
92.565
 21
6.125
 31
0.0
100
AcDbAttribute
  2
NORMA
 70
0
  0
SEQEND
  5
3A4
330
3A3
100
AcDbEntity
  8
GREEN_AI_SHRUBS
  0
INSERT
  5
3A8
330
17
100
AcDbEntity
  8
GREEN_AI_SHRUBS
100
AcDbBlockReference
 66
1
  2
GREEN_AI_SHRUB
 10
93.125
 20
6.125
 30
0.0
 41
0.6
 42
0.6
 43
0.6
  0
ATTRIB
  5
3AA
330
17
100
AcDbEntity
  8
0
 60
1
100
AcDbText
 10
93.815
 20
6.125
 30
0.0
 40
0.108
  1
S-0073
 11
93.815
 21
6.125
 31
0.0
100
AcDbAttribute
  2
ID
 70
0
  0
ATTRIB
  5
3AB
330
17
100
AcDbEntity
  8
0
 60
1
100
AcDbText
 10
93.815
 20
6.125
 30
0.0
 40
0.108
  1
Спирея Вангутта
 11
93.815
 21
6.125
 31
0.0
100
AcDbAttribute
  2
PORODA
 70
0
  0
ATTRIB
  5
3AC
330
17
100
AcDbEntity
  8
0
 60
1
100
AcDbText
 10
93.815
 20
6.125
 30
0.0
 40
0.108
  1
Край проезжей части, кромка укреплённой полосы обочины: норма 1.0 м, факт 2.0 м (СП 42.13330.2016, таблица 9.1; 743-ПП п. 3.6.3; 623-ПП п. 4.2.4)
 11
93.815
 21
6.125
 31
0.0
100
AcDbAttribute
  2
NORMA
 70
0
  0
SEQEND
  5
3A9
330
3A8
100
AcDbEntity
  8
GREEN_AI_SHRUBS
  0
INSERT
  5
3AD
330
17
100
AcDbEntity
  8
GREEN_AI_SHRUBS
100
AcDbBlockReference
 66
1
  2
GREEN_AI_SHRUB
 10
94.375
 20
6.125
 30
0.0
 41
0.6
 42
0.6
 43
0.6
  0
ATTRIB
  5
3AF
330
17
100
AcDbEntity
  8
0
 60
1
100
AcDbText
 10
95.065
 20
6.125
 30
0.0
 40
0.108
  1
S-0074
 11
95.065
 21
6.125
 31
0.0
100
AcDbAttribute
  2
ID
 70
0
  0
ATTRIB
  5
3B0
330
17
100
AcDbEntity
  8
0
 60
1
100
AcDbText
 10
95.065
 20
6.125
 30
0.0
 40
0.108
  1
Спирея Вангутта
 11
95.065
 21
6.125
 31
0.0
100
AcDbAttribute
  2
PORODA
 70
0
  0
ATTRIB
  5
3B1
330
17
100
AcDbEntity
  8
0
 60
1
100
AcDbText
 10
95.065
 20
6.125
 30
0.0
 40
0.108
  1
Край проезжей части, кромка укреплённой полосы обочины: норма 1.0 м, факт 2.0 м (СП 42.13330.2016, таблица 9.1; 743-ПП п. 3.6.3; 623-ПП п. 4.2.4)
 11
95.065
 21
6.125
 31
0.0
100
AcDbAttribute
  2
NORMA
 70
0
  0
SEQEND
  5
3AE
330
3AD
100
AcDbEntity
  8
GREEN_AI_SHRUBS
  0
INSERT
  5
3B2
330
17
100
AcDbEntity
  8
GREEN_AI_SHRUBS
100
AcDbBlockReference
 66
1
  2
GREEN_AI_SHRUB
 10
95.625
 20
6.125
 30
0.0
 41
0.6
 42
0.6
 43
0.6
  0
ATTRIB
  5
3B4
330
17
100
AcDbEntity
  8
0
 60
1
100
AcDbText
 10
96.315
 20
6.125
 30
0.0
 40
0.108
  1
S-0075
 11
96.315
 21
6.125
 31
0.0
100
AcDbAttribute
  2
ID
 70
0
  0
ATTRIB
  5
3B5
330
17
100
AcDbEntity
  8
0
 60
1
100
AcDbText
 10
96.315
 20
6.125
 30
0.0
 40
0.108
  1
Спирея Вангутта
 11
96.315
 21
6.125
 31
0.0
100
AcDbAttribute
  2
PORODA
 70
0
  0
ATTRIB
  5
3B6
330
17
100
AcDbEntity
  8
0
 60
1
100
AcDbText
 10
96.315
 20
6.125
 30
0.0
 40
0.108
  1
Край проезжей части, кромка укреплённой полосы обочины: норма 1.0 м, факт 2.0 м (СП 42.13330.2016, таблица 9.1; 743-ПП п. 3.6.3; 623-ПП п. 4.2.4)
 11
96.315
 21
6.125
 31
0.0
100
AcDbAttribute
  2
NORMA
 70
0
  0
SEQEND
  5
3B3
330
3B2
100
AcDbEntity
  8
GREEN_AI_SHRUBS
  0
INSERT
  5
3B7
330
17
100
AcDbEntity
  8
GREEN_AI_SHRUBS
100
AcDbBlockReference
 66
1
  2
GREEN_AI_SHRUB
 10
96.875
 20
6.125
 30
0.0
 41
0.6
 42
0.6
 43
0.6
  0
ATTRIB
  5
3B9
330
17
100
AcDbEntity
  8
0
 60
1
100
AcDbText
 10
97.565
 20
6.125
 30
0.0
 40
0.108
  1
S-0076
 11
97.565
 21
6.125
 31
0.0
100
AcDbAttribute
  2
ID
 70
0
  0
ATTRIB
  5
3BA
330
17
100
AcDbEntity
  8
0
 60
1
100
AcDbText
 10
97.565
 20
6.125
 30
0.0
 40
0.108
  1
Спирея Вангутта
 11
97.565
 21
6.125
 31
0.0
100
AcDbAttribute
  2
PORODA
 70
0
  0
ATTRIB
  5
3BB
330
17
100
AcDbEntity
  8
0
 60
1
100
AcDbText
 10
97.565
 20
6.125
 30
0.0
 40
0.108
  1
Край проезжей части, кромка укреплённой полосы обочины: норма 1.0 м, факт 2.0 м (СП 42.13330.2016, таблица 9.1; 743-ПП п. 3.6.3; 623-ПП п. 4.2.4)
 11
97.565
 21
6.125
 31
0.0
100
AcDbAttribute
  2
NORMA
 70
0
  0
SEQEND
  5
3B8
330
3B7
100
AcDbEntity
  8
GREEN_AI_SHRUBS
  0
INSERT
  5
3BC
330
17
100
AcDbEntity
  8
GREEN_AI_SHRUBS
100
AcDbBlockReference
 66
1
  2
GREEN_AI_SHRUB
 10
98.125
 20
6.125
 30
0.0
 41
0.6
 42
0.6
 43
0.6
  0
ATTRIB
  5
3BE
330
17
100
AcDbEntity
  8
0
 60
1
100
AcDbText
 10
98.815
 20
6.125
 30
0.0
 40
0.108
  1
S-0077
 11
98.815
 21
6.125
 31
0.0
100
AcDbAttribute
  2
ID
 70
0
  0
ATTRIB
  5
3BF
330
17
100
AcDbEntity
  8
0
 60
1
100
AcDbText
 10
98.815
 20
6.125
 30
0.0
 40
0.108
  1
Спирея Вангутта
 11
98.815
 21
6.125
 31
0.0
100
AcDbAttribute
  2
PORODA
 70
0
  0
ATTRIB
  5
3C0
330
17
100
AcDbEntity
  8
0
 60
1
100
AcDbText
 10
98.815
 20
6.125
 30
0.0
 40
0.108
  1
Край проезжей части, кромка укреплённой полосы обочины: норма 1.0 м, факт 2.0 м (СП 42.13330.2016, таблица 9.1; 743-ПП п. 3.6.3; 623-ПП п. 4.2.4)
 11
98.815
 21
6.125
 31
0.0
100
AcDbAttribute
  2
NORMA
 70
0
  0
SEQEND
  5
3BD
330
3BC
100
AcDbEntity
  8
GREEN_AI_SHRUBS
  0
INSERT
  5
3C1
330
17
100
AcDbEntity
  8
GREEN_AI_SHRUBS
100
AcDbBlockReference
 66
1
  2
GREEN_AI_SHRUB
 10
99.375
 20
6.125
 30
0.0
 41
0.6
 42
0.6
 43
0.6
  0
ATTRIB
  5
3C3
330
17
100
AcDbEntity
  8
0
 60
1
100
AcDbText
 10
100.065
 20
6.125
 30
0.0
 40
0.108
  1
S-0078
 11
100.065
 21
6.125
 31
0.0
100
AcDbAttribute
  2
ID
 70
0
  0
ATTRIB
  5
3C4
330
17
100
AcDbEntity
  8
0
 60
1
100
AcDbText
 10
100.065
 20
6.125
 30
0.0
 40
0.108
  1
Спирея Вангутта
 11
100.065
 21
6.125
 31
0.0
100
AcDbAttribute
  2
PORODA
 70
0
  0
ATTRIB
  5
3C5
330
17
100
AcDbEntity
  8
0
 60
1
100
AcDbText
 10
100.065
 20
6.125
 30
0.0
 40
0.108
  1
Край проезжей части, кромка укреплённой полосы обочины: норма 1.0 м, факт 2.0 м (СП 42.13330.2016, таблица 9.1; 743-ПП п. 3.6.3; 623-ПП п. 4.2.4)
 11
100.065
 21
6.125
 31
0.0
100
AcDbAttribute
  2
NORMA
 70
0
  0
SEQEND
  5
3C2
330
3C1
100
AcDbEntity
  8
GREEN_AI_SHRUBS
  0
INSERT
  5
3C6
330
17
100
AcDbEntity
  8
GREEN_AI_SHRUBS
100
AcDbBlockReference
 66
1
  2
GREEN_AI_SHRUB
 10
100.625
 20
6.125
 30
0.0
 41
0.6
 42
0.6
 43
0.6
  0
ATTRIB
  5
3C8
330
17
100
AcDbEntity
  8
0
 60
1
100
AcDbText
 10
101.315
 20
6.125
 30
0.0
 40
0.108
  1
S-0079
 11
101.315
 21
6.125
 31
0.0
100
AcDbAttribute
  2
ID
 70
0
  0
ATTRIB
  5
3C9
330
17
100
AcDbEntity
  8
0
 60
1
100
AcDbText
 10
101.315
 20
6.125
 30
0.0
 40
0.108
  1
Спирея Вангутта
 11
101.315
 21
6.125
 31
0.0
100
AcDbAttribute
  2
PORODA
 70
0
  0
ATTRIB
  5
3CA
330
17
100
AcDbEntity
  8
0
 60
1
100
AcDbText
 10
101.315
 20
6.125
 30
0.0
 40
0.108
  1
Край проезжей части, кромка укреплённой полосы обочины: норма 1.0 м, факт 2.0 м (СП 42.13330.2016, таблица 9.1; 743-ПП п. 3.6.3; 623-ПП п. 4.2.4)
 11
101.315
 21
6.125
 31
0.0
100
AcDbAttribute
  2
NORMA
 70
0
  0
SEQEND
  5
3C7
330
3C6
100
AcDbEntity
  8
GREEN_AI_SHRUBS
  0
INSERT
  5
3CB
330
17
100
AcDbEntity
  8
GREEN_AI_SHRUBS
100
AcDbBlockReference
 66
1
  2
GREEN_AI_SHRUB
 10
101.875
 20
6.125
 30
0.0
 41
0.6
 42
0.6
 43
0.6
  0
ATTRIB
  5
3CD
330
17
100
AcDbEntity
  8
0
 60
1
100
AcDbText
 10
102.565
 20
6.125
 30
0.0
 40
0.108
  1
S-0080
 11
102.565
 21
6.125
 31
0.0
100
AcDbAttribute
  2
ID
 70
0
  0
ATTRIB
  5
3CE
330
17
100
AcDbEntity
  8
0
 60
1
100
AcDbText
 10
102.565
 20
6.125
 30
0.0
 40
0.108
  1
Спирея Вангутта
 11
102.565
 21
6.125
 31
0.0
100
AcDbAttribute
  2
PORODA
 70
0
  0
ATTRIB
  5
3CF
330
17
100
AcDbEntity
  8
0
 60
1
100
AcDbText
 10
102.565
 20
6.125
 30
0.0
 40
0.108
  1
Край проезжей части, кромка укреплённой полосы обочины: норма 1.0 м, факт 2.0 м (СП 42.13330.2016, таблица 9.1; 743-ПП п. 3.6.3; 623-ПП п. 4.2.4)
 11
102.565
 21
6.125
 31
0.0
100
AcDbAttribute
  2
NORMA
 70
0
  0
SEQEND
  5
3CC
330
3CB
100
AcDbEntity
  8
GREEN_AI_SHRUBS
  0
INSERT
  5
3D0
330
17
100
AcDbEntity
  8
GREEN_AI_SHRUBS
100
AcDbBlockReference
 66
1
  2
GREEN_AI_SHRUB
 10
103.125
 20
6.125
 30
0.0
 41
0.3
 42
0.3
 43
0.3
  0
ATTRIB
  5
3D2
330
17
100
AcDbEntity
  8
0
 60
1
100
AcDbText
 10
103.47
 20
6.125
 30
0.0
 40
0.054
  1
S-0081
 11
103.47
 21
6.125
 31
0.0
100
AcDbAttribute
  2
ID
 70
0
  0
ATTRIB
  5
3D3
330
17
100
AcDbEntity
  8
0
 60
1
100
AcDbText
 10
103.47
 20
6.125
 30
0.0
 40
0.054
  1
Кизильник блестящий
 11
103.47
 21
6.125
 31
0.0
100
AcDbAttribute
  2
PORODA
 70
0
  0
ATTRIB
  5
3D4
330
17
100
AcDbEntity
  8
0
 60
1
100
AcDbText
 10
103.47
 20
6.125
 30
0.0
 40
0.054
  1
Край проезжей части, кромка укреплённой полосы обочины: норма 1.0 м, факт 2.0 м (СП 42.13330.2016, таблица 9.1; 743-ПП п. 3.6.3; 623-ПП п. 4.2.4)
 11
103.47
 21
6.125
 31
0.0
100
AcDbAttribute
  2
NORMA
 70
0
  0
SEQEND
  5
3D1
330
3D0
100
AcDbEntity
  8
GREEN_AI_SHRUBS
  0
INSERT
  5
3D5
330
17
100
AcDbEntity
  8
GREEN_AI_SHRUBS
100
AcDbBlockReference
 66
1
  2
GREEN_AI_SHRUB
 10
104.375
 20
6.125
 30
0.0
 41
0.3
 42
0.3
 43
0.3
  0
ATTRIB
  5
3D7
330
17
100
AcDbEntity
  8
0
 60
1
100
AcDbText
 10
104.72
 20
6.125
 30
0.0
 40
0.054
  1
S-0082
 11
104.72
 21
6.125
 31
0.0
100
AcDbAttribute
  2
ID
 70
0
  0
ATTRIB
  5
3D8
330
17
100
AcDbEntity
  8
0
 60
1
100
AcDbText
 10
104.72
 20
6.125
 30
0.0
 40
0.054
  1
Кизильник блестящий
 11
104.72
 21
6.125
 31
0.0
100
AcDbAttribute
  2
PORODA
 70
0
  0
ATTRIB
  5
3D9
330
17
100
AcDbEntity
  8
0
 60
1
100
AcDbText
 10
104.72
 20
6.125
 30
0.0
 40
0.054
  1
Край проезжей части, кромка укреплённой полосы обочины: норма 1.0 м, факт 2.0 м (СП 42.13330.2016, таблица 9.1; 743-ПП п. 3.6.3; 623-ПП п. 4.2.4)
 11
104.72
 21
6.125
 31
0.0
100
AcDbAttribute
  2
NORMA
 70
0
  0
SEQEND
  5
3D6
330
3D5
100
AcDbEntity
  8
GREEN_AI_SHRUBS
  0
INSERT
  5
3DA
330
17
100
AcDbEntity
  8
GREEN_AI_SHRUBS
100
AcDbBlockReference
 66
1
  2
GREEN_AI_SHRUB
 10
105.625
 20
6.125
 30
0.0
 41
0.3
 42
0.3
 43
0.3
  0
ATTRIB
  5
3DC
330
17
100
AcDbEntity
  8
0
 60
1
100
AcDbText
 10
105.97
 20
6.125
 30
0.0
 40
0.054
  1
S-0083
 11
105.97
 21
6.125
 31
0.0
100
AcDbAttribute
  2
ID
 70
0
  0
ATTRIB
  5
3DD
330
17
100
AcDbEntity
  8
0
 60
1
100
AcDbText
 10
105.97
 20
6.125
 30
0.0
 40
0.054
  1
Кизильник блестящий
 11
105.97
 21
6.125
 31
0.0
100
AcDbAttribute
  2
PORODA
 70
0
  0
ATTRIB
  5
3DE
330
17
100
AcDbEntity
  8
0
 60
1
100
AcDbText
 10
105.97
 20
6.125
 30
0.0
 40
0.054
  1
Край проезжей части, кромка укреплённой полосы обочины: норма 1.0 м, факт 2.0 м (СП 42.13330.2016, таблица 9.1; 743-ПП п. 3.6.3; 623-ПП п. 4.2.4)
 11
105.97
 21
6.125
 31
0.0
100
AcDbAttribute
  2
NORMA
 70
0
  0
SEQEND
  5
3DB
330
3DA
100
AcDbEntity
  8
GREEN_AI_SHRUBS
  0
INSERT
  5
3DF
330
17
100
AcDbEntity
  8
GREEN_AI_SHRUBS
100
AcDbBlockReference
 66
1
  2
GREEN_AI_SHRUB
 10
106.875
 20
6.125
 30
0.0
 41
0.3
 42
0.3
 43
0.3
  0
ATTRIB
  5
3E1
330
17
100
AcDbEntity
  8
0
 60
1
100
AcDbText
 10
107.22
 20
6.125
 30
0.0
 40
0.054
  1
S-0084
 11
107.22
 21
6.125
 31
0.0
100
AcDbAttribute
  2
ID
 70
0
  0
ATTRIB
  5
3E2
330
17
100
AcDbEntity
  8
0
 60
1
100
AcDbText
 10
107.22
 20
6.125
 30
0.0
 40
0.054
  1
Кизильник блестящий
 11
107.22
 21
6.125
 31
0.0
100
AcDbAttribute
  2
PORODA
 70
0
  0
ATTRIB
  5
3E3
330
17
100
AcDbEntity
  8
0
 60
1
100
AcDbText
 10
107.22
 20
6.125
 30
0.0
 40
0.054
  1
Край проезжей части, кромка укреплённой полосы обочины: норма 1.0 м, факт 2.0 м (СП 42.13330.2016, таблица 9.1; 743-ПП п. 3.6.3; 623-ПП п. 4.2.4)
 11
107.22
 21
6.125
 31
0.0
100
AcDbAttribute
  2
NORMA
 70
0
  0
SEQEND
  5
3E0
330
3DF
100
AcDbEntity
  8
GREEN_AI_SHRUBS
  0
INSERT
  5
3E4
330
17
100
AcDbEntity
  8
GREEN_AI_SHRUBS
100
AcDbBlockReference
 66
1
  2
GREEN_AI_SHRUB
 10
108.125
 20
6.125
 30
0.0
 41
0.3
 42
0.3
 43
0.3
  0
ATTRIB
  5
3E6
330
17
100
AcDbEntity
  8
0
 60
1
100
AcDbText
 10
108.47
 20
6.125
 30
0.0
 40
0.054
  1
S-0085
 11
108.47
 21
6.125
 31
0.0
100
AcDbAttribute
  2
ID
 70
0
  0
ATTRIB
  5
3E7
330
17
100
AcDbEntity
  8
0
 60
1
100
AcDbText
 10
108.47
 20
6.125
 30
0.0
 40
0.054
  1
Кизильник блестящий
 11
108.47
 21
6.125
 31
0.0
100
AcDbAttribute
  2
PORODA
 70
0
  0
ATTRIB
  5
3E8
330
17
100
AcDbEntity
  8
0
 60
1
100
AcDbText
 10
108.47
 20
6.125
 30
0.0
 40
0.054
  1
Край проезжей части, кромка укреплённой полосы обочины: норма 1.0 м, факт 2.0 м (СП 42.13330.2016, таблица 9.1; 743-ПП п. 3.6.3; 623-ПП п. 4.2.4)
 11
108.47
 21
6.125
 31
0.0
100
AcDbAttribute
  2
NORMA
 70
0
  0
SEQEND
  5
3E5
330
3E4
100
AcDbEntity
  8
GREEN_AI_SHRUBS
  0
INSERT
  5
3E9
330
17
100
AcDbEntity
  8
GREEN_AI_SHRUBS
100
AcDbBlockReference
 66
1
  2
GREEN_AI_SHRUB
 10
109.375
 20
6.125
 30
0.0
 41
0.3
 42
0.3
 43
0.3
  0
ATTRIB
  5
3EB
330
17
100
AcDbEntity
  8
0
 60
1
100
AcDbText
 10
109.72
 20
6.125
 30
0.0
 40
0.054
  1
S-0086
 11
109.72
 21
6.125
 31
0.0
100
AcDbAttribute
  2
ID
 70
0
  0
ATTRIB
  5
3EC
330
17
100
AcDbEntity
  8
0
 60
1
100
AcDbText
 10
109.72
 20
6.125
 30
0.0
 40
0.054
  1
Кизильник блестящий
 11
109.72
 21
6.125
 31
0.0
100
AcDbAttribute
  2
PORODA
 70
0
  0
ATTRIB
  5
3ED
330
17
100
AcDbEntity
  8
0
 60
1
100
AcDbText
 10
109.72
 20
6.125
 30
0.0
 40
0.054
  1
Край проезжей части, кромка укреплённой полосы обочины: норма 1.0 м, факт 2.0 м (СП 42.13330.2016, таблица 9.1; 743-ПП п. 3.6.3; 623-ПП п. 4.2.4)
 11
109.72
 21
6.125
 31
0.0
100
AcDbAttribute
  2
NORMA
 70
0
  0
SEQEND
  5
3EA
330
3E9
100
AcDbEntity
  8
GREEN_AI_SHRUBS
  0
INSERT
  5
3EE
330
17
100
AcDbEntity
  8
GREEN_AI_SHRUBS
100
AcDbBlockReference
 66
1
  2
GREEN_AI_SHRUB
 10
110.625
 20
6.125
 30
0.0
 41
0.3
 42
0.3
 43
0.3
  0
ATTRIB
  5
3F0
330
17
100
AcDbEntity
  8
0
 60
1
100
AcDbText
 10
110.97
 20
6.125
 30
0.0
 40
0.054
  1
S-0087
 11
110.97
 21
6.125
 31
0.0
100
AcDbAttribute
  2
ID
 70
0
  0
ATTRIB
  5
3F1
330
17
100
AcDbEntity
  8
0
 60
1
100
AcDbText
 10
110.97
 20
6.125
 30
0.0
 40
0.054
  1
Кизильник блестящий
 11
110.97
 21
6.125
 31
0.0
100
AcDbAttribute
  2
PORODA
 70
0
  0
ATTRIB
  5
3F2
330
17
100
AcDbEntity
  8
0
 60
1
100
AcDbText
 10
110.97
 20
6.125
 30
0.0
 40
0.054
  1
Край проезжей части, кромка укреплённой полосы обочины: норма 1.0 м, факт 2.0 м (СП 42.13330.2016, таблица 9.1; 743-ПП п. 3.6.3; 623-ПП п. 4.2.4)
 11
110.97
 21
6.125
 31
0.0
100
AcDbAttribute
  2
NORMA
 70
0
  0
SEQEND
  5
3EF
330
3EE
100
AcDbEntity
  8
GREEN_AI_SHRUBS
  0
INSERT
  5
3F3
330
17
100
AcDbEntity
  8
GREEN_AI_SHRUBS
100
AcDbBlockReference
 66
1
  2
GREEN_AI_SHRUB
 10
111.875
 20
6.125
 30
0.0
 41
0.3
 42
0.3
 43
0.3
  0
ATTRIB
  5
3F5
330
17
100
AcDbEntity
  8
0
 60
1
100
AcDbText
 10
112.22
 20
6.125
 30
0.0
 40
0.054
  1
S-0088
 11
112.22
 21
6.125
 31
0.0
100
AcDbAttribute
  2
ID
 70
0
  0
ATTRIB
  5
3F6
330
17
100
AcDbEntity
  8
0
 60
1
100
AcDbText
 10
112.22
 20
6.125
 30
0.0
 40
0.054
  1
Кизильник блестящий
 11
112.22
 21
6.125
 31
0.0
100
AcDbAttribute
  2
PORODA
 70
0
  0
ATTRIB
  5
3F7
330
17
100
AcDbEntity
  8
0
 60
1
100
AcDbText
 10
112.22
 20
6.125
 30
0.0
 40
0.054
  1
Край проезжей части, кромка укреплённой полосы обочины: норма 1.0 м, факт 2.0 м (СП 42.13330.2016, таблица 9.1; 743-ПП п. 3.6.3; 623-ПП п. 4.2.4)
 11
112.22
 21
6.125
 31
0.0
100
AcDbAttribute
  2
NORMA
 70
0
  0
SEQEND
  5
3F4
330
3F3
100
AcDbEntity
  8
GREEN_AI_SHRUBS
  0
INSERT
  5
3F8
330
17
100
AcDbEntity
  8
GREEN_AI_SHRUBS
100
AcDbBlockReference
 66
1
  2
GREEN_AI_SHRUB
 10
113.125
 20
6.125
 30
0.0
 41
0.3
 42
0.3
 43
0.3
  0
ATTRIB
  5
3FA
330
17
100
AcDbEntity
  8
0
 60
1
100
AcDbText
 10
113.47
 20
6.125
 30
0.0
 40
0.054
  1
S-0089
 11
113.47
 21
6.125
 31
0.0
100
AcDbAttribute
  2
ID
 70
0
  0
ATTRIB
  5
3FB
330
17
100
AcDbEntity
  8
0
 60
1
100
AcDbText
 10
113.47
 20
6.125
 30
0.0
 40
0.054
  1
Кизильник блестящий
 11
113.47
 21
6.125
 31
0.0
100
AcDbAttribute
  2
PORODA
 70
0
  0
ATTRIB
  5
3FC
330
17
100
AcDbEntity
  8
0
 60
1
100
AcDbText
 10
113.47
 20
6.125
 30
0.0
 40
0.054
  1
Край проезжей части, кромка укреплённой полосы обочины: норма 1.0 м, факт 2.0 м (СП 42.13330.2016, таблица 9.1; 743-ПП п. 3.6.3; 623-ПП п. 4.2.4)
 11
113.47
 21
6.125
 31
0.0
100
AcDbAttribute
  2
NORMA
 70
0
  0
SEQEND
  5
3F9
330
3F8
100
AcDbEntity
  8
GREEN_AI_SHRUBS
  0
INSERT
  5
3FD
330
17
100
AcDbEntity
  8
GREEN_AI_SHRUBS
100
AcDbBlockReference
 66
1
  2
GREEN_AI_SHRUB
 10
114.375
 20
6.125
 30
0.0
 41
0.3
 42
0.3
 43
0.3
  0
ATTRIB
  5
3FF
330
17
100
AcDbEntity
  8
0
 60
1
100
AcDbText
 10
114.72
 20
6.125
 30
0.0
 40
0.054
  1
S-0090
 11
114.72
 21
6.125
 31
0.0
100
AcDbAttribute
  2
ID
 70
0
  0
ATTRIB
  5
400
330
17
100
AcDbEntity
  8
0
 60
1
100
AcDbText
 10
114.72
 20
6.125
 30
0.0
 40
0.054
  1
Кизильник блестящий
 11
114.72
 21
6.125
 31
0.0
100
AcDbAttribute
  2
PORODA
 70
0
  0
ATTRIB
  5
401
330
17
100
AcDbEntity
  8
0
 60
1
100
AcDbText
 10
114.72
 20
6.125
 30
0.0
 40
0.054
  1
Край проезжей части, кромка укреплённой полосы обочины: норма 1.0 м, факт 2.0 м (СП 42.13330.2016, таблица 9.1; 743-ПП п. 3.6.3; 623-ПП п. 4.2.4)
 11
114.72
 21
6.125
 31
0.0
100
AcDbAttribute
  2
NORMA
 70
0
  0
SEQEND
  5
3FE
330
3FD
100
AcDbEntity
  8
GREEN_AI_SHRUBS
  0
INSERT
  5
402
330
17
100
AcDbEntity
  8
GREEN_AI_SHRUBS
100
AcDbBlockReference
 66
1
  2
GREEN_AI_SHRUB
 10
115.625
 20
6.125
 30
0.0
 41
0.3
 42
0.3
 43
0.3
  0
ATTRIB
  5
404
330
17
100
AcDbEntity
  8
0
 60
1
100
AcDbText
 10
115.97
 20
6.125
 30
0.0
 40
0.054
  1
S-0091
 11
115.97
 21
6.125
 31
0.0
100
AcDbAttribute
  2
ID
 70
0
  0
ATTRIB
  5
405
330
17
100
AcDbEntity
  8
0
 60
1
100
AcDbText
 10
115.97
 20
6.125
 30
0.0
 40
0.054
  1
Кизильник блестящий
 11
115.97
 21
6.125
 31
0.0
100
AcDbAttribute
  2
PORODA
 70
0
  0
ATTRIB
  5
406
330
17
100
AcDbEntity
  8
0
 60
1
100
AcDbText
 10
115.97
 20
6.125
 30
0.0
 40
0.054
  1
Край проезжей части, кромка укреплённой полосы обочины: норма 1.0 м, факт 2.0 м (СП 42.13330.2016, таблица 9.1; 743-ПП п. 3.6.3; 623-ПП п. 4.2.4)
 11
115.97
 21
6.125
 31
0.0
100
AcDbAttribute
  2
NORMA
 70
0
  0
SEQEND
  5
403
330
402
100
AcDbEntity
  8
GREEN_AI_SHRUBS
  0
INSERT
  5
407
330
17
100
AcDbEntity
  8
GREEN_AI_SHRUBS
100
AcDbBlockReference
 66
1
  2
GREEN_AI_SHRUB
 10
116.875
 20
6.125
 30
0.0
 41
0.3
 42
0.3
 43
0.3
  0
ATTRIB
  5
409
330
17
100
AcDbEntity
  8
0
 60
1
100
AcDbText
 10
117.22
 20
6.125
 30
0.0
 40
0.054
  1
S-0092
 11
117.22
 21
6.125
 31
0.0
100
AcDbAttribute
  2
ID
 70
0
  0
ATTRIB
  5
40A
330
17
100
AcDbEntity
  8
0
 60
1
100
AcDbText
 10
117.22
 20
6.125
 30
0.0
 40
0.054
  1
Кизильник блестящий
 11
117.22
 21
6.125
 31
0.0
100
AcDbAttribute
  2
PORODA
 70
0
  0
ATTRIB
  5
40B
330
17
100
AcDbEntity
  8
0
 60
1
100
AcDbText
 10
117.22
 20
6.125
 30
0.0
 40
0.054
  1
Край проезжей части, кромка укреплённой полосы обочины: норма 1.0 м, факт 2.0 м (СП 42.13330.2016, таблица 9.1; 743-ПП п. 3.6.3; 623-ПП п. 4.2.4)
 11
117.22
 21
6.125
 31
0.0
100
AcDbAttribute
  2
NORMA
 70
0
  0
SEQEND
  5
408
330
407
100
AcDbEntity
  8
GREEN_AI_SHRUBS
  0
INSERT
  5
40C
330
17
100
AcDbEntity
  8
GREEN_AI_SHRUBS
100
AcDbBlockReference
 66
1
  2
GREEN_AI_SHRUB
 10
118.125
 20
6.125
 30
0.0
 41
0.3
 42
0.3
 43
0.3
  0
ATTRIB
  5
40E
330
17
100
AcDbEntity
  8
0
 60
1
100
AcDbText
 10
118.47
 20
6.125
 30
0.0
 40
0.054
  1
S-0093
 11
118.47
 21
6.125
 31
0.0
100
AcDbAttribute
  2
ID
 70
0
  0
ATTRIB
  5
40F
330
17
100
AcDbEntity
  8
0
 60
1
100
AcDbText
 10
118.47
 20
6.125
 30
0.0
 40
0.054
  1
Кизильник блестящий
 11
118.47
 21
6.125
 31
0.0
100
AcDbAttribute
  2
PORODA
 70
0
  0
ATTRIB
  5
410
330
17
100
AcDbEntity
  8
0
 60
1
100
AcDbText
 10
118.47
 20
6.125
 30
0.0
 40
0.054
  1
Край проезжей части, кромка укреплённой полосы обочины: норма 1.0 м, факт 2.0 м (СП 42.13330.2016, таблица 9.1; 743-ПП п. 3.6.3; 623-ПП п. 4.2.4)
 11
118.47
 21
6.125
 31
0.0
100
AcDbAttribute
  2
NORMA
 70
0
  0
SEQEND
  5
40D
330
40C
100
AcDbEntity
  8
GREEN_AI_SHRUBS
  0
INSERT
  5
411
330
17
100
AcDbEntity
  8
GREEN_AI_SHRUBS
100
AcDbBlockReference
 66
1
  2
GREEN_AI_SHRUB
 10
119.375
 20
6.125
 30
0.0
 41
0.3
 42
0.3
 43
0.3
  0
ATTRIB
  5
413
330
17
100
AcDbEntity
  8
0
 60
1
100
AcDbText
 10
119.72
 20
6.125
 30
0.0
 40
0.054
  1
S-0094
 11
119.72
 21
6.125
 31
0.0
100
AcDbAttribute
  2
ID
 70
0
  0
ATTRIB
  5
414
330
17
100
AcDbEntity
  8
0
 60
1
100
AcDbText
 10
119.72
 20
6.125
 30
0.0
 40
0.054
  1
Кизильник блестящий
 11
119.72
 21
6.125
 31
0.0
100
AcDbAttribute
  2
PORODA
 70
0
  0
ATTRIB
  5
415
330
17
100
AcDbEntity
  8
0
 60
1
100
AcDbText
 10
119.72
 20
6.125
 30
0.0
 40
0.054
  1
Край проезжей части, кромка укреплённой полосы обочины: норма 1.0 м, факт 2.0 м (СП 42.13330.2016, таблица 9.1; 743-ПП п. 3.6.3; 623-ПП п. 4.2.4)
 11
119.72
 21
6.125
 31
0.0
100
AcDbAttribute
  2
NORMA
 70
0
  0
SEQEND
  5
412
330
411
100
AcDbEntity
  8
GREEN_AI_SHRUBS
  0
INSERT
  5
416
330
17
100
AcDbEntity
  8
GREEN_AI_SHRUBS
100
AcDbBlockReference
 66
1
  2
GREEN_AI_SHRUB
 10
0.375
 20
9.875
 30
0.0
 41
0.3
 42
0.3
 43
0.3
  0
ATTRIB
  5
418
330
17
100
AcDbEntity
  8
0
 60
1
100
AcDbText
 10
0.72
 20
9.875
 30
0.0
 40
0.054
  1
S-0095
 11
0.72
 21
9.875
 31
0.0
100
AcDbAttribute
  2
ID
 70
0
  0
ATTRIB
  5
419
330
17
100
AcDbEntity
  8
0
 60
1
100
AcDbText
 10
0.72
 20
9.875
 30
0.0
 40
0.054
  1
Кизильник блестящий
 11
0.72
 21
9.875
 31
0.0
100
AcDbAttribute
  2
PORODA
 70
0
  0
ATTRIB
  5
41A
330
17
100
AcDbEntity
  8
0
 60
1
100
AcDbText
 10
0.72
 20
9.875
 30
0.0
 40
0.054
  1
Край проезжей части, кромка укреплённой полосы обочины: норма 1.0 м, факт 1.75 м (СП 42.13330.2016, таблица 9.1; 743-ПП п. 3.6.3; 623-ПП п. 4.2.4)
 11
0.72
 21
9.875
 31
0.0
100
AcDbAttribute
  2
NORMA
 70
0
  0
SEQEND
  5
417
330
416
100
AcDbEntity
  8
GREEN_AI_SHRUBS
  0
INSERT
  5
41B
330
17
100
AcDbEntity
  8
GREEN_AI_SHRUBS
100
AcDbBlockReference
 66
1
  2
GREEN_AI_SHRUB
 10
1.625
 20
9.875
 30
0.0
 41
0.3
 42
0.3
 43
0.3
  0
ATTRIB
  5
41D
330
17
100
AcDbEntity
  8
0
 60
1
100
AcDbText
 10
1.97
 20
9.875
 30
0.0
 40
0.054
  1
S-0096
 11
1.97
 21
9.875
 31
0.0
100
AcDbAttribute
  2
ID
 70
0
  0
ATTRIB
  5
41E
330
17
100
AcDbEntity
  8
0
 60
1
100
AcDbText
 10
1.97
 20
9.875
 30
0.0
 40
0.054
  1
Кизильник блестящий
 11
1.97
 21
9.875
 31
0.0
100
AcDbAttribute
  2
PORODA
 70
0
  0
ATTRIB
  5
41F
330
17
100
AcDbEntity
  8
0
 60
1
100
AcDbText
 10
1.97
 20
9.875
 30
0.0
 40
0.054
  1
Край проезжей части, кромка укреплённой полосы обочины: норма 1.0 м, факт 1.75 м (СП 42.13330.2016, таблица 9.1; 743-ПП п. 3.6.3; 623-ПП п. 4.2.4)
 11
1.97
 21
9.875
 31
0.0
100
AcDbAttribute
  2
NORMA
 70
0
  0
SEQEND
  5
41C
330
41B
100
AcDbEntity
  8
GREEN_AI_SHRUBS
  0
INSERT
  5
420
330
17
100
AcDbEntity
  8
GREEN_AI_SHRUBS
100
AcDbBlockReference
 66
1
  2
GREEN_AI_SHRUB
 10
2.875
 20
9.875
 30
0.0
 41
0.3
 42
0.3
 43
0.3
  0
ATTRIB
  5
422
330
17
100
AcDbEntity
  8
0
 60
1
100
AcDbText
 10
3.2199999999999998
 20
9.875
 30
0.0
 40
0.054
  1
S-0097
 11
3.2199999999999998
 21
9.875
 31
0.0
100
AcDbAttribute
  2
ID
 70
0
  0
ATTRIB
  5
423
330
17
100
AcDbEntity
  8
0
 60
1
100
AcDbText
 10
3.2199999999999998
 20
9.875
 30
0.0
 40
0.054
  1
Кизильник блестящий
 11
3.2199999999999998
 21
9.875
 31
0.0
100
AcDbAttribute
  2
PORODA
 70
0
  0
ATTRIB
  5
424
330
17
100
AcDbEntity
  8
0
 60
1
100
AcDbText
 10
3.2199999999999998
 20
9.875
 30
0.0
 40
0.054
  1
Край проезжей части, кромка укреплённой полосы обочины: норма 1.0 м, факт 1.75 м (СП 42.13330.2016, таблица 9.1; 743-ПП п. 3.6.3; 623-ПП п. 4.2.4)
 11
3.2199999999999998
 21
9.875
 31
0.0
100
AcDbAttribute
  2
NORMA
 70
0
  0
SEQEND
  5
421
330
420
100
AcDbEntity
  8
GREEN_AI_SHRUBS
  0
INSERT
  5
425
330
17
100
AcDbEntity
  8
GREEN_AI_SHRUBS
100
AcDbBlockReference
 66
1
  2
GREEN_AI_SHRUB
 10
4.125
 20
9.875
 30
0.0
 41
0.3
 42
0.3
 43
0.3
  0
ATTRIB
  5
427
330
17
100
AcDbEntity
  8
0
 60
1
100
AcDbText
 10
4.47
 20
9.875
 30
0.0
 40
0.054
  1
S-0098
 11
4.47
 21
9.875
 31
0.0
100
AcDbAttribute
  2
ID
 70
0
  0
ATTRIB
  5
428
330
17
100
AcDbEntity
  8
0
 60
1
100
AcDbText
 10
4.47
 20
9.875
 30
0.0
 40
0.054
  1
Кизильник блестящий
 11
4.47
 21
9.875
 31
0.0
100
AcDbAttribute
  2
PORODA
 70
0
  0
ATTRIB
  5
429
330
17
100
AcDbEntity
  8
0
 60
1
100
AcDbText
 10
4.47
 20
9.875
 30
0.0
 40
0.054
  1
Край проезжей части, кромка укреплённой полосы обочины: норма 1.0 м, факт 1.75 м (СП 42.13330.2016, таблица 9.1; 743-ПП п. 3.6.3; 623-ПП п. 4.2.4)
 11
4.47
 21
9.875
 31
0.0
100
AcDbAttribute
  2
NORMA
 70
0
  0
SEQEND
  5
426
330
425
100
AcDbEntity
  8
GREEN_AI_SHRUBS
  0
INSERT
  5
42A
330
17
100
AcDbEntity
  8
GREEN_AI_SHRUBS
100
AcDbBlockReference
 66
1
  2
GREEN_AI_SHRUB
 10
5.375
 20
9.875
 30
0.0
 41
0.3
 42
0.3
 43
0.3
  0
ATTRIB
  5
42C
330
17
100
AcDbEntity
  8
0
 60
1
100
AcDbText
 10
5.72
 20
9.875
 30
0.0
 40
0.054
  1
S-0099
 11
5.72
 21
9.875
 31
0.0
100
AcDbAttribute
  2
ID
 70
0
  0
ATTRIB
  5
42D
330
17
100
AcDbEntity
  8
0
 60
1
100
AcDbText
 10
5.72
 20
9.875
 30
0.0
 40
0.054
  1
Кизильник блестящий
 11
5.72
 21
9.875
 31
0.0
100
AcDbAttribute
  2
PORODA
 70
0
  0
ATTRIB
  5
42E
330
17
100
AcDbEntity
  8
0
 60
1
100
AcDbText
 10
5.72
 20
9.875
 30
0.0
 40
0.054
  1
Край проезжей части, кромка укреплённой полосы обочины: норма 1.0 м, факт 1.75 м (СП 42.13330.2016, таблица 9.1; 743-ПП п. 3.6.3; 623-ПП п. 4.2.4)
 11
5.72
 21
9.875
 31
0.0
100
AcDbAttribute
  2
NORMA
 70
0
  0
SEQEND
  5
42B
330
42A
100
AcDbEntity
  8
GREEN_AI_SHRUBS
  0
INSERT
  5
42F
330
17
100
AcDbEntity
  8
GREEN_AI_SHRUBS
100
AcDbBlockReference
 66
1
  2
GREEN_AI_SHRUB
 10
6.625
 20
9.875
 30
0.0
 41
0.3
 42
0.3
 43
0.3
  0
ATTRIB
  5
431
330
17
100
AcDbEntity
  8
0
 60
1
100
AcDbText
 10
6.97
 20
9.875
 30
0.0
 40
0.054
  1
S-0100
 11
6.97
 21
9.875
 31
0.0
100
AcDbAttribute
  2
ID
 70
0
  0
ATTRIB
  5
432
330
17
100
AcDbEntity
  8
0
 60
1
100
AcDbText
 10
6.97
 20
9.875
 30
0.0
 40
0.054
  1
Кизильник блестящий
 11
6.97
 21
9.875
 31
0.0
100
AcDbAttribute
  2
PORODA
 70
0
  0
ATTRIB
  5
433
330
17
100
AcDbEntity
  8
0
 60
1
100
AcDbText
 10
6.97
 20
9.875
 30
0.0
 40
0.054
  1
Край проезжей части, кромка укреплённой полосы обочины: норма 1.0 м, факт 1.75 м (СП 42.13330.2016, таблица 9.1; 743-ПП п. 3.6.3; 623-ПП п. 4.2.4)
 11
6.97
 21
9.875
 31
0.0
100
AcDbAttribute
  2
NORMA
 70
0
  0
SEQEND
  5
430
330
42F
100
AcDbEntity
  8
GREEN_AI_SHRUBS
  0
INSERT
  5
434
330
17
100
AcDbEntity
  8
GREEN_AI_SHRUBS
100
AcDbBlockReference
 66
1
  2
GREEN_AI_SHRUB
 10
7.875
 20
9.875
 30
0.0
 41
0.3
 42
0.3
 43
0.3
  0
ATTRIB
  5
436
330
17
100
AcDbEntity
  8
0
 60
1
100
AcDbText
 10
8.22
 20
9.875
 30
0.0
 40
0.054
  1
S-0101
 11
8.22
 21
9.875
 31
0.0
100
AcDbAttribute
  2
ID
 70
0
  0
ATTRIB
  5
437
330
17
100
AcDbEntity
  8
0
 60
1
100
AcDbText
 10
8.22
 20
9.875
 30
0.0
 40
0.054
  1
Кизильник блестящий
 11
8.22
 21
9.875
 31
0.0
100
AcDbAttribute
  2
PORODA
 70
0
  0
ATTRIB
  5
438
330
17
100
AcDbEntity
  8
0
 60
1
100
AcDbText
 10
8.22
 20
9.875
 30
0.0
 40
0.054
  1
Край проезжей части, кромка укреплённой полосы обочины: норма 1.0 м, факт 1.75 м (СП 42.13330.2016, таблица 9.1; 743-ПП п. 3.6.3; 623-ПП п. 4.2.4)
 11
8.22
 21
9.875
 31
0.0
100
AcDbAttribute
  2
NORMA
 70
0
  0
SEQEND
  5
435
330
434
100
AcDbEntity
  8
GREEN_AI_SHRUBS
  0
INSERT
  5
439
330
17
100
AcDbEntity
  8
GREEN_AI_SHRUBS
100
AcDbBlockReference
 66
1
  2
GREEN_AI_SHRUB
 10
9.125
 20
9.875
 30
0.0
 41
0.3
 42
0.3
 43
0.3
  0
ATTRIB
  5
43B
330
17
100
AcDbEntity
  8
0
 60
1
100
AcDbText
 10
9.47
 20
9.875
 30
0.0
 40
0.054
  1
S-0102
 11
9.47
 21
9.875
 31
0.0
100
AcDbAttribute
  2
ID
 70
0
  0
ATTRIB
  5
43C
330
17
100
AcDbEntity
  8
0
 60
1
100
AcDbText
 10
9.47
 20
9.875
 30
0.0
 40
0.054
  1
Кизильник блестящий
 11
9.47
 21
9.875
 31
0.0
100
AcDbAttribute
  2
PORODA
 70
0
  0
ATTRIB
  5
43D
330
17
100
AcDbEntity
  8
0
 60
1
100
AcDbText
 10
9.47
 20
9.875
 30
0.0
 40
0.054
  1
Край проезжей части, кромка укреплённой полосы обочины: норма 1.0 м, факт 1.75 м (СП 42.13330.2016, таблица 9.1; 743-ПП п. 3.6.3; 623-ПП п. 4.2.4)
 11
9.47
 21
9.875
 31
0.0
100
AcDbAttribute
  2
NORMA
 70
0
  0
SEQEND
  5
43A
330
439
100
AcDbEntity
  8
GREEN_AI_SHRUBS
  0
INSERT
  5
43E
330
17
100
AcDbEntity
  8
GREEN_AI_SHRUBS
100
AcDbBlockReference
 66
1
  2
GREEN_AI_SHRUB
 10
10.375
 20
9.875
 30
0.0
 41
0.3
 42
0.3
 43
0.3
  0
ATTRIB
  5
440
330
17
100
AcDbEntity
  8
0
 60
1
100
AcDbText
 10
10.72
 20
9.875
 30
0.0
 40
0.054
  1
S-0103
 11
10.72
 21
9.875
 31
0.0
100
AcDbAttribute
  2
ID
 70
0
  0
ATTRIB
  5
441
330
17
100
AcDbEntity
  8
0
 60
1
100
AcDbText
 10
10.72
 20
9.875
 30
0.0
 40
0.054
  1
Кизильник блестящий
 11
10.72
 21
9.875
 31
0.0
100
AcDbAttribute
  2
PORODA
 70
0
  0
ATTRIB
  5
442
330
17
100
AcDbEntity
  8
0
 60
1
100
AcDbText
 10
10.72
 20
9.875
 30
0.0
 40
0.054
  1
Край проезжей части, кромка укреплённой полосы обочины: норма 1.0 м, факт 1.75 м (СП 42.13330.2016, таблица 9.1; 743-ПП п. 3.6.3; 623-ПП п. 4.2.4)
 11
10.72
 21
9.875
 31
0.0
100
AcDbAttribute
  2
NORMA
 70
0
  0
SEQEND
  5
43F
330
43E
100
AcDbEntity
  8
GREEN_AI_SHRUBS
  0
INSERT
  5
443
330
17
100
AcDbEntity
  8
GREEN_AI_SHRUBS
100
AcDbBlockReference
 66
1
  2
GREEN_AI_SHRUB
 10
11.625
 20
9.875
 30
0.0
 41
0.3
 42
0.3
 43
0.3
  0
ATTRIB
  5
445
330
17
100
AcDbEntity
  8
0
 60
1
100
AcDbText
 10
11.97
 20
9.875
 30
0.0
 40
0.054
  1
S-0104
 11
11.97
 21
9.875
 31
0.0
100
AcDbAttribute
  2
ID
 70
0
  0
ATTRIB
  5
446
330
17
100
AcDbEntity
  8
0
 60
1
100
AcDbText
 10
11.97
 20
9.875
 30
0.0
 40
0.054
  1
Кизильник блестящий
 11
11.97
 21
9.875
 31
0.0
100
AcDbAttribute
  2
PORODA
 70
0
  0
ATTRIB
  5
447
330
17
100
AcDbEntity
  8
0
 60
1
100
AcDbText
 10
11.97
 20
9.875
 30
0.0
 40
0.054
  1
Край проезжей части, кромка укреплённой полосы обочины: норма 1.0 м, факт 1.75 м (СП 42.13330.2016, таблица 9.1; 743-ПП п. 3.6.3; 623-ПП п. 4.2.4)
 11
11.97
 21
9.875
 31
0.0
100
AcDbAttribute
  2
NORMA
 70
0
  0
SEQEND
  5
444
330
443
100
AcDbEntity
  8
GREEN_AI_SHRUBS
  0
INSERT
  5
448
330
17
100
AcDbEntity
  8
GREEN_AI_SHRUBS
100
AcDbBlockReference
 66
1
  2
GREEN_AI_SHRUB
 10
12.875
 20
9.875
 30
0.0
 41
0.3
 42
0.3
 43
0.3
  0
ATTRIB
  5
44A
330
17
100
AcDbEntity
  8
0
 60
1
100
AcDbText
 10
13.22
 20
9.875
 30
0.0
 40
0.054
  1
S-0105
 11
13.22
 21
9.875
 31
0.0
100
AcDbAttribute
  2
ID
 70
0
  0
ATTRIB
  5
44B
330
17
100
AcDbEntity
  8
0
 60
1
100
AcDbText
 10
13.22
 20
9.875
 30
0.0
 40
0.054
  1
Кизильник блестящий
 11
13.22
 21
9.875
 31
0.0
100
AcDbAttribute
  2
PORODA
 70
0
  0
ATTRIB
  5
44C
330
17
100
AcDbEntity
  8
0
 60
1
100
AcDbText
 10
13.22
 20
9.875
 30
0.0
 40
0.054
  1
Край проезжей части, кромка укреплённой полосы обочины: норма 1.0 м, факт 1.75 м (СП 42.13330.2016, таблица 9.1; 743-ПП п. 3.6.3; 623-ПП п. 4.2.4)
 11
13.22
 21
9.875
 31
0.0
100
AcDbAttribute
  2
NORMA
 70
0
  0
SEQEND
  5
449
330
448
100
AcDbEntity
  8
GREEN_AI_SHRUBS
  0
INSERT
  5
44D
330
17
100
AcDbEntity
  8
GREEN_AI_SHRUBS
100
AcDbBlockReference
 66
1
  2
GREEN_AI_SHRUB
 10
14.125
 20
9.875
 30
0.0
 41
0.3
 42
0.3
 43
0.3
  0
ATTRIB
  5
44F
330
17
100
AcDbEntity
  8
0
 60
1
100
AcDbText
 10
14.47
 20
9.875
 30
0.0
 40
0.054
  1
S-0106
 11
14.47
 21
9.875
 31
0.0
100
AcDbAttribute
  2
ID
 70
0
  0
ATTRIB
  5
450
330
17
100
AcDbEntity
  8
0
 60
1
100
AcDbText
 10
14.47
 20
9.875
 30
0.0
 40
0.054
  1
Кизильник блестящий
 11
14.47
 21
9.875
 31
0.0
100
AcDbAttribute
  2
PORODA
 70
0
  0
ATTRIB
  5
451
330
17
100
AcDbEntity
  8
0
 60
1
100
AcDbText
 10
14.47
 20
9.875
 30
0.0
 40
0.054
  1
Край проезжей части, кромка укреплённой полосы обочины: норма 1.0 м, факт 1.75 м (СП 42.13330.2016, таблица 9.1; 743-ПП п. 3.6.3; 623-ПП п. 4.2.4)
 11
14.47
 21
9.875
 31
0.0
100
AcDbAttribute
  2
NORMA
 70
0
  0
SEQEND
  5
44E
330
44D
100
AcDbEntity
  8
GREEN_AI_SHRUBS
  0
INSERT
  5
452
330
17
100
AcDbEntity
  8
GREEN_AI_SHRUBS
100
AcDbBlockReference
 66
1
  2
GREEN_AI_SHRUB
 10
15.375
 20
9.875
 30
0.0
 41
0.3
 42
0.3
 43
0.3
  0
ATTRIB
  5
454
330
17
100
AcDbEntity
  8
0
 60
1
100
AcDbText
 10
15.72
 20
9.875
 30
0.0
 40
0.054
  1
S-0107
 11
15.72
 21
9.875
 31
0.0
100
AcDbAttribute
  2
ID
 70
0
  0
ATTRIB
  5
455
330
17
100
AcDbEntity
  8
0
 60
1
100
AcDbText
 10
15.72
 20
9.875
 30
0.0
 40
0.054
  1
Кизильник блестящий
 11
15.72
 21
9.875
 31
0.0
100
AcDbAttribute
  2
PORODA
 70
0
  0
ATTRIB
  5
456
330
17
100
AcDbEntity
  8
0
 60
1
100
AcDbText
 10
15.72
 20
9.875
 30
0.0
 40
0.054
  1
Край проезжей части, кромка укреплённой полосы обочины: норма 1.0 м, факт 1.75 м (СП 42.13330.2016, таблица 9.1; 743-ПП п. 3.6.3; 623-ПП п. 4.2.4)
 11
15.72
 21
9.875
 31
0.0
100
AcDbAttribute
  2
NORMA
 70
0
  0
SEQEND
  5
453
330
452
100
AcDbEntity
  8
GREEN_AI_SHRUBS
  0
INSERT
  5
457
330
17
100
AcDbEntity
  8
GREEN_AI_SHRUBS
100
AcDbBlockReference
 66
1
  2
GREEN_AI_SHRUB
 10
16.625
 20
9.875
 30
0.0
 41
0.3
 42
0.3
 43
0.3
  0
ATTRIB
  5
459
330
17
100
AcDbEntity
  8
0
 60
1
100
AcDbText
 10
16.97
 20
9.875
 30
0.0
 40
0.054
  1
S-0108
 11
16.97
 21
9.875
 31
0.0
100
AcDbAttribute
  2
ID
 70
0
  0
ATTRIB
  5
45A
330
17
100
AcDbEntity
  8
0
 60
1
100
AcDbText
 10
16.97
 20
9.875
 30
0.0
 40
0.054
  1
Кизильник блестящий
 11
16.97
 21
9.875
 31
0.0
100
AcDbAttribute
  2
PORODA
 70
0
  0
ATTRIB
  5
45B
330
17
100
AcDbEntity
  8
0
 60
1
100
AcDbText
 10
16.97
 20
9.875
 30
0.0
 40
0.054
  1
Край проезжей части, кромка укреплённой полосы обочины: норма 1.0 м, факт 1.75 м (СП 42.13330.2016, таблица 9.1; 743-ПП п. 3.6.3; 623-ПП п. 4.2.4)
 11
16.97
 21
9.875
 31
0.0
100
AcDbAttribute
  2
NORMA
 70
0
  0
SEQEND
  5
458
330
457
100
AcDbEntity
  8
GREEN_AI_SHRUBS
  0
INSERT
  5
45C
330
17
100
AcDbEntity
  8
GREEN_AI_SHRUBS
100
AcDbBlockReference
 66
1
  2
GREEN_AI_SHRUB
 10
17.875
 20
9.875
 30
0.0
 41
0.3
 42
0.3
 43
0.3
  0
ATTRIB
  5
45E
330
17
100
AcDbEntity
  8
0
 60
1
100
AcDbText
 10
18.22
 20
9.875
 30
0.0
 40
0.054
  1
S-0109
 11
18.22
 21
9.875
 31
0.0
100
AcDbAttribute
  2
ID
 70
0
  0
ATTRIB
  5
45F
330
17
100
AcDbEntity
  8
0
 60
1
100
AcDbText
 10
18.22
 20
9.875
 30
0.0
 40
0.054
  1
Кизильник блестящий
 11
18.22
 21
9.875
 31
0.0
100
AcDbAttribute
  2
PORODA
 70
0
  0
ATTRIB
  5
460
330
17
100
AcDbEntity
  8
0
 60
1
100
AcDbText
 10
18.22
 20
9.875
 30
0.0
 40
0.054
  1
Край проезжей части, кромка укреплённой полосы обочины: норма 1.0 м, факт 1.75 м (СП 42.13330.2016, таблица 9.1; 743-ПП п. 3.6.3; 623-ПП п. 4.2.4)
 11
18.22
 21
9.875
 31
0.0
100
AcDbAttribute
  2
NORMA
 70
0
  0
SEQEND
  5
45D
330
45C
100
AcDbEntity
  8
GREEN_AI_SHRUBS
  0
INSERT
  5
461
330
17
100
AcDbEntity
  8
GREEN_AI_SHRUBS
100
AcDbBlockReference
 66
1
  2
GREEN_AI_SHRUB
 10
19.125
 20
9.875
 30
0.0
 41
0.3
 42
0.3
 43
0.3
  0
ATTRIB
  5
463
330
17
100
AcDbEntity
  8
0
 60
1
100
AcDbText
 10
19.47
 20
9.875
 30
0.0
 40
0.054
  1
S-0110
 11
19.47
 21
9.875
 31
0.0
100
AcDbAttribute
  2
ID
 70
0
  0
ATTRIB
  5
464
330
17
100
AcDbEntity
  8
0
 60
1
100
AcDbText
 10
19.47
 20
9.875
 30
0.0
 40
0.054
  1
Кизильник блестящий
 11
19.47
 21
9.875
 31
0.0
100
AcDbAttribute
  2
PORODA
 70
0
  0
ATTRIB
  5
465
330
17
100
AcDbEntity
  8
0
 60
1
100
AcDbText
 10
19.47
 20
9.875
 30
0.0
 40
0.054
  1
Край проезжей части, кромка укреплённой полосы обочины: норма 1.0 м, факт 1.75 м (СП 42.13330.2016, таблица 9.1; 743-ПП п. 3.6.3; 623-ПП п. 4.2.4)
 11
19.47
 21
9.875
 31
0.0
100
AcDbAttribute
  2
NORMA
 70
0
  0
SEQEND
  5
462
330
461
100
AcDbEntity
  8
GREEN_AI_SHRUBS
  0
INSERT
  5
466
330
17
100
AcDbEntity
  8
GREEN_AI_SHRUBS
100
AcDbBlockReference
 66
1
  2
GREEN_AI_SHRUB
 10
20.375
 20
9.875
 30
0.0
 41
0.3
 42
0.3
 43
0.3
  0
ATTRIB
  5
468
330
17
100
AcDbEntity
  8
0
 60
1
100
AcDbText
 10
20.72
 20
9.875
 30
0.0
 40
0.054
  1
S-0111
 11
20.72
 21
9.875
 31
0.0
100
AcDbAttribute
  2
ID
 70
0
  0
ATTRIB
  5
469
330
17
100
AcDbEntity
  8
0
 60
1
100
AcDbText
 10
20.72
 20
9.875
 30
0.0
 40
0.054
  1
Кизильник блестящий
 11
20.72
 21
9.875
 31
0.0
100
AcDbAttribute
  2
PORODA
 70
0
  0
ATTRIB
  5
46A
330
17
100
AcDbEntity
  8
0
 60
1
100
AcDbText
 10
20.72
 20
9.875
 30
0.0
 40
0.054
  1
Край проезжей части, кромка укреплённой полосы обочины: норма 1.0 м, факт 1.75 м (СП 42.13330.2016, таблица 9.1; 743-ПП п. 3.6.3; 623-ПП п. 4.2.4)
 11
20.72
 21
9.875
 31
0.0
100
AcDbAttribute
  2
NORMA
 70
0
  0
SEQEND
  5
467
330
466
100
AcDbEntity
  8
GREEN_AI_SHRUBS
  0
INSERT
  5
46B
330
17
100
AcDbEntity
  8
GREEN_AI_SHRUBS
100
AcDbBlockReference
 66
1
  2
GREEN_AI_SHRUB
 10
21.625
 20
9.875
 30
0.0
 41
0.3
 42
0.3
 43
0.3
  0
ATTRIB
  5
46D
330
17
100
AcDbEntity
  8
0
 60
1
100
AcDbText
 10
21.97
 20
9.875
 30
0.0
 40
0.054
  1
S-0112
 11
21.97
 21
9.875
 31
0.0
100
AcDbAttribute
  2
ID
 70
0
  0
ATTRIB
  5
46E
330
17
100
AcDbEntity
  8
0
 60
1
100
AcDbText
 10
21.97
 20
9.875
 30
0.0
 40
0.054
  1
Кизильник блестящий
 11
21.97
 21
9.875
 31
0.0
100
AcDbAttribute
  2
PORODA
 70
0
  0
ATTRIB
  5
46F
330
17
100
AcDbEntity
  8
0
 60
1
100
AcDbText
 10
21.97
 20
9.875
 30
0.0
 40
0.054
  1
Край проезжей части, кромка укреплённой полосы обочины: норма 1.0 м, факт 1.75 м (СП 42.13330.2016, таблица 9.1; 743-ПП п. 3.6.3; 623-ПП п. 4.2.4)
 11
21.97
 21
9.875
 31
0.0
100
AcDbAttribute
  2
NORMA
 70
0
  0
SEQEND
  5
46C
330
46B
100
AcDbEntity
  8
GREEN_AI_SHRUBS
  0
INSERT
  5
470
330
17
100
AcDbEntity
  8
GREEN_AI_SHRUBS
100
AcDbBlockReference
 66
1
  2
GREEN_AI_SHRUB
 10
22.875
 20
9.875
 30
0.0
 41
0.3
 42
0.3
 43
0.3
  0
ATTRIB
  5
472
330
17
100
AcDbEntity
  8
0
 60
1
100
AcDbText
 10
23.22
 20
9.875
 30
0.0
 40
0.054
  1
S-0113
 11
23.22
 21
9.875
 31
0.0
100
AcDbAttribute
  2
ID
 70
0
  0
ATTRIB
  5
473
330
17
100
AcDbEntity
  8
0
 60
1
100
AcDbText
 10
23.22
 20
9.875
 30
0.0
 40
0.054
  1
Кизильник блестящий
 11
23.22
 21
9.875
 31
0.0
100
AcDbAttribute
  2
PORODA
 70
0
  0
ATTRIB
  5
474
330
17
100
AcDbEntity
  8
0
 60
1
100
AcDbText
 10
23.22
 20
9.875
 30
0.0
 40
0.054
  1
Край проезжей части, кромка укреплённой полосы обочины: норма 1.0 м, факт 1.75 м (СП 42.13330.2016, таблица 9.1; 743-ПП п. 3.6.3; 623-ПП п. 4.2.4)
 11
23.22
 21
9.875
 31
0.0
100
AcDbAttribute
  2
NORMA
 70
0
  0
SEQEND
  5
471
330
470
100
AcDbEntity
  8
GREEN_AI_SHRUBS
  0
INSERT
  5
475
330
17
100
AcDbEntity
  8
GREEN_AI_SHRUBS
100
AcDbBlockReference
 66
1
  2
GREEN_AI_SHRUB
 10
24.125
 20
9.875
 30
0.0
 41
0.3
 42
0.3
 43
0.3
  0
ATTRIB
  5
477
330
17
100
AcDbEntity
  8
0
 60
1
100
AcDbText
 10
24.47
 20
9.875
 30
0.0
 40
0.054
  1
S-0114
 11
24.47
 21
9.875
 31
0.0
100
AcDbAttribute
  2
ID
 70
0
  0
ATTRIB
  5
478
330
17
100
AcDbEntity
  8
0
 60
1
100
AcDbText
 10
24.47
 20
9.875
 30
0.0
 40
0.054
  1
Кизильник блестящий
 11
24.47
 21
9.875
 31
0.0
100
AcDbAttribute
  2
PORODA
 70
0
  0
ATTRIB
  5
479
330
17
100
AcDbEntity
  8
0
 60
1
100
AcDbText
 10
24.47
 20
9.875
 30
0.0
 40
0.054
  1
Край проезжей части, кромка укреплённой полосы обочины: норма 1.0 м, факт 1.75 м (СП 42.13330.2016, таблица 9.1; 743-ПП п. 3.6.3; 623-ПП п. 4.2.4)
 11
24.47
 21
9.875
 31
0.0
100
AcDbAttribute
  2
NORMA
 70
0
  0
SEQEND
  5
476
330
475
100
AcDbEntity
  8
GREEN_AI_SHRUBS
  0
INSERT
  5
47A
330
17
100
AcDbEntity
  8
GREEN_AI_SHRUBS
100
AcDbBlockReference
 66
1
  2
GREEN_AI_SHRUB
 10
25.375
 20
9.875
 30
0.0
 41
0.3
 42
0.3
 43
0.3
  0
ATTRIB
  5
47C
330
17
100
AcDbEntity
  8
0
 60
1
100
AcDbText
 10
25.72
 20
9.875
 30
0.0
 40
0.054
  1
S-0115
 11
25.72
 21
9.875
 31
0.0
100
AcDbAttribute
  2
ID
 70
0
  0
ATTRIB
  5
47D
330
17
100
AcDbEntity
  8
0
 60
1
100
AcDbText
 10
25.72
 20
9.875
 30
0.0
 40
0.054
  1
Кизильник блестящий
 11
25.72
 21
9.875
 31
0.0
100
AcDbAttribute
  2
PORODA
 70
0
  0
ATTRIB
  5
47E
330
17
100
AcDbEntity
  8
0
 60
1
100
AcDbText
 10
25.72
 20
9.875
 30
0.0
 40
0.054
  1
Край проезжей части, кромка укреплённой полосы обочины: норма 1.0 м, факт 1.75 м (СП 42.13330.2016, таблица 9.1; 743-ПП п. 3.6.3; 623-ПП п. 4.2.4)
 11
25.72
 21
9.875
 31
0.0
100
AcDbAttribute
  2
NORMA
 70
0
  0
SEQEND
  5
47B
330
47A
100
AcDbEntity
  8
GREEN_AI_SHRUBS
  0
INSERT
  5
47F
330
17
100
AcDbEntity
  8
GREEN_AI_SHRUBS
100
AcDbBlockReference
 66
1
  2
GREEN_AI_SHRUB
 10
26.625
 20
9.875
 30
0.0
 41
0.3
 42
0.3
 43
0.3
  0
ATTRIB
  5
481
330
17
100
AcDbEntity
  8
0
 60
1
100
AcDbText
 10
26.97
 20
9.875
 30
0.0
 40
0.054
  1
S-0116
 11
26.97
 21
9.875
 31
0.0
100
AcDbAttribute
  2
ID
 70
0
  0
ATTRIB
  5
482
330
17
100
AcDbEntity
  8
0
 60
1
100
AcDbText
 10
26.97
 20
9.875
 30
0.0
 40
0.054
  1
Кизильник блестящий
 11
26.97
 21
9.875
 31
0.0
100
AcDbAttribute
  2
PORODA
 70
0
  0
ATTRIB
  5
483
330
17
100
AcDbEntity
  8
0
 60
1
100
AcDbText
 10
26.97
 20
9.875
 30
0.0
 40
0.054
  1
Край проезжей части, кромка укреплённой полосы обочины: норма 1.0 м, факт 1.75 м (СП 42.13330.2016, таблица 9.1; 743-ПП п. 3.6.3; 623-ПП п. 4.2.4)
 11
26.97
 21
9.875
 31
0.0
100
AcDbAttribute
  2
NORMA
 70
0
  0
SEQEND
  5
480
330
47F
100
AcDbEntity
  8
GREEN_AI_SHRUBS
  0
INSERT
  5
484
330
17
100
AcDbEntity
  8
GREEN_AI_SHRUBS
100
AcDbBlockReference
 66
1
  2
GREEN_AI_SHRUB
 10
27.875
 20
9.875
 30
0.0
 41
0.3
 42
0.3
 43
0.3
  0
ATTRIB
  5
486
330
17
100
AcDbEntity
  8
0
 60
1
100
AcDbText
 10
28.22
 20
9.875
 30
0.0
 40
0.054
  1
S-0117
 11
28.22
 21
9.875
 31
0.0
100
AcDbAttribute
  2
ID
 70
0
  0
ATTRIB
  5
487
330
17
100
AcDbEntity
  8
0
 60
1
100
AcDbText
 10
28.22
 20
9.875
 30
0.0
 40
0.054
  1
Кизильник блестящий
 11
28.22
 21
9.875
 31
0.0
100
AcDbAttribute
  2
PORODA
 70
0
  0
ATTRIB
  5
488
330
17
100
AcDbEntity
  8
0
 60
1
100
AcDbText
 10
28.22
 20
9.875
 30
0.0
 40
0.054
  1
Край проезжей части, кромка укреплённой полосы обочины: норма 1.0 м, факт 1.75 м (СП 42.13330.2016, таблица 9.1; 743-ПП п. 3.6.3; 623-ПП п. 4.2.4)
 11
28.22
 21
9.875
 31
0.0
100
AcDbAttribute
  2
NORMA
 70
0
  0
SEQEND
  5
485
330
484
100
AcDbEntity
  8
GREEN_AI_SHRUBS
  0
INSERT
  5
489
330
17
100
AcDbEntity
  8
GREEN_AI_SHRUBS
100
AcDbBlockReference
 66
1
  2
GREEN_AI_SHRUB
 10
29.125
 20
9.875
 30
0.0
 41
0.3
 42
0.3
 43
0.3
  0
ATTRIB
  5
48B
330
17
100
AcDbEntity
  8
0
 60
1
100
AcDbText
 10
29.47
 20
9.875
 30
0.0
 40
0.054
  1
S-0118
 11
29.47
 21
9.875
 31
0.0
100
AcDbAttribute
  2
ID
 70
0
  0
ATTRIB
  5
48C
330
17
100
AcDbEntity
  8
0
 60
1
100
AcDbText
 10
29.47
 20
9.875
 30
0.0
 40
0.054
  1
Кизильник блестящий
 11
29.47
 21
9.875
 31
0.0
100
AcDbAttribute
  2
PORODA
 70
0
  0
ATTRIB
  5
48D
330
17
100
AcDbEntity
  8
0
 60
1
100
AcDbText
 10
29.47
 20
9.875
 30
0.0
 40
0.054
  1
Край проезжей части, кромка укреплённой полосы обочины: норма 1.0 м, факт 1.75 м (СП 42.13330.2016, таблица 9.1; 743-ПП п. 3.6.3; 623-ПП п. 4.2.4)
 11
29.47
 21
9.875
 31
0.0
100
AcDbAttribute
  2
NORMA
 70
0
  0
SEQEND
  5
48A
330
489
100
AcDbEntity
  8
GREEN_AI_SHRUBS
  0
INSERT
  5
48E
330
17
100
AcDbEntity
  8
GREEN_AI_SHRUBS
100
AcDbBlockReference
 66
1
  2
GREEN_AI_SHRUB
 10
30.375
 20
9.875
 30
0.0
 41
0.3
 42
0.3
 43
0.3
  0
ATTRIB
  5
490
330
17
100
AcDbEntity
  8
0
 60
1
100
AcDbText
 10
30.72
 20
9.875
 30
0.0
 40
0.054
  1
S-0119
 11
30.72
 21
9.875
 31
0.0
100
AcDbAttribute
  2
ID
 70
0
  0
ATTRIB
  5
491
330
17
100
AcDbEntity
  8
0
 60
1
100
AcDbText
 10
30.72
 20
9.875
 30
0.0
 40
0.054
  1
Кизильник блестящий
 11
30.72
 21
9.875
 31
0.0
100
AcDbAttribute
  2
PORODA
 70
0
  0
ATTRIB
  5
492
330
17
100
AcDbEntity
  8
0
 60
1
100
AcDbText
 10
30.72
 20
9.875
 30
0.0
 40
0.054
  1
Край проезжей части, кромка укреплённой полосы обочины: норма 1.0 м, факт 1.75 м (СП 42.13330.2016, таблица 9.1; 743-ПП п. 3.6.3; 623-ПП п. 4.2.4)
 11
30.72
 21
9.875
 31
0.0
100
AcDbAttribute
  2
NORMA
 70
0
  0
SEQEND
  5
48F
330
48E
100
AcDbEntity
  8
GREEN_AI_SHRUBS
  0
INSERT
  5
493
330
17
100
AcDbEntity
  8
GREEN_AI_SHRUBS
100
AcDbBlockReference
 66
1
  2
GREEN_AI_SHRUB
 10
31.625
 20
9.875
 30
0.0
 41
0.3
 42
0.3
 43
0.3
  0
ATTRIB
  5
495
330
17
100
AcDbEntity
  8
0
 60
1
100
AcDbText
 10
31.97
 20
9.875
 30
0.0
 40
0.054
  1
S-0120
 11
31.97
 21
9.875
 31
0.0
100
AcDbAttribute
  2
ID
 70
0
  0
ATTRIB
  5
496
330
17
100
AcDbEntity
  8
0
 60
1
100
AcDbText
 10
31.97
 20
9.875
 30
0.0
 40
0.054
  1
Кизильник блестящий
 11
31.97
 21
9.875
 31
0.0
100
AcDbAttribute
  2
PORODA
 70
0
  0
ATTRIB
  5
497
330
17
100
AcDbEntity
  8
0
 60
1
100
AcDbText
 10
31.97
 20
9.875
 30
0.0
 40
0.054
  1
Край проезжей части, кромка укреплённой полосы обочины: норма 1.0 м, факт 1.75 м (СП 42.13330.2016, таблица 9.1; 743-ПП п. 3.6.3; 623-ПП п. 4.2.4)
 11
31.97
 21
9.875
 31
0.0
100
AcDbAttribute
  2
NORMA
 70
0
  0
SEQEND
  5
494
330
493
100
AcDbEntity
  8
GREEN_AI_SHRUBS
  0
INSERT
  5
498
330
17
100
AcDbEntity
  8
GREEN_AI_SHRUBS
100
AcDbBlockReference
 66
1
  2
GREEN_AI_SHRUB
 10
32.875
 20
9.875
 30
0.0
 41
0.4
 42
0.4
 43
0.4
  0
ATTRIB
  5
49A
330
17
100
AcDbEntity
  8
0
 60
1
100
AcDbText
 10
33.335
 20
9.875
 30
0.0
 40
0.072
  1
S-0121
 11
33.335
 21
9.875
 31
0.0
100
AcDbAttribute
  2
ID
 70
0
  0
ATTRIB
  5
49B
330
17
100
AcDbEntity
  8
0
 60
1
100
AcDbText
 10
33.335
 20
9.875
 30
0.0
 40
0.072
  1
Пузыреплодник калинолистный 'Luteus'
 11
33.335
 21
9.875
 31
0.0
100
AcDbAttribute
  2
PORODA
 70
0
  0
ATTRIB
  5
49C
330
17
100
AcDbEntity
  8
0
 60
1
100
AcDbText
 10
33.335
 20
9.875
 30
0.0
 40
0.072
  1
Край проезжей части, кромка укреплённой полосы обочины: норма 1.0 м, факт 1.75 м (СП 42.13330.2016, таблица 9.1; 743-ПП п. 3.6.3; 623-ПП п. 4.2.4)
 11
33.335
 21
9.875
 31
0.0
100
AcDbAttribute
  2
NORMA
 70
0
  0
SEQEND
  5
499
330
498
100
AcDbEntity
  8
GREEN_AI_SHRUBS
  0
INSERT
  5
49D
330
17
100
AcDbEntity
  8
GREEN_AI_SHRUBS
100
AcDbBlockReference
 66
1
  2
GREEN_AI_SHRUB
 10
34.125
 20
9.875
 30
0.0
 41
0.4
 42
0.4
 43
0.4
  0
ATTRIB
  5
49F
330
17
100
AcDbEntity
  8
0
 60
1
100
AcDbText
 10
34.585
 20
9.875
 30
0.0
 40
0.072
  1
S-0122
 11
34.585
 21
9.875
 31
0.0
100
AcDbAttribute
  2
ID
 70
0
  0
ATTRIB
  5
4A0
330
17
100
AcDbEntity
  8
0
 60
1
100
AcDbText
 10
34.585
 20
9.875
 30
0.0
 40
0.072
  1
Пузыреплодник калинолистный 'Luteus'
 11
34.585
 21
9.875
 31
0.0
100
AcDbAttribute
  2
PORODA
 70
0
  0
ATTRIB
  5
4A1
330
17
100
AcDbEntity
  8
0
 60
1
100
AcDbText
 10
34.585
 20
9.875
 30
0.0
 40
0.072
  1
Край проезжей части, кромка укреплённой полосы обочины: норма 1.0 м, факт 1.75 м (СП 42.13330.2016, таблица 9.1; 743-ПП п. 3.6.3; 623-ПП п. 4.2.4)
 11
34.585
 21
9.875
 31
0.0
100
AcDbAttribute
  2
NORMA
 70
0
  0
SEQEND
  5
49E
330
49D
100
AcDbEntity
  8
GREEN_AI_SHRUBS
  0
INSERT
  5
4A2
330
17
100
AcDbEntity
  8
GREEN_AI_SHRUBS
100
AcDbBlockReference
 66
1
  2
GREEN_AI_SHRUB
 10
35.375
 20
9.875
 30
0.0
 41
0.4
 42
0.4
 43
0.4
  0
ATTRIB
  5
4A4
330
17
100
AcDbEntity
  8
0
 60
1
100
AcDbText
 10
35.835
 20
9.875
 30
0.0
 40
0.072
  1
S-0123
 11
35.835
 21
9.875
 31
0.0
100
AcDbAttribute
  2
ID
 70
0
  0
ATTRIB
  5
4A5
330
17
100
AcDbEntity
  8
0
 60
1
100
AcDbText
 10
35.835
 20
9.875
 30
0.0
 40
0.072
  1
Пузыреплодник калинолистный 'Luteus'
 11
35.835
 21
9.875
 31
0.0
100
AcDbAttribute
  2
PORODA
 70
0
  0
ATTRIB
  5
4A6
330
17
100
AcDbEntity
  8
0
 60
1
100
AcDbText
 10
35.835
 20
9.875
 30
0.0
 40
0.072
  1
Край проезжей части, кромка укреплённой полосы обочины: норма 1.0 м, факт 1.75 м (СП 42.13330.2016, таблица 9.1; 743-ПП п. 3.6.3; 623-ПП п. 4.2.4)
 11
35.835
 21
9.875
 31
0.0
100
AcDbAttribute
  2
NORMA
 70
0
  0
SEQEND
  5
4A3
330
4A2
100
AcDbEntity
  8
GREEN_AI_SHRUBS
  0
INSERT
  5
4A7
330
17
100
AcDbEntity
  8
GREEN_AI_SHRUBS
100
AcDbBlockReference
 66
1
  2
GREEN_AI_SHRUB
 10
36.625
 20
9.875
 30
0.0
 41
0.4
 42
0.4
 43
0.4
  0
ATTRIB
  5
4A9
330
17
100
AcDbEntity
  8
0
 60
1
100
AcDbText
 10
37.085
 20
9.875
 30
0.0
 40
0.072
  1
S-0124
 11
37.085
 21
9.875
 31
0.0
100
AcDbAttribute
  2
ID
 70
0
  0
ATTRIB
  5
4AA
330
17
100
AcDbEntity
  8
0
 60
1
100
AcDbText
 10
37.085
 20
9.875
 30
0.0
 40
0.072
  1
Пузыреплодник калинолистный 'Luteus'
 11
37.085
 21
9.875
 31
0.0
100
AcDbAttribute
  2
PORODA
 70
0
  0
ATTRIB
  5
4AB
330
17
100
AcDbEntity
  8
0
 60
1
100
AcDbText
 10
37.085
 20
9.875
 30
0.0
 40
0.072
  1
Край проезжей части, кромка укреплённой полосы обочины: норма 1.0 м, факт 1.75 м (СП 42.13330.2016, таблица 9.1; 743-ПП п. 3.6.3; 623-ПП п. 4.2.4)
 11
37.085
 21
9.875
 31
0.0
100
AcDbAttribute
  2
NORMA
 70
0
  0
SEQEND
  5
4A8
330
4A7
100
AcDbEntity
  8
GREEN_AI_SHRUBS
  0
INSERT
  5
4AC
330
17
100
AcDbEntity
  8
GREEN_AI_SHRUBS
100
AcDbBlockReference
 66
1
  2
GREEN_AI_SHRUB
 10
37.875
 20
9.875
 30
0.0
 41
0.4
 42
0.4
 43
0.4
  0
ATTRIB
  5
4AE
330
17
100
AcDbEntity
  8
0
 60
1
100
AcDbText
 10
38.335
 20
9.875
 30
0.0
 40
0.072
  1
S-0125
 11
38.335
 21
9.875
 31
0.0
100
AcDbAttribute
  2
ID
 70
0
  0
ATTRIB
  5
4AF
330
17
100
AcDbEntity
  8
0
 60
1
100
AcDbText
 10
38.335
 20
9.875
 30
0.0
 40
0.072
  1
Пузыреплодник калинолистный 'Luteus'
 11
38.335
 21
9.875
 31
0.0
100
AcDbAttribute
  2
PORODA
 70
0
  0
ATTRIB
  5
4B0
330
17
100
AcDbEntity
  8
0
 60
1
100
AcDbText
 10
38.335
 20
9.875
 30
0.0
 40
0.072
  1
Край проезжей части, кромка укреплённой полосы обочины: норма 1.0 м, факт 1.75 м (СП 42.13330.2016, таблица 9.1; 743-ПП п. 3.6.3; 623-ПП п. 4.2.4)
 11
38.335
 21
9.875
 31
0.0
100
AcDbAttribute
  2
NORMA
 70
0
  0
SEQEND
  5
4AD
330
4AC
100
AcDbEntity
  8
GREEN_AI_SHRUBS
  0
INSERT
  5
4B1
330
17
100
AcDbEntity
  8
GREEN_AI_SHRUBS
100
AcDbBlockReference
 66
1
  2
GREEN_AI_SHRUB
 10
39.125
 20
9.875
 30
0.0
 41
0.4
 42
0.4
 43
0.4
  0
ATTRIB
  5
4B3
330
17
100
AcDbEntity
  8
0
 60
1
100
AcDbText
 10
39.585
 20
9.875
 30
0.0
 40
0.072
  1
S-0126
 11
39.585
 21
9.875
 31
0.0
100
AcDbAttribute
  2
ID
 70
0
  0
ATTRIB
  5
4B4
330
17
100
AcDbEntity
  8
0
 60
1
100
AcDbText
 10
39.585
 20
9.875
 30
0.0
 40
0.072
  1
Пузыреплодник калинолистный 'Luteus'
 11
39.585
 21
9.875
 31
0.0
100
AcDbAttribute
  2
PORODA
 70
0
  0
ATTRIB
  5
4B5
330
17
100
AcDbEntity
  8
0
 60
1
100
AcDbText
 10
39.585
 20
9.875
 30
0.0
 40
0.072
  1
Край проезжей части, кромка укреплённой полосы обочины: норма 1.0 м, факт 1.75 м (СП 42.13330.2016, таблица 9.1; 743-ПП п. 3.6.3; 623-ПП п. 4.2.4)
 11
39.585
 21
9.875
 31
0.0
100
AcDbAttribute
  2
NORMA
 70
0
  0
SEQEND
  5
4B2
330
4B1
100
AcDbEntity
  8
GREEN_AI_SHRUBS
  0
INSERT
  5
4B6
330
17
100
AcDbEntity
  8
GREEN_AI_SHRUBS
100
AcDbBlockReference
 66
1
  2
GREEN_AI_SHRUB
 10
40.375
 20
9.875
 30
0.0
 41
0.4
 42
0.4
 43
0.4
  0
ATTRIB
  5
4B8
330
17
100
AcDbEntity
  8
0
 60
1
100
AcDbText
 10
40.835
 20
9.875
 30
0.0
 40
0.072
  1
S-0127
 11
40.835
 21
9.875
 31
0.0
100
AcDbAttribute
  2
ID
 70
0
  0
ATTRIB
  5
4B9
330
17
100
AcDbEntity
  8
0
 60
1
100
AcDbText
 10
40.835
 20
9.875
 30
0.0
 40
0.072
  1
Пузыреплодник калинолистный 'Luteus'
 11
40.835
 21
9.875
 31
0.0
100
AcDbAttribute
  2
PORODA
 70
0
  0
ATTRIB
  5
4BA
330
17
100
AcDbEntity
  8
0
 60
1
100
AcDbText
 10
40.835
 20
9.875
 30
0.0
 40
0.072
  1
Край проезжей части, кромка укреплённой полосы обочины: норма 1.0 м, факт 1.75 м (СП 42.13330.2016, таблица 9.1; 743-ПП п. 3.6.3; 623-ПП п. 4.2.4)
 11
40.835
 21
9.875
 31
0.0
100
AcDbAttribute
  2
NORMA
 70
0
  0
SEQEND
  5
4B7
330
4B6
100
AcDbEntity
  8
GREEN_AI_SHRUBS
  0
INSERT
  5
4BB
330
17
100
AcDbEntity
  8
GREEN_AI_SHRUBS
100
AcDbBlockReference
 66
1
  2
GREEN_AI_SHRUB
 10
41.625
 20
9.875
 30
0.0
 41
0.4
 42
0.4
 43
0.4
  0
ATTRIB
  5
4BD
330
17
100
AcDbEntity
  8
0
 60
1
100
AcDbText
 10
42.085
 20
9.875
 30
0.0
 40
0.072
  1
S-0128
 11
42.085
 21
9.875
 31
0.0
100
AcDbAttribute
  2
ID
 70
0
  0
ATTRIB
  5
4BE
330
17
100
AcDbEntity
  8
0
 60
1
100
AcDbText
 10
42.085
 20
9.875
 30
0.0
 40
0.072
  1
Пузыреплодник калинолистный 'Luteus'
 11
42.085
 21
9.875
 31
0.0
100
AcDbAttribute
  2
PORODA
 70
0
  0
ATTRIB
  5
4BF
330
17
100
AcDbEntity
  8
0
 60
1
100
AcDbText
 10
42.085
 20
9.875
 30
0.0
 40
0.072
  1
Край проезжей части, кромка укреплённой полосы обочины: норма 1.0 м, факт 1.75 м (СП 42.13330.2016, таблица 9.1; 743-ПП п. 3.6.3; 623-ПП п. 4.2.4)
 11
42.085
 21
9.875
 31
0.0
100
AcDbAttribute
  2
NORMA
 70
0
  0
SEQEND
  5
4BC
330
4BB
100
AcDbEntity
  8
GREEN_AI_SHRUBS
  0
INSERT
  5
4C0
330
17
100
AcDbEntity
  8
GREEN_AI_SHRUBS
100
AcDbBlockReference
 66
1
  2
GREEN_AI_SHRUB
 10
42.875
 20
9.875
 30
0.0
 41
0.4
 42
0.4
 43
0.4
  0
ATTRIB
  5
4C2
330
17
100
AcDbEntity
  8
0
 60
1
100
AcDbText
 10
43.335
 20
9.875
 30
0.0
 40
0.072
  1
S-0129
 11
43.335
 21
9.875
 31
0.0
100
AcDbAttribute
  2
ID
 70
0
  0
ATTRIB
  5
4C3
330
17
100
AcDbEntity
  8
0
 60
1
100
AcDbText
 10
43.335
 20
9.875
 30
0.0
 40
0.072
  1
Пузыреплодник калинолистный 'Luteus'
 11
43.335
 21
9.875
 31
0.0
100
AcDbAttribute
  2
PORODA
 70
0
  0
ATTRIB
  5
4C4
330
17
100
AcDbEntity
  8
0
 60
1
100
AcDbText
 10
43.335
 20
9.875
 30
0.0
 40
0.072
  1
Край проезжей части, кромка укреплённой полосы обочины: норма 1.0 м, факт 1.75 м (СП 42.13330.2016, таблица 9.1; 743-ПП п. 3.6.3; 623-ПП п. 4.2.4)
 11
43.335
 21
9.875
 31
0.0
100
AcDbAttribute
  2
NORMA
 70
0
  0
SEQEND
  5
4C1
330
4C0
100
AcDbEntity
  8
GREEN_AI_SHRUBS
  0
INSERT
  5
4C5
330
17
100
AcDbEntity
  8
GREEN_AI_SHRUBS
100
AcDbBlockReference
 66
1
  2
GREEN_AI_SHRUB
 10
44.125
 20
9.875
 30
0.0
 41
0.4
 42
0.4
 43
0.4
  0
ATTRIB
  5
4C7
330
17
100
AcDbEntity
  8
0
 60
1
100
AcDbText
 10
44.585
 20
9.875
 30
0.0
 40
0.072
  1
S-0130
 11
44.585
 21
9.875
 31
0.0
100
AcDbAttribute
  2
ID
 70
0
  0
ATTRIB
  5
4C8
330
17
100
AcDbEntity
  8
0
 60
1
100
AcDbText
 10
44.585
 20
9.875
 30
0.0
 40
0.072
  1
Пузыреплодник калинолистный 'Luteus'
 11
44.585
 21
9.875
 31
0.0
100
AcDbAttribute
  2
PORODA
 70
0
  0
ATTRIB
  5
4C9
330
17
100
AcDbEntity
  8
0
 60
1
100
AcDbText
 10
44.585
 20
9.875
 30
0.0
 40
0.072
  1
Край проезжей части, кромка укреплённой полосы обочины: норма 1.0 м, факт 1.75 м (СП 42.13330.2016, таблица 9.1; 743-ПП п. 3.6.3; 623-ПП п. 4.2.4)
 11
44.585
 21
9.875
 31
0.0
100
AcDbAttribute
  2
NORMA
 70
0
  0
SEQEND
  5
4C6
330
4C5
100
AcDbEntity
  8
GREEN_AI_SHRUBS
  0
INSERT
  5
4CA
330
17
100
AcDbEntity
  8
GREEN_AI_SHRUBS
100
AcDbBlockReference
 66
1
  2
GREEN_AI_SHRUB
 10
45.375
 20
9.875
 30
0.0
 41
0.4
 42
0.4
 43
0.4
  0
ATTRIB
  5
4CC
330
17
100
AcDbEntity
  8
0
 60
1
100
AcDbText
 10
45.835
 20
9.875
 30
0.0
 40
0.072
  1
S-0131
 11
45.835
 21
9.875
 31
0.0
100
AcDbAttribute
  2
ID
 70
0
  0
ATTRIB
  5
4CD
330
17
100
AcDbEntity
  8
0
 60
1
100
AcDbText
 10
45.835
 20
9.875
 30
0.0
 40
0.072
  1
Пузыреплодник калинолистный 'Luteus'
 11
45.835
 21
9.875
 31
0.0
100
AcDbAttribute
  2
PORODA
 70
0
  0
ATTRIB
  5
4CE
330
17
100
AcDbEntity
  8
0
 60
1
100
AcDbText
 10
45.835
 20
9.875
 30
0.0
 40
0.072
  1
Край проезжей части, кромка укреплённой полосы обочины: норма 1.0 м, факт 1.75 м (СП 42.13330.2016, таблица 9.1; 743-ПП п. 3.6.3; 623-ПП п. 4.2.4)
 11
45.835
 21
9.875
 31
0.0
100
AcDbAttribute
  2
NORMA
 70
0
  0
SEQEND
  5
4CB
330
4CA
100
AcDbEntity
  8
GREEN_AI_SHRUBS
  0
INSERT
  5
4CF
330
17
100
AcDbEntity
  8
GREEN_AI_SHRUBS
100
AcDbBlockReference
 66
1
  2
GREEN_AI_SHRUB
 10
46.625
 20
9.875
 30
0.0
 41
0.4
 42
0.4
 43
0.4
  0
ATTRIB
  5
4D1
330
17
100
AcDbEntity
  8
0
 60
1
100
AcDbText
 10
47.085
 20
9.875
 30
0.0
 40
0.072
  1
S-0132
 11
47.085
 21
9.875
 31
0.0
100
AcDbAttribute
  2
ID
 70
0
  0
ATTRIB
  5
4D2
330
17
100
AcDbEntity
  8
0
 60
1
100
AcDbText
 10
47.085
 20
9.875
 30
0.0
 40
0.072
  1
Пузыреплодник калинолистный 'Luteus'
 11
47.085
 21
9.875
 31
0.0
100
AcDbAttribute
  2
PORODA
 70
0
  0
ATTRIB
  5
4D3
330
17
100
AcDbEntity
  8
0
 60
1
100
AcDbText
 10
47.085
 20
9.875
 30
0.0
 40
0.072
  1
Край проезжей части, кромка укреплённой полосы обочины: норма 1.0 м, факт 1.75 м (СП 42.13330.2016, таблица 9.1; 743-ПП п. 3.6.3; 623-ПП п. 4.2.4)
 11
47.085
 21
9.875
 31
0.0
100
AcDbAttribute
  2
NORMA
 70
0
  0
SEQEND
  5
4D0
330
4CF
100
AcDbEntity
  8
GREEN_AI_SHRUBS
  0
INSERT
  5
4D4
330
17
100
AcDbEntity
  8
GREEN_AI_SHRUBS
100
AcDbBlockReference
 66
1
  2
GREEN_AI_SHRUB
 10
47.875
 20
9.875
 30
0.0
 41
0.4
 42
0.4
 43
0.4
  0
ATTRIB
  5
4D6
330
17
100
AcDbEntity
  8
0
 60
1
100
AcDbText
 10
48.335
 20
9.875
 30
0.0
 40
0.072
  1
S-0133
 11
48.335
 21
9.875
 31
0.0
100
AcDbAttribute
  2
ID
 70
0
  0
ATTRIB
  5
4D7
330
17
100
AcDbEntity
  8
0
 60
1
100
AcDbText
 10
48.335
 20
9.875
 30
0.0
 40
0.072
  1
Пузыреплодник калинолистный 'Luteus'
 11
48.335
 21
9.875
 31
0.0
100
AcDbAttribute
  2
PORODA
 70
0
  0
ATTRIB
  5
4D8
330
17
100
AcDbEntity
  8
0
 60
1
100
AcDbText
 10
48.335
 20
9.875
 30
0.0
 40
0.072
  1
Край проезжей части, кромка укреплённой полосы обочины: норма 1.0 м, факт 1.75 м (СП 42.13330.2016, таблица 9.1; 743-ПП п. 3.6.3; 623-ПП п. 4.2.4)
 11
48.335
 21
9.875
 31
0.0
100
AcDbAttribute
  2
NORMA
 70
0
  0
SEQEND
  5
4D5
330
4D4
100
AcDbEntity
  8
GREEN_AI_SHRUBS
  0
INSERT
  5
4D9
330
17
100
AcDbEntity
  8
GREEN_AI_SHRUBS
100
AcDbBlockReference
 66
1
  2
GREEN_AI_SHRUB
 10
49.125
 20
9.875
 30
0.0
 41
0.4
 42
0.4
 43
0.4
  0
ATTRIB
  5
4DB
330
17
100
AcDbEntity
  8
0
 60
1
100
AcDbText
 10
49.585
 20
9.875
 30
0.0
 40
0.072
  1
S-0134
 11
49.585
 21
9.875
 31
0.0
100
AcDbAttribute
  2
ID
 70
0
  0
ATTRIB
  5
4DC
330
17
100
AcDbEntity
  8
0
 60
1
100
AcDbText
 10
49.585
 20
9.875
 30
0.0
 40
0.072
  1
Пузыреплодник калинолистный 'Luteus'
 11
49.585
 21
9.875
 31
0.0
100
AcDbAttribute
  2
PORODA
 70
0
  0
ATTRIB
  5
4DD
330
17
100
AcDbEntity
  8
0
 60
1
100
AcDbText
 10
49.585
 20
9.875
 30
0.0
 40
0.072
  1
Край проезжей части, кромка укреплённой полосы обочины: норма 1.0 м, факт 1.75 м (СП 42.13330.2016, таблица 9.1; 743-ПП п. 3.6.3; 623-ПП п. 4.2.4)
 11
49.585
 21
9.875
 31
0.0
100
AcDbAttribute
  2
NORMA
 70
0
  0
SEQEND
  5
4DA
330
4D9
100
AcDbEntity
  8
GREEN_AI_SHRUBS
  0
INSERT
  5
4DE
330
17
100
AcDbEntity
  8
GREEN_AI_SHRUBS
100
AcDbBlockReference
 66
1
  2
GREEN_AI_SHRUB
 10
50.375
 20
9.875
 30
0.0
 41
0.4
 42
0.4
 43
0.4
  0
ATTRIB
  5
4E0
330
17
100
AcDbEntity
  8
0
 60
1
100
AcDbText
 10
50.835
 20
9.875
 30
0.0
 40
0.072
  1
S-0135
 11
50.835
 21
9.875
 31
0.0
100
AcDbAttribute
  2
ID
 70
0
  0
ATTRIB
  5
4E1
330
17
100
AcDbEntity
  8
0
 60
1
100
AcDbText
 10
50.835
 20
9.875
 30
0.0
 40
0.072
  1
Пузыреплодник калинолистный 'Luteus'
 11
50.835
 21
9.875
 31
0.0
100
AcDbAttribute
  2
PORODA
 70
0
  0
ATTRIB
  5
4E2
330
17
100
AcDbEntity
  8
0
 60
1
100
AcDbText
 10
50.835
 20
9.875
 30
0.0
 40
0.072
  1
Край проезжей части, кромка укреплённой полосы обочины: норма 1.0 м, факт 1.75 м (СП 42.13330.2016, таблица 9.1; 743-ПП п. 3.6.3; 623-ПП п. 4.2.4)
 11
50.835
 21
9.875
 31
0.0
100
AcDbAttribute
  2
NORMA
 70
0
  0
SEQEND
  5
4DF
330
4DE
100
AcDbEntity
  8
GREEN_AI_SHRUBS
  0
INSERT
  5
4E3
330
17
100
AcDbEntity
  8
GREEN_AI_SHRUBS
100
AcDbBlockReference
 66
1
  2
GREEN_AI_SHRUB
 10
51.625
 20
9.875
 30
0.0
 41
0.4
 42
0.4
 43
0.4
  0
ATTRIB
  5
4E5
330
17
100
AcDbEntity
  8
0
 60
1
100
AcDbText
 10
52.085
 20
9.875
 30
0.0
 40
0.072
  1
S-0136
 11
52.085
 21
9.875
 31
0.0
100
AcDbAttribute
  2
ID
 70
0
  0
ATTRIB
  5
4E6
330
17
100
AcDbEntity
  8
0
 60
1
100
AcDbText
 10
52.085
 20
9.875
 30
0.0
 40
0.072
  1
Пузыреплодник калинолистный 'Luteus'
 11
52.085
 21
9.875
 31
0.0
100
AcDbAttribute
  2
PORODA
 70
0
  0
ATTRIB
  5
4E7
330
17
100
AcDbEntity
  8
0
 60
1
100
AcDbText
 10
52.085
 20
9.875
 30
0.0
 40
0.072
  1
Край проезжей части, кромка укреплённой полосы обочины: норма 1.0 м, факт 1.75 м (СП 42.13330.2016, таблица 9.1; 743-ПП п. 3.6.3; 623-ПП п. 4.2.4)
 11
52.085
 21
9.875
 31
0.0
100
AcDbAttribute
  2
NORMA
 70
0
  0
SEQEND
  5
4E4
330
4E3
100
AcDbEntity
  8
GREEN_AI_SHRUBS
  0
INSERT
  5
4E8
330
17
100
AcDbEntity
  8
GREEN_AI_SHRUBS
100
AcDbBlockReference
 66
1
  2
GREEN_AI_SHRUB
 10
52.875
 20
9.875
 30
0.0
 41
0.4
 42
0.4
 43
0.4
  0
ATTRIB
  5
4EA
330
17
100
AcDbEntity
  8
0
 60
1
100
AcDbText
 10
53.335
 20
9.875
 30
0.0
 40
0.072
  1
S-0137
 11
53.335
 21
9.875
 31
0.0
100
AcDbAttribute
  2
ID
 70
0
  0
ATTRIB
  5
4EB
330
17
100
AcDbEntity
  8
0
 60
1
100
AcDbText
 10
53.335
 20
9.875
 30
0.0
 40
0.072
  1
Пузыреплодник калинолистный 'Luteus'
 11
53.335
 21
9.875
 31
0.0
100
AcDbAttribute
  2
PORODA
 70
0
  0
ATTRIB
  5
4EC
330
17
100
AcDbEntity
  8
0
 60
1
100
AcDbText
 10
53.335
 20
9.875
 30
0.0
 40
0.072
  1
Край проезжей части, кромка укреплённой полосы обочины: норма 1.0 м, факт 1.75 м (СП 42.13330.2016, таблица 9.1; 743-ПП п. 3.6.3; 623-ПП п. 4.2.4)
 11
53.335
 21
9.875
 31
0.0
100
AcDbAttribute
  2
NORMA
 70
0
  0
SEQEND
  5
4E9
330
4E8
100
AcDbEntity
  8
GREEN_AI_SHRUBS
  0
INSERT
  5
4ED
330
17
100
AcDbEntity
  8
GREEN_AI_SHRUBS
100
AcDbBlockReference
 66
1
  2
GREEN_AI_SHRUB
 10
54.125
 20
9.875
 30
0.0
 41
0.4
 42
0.4
 43
0.4
  0
ATTRIB
  5
4EF
330
17
100
AcDbEntity
  8
0
 60
1
100
AcDbText
 10
54.585
 20
9.875
 30
0.0
 40
0.072
  1
S-0138
 11
54.585
 21
9.875
 31
0.0
100
AcDbAttribute
  2
ID
 70
0
  0
ATTRIB
  5
4F0
330
17
100
AcDbEntity
  8
0
 60
1
100
AcDbText
 10
54.585
 20
9.875
 30
0.0
 40
0.072
  1
Пузыреплодник калинолистный 'Luteus'
 11
54.585
 21
9.875
 31
0.0
100
AcDbAttribute
  2
PORODA
 70
0
  0
ATTRIB
  5
4F1
330
17
100
AcDbEntity
  8
0
 60
1
100
AcDbText
 10
54.585
 20
9.875
 30
0.0
 40
0.072
  1
Край проезжей части, кромка укреплённой полосы обочины: норма 1.0 м, факт 1.75 м (СП 42.13330.2016, таблица 9.1; 743-ПП п. 3.6.3; 623-ПП п. 4.2.4)
 11
54.585
 21
9.875
 31
0.0
100
AcDbAttribute
  2
NORMA
 70
0
  0
SEQEND
  5
4EE
330
4ED
100
AcDbEntity
  8
GREEN_AI_SHRUBS
  0
INSERT
  5
4F2
330
17
100
AcDbEntity
  8
GREEN_AI_SHRUBS
100
AcDbBlockReference
 66
1
  2
GREEN_AI_SHRUB
 10
55.375
 20
9.875
 30
0.0
 41
0.4
 42
0.4
 43
0.4
  0
ATTRIB
  5
4F4
330
17
100
AcDbEntity
  8
0
 60
1
100
AcDbText
 10
55.835
 20
9.875
 30
0.0
 40
0.072
  1
S-0139
 11
55.835
 21
9.875
 31
0.0
100
AcDbAttribute
  2
ID
 70
0
  0
ATTRIB
  5
4F5
330
17
100
AcDbEntity
  8
0
 60
1
100
AcDbText
 10
55.835
 20
9.875
 30
0.0
 40
0.072
  1
Пузыреплодник калинолистный 'Luteus'
 11
55.835
 21
9.875
 31
0.0
100
AcDbAttribute
  2
PORODA
 70
0
  0
ATTRIB
  5
4F6
330
17
100
AcDbEntity
  8
0
 60
1
100
AcDbText
 10
55.835
 20
9.875
 30
0.0
 40
0.072
  1
Край проезжей части, кромка укреплённой полосы обочины: норма 1.0 м, факт 1.75 м (СП 42.13330.2016, таблица 9.1; 743-ПП п. 3.6.3; 623-ПП п. 4.2.4)
 11
55.835
 21
9.875
 31
0.0
100
AcDbAttribute
  2
NORMA
 70
0
  0
SEQEND
  5
4F3
330
4F2
100
AcDbEntity
  8
GREEN_AI_SHRUBS
  0
INSERT
  5
4F7
330
17
100
AcDbEntity
  8
GREEN_AI_SHRUBS
100
AcDbBlockReference
 66
1
  2
GREEN_AI_SHRUB
 10
56.625
 20
9.875
 30
0.0
 41
0.4
 42
0.4
 43
0.4
  0
ATTRIB
  5
4F9
330
17
100
AcDbEntity
  8
0
 60
1
100
AcDbText
 10
57.085
 20
9.875
 30
0.0
 40
0.072
  1
S-0140
 11
57.085
 21
9.875
 31
0.0
100
AcDbAttribute
  2
ID
 70
0
  0
ATTRIB
  5
4FA
330
17
100
AcDbEntity
  8
0
 60
1
100
AcDbText
 10
57.085
 20
9.875
 30
0.0
 40
0.072
  1
Пузыреплодник калинолистный 'Luteus'
 11
57.085
 21
9.875
 31
0.0
100
AcDbAttribute
  2
PORODA
 70
0
  0
ATTRIB
  5
4FB
330
17
100
AcDbEntity
  8
0
 60
1
100
AcDbText
 10
57.085
 20
9.875
 30
0.0
 40
0.072
  1
Край проезжей части, кромка укреплённой полосы обочины: норма 1.0 м, факт 1.75 м (СП 42.13330.2016, таблица 9.1; 743-ПП п. 3.6.3; 623-ПП п. 4.2.4)
 11
57.085
 21
9.875
 31
0.0
100
AcDbAttribute
  2
NORMA
 70
0
  0
SEQEND
  5
4F8
330
4F7
100
AcDbEntity
  8
GREEN_AI_SHRUBS
  0
INSERT
  5
4FC
330
17
100
AcDbEntity
  8
GREEN_AI_SHRUBS
100
AcDbBlockReference
 66
1
  2
GREEN_AI_SHRUB
 10
57.875
 20
9.875
 30
0.0
 41
0.4
 42
0.4
 43
0.4
  0
ATTRIB
  5
4FE
330
17
100
AcDbEntity
  8
0
 60
1
100
AcDbText
 10
58.335
 20
9.875
 30
0.0
 40
0.072
  1
S-0141
 11
58.335
 21
9.875
 31
0.0
100
AcDbAttribute
  2
ID
 70
0
  0
ATTRIB
  5
4FF
330
17
100
AcDbEntity
  8
0
 60
1
100
AcDbText
 10
58.335
 20
9.875
 30
0.0
 40
0.072
  1
Пузыреплодник калинолистный 'Luteus'
 11
58.335
 21
9.875
 31
0.0
100
AcDbAttribute
  2
PORODA
 70
0
  0
ATTRIB
  5
500
330
17
100
AcDbEntity
  8
0
 60
1
100
AcDbText
 10
58.335
 20
9.875
 30
0.0
 40
0.072
  1
Край проезжей части, кромка укреплённой полосы обочины: норма 1.0 м, факт 1.75 м (СП 42.13330.2016, таблица 9.1; 743-ПП п. 3.6.3; 623-ПП п. 4.2.4)
 11
58.335
 21
9.875
 31
0.0
100
AcDbAttribute
  2
NORMA
 70
0
  0
SEQEND
  5
4FD
330
4FC
100
AcDbEntity
  8
GREEN_AI_SHRUBS
  0
INSERT
  5
501
330
17
100
AcDbEntity
  8
GREEN_AI_SHRUBS
100
AcDbBlockReference
 66
1
  2
GREEN_AI_SHRUB
 10
59.125
 20
9.875
 30
0.0
 41
0.4
 42
0.4
 43
0.4
  0
ATTRIB
  5
503
330
17
100
AcDbEntity
  8
0
 60
1
100
AcDbText
 10
59.585
 20
9.875
 30
0.0
 40
0.072
  1
S-0142
 11
59.585
 21
9.875
 31
0.0
100
AcDbAttribute
  2
ID
 70
0
  0
ATTRIB
  5
504
330
17
100
AcDbEntity
  8
0
 60
1
100
AcDbText
 10
59.585
 20
9.875
 30
0.0
 40
0.072
  1
Пузыреплодник калинолистный 'Luteus'
 11
59.585
 21
9.875
 31
0.0
100
AcDbAttribute
  2
PORODA
 70
0
  0
ATTRIB
  5
505
330
17
100
AcDbEntity
  8
0
 60
1
100
AcDbText
 10
59.585
 20
9.875
 30
0.0
 40
0.072
  1
Край проезжей части, кромка укреплённой полосы обочины: норма 1.0 м, факт 1.75 м (СП 42.13330.2016, таблица 9.1; 743-ПП п. 3.6.3; 623-ПП п. 4.2.4)
 11
59.585
 21
9.875
 31
0.0
100
AcDbAttribute
  2
NORMA
 70
0
  0
SEQEND
  5
502
330
501
100
AcDbEntity
  8
GREEN_AI_SHRUBS
  0
INSERT
  5
506
330
17
100
AcDbEntity
  8
GREEN_AI_SHRUBS
100
AcDbBlockReference
 66
1
  2
GREEN_AI_SHRUB
 10
60.375
 20
9.875
 30
0.0
 41
0.4
 42
0.4
 43
0.4
  0
ATTRIB
  5
508
330
17
100
AcDbEntity
  8
0
 60
1
100
AcDbText
 10
60.835
 20
9.875
 30
0.0
 40
0.072
  1
S-0143
 11
60.835
 21
9.875
 31
0.0
100
AcDbAttribute
  2
ID
 70
0
  0
ATTRIB
  5
509
330
17
100
AcDbEntity
  8
0
 60
1
100
AcDbText
 10
60.835
 20
9.875
 30
0.0
 40
0.072
  1
Пузыреплодник калинолистный 'Luteus'
 11
60.835
 21
9.875
 31
0.0
100
AcDbAttribute
  2
PORODA
 70
0
  0
ATTRIB
  5
50A
330
17
100
AcDbEntity
  8
0
 60
1
100
AcDbText
 10
60.835
 20
9.875
 30
0.0
 40
0.072
  1
Край проезжей части, кромка укреплённой полосы обочины: норма 1.0 м, факт 1.75 м (СП 42.13330.2016, таблица 9.1; 743-ПП п. 3.6.3; 623-ПП п. 4.2.4)
 11
60.835
 21
9.875
 31
0.0
100
AcDbAttribute
  2
NORMA
 70
0
  0
SEQEND
  5
507
330
506
100
AcDbEntity
  8
GREEN_AI_SHRUBS
  0
INSERT
  5
50B
330
17
100
AcDbEntity
  8
GREEN_AI_SHRUBS
100
AcDbBlockReference
 66
1
  2
GREEN_AI_SHRUB
 10
61.625
 20
9.875
 30
0.0
 41
0.4
 42
0.4
 43
0.4
  0
ATTRIB
  5
50D
330
17
100
AcDbEntity
  8
0
 60
1
100
AcDbText
 10
62.085
 20
9.875
 30
0.0
 40
0.072
  1
S-0144
 11
62.085
 21
9.875
 31
0.0
100
AcDbAttribute
  2
ID
 70
0
  0
ATTRIB
  5
50E
330
17
100
AcDbEntity
  8
0
 60
1
100
AcDbText
 10
62.085
 20
9.875
 30
0.0
 40
0.072
  1
Пузыреплодник калинолистный 'Luteus'
 11
62.085
 21
9.875
 31
0.0
100
AcDbAttribute
  2
PORODA
 70
0
  0
ATTRIB
  5
50F
330
17
100
AcDbEntity
  8
0
 60
1
100
AcDbText
 10
62.085
 20
9.875
 30
0.0
 40
0.072
  1
Край проезжей части, кромка укреплённой полосы обочины: норма 1.0 м, факт 1.75 м (СП 42.13330.2016, таблица 9.1; 743-ПП п. 3.6.3; 623-ПП п. 4.2.4)
 11
62.085
 21
9.875
 31
0.0
100
AcDbAttribute
  2
NORMA
 70
0
  0
SEQEND
  5
50C
330
50B
100
AcDbEntity
  8
GREEN_AI_SHRUBS
  0
INSERT
  5
510
330
17
100
AcDbEntity
  8
GREEN_AI_SHRUBS
100
AcDbBlockReference
 66
1
  2
GREEN_AI_SHRUB
 10
62.875
 20
9.875
 30
0.0
 41
0.4
 42
0.4
 43
0.4
  0
ATTRIB
  5
512
330
17
100
AcDbEntity
  8
0
 60
1
100
AcDbText
 10
63.335
 20
9.875
 30
0.0
 40
0.072
  1
S-0145
 11
63.335
 21
9.875
 31
0.0
100
AcDbAttribute
  2
ID
 70
0
  0
ATTRIB
  5
513
330
17
100
AcDbEntity
  8
0
 60
1
100
AcDbText
 10
63.335
 20
9.875
 30
0.0
 40
0.072
  1
Пузыреплодник калинолистный 'Luteus'
 11
63.335
 21
9.875
 31
0.0
100
AcDbAttribute
  2
PORODA
 70
0
  0
ATTRIB
  5
514
330
17
100
AcDbEntity
  8
0
 60
1
100
AcDbText
 10
63.335
 20
9.875
 30
0.0
 40
0.072
  1
Край проезжей части, кромка укреплённой полосы обочины: норма 1.0 м, факт 1.75 м (СП 42.13330.2016, таблица 9.1; 743-ПП п. 3.6.3; 623-ПП п. 4.2.4)
 11
63.335
 21
9.875
 31
0.0
100
AcDbAttribute
  2
NORMA
 70
0
  0
SEQEND
  5
511
330
510
100
AcDbEntity
  8
GREEN_AI_SHRUBS
  0
INSERT
  5
515
330
17
100
AcDbEntity
  8
GREEN_AI_SHRUBS
100
AcDbBlockReference
 66
1
  2
GREEN_AI_SHRUB
 10
64.125
 20
9.875
 30
0.0
 41
0.4
 42
0.4
 43
0.4
  0
ATTRIB
  5
517
330
17
100
AcDbEntity
  8
0
 60
1
100
AcDbText
 10
64.585
 20
9.875
 30
0.0
 40
0.072
  1
S-0146
 11
64.585
 21
9.875
 31
0.0
100
AcDbAttribute
  2
ID
 70
0
  0
ATTRIB
  5
518
330
17
100
AcDbEntity
  8
0
 60
1
100
AcDbText
 10
64.585
 20
9.875
 30
0.0
 40
0.072
  1
Пузыреплодник калинолистный 'Luteus'
 11
64.585
 21
9.875
 31
0.0
100
AcDbAttribute
  2
PORODA
 70
0
  0
ATTRIB
  5
519
330
17
100
AcDbEntity
  8
0
 60
1
100
AcDbText
 10
64.585
 20
9.875
 30
0.0
 40
0.072
  1
Край проезжей части, кромка укреплённой полосы обочины: норма 1.0 м, факт 1.75 м (СП 42.13330.2016, таблица 9.1; 743-ПП п. 3.6.3; 623-ПП п. 4.2.4)
 11
64.585
 21
9.875
 31
0.0
100
AcDbAttribute
  2
NORMA
 70
0
  0
SEQEND
  5
516
330
515
100
AcDbEntity
  8
GREEN_AI_SHRUBS
  0
INSERT
  5
51A
330
17
100
AcDbEntity
  8
GREEN_AI_SHRUBS
100
AcDbBlockReference
 66
1
  2
GREEN_AI_SHRUB
 10
65.375
 20
9.875
 30
0.0
 41
0.4
 42
0.4
 43
0.4
  0
ATTRIB
  5
51C
330
17
100
AcDbEntity
  8
0
 60
1
100
AcDbText
 10
65.835
 20
9.875
 30
0.0
 40
0.072
  1
S-0147
 11
65.835
 21
9.875
 31
0.0
100
AcDbAttribute
  2
ID
 70
0
  0
ATTRIB
  5
51D
330
17
100
AcDbEntity
  8
0
 60
1
100
AcDbText
 10
65.835
 20
9.875
 30
0.0
 40
0.072
  1
Пузыреплодник калинолистный 'Luteus'
 11
65.835
 21
9.875
 31
0.0
100
AcDbAttribute
  2
PORODA
 70
0
  0
ATTRIB
  5
51E
330
17
100
AcDbEntity
  8
0
 60
1
100
AcDbText
 10
65.835
 20
9.875
 30
0.0
 40
0.072
  1
Край проезжей части, кромка укреплённой полосы обочины: норма 1.0 м, факт 1.75 м (СП 42.13330.2016, таблица 9.1; 743-ПП п. 3.6.3; 623-ПП п. 4.2.4)
 11
65.835
 21
9.875
 31
0.0
100
AcDbAttribute
  2
NORMA
 70
0
  0
SEQEND
  5
51B
330
51A
100
AcDbEntity
  8
GREEN_AI_SHRUBS
  0
INSERT
  5
51F
330
17
100
AcDbEntity
  8
GREEN_AI_SHRUBS
100
AcDbBlockReference
 66
1
  2
GREEN_AI_SHRUB
 10
66.625
 20
9.875
 30
0.0
 41
0.4
 42
0.4
 43
0.4
  0
ATTRIB
  5
521
330
17
100
AcDbEntity
  8
0
 60
1
100
AcDbText
 10
67.085
 20
9.875
 30
0.0
 40
0.072
  1
S-0148
 11
67.085
 21
9.875
 31
0.0
100
AcDbAttribute
  2
ID
 70
0
  0
ATTRIB
  5
522
330
17
100
AcDbEntity
  8
0
 60
1
100
AcDbText
 10
67.085
 20
9.875
 30
0.0
 40
0.072
  1
Пузыреплодник калинолистный 'Luteus'
 11
67.085
 21
9.875
 31
0.0
100
AcDbAttribute
  2
PORODA
 70
0
  0
ATTRIB
  5
523
330
17
100
AcDbEntity
  8
0
 60
1
100
AcDbText
 10
67.085
 20
9.875
 30
0.0
 40
0.072
  1
Край проезжей части, кромка укреплённой полосы обочины: норма 1.0 м, факт 1.75 м (СП 42.13330.2016, таблица 9.1; 743-ПП п. 3.6.3; 623-ПП п. 4.2.4)
 11
67.085
 21
9.875
 31
0.0
100
AcDbAttribute
  2
NORMA
 70
0
  0
SEQEND
  5
520
330
51F
100
AcDbEntity
  8
GREEN_AI_SHRUBS
  0
INSERT
  5
524
330
17
100
AcDbEntity
  8
GREEN_AI_SHRUBS
100
AcDbBlockReference
 66
1
  2
GREEN_AI_SHRUB
 10
67.875
 20
9.875
 30
0.0
 41
0.4
 42
0.4
 43
0.4
  0
ATTRIB
  5
526
330
17
100
AcDbEntity
  8
0
 60
1
100
AcDbText
 10
68.335
 20
9.875
 30
0.0
 40
0.072
  1
S-0149
 11
68.335
 21
9.875
 31
0.0
100
AcDbAttribute
  2
ID
 70
0
  0
ATTRIB
  5
527
330
17
100
AcDbEntity
  8
0
 60
1
100
AcDbText
 10
68.335
 20
9.875
 30
0.0
 40
0.072
  1
Пузыреплодник калинолистный 'Luteus'
 11
68.335
 21
9.875
 31
0.0
100
AcDbAttribute
  2
PORODA
 70
0
  0
ATTRIB
  5
528
330
17
100
AcDbEntity
  8
0
 60
1
100
AcDbText
 10
68.335
 20
9.875
 30
0.0
 40
0.072
  1
Край проезжей части, кромка укреплённой полосы обочины: норма 1.0 м, факт 1.75 м (СП 42.13330.2016, таблица 9.1; 743-ПП п. 3.6.3; 623-ПП п. 4.2.4)
 11
68.335
 21
9.875
 31
0.0
100
AcDbAttribute
  2
NORMA
 70
0
  0
SEQEND
  5
525
330
524
100
AcDbEntity
  8
GREEN_AI_SHRUBS
  0
INSERT
  5
529
330
17
100
AcDbEntity
  8
GREEN_AI_SHRUBS
100
AcDbBlockReference
 66
1
  2
GREEN_AI_SHRUB
 10
69.125
 20
9.875
 30
0.0
 41
0.4
 42
0.4
 43
0.4
  0
ATTRIB
  5
52B
330
17
100
AcDbEntity
  8
0
 60
1
100
AcDbText
 10
69.585
 20
9.875
 30
0.0
 40
0.072
  1
S-0150
 11
69.585
 21
9.875
 31
0.0
100
AcDbAttribute
  2
ID
 70
0
  0
ATTRIB
  5
52C
330
17
100
AcDbEntity
  8
0
 60
1
100
AcDbText
 10
69.585
 20
9.875
 30
0.0
 40
0.072
  1
Пузыреплодник калинолистный 'Luteus'
 11
69.585
 21
9.875
 31
0.0
100
AcDbAttribute
  2
PORODA
 70
0
  0
ATTRIB
  5
52D
330
17
100
AcDbEntity
  8
0
 60
1
100
AcDbText
 10
69.585
 20
9.875
 30
0.0
 40
0.072
  1
Край проезжей части, кромка укреплённой полосы обочины: норма 1.0 м, факт 1.75 м (СП 42.13330.2016, таблица 9.1; 743-ПП п. 3.6.3; 623-ПП п. 4.2.4)
 11
69.585
 21
9.875
 31
0.0
100
AcDbAttribute
  2
NORMA
 70
0
  0
SEQEND
  5
52A
330
529
100
AcDbEntity
  8
GREEN_AI_SHRUBS
  0
INSERT
  5
52E
330
17
100
AcDbEntity
  8
GREEN_AI_SHRUBS
100
AcDbBlockReference
 66
1
  2
GREEN_AI_SHRUB
 10
70.375
 20
9.875
 30
0.0
 41
0.4
 42
0.4
 43
0.4
  0
ATTRIB
  5
530
330
17
100
AcDbEntity
  8
0
 60
1
100
AcDbText
 10
70.835
 20
9.875
 30
0.0
 40
0.072
  1
S-0151
 11
70.835
 21
9.875
 31
0.0
100
AcDbAttribute
  2
ID
 70
0
  0
ATTRIB
  5
531
330
17
100
AcDbEntity
  8
0
 60
1
100
AcDbText
 10
70.835
 20
9.875
 30
0.0
 40
0.072
  1
Пузыреплодник калинолистный 'Luteus'
 11
70.835
 21
9.875
 31
0.0
100
AcDbAttribute
  2
PORODA
 70
0
  0
ATTRIB
  5
532
330
17
100
AcDbEntity
  8
0
 60
1
100
AcDbText
 10
70.835
 20
9.875
 30
0.0
 40
0.072
  1
Край проезжей части, кромка укреплённой полосы обочины: норма 1.0 м, факт 1.75 м (СП 42.13330.2016, таблица 9.1; 743-ПП п. 3.6.3; 623-ПП п. 4.2.4)
 11
70.835
 21
9.875
 31
0.0
100
AcDbAttribute
  2
NORMA
 70
0
  0
SEQEND
  5
52F
330
52E
100
AcDbEntity
  8
GREEN_AI_SHRUBS
  0
INSERT
  5
533
330
17
100
AcDbEntity
  8
GREEN_AI_SHRUBS
100
AcDbBlockReference
 66
1
  2
GREEN_AI_SHRUB
 10
71.625
 20
9.875
 30
0.0
 41
0.4
 42
0.4
 43
0.4
  0
ATTRIB
  5
535
330
17
100
AcDbEntity
  8
0
 60
1
100
AcDbText
 10
72.085
 20
9.875
 30
0.0
 40
0.072
  1
S-0152
 11
72.085
 21
9.875
 31
0.0
100
AcDbAttribute
  2
ID
 70
0
  0
ATTRIB
  5
536
330
17
100
AcDbEntity
  8
0
 60
1
100
AcDbText
 10
72.085
 20
9.875
 30
0.0
 40
0.072
  1
Пузыреплодник калинолистный 'Luteus'
 11
72.085
 21
9.875
 31
0.0
100
AcDbAttribute
  2
PORODA
 70
0
  0
ATTRIB
  5
537
330
17
100
AcDbEntity
  8
0
 60
1
100
AcDbText
 10
72.085
 20
9.875
 30
0.0
 40
0.072
  1
Край проезжей части, кромка укреплённой полосы обочины: норма 1.0 м, факт 1.75 м (СП 42.13330.2016, таблица 9.1; 743-ПП п. 3.6.3; 623-ПП п. 4.2.4)
 11
72.085
 21
9.875
 31
0.0
100
AcDbAttribute
  2
NORMA
 70
0
  0
SEQEND
  5
534
330
533
100
AcDbEntity
  8
GREEN_AI_SHRUBS
  0
INSERT
  5
538
330
17
100
AcDbEntity
  8
GREEN_AI_SHRUBS
100
AcDbBlockReference
 66
1
  2
GREEN_AI_SHRUB
 10
72.875
 20
9.875
 30
0.0
 41
0.4
 42
0.4
 43
0.4
  0
ATTRIB
  5
53A
330
17
100
AcDbEntity
  8
0
 60
1
100
AcDbText
 10
73.335
 20
9.875
 30
0.0
 40
0.072
  1
S-0153
 11
73.335
 21
9.875
 31
0.0
100
AcDbAttribute
  2
ID
 70
0
  0
ATTRIB
  5
53B
330
17
100
AcDbEntity
  8
0
 60
1
100
AcDbText
 10
73.335
 20
9.875
 30
0.0
 40
0.072
  1
Пузыреплодник калинолистный 'Luteus'
 11
73.335
 21
9.875
 31
0.0
100
AcDbAttribute
  2
PORODA
 70
0
  0
ATTRIB
  5
53C
330
17
100
AcDbEntity
  8
0
 60
1
100
AcDbText
 10
73.335
 20
9.875
 30
0.0
 40
0.072
  1
Край проезжей части, кромка укреплённой полосы обочины: норма 1.0 м, факт 1.75 м (СП 42.13330.2016, таблица 9.1; 743-ПП п. 3.6.3; 623-ПП п. 4.2.4)
 11
73.335
 21
9.875
 31
0.0
100
AcDbAttribute
  2
NORMA
 70
0
  0
SEQEND
  5
539
330
538
100
AcDbEntity
  8
GREEN_AI_SHRUBS
  0
INSERT
  5
53D
330
17
100
AcDbEntity
  8
GREEN_AI_SHRUBS
100
AcDbBlockReference
 66
1
  2
GREEN_AI_SHRUB
 10
74.125
 20
9.875
 30
0.0
 41
0.4
 42
0.4
 43
0.4
  0
ATTRIB
  5
53F
330
17
100
AcDbEntity
  8
0
 60
1
100
AcDbText
 10
74.585
 20
9.875
 30
0.0
 40
0.072
  1
S-0154
 11
74.585
 21
9.875
 31
0.0
100
AcDbAttribute
  2
ID
 70
0
  0
ATTRIB
  5
540
330
17
100
AcDbEntity
  8
0
 60
1
100
AcDbText
 10
74.585
 20
9.875
 30
0.0
 40
0.072
  1
Пузыреплодник калинолистный 'Luteus'
 11
74.585
 21
9.875
 31
0.0
100
AcDbAttribute
  2
PORODA
 70
0
  0
ATTRIB
  5
541
330
17
100
AcDbEntity
  8
0
 60
1
100
AcDbText
 10
74.585
 20
9.875
 30
0.0
 40
0.072
  1
Край проезжей части, кромка укреплённой полосы обочины: норма 1.0 м, факт 1.75 м (СП 42.13330.2016, таблица 9.1; 743-ПП п. 3.6.3; 623-ПП п. 4.2.4)
 11
74.585
 21
9.875
 31
0.0
100
AcDbAttribute
  2
NORMA
 70
0
  0
SEQEND
  5
53E
330
53D
100
AcDbEntity
  8
GREEN_AI_SHRUBS
  0
INSERT
  5
542
330
17
100
AcDbEntity
  8
GREEN_AI_SHRUBS
100
AcDbBlockReference
 66
1
  2
GREEN_AI_SHRUB
 10
75.375
 20
9.875
 30
0.0
 41
0.4
 42
0.4
 43
0.4
  0
ATTRIB
  5
544
330
17
100
AcDbEntity
  8
0
 60
1
100
AcDbText
 10
75.835
 20
9.875
 30
0.0
 40
0.072
  1
S-0155
 11
75.835
 21
9.875
 31
0.0
100
AcDbAttribute
  2
ID
 70
0
  0
ATTRIB
  5
545
330
17
100
AcDbEntity
  8
0
 60
1
100
AcDbText
 10
75.835
 20
9.875
 30
0.0
 40
0.072
  1
Пузыреплодник калинолистный 'Luteus'
 11
75.835
 21
9.875
 31
0.0
100
AcDbAttribute
  2
PORODA
 70
0
  0
ATTRIB
  5
546
330
17
100
AcDbEntity
  8
0
 60
1
100
AcDbText
 10
75.835
 20
9.875
 30
0.0
 40
0.072
  1
Край проезжей части, кромка укреплённой полосы обочины: норма 1.0 м, факт 1.75 м (СП 42.13330.2016, таблица 9.1; 743-ПП п. 3.6.3; 623-ПП п. 4.2.4)
 11
75.835
 21
9.875
 31
0.0
100
AcDbAttribute
  2
NORMA
 70
0
  0
SEQEND
  5
543
330
542
100
AcDbEntity
  8
GREEN_AI_SHRUBS
  0
INSERT
  5
547
330
17
100
AcDbEntity
  8
GREEN_AI_SHRUBS
100
AcDbBlockReference
 66
1
  2
GREEN_AI_SHRUB
 10
76.625
 20
9.875
 30
0.0
 41
0.4
 42
0.4
 43
0.4
  0
ATTRIB
  5
549
330
17
100
AcDbEntity
  8
0
 60
1
100
AcDbText
 10
77.085
 20
9.875
 30
0.0
 40
0.072
  1
S-0156
 11
77.085
 21
9.875
 31
0.0
100
AcDbAttribute
  2
ID
 70
0
  0
ATTRIB
  5
54A
330
17
100
AcDbEntity
  8
0
 60
1
100
AcDbText
 10
77.085
 20
9.875
 30
0.0
 40
0.072
  1
Пузыреплодник калинолистный 'Luteus'
 11
77.085
 21
9.875
 31
0.0
100
AcDbAttribute
  2
PORODA
 70
0
  0
ATTRIB
  5
54B
330
17
100
AcDbEntity
  8
0
 60
1
100
AcDbText
 10
77.085
 20
9.875
 30
0.0
 40
0.072
  1
Край проезжей части, кромка укреплённой полосы обочины: норма 1.0 м, факт 1.75 м (СП 42.13330.2016, таблица 9.1; 743-ПП п. 3.6.3; 623-ПП п. 4.2.4)
 11
77.085
 21
9.875
 31
0.0
100
AcDbAttribute
  2
NORMA
 70
0
  0
SEQEND
  5
548
330
547
100
AcDbEntity
  8
GREEN_AI_SHRUBS
  0
INSERT
  5
54C
330
17
100
AcDbEntity
  8
GREEN_AI_SHRUBS
100
AcDbBlockReference
 66
1
  2
GREEN_AI_SHRUB
 10
77.875
 20
9.875
 30
0.0
 41
0.4
 42
0.4
 43
0.4
  0
ATTRIB
  5
54E
330
17
100
AcDbEntity
  8
0
 60
1
100
AcDbText
 10
78.335
 20
9.875
 30
0.0
 40
0.072
  1
S-0157
 11
78.335
 21
9.875
 31
0.0
100
AcDbAttribute
  2
ID
 70
0
  0
ATTRIB
  5
54F
330
17
100
AcDbEntity
  8
0
 60
1
100
AcDbText
 10
78.335
 20
9.875
 30
0.0
 40
0.072
  1
Пузыреплодник калинолистный 'Luteus'
 11
78.335
 21
9.875
 31
0.0
100
AcDbAttribute
  2
PORODA
 70
0
  0
ATTRIB
  5
550
330
17
100
AcDbEntity
  8
0
 60
1
100
AcDbText
 10
78.335
 20
9.875
 30
0.0
 40
0.072
  1
Край проезжей части, кромка укреплённой полосы обочины: норма 1.0 м, факт 1.75 м (СП 42.13330.2016, таблица 9.1; 743-ПП п. 3.6.3; 623-ПП п. 4.2.4)
 11
78.335
 21
9.875
 31
0.0
100
AcDbAttribute
  2
NORMA
 70
0
  0
SEQEND
  5
54D
330
54C
100
AcDbEntity
  8
GREEN_AI_SHRUBS
  0
INSERT
  5
551
330
17
100
AcDbEntity
  8
GREEN_AI_SHRUBS
100
AcDbBlockReference
 66
1
  2
GREEN_AI_SHRUB
 10
81.875
 20
9.875
 30
0.0
 41
0.4
 42
0.4
 43
0.4
  0
ATTRIB
  5
553
330
17
100
AcDbEntity
  8
0
 60
1
100
AcDbText
 10
82.335
 20
9.875
 30
0.0
 40
0.072
  1
S-0158
 11
82.335
 21
9.875
 31
0.0
100
AcDbAttribute
  2
ID
 70
0
  0
ATTRIB
  5
554
330
17
100
AcDbEntity
  8
0
 60
1
100
AcDbText
 10
82.335
 20
9.875
 30
0.0
 40
0.072
  1
Пузыреплодник калинолистный 'Luteus'
 11
82.335
 21
9.875
 31
0.0
100
AcDbAttribute
  2
PORODA
 70
0
  0
ATTRIB
  5
555
330
17
100
AcDbEntity
  8
0
 60
1
100
AcDbText
 10
82.335
 20
9.875
 30
0.0
 40
0.072
  1
Канализация: норма 1.0 м, факт 1.75 м (СП 42.13330.2016, таблица 9.1; 743-ПП п. 3.6.3; 623-ПП п. 4.2.4)
 11
82.335
 21
9.875
 31
0.0
100
AcDbAttribute
  2
NORMA
 70
0
  0
SEQEND
  5
552
330
551
100
AcDbEntity
  8
GREEN_AI_SHRUBS
  0
INSERT
  5
556
330
17
100
AcDbEntity
  8
GREEN_AI_SHRUBS
100
AcDbBlockReference
 66
1
  2
GREEN_AI_SHRUB
 10
83.125
 20
9.875
 30
0.0
 41
0.4
 42
0.4
 43
0.4
  0
ATTRIB
  5
558
330
17
100
AcDbEntity
  8
0
 60
1
100
AcDbText
 10
83.585
 20
9.875
 30
0.0
 40
0.072
  1
S-0159
 11
83.585
 21
9.875
 31
0.0
100
AcDbAttribute
  2
ID
 70
0
  0
ATTRIB
  5
559
330
17
100
AcDbEntity
  8
0
 60
1
100
AcDbText
 10
83.585
 20
9.875
 30
0.0
 40
0.072
  1
Пузыреплодник калинолистный 'Luteus'
 11
83.585
 21
9.875
 31
0.0
100
AcDbAttribute
  2
PORODA
 70
0
  0
ATTRIB
  5
55A
330
17
100
AcDbEntity
  8
0
 60
1
100
AcDbText
 10
83.585
 20
9.875
 30
0.0
 40
0.072
  1
Край проезжей части, кромка укреплённой полосы обочины: норма 1.0 м, факт 1.75 м (СП 42.13330.2016, таблица 9.1; 743-ПП п. 3.6.3; 623-ПП п. 4.2.4)
 11
83.585
 21
9.875
 31
0.0
100
AcDbAttribute
  2
NORMA
 70
0
  0
SEQEND
  5
557
330
556
100
AcDbEntity
  8
GREEN_AI_SHRUBS
  0
INSERT
  5
55B
330
17
100
AcDbEntity
  8
GREEN_AI_SHRUBS
100
AcDbBlockReference
 66
1
  2
GREEN_AI_SHRUB
 10
84.375
 20
9.875
 30
0.0
 41
0.4
 42
0.4
 43
0.4
  0
ATTRIB
  5
55D
330
17
100
AcDbEntity
  8
0
 60
1
100
AcDbText
 10
84.835
 20
9.875
 30
0.0
 40
0.072
  1
S-0160
 11
84.835
 21
9.875
 31
0.0
100
AcDbAttribute
  2
ID
 70
0
  0
ATTRIB
  5
55E
330
17
100
AcDbEntity
  8
0
 60
1
100
AcDbText
 10
84.835
 20
9.875
 30
0.0
 40
0.072
  1
Пузыреплодник калинолистный 'Luteus'
 11
84.835
 21
9.875
 31
0.0
100
AcDbAttribute
  2
PORODA
 70
0
  0
ATTRIB
  5
55F
330
17
100
AcDbEntity
  8
0
 60
1
100
AcDbText
 10
84.835
 20
9.875
 30
0.0
 40
0.072
  1
Край проезжей части, кромка укреплённой полосы обочины: норма 1.0 м, факт 1.75 м (СП 42.13330.2016, таблица 9.1; 743-ПП п. 3.6.3; 623-ПП п. 4.2.4)
 11
84.835
 21
9.875
 31
0.0
100
AcDbAttribute
  2
NORMA
 70
0
  0
SEQEND
  5
55C
330
55B
100
AcDbEntity
  8
GREEN_AI_SHRUBS
  0
INSERT
  5
560
330
17
100
AcDbEntity
  8
GREEN_AI_SHRUBS
100
AcDbBlockReference
 66
1
  2
GREEN_AI_SHRUB
 10
85.625
 20
9.875
 30
0.0
 41
0.4
 42
0.4
 43
0.4
  0
ATTRIB
  5
562
330
17
100
AcDbEntity
  8
0
 60
1
100
AcDbText
 10
86.085
 20
9.875
 30
0.0
 40
0.072
  1
S-0161
 11
86.085
 21
9.875
 31
0.0
100
AcDbAttribute
  2
ID
 70
0
  0
ATTRIB
  5
563
330
17
100
AcDbEntity
  8
0
 60
1
100
AcDbText
 10
86.085
 20
9.875
 30
0.0
 40
0.072
  1
Пузыреплодник 'Diabolo'
 11
86.085
 21
9.875
 31
0.0
100
AcDbAttribute
  2
PORODA
 70
0
  0
ATTRIB
  5
564
330
17
100
AcDbEntity
  8
0
 60
1
100
AcDbText
 10
86.085
 20
9.875
 30
0.0
 40
0.072
  1
Край проезжей части, кромка укреплённой полосы обочины: норма 1.0 м, факт 1.75 м (СП 42.13330.2016, таблица 9.1; 743-ПП п. 3.6.3; 623-ПП п. 4.2.4)
 11
86.085
 21
9.875
 31
0.0
100
AcDbAttribute
  2
NORMA
 70
0
  0
SEQEND
  5
561
330
560
100
AcDbEntity
  8
GREEN_AI_SHRUBS
  0
INSERT
  5
565
330
17
100
AcDbEntity
  8
GREEN_AI_SHRUBS
100
AcDbBlockReference
 66
1
  2
GREEN_AI_SHRUB
 10
86.875
 20
9.875
 30
0.0
 41
0.4
 42
0.4
 43
0.4
  0
ATTRIB
  5
567
330
17
100
AcDbEntity
  8
0
 60
1
100
AcDbText
 10
87.335
 20
9.875
 30
0.0
 40
0.072
  1
S-0162
 11
87.335
 21
9.875
 31
0.0
100
AcDbAttribute
  2
ID
 70
0
  0
ATTRIB
  5
568
330
17
100
AcDbEntity
  8
0
 60
1
100
AcDbText
 10
87.335
 20
9.875
 30
0.0
 40
0.072
  1
Пузыреплодник 'Diabolo'
 11
87.335
 21
9.875
 31
0.0
100
AcDbAttribute
  2
PORODA
 70
0
  0
ATTRIB
  5
569
330
17
100
AcDbEntity
  8
0
 60
1
100
AcDbText
 10
87.335
 20
9.875
 30
0.0
 40
0.072
  1
Край проезжей части, кромка укреплённой полосы обочины: норма 1.0 м, факт 1.75 м (СП 42.13330.2016, таблица 9.1; 743-ПП п. 3.6.3; 623-ПП п. 4.2.4)
 11
87.335
 21
9.875
 31
0.0
100
AcDbAttribute
  2
NORMA
 70
0
  0
SEQEND
  5
566
330
565
100
AcDbEntity
  8
GREEN_AI_SHRUBS
  0
INSERT
  5
56A
330
17
100
AcDbEntity
  8
GREEN_AI_SHRUBS
100
AcDbBlockReference
 66
1
  2
GREEN_AI_SHRUB
 10
88.125
 20
9.875
 30
0.0
 41
0.4
 42
0.4
 43
0.4
  0
ATTRIB
  5
56C
330
17
100
AcDbEntity
  8
0
 60
1
100
AcDbText
 10
88.585
 20
9.875
 30
0.0
 40
0.072
  1
S-0163
 11
88.585
 21
9.875
 31
0.0
100
AcDbAttribute
  2
ID
 70
0
  0
ATTRIB
  5
56D
330
17
100
AcDbEntity
  8
0
 60
1
100
AcDbText
 10
88.585
 20
9.875
 30
0.0
 40
0.072
  1
Пузыреплодник 'Diabolo'
 11
88.585
 21
9.875
 31
0.0
100
AcDbAttribute
  2
PORODA
 70
0
  0
ATTRIB
  5
56E
330
17
100
AcDbEntity
  8
0
 60
1
100
AcDbText
 10
88.585
 20
9.875
 30
0.0
 40
0.072
  1
Край проезжей части, кромка укреплённой полосы обочины: норма 1.0 м, факт 1.75 м (СП 42.13330.2016, таблица 9.1; 743-ПП п. 3.6.3; 623-ПП п. 4.2.4)
 11
88.585
 21
9.875
 31
0.0
100
AcDbAttribute
  2
NORMA
 70
0
  0
SEQEND
  5
56B
330
56A
100
AcDbEntity
  8
GREEN_AI_SHRUBS
  0
INSERT
  5
56F
330
17
100
AcDbEntity
  8
GREEN_AI_SHRUBS
100
AcDbBlockReference
 66
1
  2
GREEN_AI_SHRUB
 10
89.375
 20
9.875
 30
0.0
 41
0.4
 42
0.4
 43
0.4
  0
ATTRIB
  5
571
330
17
100
AcDbEntity
  8
0
 60
1
100
AcDbText
 10
89.835
 20
9.875
 30
0.0
 40
0.072
  1
S-0164
 11
89.835
 21
9.875
 31
0.0
100
AcDbAttribute
  2
ID
 70
0
  0
ATTRIB
  5
572
330
17
100
AcDbEntity
  8
0
 60
1
100
AcDbText
 10
89.835
 20
9.875
 30
0.0
 40
0.072
  1
Пузыреплодник 'Diabolo'
 11
89.835
 21
9.875
 31
0.0
100
AcDbAttribute
  2
PORODA
 70
0
  0
ATTRIB
  5
573
330
17
100
AcDbEntity
  8
0
 60
1
100
AcDbText
 10
89.835
 20
9.875
 30
0.0
 40
0.072
  1
Край проезжей части, кромка укреплённой полосы обочины: норма 1.0 м, факт 1.75 м (СП 42.13330.2016, таблица 9.1; 743-ПП п. 3.6.3; 623-ПП п. 4.2.4)
 11
89.835
 21
9.875
 31
0.0
100
AcDbAttribute
  2
NORMA
 70
0
  0
SEQEND
  5
570
330
56F
100
AcDbEntity
  8
GREEN_AI_SHRUBS
  0
INSERT
  5
574
330
17
100
AcDbEntity
  8
GREEN_AI_SHRUBS
100
AcDbBlockReference
 66
1
  2
GREEN_AI_SHRUB
 10
90.625
 20
9.875
 30
0.0
 41
0.4
 42
0.4
 43
0.4
  0
ATTRIB
  5
576
330
17
100
AcDbEntity
  8
0
 60
1
100
AcDbText
 10
91.085
 20
9.875
 30
0.0
 40
0.072
  1
S-0165
 11
91.085
 21
9.875
 31
0.0
100
AcDbAttribute
  2
ID
 70
0
  0
ATTRIB
  5
577
330
17
100
AcDbEntity
  8
0
 60
1
100
AcDbText
 10
91.085
 20
9.875
 30
0.0
 40
0.072
  1
Пузыреплодник 'Diabolo'
 11
91.085
 21
9.875
 31
0.0
100
AcDbAttribute
  2
PORODA
 70
0
  0
ATTRIB
  5
578
330
17
100
AcDbEntity
  8
0
 60
1
100
AcDbText
 10
91.085
 20
9.875
 30
0.0
 40
0.072
  1
Край проезжей части, кромка укреплённой полосы обочины: норма 1.0 м, факт 1.75 м (СП 42.13330.2016, таблица 9.1; 743-ПП п. 3.6.3; 623-ПП п. 4.2.4)
 11
91.085
 21
9.875
 31
0.0
100
AcDbAttribute
  2
NORMA
 70
0
  0
SEQEND
  5
575
330
574
100
AcDbEntity
  8
GREEN_AI_SHRUBS
  0
INSERT
  5
579
330
17
100
AcDbEntity
  8
GREEN_AI_SHRUBS
100
AcDbBlockReference
 66
1
  2
GREEN_AI_SHRUB
 10
91.875
 20
9.875
 30
0.0
 41
0.4
 42
0.4
 43
0.4
  0
ATTRIB
  5
57B
330
17
100
AcDbEntity
  8
0
 60
1
100
AcDbText
 10
92.335
 20
9.875
 30
0.0
 40
0.072
  1
S-0166
 11
92.335
 21
9.875
 31
0.0
100
AcDbAttribute
  2
ID
 70
0
  0
ATTRIB
  5
57C
330
17
100
AcDbEntity
  8
0
 60
1
100
AcDbText
 10
92.335
 20
9.875
 30
0.0
 40
0.072
  1
Пузыреплодник 'Diabolo'
 11
92.335
 21
9.875
 31
0.0
100
AcDbAttribute
  2
PORODA
 70
0
  0
ATTRIB
  5
57D
330
17
100
AcDbEntity
  8
0
 60
1
100
AcDbText
 10
92.335
 20
9.875
 30
0.0
 40
0.072
  1
Край проезжей части, кромка укреплённой полосы обочины: норма 1.0 м, факт 1.75 м (СП 42.13330.2016, таблица 9.1; 743-ПП п. 3.6.3; 623-ПП п. 4.2.4)
 11
92.335
 21
9.875
 31
0.0
100
AcDbAttribute
  2
NORMA
 70
0
  0
SEQEND
  5
57A
330
579
100
AcDbEntity
  8
GREEN_AI_SHRUBS
  0
INSERT
  5
57E
330
17
100
AcDbEntity
  8
GREEN_AI_SHRUBS
100
AcDbBlockReference
 66
1
  2
GREEN_AI_SHRUB
 10
93.125
 20
9.875
 30
0.0
 41
0.4
 42
0.4
 43
0.4
  0
ATTRIB
  5
580
330
17
100
AcDbEntity
  8
0
 60
1
100
AcDbText
 10
93.585
 20
9.875
 30
0.0
 40
0.072
  1
S-0167
 11
93.585
 21
9.875
 31
0.0
100
AcDbAttribute
  2
ID
 70
0
  0
ATTRIB
  5
581
330
17
100
AcDbEntity
  8
0
 60
1
100
AcDbText
 10
93.585
 20
9.875
 30
0.0
 40
0.072
  1
Пузыреплодник 'Diabolo'
 11
93.585
 21
9.875
 31
0.0
100
AcDbAttribute
  2
PORODA
 70
0
  0
ATTRIB
  5
582
330
17
100
AcDbEntity
  8
0
 60
1
100
AcDbText
 10
93.585
 20
9.875
 30
0.0
 40
0.072
  1
Край проезжей части, кромка укреплённой полосы обочины: норма 1.0 м, факт 1.75 м (СП 42.13330.2016, таблица 9.1; 743-ПП п. 3.6.3; 623-ПП п. 4.2.4)
 11
93.585
 21
9.875
 31
0.0
100
AcDbAttribute
  2
NORMA
 70
0
  0
SEQEND
  5
57F
330
57E
100
AcDbEntity
  8
GREEN_AI_SHRUBS
  0
INSERT
  5
583
330
17
100
AcDbEntity
  8
GREEN_AI_SHRUBS
100
AcDbBlockReference
 66
1
  2
GREEN_AI_SHRUB
 10
94.375
 20
9.875
 30
0.0
 41
0.4
 42
0.4
 43
0.4
  0
ATTRIB
  5
585
330
17
100
AcDbEntity
  8
0
 60
1
100
AcDbText
 10
94.835
 20
9.875
 30
0.0
 40
0.072
  1
S-0168
 11
94.835
 21
9.875
 31
0.0
100
AcDbAttribute
  2
ID
 70
0
  0
ATTRIB
  5
586
330
17
100
AcDbEntity
  8
0
 60
1
100
AcDbText
 10
94.835
 20
9.875
 30
0.0
 40
0.072
  1
Пузыреплодник 'Diabolo'
 11
94.835
 21
9.875
 31
0.0
100
AcDbAttribute
  2
PORODA
 70
0
  0
ATTRIB
  5
587
330
17
100
AcDbEntity
  8
0
 60
1
100
AcDbText
 10
94.835
 20
9.875
 30
0.0
 40
0.072
  1
Край проезжей части, кромка укреплённой полосы обочины: норма 1.0 м, факт 1.75 м (СП 42.13330.2016, таблица 9.1; 743-ПП п. 3.6.3; 623-ПП п. 4.2.4)
 11
94.835
 21
9.875
 31
0.0
100
AcDbAttribute
  2
NORMA
 70
0
  0
SEQEND
  5
584
330
583
100
AcDbEntity
  8
GREEN_AI_SHRUBS
  0
INSERT
  5
588
330
17
100
AcDbEntity
  8
GREEN_AI_SHRUBS
100
AcDbBlockReference
 66
1
  2
GREEN_AI_SHRUB
 10
95.625
 20
9.875
 30
0.0
 41
0.4
 42
0.4
 43
0.4
  0
ATTRIB
  5
58A
330
17
100
AcDbEntity
  8
0
 60
1
100
AcDbText
 10
96.085
 20
9.875
 30
0.0
 40
0.072
  1
S-0169
 11
96.085
 21
9.875
 31
0.0
100
AcDbAttribute
  2
ID
 70
0
  0
ATTRIB
  5
58B
330
17
100
AcDbEntity
  8
0
 60
1
100
AcDbText
 10
96.085
 20
9.875
 30
0.0
 40
0.072
  1
Пузыреплодник 'Diabolo'
 11
96.085
 21
9.875
 31
0.0
100
AcDbAttribute
  2
PORODA
 70
0
  0
ATTRIB
  5
58C
330
17
100
AcDbEntity
  8
0
 60
1
100
AcDbText
 10
96.085
 20
9.875
 30
0.0
 40
0.072
  1
Край проезжей части, кромка укреплённой полосы обочины: норма 1.0 м, факт 1.75 м (СП 42.13330.2016, таблица 9.1; 743-ПП п. 3.6.3; 623-ПП п. 4.2.4)
 11
96.085
 21
9.875
 31
0.0
100
AcDbAttribute
  2
NORMA
 70
0
  0
SEQEND
  5
589
330
588
100
AcDbEntity
  8
GREEN_AI_SHRUBS
  0
INSERT
  5
58D
330
17
100
AcDbEntity
  8
GREEN_AI_SHRUBS
100
AcDbBlockReference
 66
1
  2
GREEN_AI_SHRUB
 10
96.875
 20
9.875
 30
0.0
 41
0.4
 42
0.4
 43
0.4
  0
ATTRIB
  5
58F
330
17
100
AcDbEntity
  8
0
 60
1
100
AcDbText
 10
97.335
 20
9.875
 30
0.0
 40
0.072
  1
S-0170
 11
97.335
 21
9.875
 31
0.0
100
AcDbAttribute
  2
ID
 70
0
  0
ATTRIB
  5
590
330
17
100
AcDbEntity
  8
0
 60
1
100
AcDbText
 10
97.335
 20
9.875
 30
0.0
 40
0.072
  1
Пузыреплодник 'Diabolo'
 11
97.335
 21
9.875
 31
0.0
100
AcDbAttribute
  2
PORODA
 70
0
  0
ATTRIB
  5
591
330
17
100
AcDbEntity
  8
0
 60
1
100
AcDbText
 10
97.335
 20
9.875
 30
0.0
 40
0.072
  1
Край проезжей части, кромка укреплённой полосы обочины: норма 1.0 м, факт 1.75 м (СП 42.13330.2016, таблица 9.1; 743-ПП п. 3.6.3; 623-ПП п. 4.2.4)
 11
97.335
 21
9.875
 31
0.0
100
AcDbAttribute
  2
NORMA
 70
0
  0
SEQEND
  5
58E
330
58D
100
AcDbEntity
  8
GREEN_AI_SHRUBS
  0
INSERT
  5
592
330
17
100
AcDbEntity
  8
GREEN_AI_SHRUBS
100
AcDbBlockReference
 66
1
  2
GREEN_AI_SHRUB
 10
98.125
 20
9.875
 30
0.0
 41
0.4
 42
0.4
 43
0.4
  0
ATTRIB
  5
594
330
17
100
AcDbEntity
  8
0
 60
1
100
AcDbText
 10
98.585
 20
9.875
 30
0.0
 40
0.072
  1
S-0171
 11
98.585
 21
9.875
 31
0.0
100
AcDbAttribute
  2
ID
 70
0
  0
ATTRIB
  5
595
330
17
100
AcDbEntity
  8
0
 60
1
100
AcDbText
 10
98.585
 20
9.875
 30
0.0
 40
0.072
  1
Пузыреплодник 'Diabolo'
 11
98.585
 21
9.875
 31
0.0
100
AcDbAttribute
  2
PORODA
 70
0
  0
ATTRIB
  5
596
330
17
100
AcDbEntity
  8
0
 60
1
100
AcDbText
 10
98.585
 20
9.875
 30
0.0
 40
0.072
  1
Край проезжей части, кромка укреплённой полосы обочины: норма 1.0 м, факт 1.75 м (СП 42.13330.2016, таблица 9.1; 743-ПП п. 3.6.3; 623-ПП п. 4.2.4)
 11
98.585
 21
9.875
 31
0.0
100
AcDbAttribute
  2
NORMA
 70
0
  0
SEQEND
  5
593
330
592
100
AcDbEntity
  8
GREEN_AI_SHRUBS
  0
INSERT
  5
597
330
17
100
AcDbEntity
  8
GREEN_AI_SHRUBS
100
AcDbBlockReference
 66
1
  2
GREEN_AI_SHRUB
 10
99.375
 20
9.875
 30
0.0
 41
0.4
 42
0.4
 43
0.4
  0
ATTRIB
  5
599
330
17
100
AcDbEntity
  8
0
 60
1
100
AcDbText
 10
99.835
 20
9.875
 30
0.0
 40
0.072
  1
S-0172
 11
99.835
 21
9.875
 31
0.0
100
AcDbAttribute
  2
ID
 70
0
  0
ATTRIB
  5
59A
330
17
100
AcDbEntity
  8
0
 60
1
100
AcDbText
 10
99.835
 20
9.875
 30
0.0
 40
0.072
  1
Пузыреплодник 'Diabolo'
 11
99.835
 21
9.875
 31
0.0
100
AcDbAttribute
  2
PORODA
 70
0
  0
ATTRIB
  5
59B
330
17
100
AcDbEntity
  8
0
 60
1
100
AcDbText
 10
99.835
 20
9.875
 30
0.0
 40
0.072
  1
Край проезжей части, кромка укреплённой полосы обочины: норма 1.0 м, факт 1.75 м (СП 42.13330.2016, таблица 9.1; 743-ПП п. 3.6.3; 623-ПП п. 4.2.4)
 11
99.835
 21
9.875
 31
0.0
100
AcDbAttribute
  2
NORMA
 70
0
  0
SEQEND
  5
598
330
597
100
AcDbEntity
  8
GREEN_AI_SHRUBS
  0
INSERT
  5
59C
330
17
100
AcDbEntity
  8
GREEN_AI_SHRUBS
100
AcDbBlockReference
 66
1
  2
GREEN_AI_SHRUB
 10
100.625
 20
9.875
 30
0.0
 41
0.4
 42
0.4
 43
0.4
  0
ATTRIB
  5
59E
330
17
100
AcDbEntity
  8
0
 60
1
100
AcDbText
 10
101.085
 20
9.875
 30
0.0
 40
0.072
  1
S-0173
 11
101.085
 21
9.875
 31
0.0
100
AcDbAttribute
  2
ID
 70
0
  0
ATTRIB
  5
59F
330
17
100
AcDbEntity
  8
0
 60
1
100
AcDbText
 10
101.085
 20
9.875
 30
0.0
 40
0.072
  1
Пузыреплодник 'Diabolo'
 11
101.085
 21
9.875
 31
0.0
100
AcDbAttribute
  2
PORODA
 70
0
  0
ATTRIB
  5
5A0
330
17
100
AcDbEntity
  8
0
 60
1
100
AcDbText
 10
101.085
 20
9.875
 30
0.0
 40
0.072
  1
Край проезжей части, кромка укреплённой полосы обочины: норма 1.0 м, факт 1.75 м (СП 42.13330.2016, таблица 9.1; 743-ПП п. 3.6.3; 623-ПП п. 4.2.4)
 11
101.085
 21
9.875
 31
0.0
100
AcDbAttribute
  2
NORMA
 70
0
  0
SEQEND
  5
59D
330
59C
100
AcDbEntity
  8
GREEN_AI_SHRUBS
  0
INSERT
  5
5A1
330
17
100
AcDbEntity
  8
GREEN_AI_SHRUBS
100
AcDbBlockReference
 66
1
  2
GREEN_AI_SHRUB
 10
101.875
 20
9.875
 30
0.0
 41
0.4
 42
0.4
 43
0.4
  0
ATTRIB
  5
5A3
330
17
100
AcDbEntity
  8
0
 60
1
100
AcDbText
 10
102.335
 20
9.875
 30
0.0
 40
0.072
  1
S-0174
 11
102.335
 21
9.875
 31
0.0
100
AcDbAttribute
  2
ID
 70
0
  0
ATTRIB
  5
5A4
330
17
100
AcDbEntity
  8
0
 60
1
100
AcDbText
 10
102.335
 20
9.875
 30
0.0
 40
0.072
  1
Пузыреплодник 'Diabolo'
 11
102.335
 21
9.875
 31
0.0
100
AcDbAttribute
  2
PORODA
 70
0
  0
ATTRIB
  5
5A5
330
17
100
AcDbEntity
  8
0
 60
1
100
AcDbText
 10
102.335
 20
9.875
 30
0.0
 40
0.072
  1
Край проезжей части, кромка укреплённой полосы обочины: норма 1.0 м, факт 1.75 м (СП 42.13330.2016, таблица 9.1; 743-ПП п. 3.6.3; 623-ПП п. 4.2.4)
 11
102.335
 21
9.875
 31
0.0
100
AcDbAttribute
  2
NORMA
 70
0
  0
SEQEND
  5
5A2
330
5A1
100
AcDbEntity
  8
GREEN_AI_SHRUBS
  0
INSERT
  5
5A6
330
17
100
AcDbEntity
  8
GREEN_AI_SHRUBS
100
AcDbBlockReference
 66
1
  2
GREEN_AI_SHRUB
 10
103.125
 20
9.875
 30
0.0
 41
0.4
 42
0.4
 43
0.4
  0
ATTRIB
  5
5A8
330
17
100
AcDbEntity
  8
0
 60
1
100
AcDbText
 10
103.585
 20
9.875
 30
0.0
 40
0.072
  1
S-0175
 11
103.585
 21
9.875
 31
0.0
100
AcDbAttribute
  2
ID
 70
0
  0
ATTRIB
  5
5A9
330
17
100
AcDbEntity
  8
0
 60
1
100
AcDbText
 10
103.585
 20
9.875
 30
0.0
 40
0.072
  1
Пузыреплодник 'Diabolo'
 11
103.585
 21
9.875
 31
0.0
100
AcDbAttribute
  2
PORODA
 70
0
  0
ATTRIB
  5
5AA
330
17
100
AcDbEntity
  8
0
 60
1
100
AcDbText
 10
103.585
 20
9.875
 30
0.0
 40
0.072
  1
Край проезжей части, кромка укреплённой полосы обочины: норма 1.0 м, факт 1.75 м (СП 42.13330.2016, таблица 9.1; 743-ПП п. 3.6.3; 623-ПП п. 4.2.4)
 11
103.585
 21
9.875
 31
0.0
100
AcDbAttribute
  2
NORMA
 70
0
  0
SEQEND
  5
5A7
330
5A6
100
AcDbEntity
  8
GREEN_AI_SHRUBS
  0
INSERT
  5
5AB
330
17
100
AcDbEntity
  8
GREEN_AI_SHRUBS
100
AcDbBlockReference
 66
1
  2
GREEN_AI_SHRUB
 10
104.375
 20
9.875
 30
0.0
 41
0.4
 42
0.4
 43
0.4
  0
ATTRIB
  5
5AD
330
17
100
AcDbEntity
  8
0
 60
1
100
AcDbText
 10
104.835
 20
9.875
 30
0.0
 40
0.072
  1
S-0176
 11
104.835
 21
9.875
 31
0.0
100
AcDbAttribute
  2
ID
 70
0
  0
ATTRIB
  5
5AE
330
17
100
AcDbEntity
  8
0
 60
1
100
AcDbText
 10
104.835
 20
9.875
 30
0.0
 40
0.072
  1
Пузыреплодник 'Diabolo'
 11
104.835
 21
9.875
 31
0.0
100
AcDbAttribute
  2
PORODA
 70
0
  0
ATTRIB
  5
5AF
330
17
100
AcDbEntity
  8
0
 60
1
100
AcDbText
 10
104.835
 20
9.875
 30
0.0
 40
0.072
  1
Край проезжей части, кромка укреплённой полосы обочины: норма 1.0 м, факт 1.75 м (СП 42.13330.2016, таблица 9.1; 743-ПП п. 3.6.3; 623-ПП п. 4.2.4)
 11
104.835
 21
9.875
 31
0.0
100
AcDbAttribute
  2
NORMA
 70
0
  0
SEQEND
  5
5AC
330
5AB
100
AcDbEntity
  8
GREEN_AI_SHRUBS
  0
INSERT
  5
5B0
330
17
100
AcDbEntity
  8
GREEN_AI_SHRUBS
100
AcDbBlockReference
 66
1
  2
GREEN_AI_SHRUB
 10
105.625
 20
9.875
 30
0.0
 41
0.4
 42
0.4
 43
0.4
  0
ATTRIB
  5
5B2
330
17
100
AcDbEntity
  8
0
 60
1
100
AcDbText
 10
106.085
 20
9.875
 30
0.0
 40
0.072
  1
S-0177
 11
106.085
 21
9.875
 31
0.0
100
AcDbAttribute
  2
ID
 70
0
  0
ATTRIB
  5
5B3
330
17
100
AcDbEntity
  8
0
 60
1
100
AcDbText
 10
106.085
 20
9.875
 30
0.0
 40
0.072
  1
Пузыреплодник 'Diabolo'
 11
106.085
 21
9.875
 31
0.0
100
AcDbAttribute
  2
PORODA
 70
0
  0
ATTRIB
  5
5B4
330
17
100
AcDbEntity
  8
0
 60
1
100
AcDbText
 10
106.085
 20
9.875
 30
0.0
 40
0.072
  1
Край проезжей части, кромка укреплённой полосы обочины: норма 1.0 м, факт 1.75 м (СП 42.13330.2016, таблица 9.1; 743-ПП п. 3.6.3; 623-ПП п. 4.2.4)
 11
106.085
 21
9.875
 31
0.0
100
AcDbAttribute
  2
NORMA
 70
0
  0
SEQEND
  5
5B1
330
5B0
100
AcDbEntity
  8
GREEN_AI_SHRUBS
  0
INSERT
  5
5B5
330
17
100
AcDbEntity
  8
GREEN_AI_SHRUBS
100
AcDbBlockReference
 66
1
  2
GREEN_AI_SHRUB
 10
106.875
 20
9.875
 30
0.0
 41
0.4
 42
0.4
 43
0.4
  0
ATTRIB
  5
5B7
330
17
100
AcDbEntity
  8
0
 60
1
100
AcDbText
 10
107.335
 20
9.875
 30
0.0
 40
0.072
  1
S-0178
 11
107.335
 21
9.875
 31
0.0
100
AcDbAttribute
  2
ID
 70
0
  0
ATTRIB
  5
5B8
330
17
100
AcDbEntity
  8
0
 60
1
100
AcDbText
 10
107.335
 20
9.875
 30
0.0
 40
0.072
  1
Пузыреплодник 'Diabolo'
 11
107.335
 21
9.875
 31
0.0
100
AcDbAttribute
  2
PORODA
 70
0
  0
ATTRIB
  5
5B9
330
17
100
AcDbEntity
  8
0
 60
1
100
AcDbText
 10
107.335
 20
9.875
 30
0.0
 40
0.072
  1
Край проезжей части, кромка укреплённой полосы обочины: норма 1.0 м, факт 1.75 м (СП 42.13330.2016, таблица 9.1; 743-ПП п. 3.6.3; 623-ПП п. 4.2.4)
 11
107.335
 21
9.875
 31
0.0
100
AcDbAttribute
  2
NORMA
 70
0
  0
SEQEND
  5
5B6
330
5B5
100
AcDbEntity
  8
GREEN_AI_SHRUBS
  0
INSERT
  5
5BA
330
17
100
AcDbEntity
  8
GREEN_AI_SHRUBS
100
AcDbBlockReference
 66
1
  2
GREEN_AI_SHRUB
 10
108.125
 20
9.875
 30
0.0
 41
0.4
 42
0.4
 43
0.4
  0
ATTRIB
  5
5BC
330
17
100
AcDbEntity
  8
0
 60
1
100
AcDbText
 10
108.585
 20
9.875
 30
0.0
 40
0.072
  1
S-0179
 11
108.585
 21
9.875
 31
0.0
100
AcDbAttribute
  2
ID
 70
0
  0
ATTRIB
  5
5BD
330
17
100
AcDbEntity
  8
0
 60
1
100
AcDbText
 10
108.585
 20
9.875
 30
0.0
 40
0.072
  1
Пузыреплодник 'Diabolo'
 11
108.585
 21
9.875
 31
0.0
100
AcDbAttribute
  2
PORODA
 70
0
  0
ATTRIB
  5
5BE
330
17
100
AcDbEntity
  8
0
 60
1
100
AcDbText
 10
108.585
 20
9.875
 30
0.0
 40
0.072
  1
Край проезжей части, кромка укреплённой полосы обочины: норма 1.0 м, факт 1.75 м (СП 42.13330.2016, таблица 9.1; 743-ПП п. 3.6.3; 623-ПП п. 4.2.4)
 11
108.585
 21
9.875
 31
0.0
100
AcDbAttribute
  2
NORMA
 70
0
  0
SEQEND
  5
5BB
330
5BA
100
AcDbEntity
  8
GREEN_AI_SHRUBS
  0
INSERT
  5
5BF
330
17
100
AcDbEntity
  8
GREEN_AI_SHRUBS
100
AcDbBlockReference
 66
1
  2
GREEN_AI_SHRUB
 10
109.375
 20
9.875
 30
0.0
 41
0.4
 42
0.4
 43
0.4
  0
ATTRIB
  5
5C1
330
17
100
AcDbEntity
  8
0
 60
1
100
AcDbText
 10
109.835
 20
9.875
 30
0.0
 40
0.072
  1
S-0180
 11
109.835
 21
9.875
 31
0.0
100
AcDbAttribute
  2
ID
 70
0
  0
ATTRIB
  5
5C2
330
17
100
AcDbEntity
  8
0
 60
1
100
AcDbText
 10
109.835
 20
9.875
 30
0.0
 40
0.072
  1
Пузыреплодник 'Diabolo'
 11
109.835
 21
9.875
 31
0.0
100
AcDbAttribute
  2
PORODA
 70
0
  0
ATTRIB
  5
5C3
330
17
100
AcDbEntity
  8
0
 60
1
100
AcDbText
 10
109.835
 20
9.875
 30
0.0
 40
0.072
  1
Край проезжей части, кромка укреплённой полосы обочины: норма 1.0 м, факт 1.75 м (СП 42.13330.2016, таблица 9.1; 743-ПП п. 3.6.3; 623-ПП п. 4.2.4)
 11
109.835
 21
9.875
 31
0.0
100
AcDbAttribute
  2
NORMA
 70
0
  0
SEQEND
  5
5C0
330
5BF
100
AcDbEntity
  8
GREEN_AI_SHRUBS
  0
INSERT
  5
5C4
330
17
100
AcDbEntity
  8
GREEN_AI_SHRUBS
100
AcDbBlockReference
 66
1
  2
GREEN_AI_SHRUB
 10
110.625
 20
9.875
 30
0.0
 41
0.4
 42
0.4
 43
0.4
  0
ATTRIB
  5
5C6
330
17
100
AcDbEntity
  8
0
 60
1
100
AcDbText
 10
111.085
 20
9.875
 30
0.0
 40
0.072
  1
S-0181
 11
111.085
 21
9.875
 31
0.0
100
AcDbAttribute
  2
ID
 70
0
  0
ATTRIB
  5
5C7
330
17
100
AcDbEntity
  8
0
 60
1
100
AcDbText
 10
111.085
 20
9.875
 30
0.0
 40
0.072
  1
Пузыреплодник 'Diabolo'
 11
111.085
 21
9.875
 31
0.0
100
AcDbAttribute
  2
PORODA
 70
0
  0
ATTRIB
  5
5C8
330
17
100
AcDbEntity
  8
0
 60
1
100
AcDbText
 10
111.085
 20
9.875
 30
0.0
 40
0.072
  1
Край проезжей части, кромка укреплённой полосы обочины: норма 1.0 м, факт 1.75 м (СП 42.13330.2016, таблица 9.1; 743-ПП п. 3.6.3; 623-ПП п. 4.2.4)
 11
111.085
 21
9.875
 31
0.0
100
AcDbAttribute
  2
NORMA
 70
0
  0
SEQEND
  5
5C5
330
5C4
100
AcDbEntity
  8
GREEN_AI_SHRUBS
  0
INSERT
  5
5C9
330
17
100
AcDbEntity
  8
GREEN_AI_SHRUBS
100
AcDbBlockReference
 66
1
  2
GREEN_AI_SHRUB
 10
111.875
 20
9.875
 30
0.0
 41
0.4
 42
0.4
 43
0.4
  0
ATTRIB
  5
5CB
330
17
100
AcDbEntity
  8
0
 60
1
100
AcDbText
 10
112.335
 20
9.875
 30
0.0
 40
0.072
  1
S-0182
 11
112.335
 21
9.875
 31
0.0
100
AcDbAttribute
  2
ID
 70
0
  0
ATTRIB
  5
5CC
330
17
100
AcDbEntity
  8
0
 60
1
100
AcDbText
 10
112.335
 20
9.875
 30
0.0
 40
0.072
  1
Пузыреплодник 'Diabolo'
 11
112.335
 21
9.875
 31
0.0
100
AcDbAttribute
  2
PORODA
 70
0
  0
ATTRIB
  5
5CD
330
17
100
AcDbEntity
  8
0
 60
1
100
AcDbText
 10
112.335
 20
9.875
 30
0.0
 40
0.072
  1
Край проезжей части, кромка укреплённой полосы обочины: норма 1.0 м, факт 1.75 м (СП 42.13330.2016, таблица 9.1; 743-ПП п. 3.6.3; 623-ПП п. 4.2.4)
 11
112.335
 21
9.875
 31
0.0
100
AcDbAttribute
  2
NORMA
 70
0
  0
SEQEND
  5
5CA
330
5C9
100
AcDbEntity
  8
GREEN_AI_SHRUBS
  0
INSERT
  5
5CE
330
17
100
AcDbEntity
  8
GREEN_AI_SHRUBS
100
AcDbBlockReference
 66
1
  2
GREEN_AI_SHRUB
 10
113.125
 20
9.875
 30
0.0
 41
0.4
 42
0.4
 43
0.4
  0
ATTRIB
  5
5D0
330
17
100
AcDbEntity
  8
0
 60
1
100
AcDbText
 10
113.585
 20
9.875
 30
0.0
 40
0.072
  1
S-0183
 11
113.585
 21
9.875
 31
0.0
100
AcDbAttribute
  2
ID
 70
0
  0
ATTRIB
  5
5D1
330
17
100
AcDbEntity
  8
0
 60
1
100
AcDbText
 10
113.585
 20
9.875
 30
0.0
 40
0.072
  1
Пузыреплодник 'Diabolo'
 11
113.585
 21
9.875
 31
0.0
100
AcDbAttribute
  2
PORODA
 70
0
  0
ATTRIB
  5
5D2
330
17
100
AcDbEntity
  8
0
 60
1
100
AcDbText
 10
113.585
 20
9.875
 30
0.0
 40
0.072
  1
Край проезжей части, кромка укреплённой полосы обочины: норма 1.0 м, факт 1.75 м (СП 42.13330.2016, таблица 9.1; 743-ПП п. 3.6.3; 623-ПП п. 4.2.4)
 11
113.585
 21
9.875
 31
0.0
100
AcDbAttribute
  2
NORMA
 70
0
  0
SEQEND
  5
5CF
330
5CE
100
AcDbEntity
  8
GREEN_AI_SHRUBS
  0
INSERT
  5
5D3
330
17
100
AcDbEntity
  8
GREEN_AI_SHRUBS
100
AcDbBlockReference
 66
1
  2
GREEN_AI_SHRUB
 10
114.375
 20
9.875
 30
0.0
 41
0.4
 42
0.4
 43
0.4
  0
ATTRIB
  5
5D5
330
17
100
AcDbEntity
  8
0
 60
1
100
AcDbText
 10
114.835
 20
9.875
 30
0.0
 40
0.072
  1
S-0184
 11
114.835
 21
9.875
 31
0.0
100
AcDbAttribute
  2
ID
 70
0
  0
ATTRIB
  5
5D6
330
17
100
AcDbEntity
  8
0
 60
1
100
AcDbText
 10
114.835
 20
9.875
 30
0.0
 40
0.072
  1
Пузыреплодник 'Diabolo'
 11
114.835
 21
9.875
 31
0.0
100
AcDbAttribute
  2
PORODA
 70
0
  0
ATTRIB
  5
5D7
330
17
100
AcDbEntity
  8
0
 60
1
100
AcDbText
 10
114.835
 20
9.875
 30
0.0
 40
0.072
  1
Край проезжей части, кромка укреплённой полосы обочины: норма 1.0 м, факт 1.75 м (СП 42.13330.2016, таблица 9.1; 743-ПП п. 3.6.3; 623-ПП п. 4.2.4)
 11
114.835
 21
9.875
 31
0.0
100
AcDbAttribute
  2
NORMA
 70
0
  0
SEQEND
  5
5D4
330
5D3
100
AcDbEntity
  8
GREEN_AI_SHRUBS
  0
INSERT
  5
5D8
330
17
100
AcDbEntity
  8
GREEN_AI_SHRUBS
100
AcDbBlockReference
 66
1
  2
GREEN_AI_SHRUB
 10
115.625
 20
9.875
 30
0.0
 41
0.4
 42
0.4
 43
0.4
  0
ATTRIB
  5
5DA
330
17
100
AcDbEntity
  8
0
 60
1
100
AcDbText
 10
116.085
 20
9.875
 30
0.0
 40
0.072
  1
S-0185
 11
116.085
 21
9.875
 31
0.0
100
AcDbAttribute
  2
ID
 70
0
  0
ATTRIB
  5
5DB
330
17
100
AcDbEntity
  8
0
 60
1
100
AcDbText
 10
116.085
 20
9.875
 30
0.0
 40
0.072
  1
Пузыреплодник 'Diabolo'
 11
116.085
 21
9.875
 31
0.0
100
AcDbAttribute
  2
PORODA
 70
0
  0
ATTRIB
  5
5DC
330
17
100
AcDbEntity
  8
0
 60
1
100
AcDbText
 10
116.085
 20
9.875
 30
0.0
 40
0.072
  1
Край проезжей части, кромка укреплённой полосы обочины: норма 1.0 м, факт 1.75 м (СП 42.13330.2016, таблица 9.1; 743-ПП п. 3.6.3; 623-ПП п. 4.2.4)
 11
116.085
 21
9.875
 31
0.0
100
AcDbAttribute
  2
NORMA
 70
0
  0
SEQEND
  5
5D9
330
5D8
100
AcDbEntity
  8
GREEN_AI_SHRUBS
  0
INSERT
  5
5DD
330
17
100
AcDbEntity
  8
GREEN_AI_SHRUBS
100
AcDbBlockReference
 66
1
  2
GREEN_AI_SHRUB
 10
116.875
 20
9.875
 30
0.0
 41
0.4
 42
0.4
 43
0.4
  0
ATTRIB
  5
5DF
330
17
100
AcDbEntity
  8
0
 60
1
100
AcDbText
 10
117.335
 20
9.875
 30
0.0
 40
0.072
  1
S-0186
 11
117.335
 21
9.875
 31
0.0
100
AcDbAttribute
  2
ID
 70
0
  0
ATTRIB
  5
5E0
330
17
100
AcDbEntity
  8
0
 60
1
100
AcDbText
 10
117.335
 20
9.875
 30
0.0
 40
0.072
  1
Пузыреплодник 'Diabolo'
 11
117.335
 21
9.875
 31
0.0
100
AcDbAttribute
  2
PORODA
 70
0
  0
ATTRIB
  5
5E1
330
17
100
AcDbEntity
  8
0
 60
1
100
AcDbText
 10
117.335
 20
9.875
 30
0.0
 40
0.072
  1
Край проезжей части, кромка укреплённой полосы обочины: норма 1.0 м, факт 1.75 м (СП 42.13330.2016, таблица 9.1; 743-ПП п. 3.6.3; 623-ПП п. 4.2.4)
 11
117.335
 21
9.875
 31
0.0
100
AcDbAttribute
  2
NORMA
 70
0
  0
SEQEND
  5
5DE
330
5DD
100
AcDbEntity
  8
GREEN_AI_SHRUBS
  0
INSERT
  5
5E2
330
17
100
AcDbEntity
  8
GREEN_AI_SHRUBS
100
AcDbBlockReference
 66
1
  2
GREEN_AI_SHRUB
 10
118.125
 20
9.875
 30
0.0
 41
0.4
 42
0.4
 43
0.4
  0
ATTRIB
  5
5E4
330
17
100
AcDbEntity
  8
0
 60
1
100
AcDbText
 10
118.585
 20
9.875
 30
0.0
 40
0.072
  1
S-0187
 11
118.585
 21
9.875
 31
0.0
100
AcDbAttribute
  2
ID
 70
0
  0
ATTRIB
  5
5E5
330
17
100
AcDbEntity
  8
0
 60
1
100
AcDbText
 10
118.585
 20
9.875
 30
0.0
 40
0.072
  1
Пузыреплодник 'Diabolo'
 11
118.585
 21
9.875
 31
0.0
100
AcDbAttribute
  2
PORODA
 70
0
  0
ATTRIB
  5
5E6
330
17
100
AcDbEntity
  8
0
 60
1
100
AcDbText
 10
118.585
 20
9.875
 30
0.0
 40
0.072
  1
Край проезжей части, кромка укреплённой полосы обочины: норма 1.0 м, факт 1.75 м (СП 42.13330.2016, таблица 9.1; 743-ПП п. 3.6.3; 623-ПП п. 4.2.4)
 11
118.585
 21
9.875
 31
0.0
100
AcDbAttribute
  2
NORMA
 70
0
  0
SEQEND
  5
5E3
330
5E2
100
AcDbEntity
  8
GREEN_AI_SHRUBS
  0
INSERT
  5
5E7
330
17
100
AcDbEntity
  8
GREEN_AI_SHRUBS
100
AcDbBlockReference
 66
1
  2
GREEN_AI_SHRUB
 10
119.375
 20
9.875
 30
0.0
 41
0.4
 42
0.4
 43
0.4
  0
ATTRIB
  5
5E9
330
17
100
AcDbEntity
  8
0
 60
1
100
AcDbText
 10
119.835
 20
9.875
 30
0.0
 40
0.072
  1
S-0188
 11
119.835
 21
9.875
 31
0.0
100
AcDbAttribute
  2
ID
 70
0
  0
ATTRIB
  5
5EA
330
17
100
AcDbEntity
  8
0
 60
1
100
AcDbText
 10
119.835
 20
9.875
 30
0.0
 40
0.072
  1
Пузыреплодник 'Diabolo'
 11
119.835
 21
9.875
 31
0.0
100
AcDbAttribute
  2
PORODA
 70
0
  0
ATTRIB
  5
5EB
330
17
100
AcDbEntity
  8
0
 60
1
100
AcDbText
 10
119.835
 20
9.875
 30
0.0
 40
0.072
  1
Край проезжей части, кромка укреплённой полосы обочины: норма 1.0 м, факт 1.75 м (СП 42.13330.2016, таблица 9.1; 743-ПП п. 3.6.3; 623-ПП п. 4.2.4)
 11
119.835
 21
9.875
 31
0.0
100
AcDbAttribute
  2
NORMA
 70
0
  0
SEQEND
  5
5E8
330
5E7
100
AcDbEntity
  8
GREEN_AI_SHRUBS
  0
INSERT
  5
5EC
330
17
100
AcDbEntity
  8
GREEN_AI_SHRUBS
100
AcDbBlockReference
 66
1
  2
GREEN_AI_SHRUB
 10
0.375
 20
12.125
 30
0.0
 41
0.4
 42
0.4
 43
0.4
  0
ATTRIB
  5
5EE
330
17
100
AcDbEntity
  8
0
 60
1
100
AcDbText
 10
0.835
 20
12.125
 30
0.0
 40
0.072
  1
S-0189
 11
0.835
 21
12.125
 31
0.0
100
AcDbAttribute
  2
ID
 70
0
  0
ATTRIB
  5
5EF
330
17
100
AcDbEntity
  8
0
 60
1
100
AcDbText
 10
0.835
 20
12.125
 30
0.0
 40
0.072
  1
Пузыреплодник 'Diabolo'
 11
0.835
 21
12.125
 31
0.0
100
AcDbAttribute
  2
PORODA
 70
0
  0
ATTRIB
  5
5F0
330
17
100
AcDbEntity
  8
0
 60
1
100
AcDbText
 10
0.835
 20
12.125
 30
0.0
 40
0.072
  1
Край проезжей части, кромка укреплённой полосы обочины: норма 1.0 м, факт 2.0 м (СП 42.13330.2016, таблица 9.1; 743-ПП п. 3.6.3; 623-ПП п. 4.2.4)
 11
0.835
 21
12.125
 31
0.0
100
AcDbAttribute
  2
NORMA
 70
0
  0
SEQEND
  5
5ED
330
5EC
100
AcDbEntity
  8
GREEN_AI_SHRUBS
  0
INSERT
  5
5F1
330
17
100
AcDbEntity
  8
GREEN_AI_SHRUBS
100
AcDbBlockReference
 66
1
  2
GREEN_AI_SHRUB
 10
1.625
 20
12.125
 30
0.0
 41
0.4
 42
0.4
 43
0.4
  0
ATTRIB
  5
5F3
330
17
100
AcDbEntity
  8
0
 60
1
100
AcDbText
 10
2.085
 20
12.125
 30
0.0
 40
0.072
  1
S-0190
 11
2.085
 21
12.125
 31
0.0
100
AcDbAttribute
  2
ID
 70
0
  0
ATTRIB
  5
5F4
330
17
100
AcDbEntity
  8
0
 60
1
100
AcDbText
 10
2.085
 20
12.125
 30
0.0
 40
0.072
  1
Пузыреплодник 'Diabolo'
 11
2.085
 21
12.125
 31
0.0
100
AcDbAttribute
  2
PORODA
 70
0
  0
ATTRIB
  5
5F5
330
17
100
AcDbEntity
  8
0
 60
1
100
AcDbText
 10
2.085
 20
12.125
 30
0.0
 40
0.072
  1
Край проезжей части, кромка укреплённой полосы обочины: норма 1.0 м, факт 2.0 м (СП 42.13330.2016, таблица 9.1; 743-ПП п. 3.6.3; 623-ПП п. 4.2.4)
 11
2.085
 21
12.125
 31
0.0
100
AcDbAttribute
  2
NORMA
 70
0
  0
SEQEND
  5
5F2
330
5F1
100
AcDbEntity
  8
GREEN_AI_SHRUBS
  0
INSERT
  5
5F6
330
17
100
AcDbEntity
  8
GREEN_AI_SHRUBS
100
AcDbBlockReference
 66
1
  2
GREEN_AI_SHRUB
 10
2.875
 20
12.125
 30
0.0
 41
0.4
 42
0.4
 43
0.4
  0
ATTRIB
  5
5F8
330
17
100
AcDbEntity
  8
0
 60
1
100
AcDbText
 10
3.335
 20
12.125
 30
0.0
 40
0.072
  1
S-0191
 11
3.335
 21
12.125
 31
0.0
100
AcDbAttribute
  2
ID
 70
0
  0
ATTRIB
  5
5F9
330
17
100
AcDbEntity
  8
0
 60
1
100
AcDbText
 10
3.335
 20
12.125
 30
0.0
 40
0.072
  1
Пузыреплодник 'Diabolo'
 11
3.335
 21
12.125
 31
0.0
100
AcDbAttribute
  2
PORODA
 70
0
  0
ATTRIB
  5
5FA
330
17
100
AcDbEntity
  8
0
 60
1
100
AcDbText
 10
3.335
 20
12.125
 30
0.0
 40
0.072
  1
Край проезжей части, кромка укреплённой полосы обочины: норма 1.0 м, факт 2.0 м (СП 42.13330.2016, таблица 9.1; 743-ПП п. 3.6.3; 623-ПП п. 4.2.4)
 11
3.335
 21
12.125
 31
0.0
100
AcDbAttribute
  2
NORMA
 70
0
  0
SEQEND
  5
5F7
330
5F6
100
AcDbEntity
  8
GREEN_AI_SHRUBS
  0
INSERT
  5
5FB
330
17
100
AcDbEntity
  8
GREEN_AI_SHRUBS
100
AcDbBlockReference
 66
1
  2
GREEN_AI_SHRUB
 10
4.125
 20
12.125
 30
0.0
 41
0.4
 42
0.4
 43
0.4
  0
ATTRIB
  5
5FD
330
17
100
AcDbEntity
  8
0
 60
1
100
AcDbText
 10
4.585
 20
12.125
 30
0.0
 40
0.072
  1
S-0192
 11
4.585
 21
12.125
 31
0.0
100
AcDbAttribute
  2
ID
 70
0
  0
ATTRIB
  5
5FE
330
17
100
AcDbEntity
  8
0
 60
1
100
AcDbText
 10
4.585
 20
12.125
 30
0.0
 40
0.072
  1
Пузыреплодник 'Diabolo'
 11
4.585
 21
12.125
 31
0.0
100
AcDbAttribute
  2
PORODA
 70
0
  0
ATTRIB
  5
5FF
330
17
100
AcDbEntity
  8
0
 60
1
100
AcDbText
 10
4.585
 20
12.125
 30
0.0
 40
0.072
  1
Край проезжей части, кромка укреплённой полосы обочины: норма 1.0 м, факт 2.0 м (СП 42.13330.2016, таблица 9.1; 743-ПП п. 3.6.3; 623-ПП п. 4.2.4)
 11
4.585
 21
12.125
 31
0.0
100
AcDbAttribute
  2
NORMA
 70
0
  0
SEQEND
  5
5FC
330
5FB
100
AcDbEntity
  8
GREEN_AI_SHRUBS
  0
INSERT
  5
600
330
17
100
AcDbEntity
  8
GREEN_AI_SHRUBS
100
AcDbBlockReference
 66
1
  2
GREEN_AI_SHRUB
 10
5.375
 20
12.125
 30
0.0
 41
0.4
 42
0.4
 43
0.4
  0
ATTRIB
  5
602
330
17
100
AcDbEntity
  8
0
 60
1
100
AcDbText
 10
5.835
 20
12.125
 30
0.0
 40
0.072
  1
S-0193
 11
5.835
 21
12.125
 31
0.0
100
AcDbAttribute
  2
ID
 70
0
  0
ATTRIB
  5
603
330
17
100
AcDbEntity
  8
0
 60
1
100
AcDbText
 10
5.835
 20
12.125
 30
0.0
 40
0.072
  1
Пузыреплодник 'Diabolo'
 11
5.835
 21
12.125
 31
0.0
100
AcDbAttribute
  2
PORODA
 70
0
  0
ATTRIB
  5
604
330
17
100
AcDbEntity
  8
0
 60
1
100
AcDbText
 10
5.835
 20
12.125
 30
0.0
 40
0.072
  1
Край проезжей части, кромка укреплённой полосы обочины: норма 1.0 м, факт 2.0 м (СП 42.13330.2016, таблица 9.1; 743-ПП п. 3.6.3; 623-ПП п. 4.2.4)
 11
5.835
 21
12.125
 31
0.0
100
AcDbAttribute
  2
NORMA
 70
0
  0
SEQEND
  5
601
330
600
100
AcDbEntity
  8
GREEN_AI_SHRUBS
  0
INSERT
  5
605
330
17
100
AcDbEntity
  8
GREEN_AI_SHRUBS
100
AcDbBlockReference
 66
1
  2
GREEN_AI_SHRUB
 10
6.625
 20
12.125
 30
0.0
 41
0.4
 42
0.4
 43
0.4
  0
ATTRIB
  5
607
330
17
100
AcDbEntity
  8
0
 60
1
100
AcDbText
 10
7.085
 20
12.125
 30
0.0
 40
0.072
  1
S-0194
 11
7.085
 21
12.125
 31
0.0
100
AcDbAttribute
  2
ID
 70
0
  0
ATTRIB
  5
608
330
17
100
AcDbEntity
  8
0
 60
1
100
AcDbText
 10
7.085
 20
12.125
 30
0.0
 40
0.072
  1
Пузыреплодник 'Diabolo'
 11
7.085
 21
12.125
 31
0.0
100
AcDbAttribute
  2
PORODA
 70
0
  0
ATTRIB
  5
609
330
17
100
AcDbEntity
  8
0
 60
1
100
AcDbText
 10
7.085
 20
12.125
 30
0.0
 40
0.072
  1
Край проезжей части, кромка укреплённой полосы обочины: норма 1.0 м, факт 2.0 м (СП 42.13330.2016, таблица 9.1; 743-ПП п. 3.6.3; 623-ПП п. 4.2.4)
 11
7.085
 21
12.125
 31
0.0
100
AcDbAttribute
  2
NORMA
 70
0
  0
SEQEND
  5
606
330
605
100
AcDbEntity
  8
GREEN_AI_SHRUBS
  0
INSERT
  5
60A
330
17
100
AcDbEntity
  8
GREEN_AI_SHRUBS
100
AcDbBlockReference
 66
1
  2
GREEN_AI_SHRUB
 10
7.875
 20
12.125
 30
0.0
 41
0.4
 42
0.4
 43
0.4
  0
ATTRIB
  5
60C
330
17
100
AcDbEntity
  8
0
 60
1
100
AcDbText
 10
8.335
 20
12.125
 30
0.0
 40
0.072
  1
S-0195
 11
8.335
 21
12.125
 31
0.0
100
AcDbAttribute
  2
ID
 70
0
  0
ATTRIB
  5
60D
330
17
100
AcDbEntity
  8
0
 60
1
100
AcDbText
 10
8.335
 20
12.125
 30
0.0
 40
0.072
  1
Пузыреплодник 'Diabolo'
 11
8.335
 21
12.125
 31
0.0
100
AcDbAttribute
  2
PORODA
 70
0
  0
ATTRIB
  5
60E
330
17
100
AcDbEntity
  8
0
 60
1
100
AcDbText
 10
8.335
 20
12.125
 30
0.0
 40
0.072
  1
Край проезжей части, кромка укреплённой полосы обочины: норма 1.0 м, факт 2.0 м (СП 42.13330.2016, таблица 9.1; 743-ПП п. 3.6.3; 623-ПП п. 4.2.4)
 11
8.335
 21
12.125
 31
0.0
100
AcDbAttribute
  2
NORMA
 70
0
  0
SEQEND
  5
60B
330
60A
100
AcDbEntity
  8
GREEN_AI_SHRUBS
  0
INSERT
  5
60F
330
17
100
AcDbEntity
  8
GREEN_AI_SHRUBS
100
AcDbBlockReference
 66
1
  2
GREEN_AI_SHRUB
 10
9.125
 20
12.125
 30
0.0
 41
0.4
 42
0.4
 43
0.4
  0
ATTRIB
  5
611
330
17
100
AcDbEntity
  8
0
 60
1
100
AcDbText
 10
9.585
 20
12.125
 30
0.0
 40
0.072
  1
S-0196
 11
9.585
 21
12.125
 31
0.0
100
AcDbAttribute
  2
ID
 70
0
  0
ATTRIB
  5
612
330
17
100
AcDbEntity
  8
0
 60
1
100
AcDbText
 10
9.585
 20
12.125
 30
0.0
 40
0.072
  1
Пузыреплодник 'Diabolo'
 11
9.585
 21
12.125
 31
0.0
100
AcDbAttribute
  2
PORODA
 70
0
  0
ATTRIB
  5
613
330
17
100
AcDbEntity
  8
0
 60
1
100
AcDbText
 10
9.585
 20
12.125
 30
0.0
 40
0.072
  1
Край проезжей части, кромка укреплённой полосы обочины: норма 1.0 м, факт 2.0 м (СП 42.13330.2016, таблица 9.1; 743-ПП п. 3.6.3; 623-ПП п. 4.2.4)
 11
9.585
 21
12.125
 31
0.0
100
AcDbAttribute
  2
NORMA
 70
0
  0
SEQEND
  5
610
330
60F
100
AcDbEntity
  8
GREEN_AI_SHRUBS
  0
INSERT
  5
614
330
17
100
AcDbEntity
  8
GREEN_AI_SHRUBS
100
AcDbBlockReference
 66
1
  2
GREEN_AI_SHRUB
 10
10.375
 20
12.125
 30
0.0
 41
0.4
 42
0.4
 43
0.4
  0
ATTRIB
  5
616
330
17
100
AcDbEntity
  8
0
 60
1
100
AcDbText
 10
10.835
 20
12.125
 30
0.0
 40
0.072
  1
S-0197
 11
10.835
 21
12.125
 31
0.0
100
AcDbAttribute
  2
ID
 70
0
  0
ATTRIB
  5
617
330
17
100
AcDbEntity
  8
0
 60
1
100
AcDbText
 10
10.835
 20
12.125
 30
0.0
 40
0.072
  1
Пузыреплодник 'Diabolo'
 11
10.835
 21
12.125
 31
0.0
100
AcDbAttribute
  2
PORODA
 70
0
  0
ATTRIB
  5
618
330
17
100
AcDbEntity
  8
0
 60
1
100
AcDbText
 10
10.835
 20
12.125
 30
0.0
 40
0.072
  1
Край проезжей части, кромка укреплённой полосы обочины: норма 1.0 м, факт 2.0 м (СП 42.13330.2016, таблица 9.1; 743-ПП п. 3.6.3; 623-ПП п. 4.2.4)
 11
10.835
 21
12.125
 31
0.0
100
AcDbAttribute
  2
NORMA
 70
0
  0
SEQEND
  5
615
330
614
100
AcDbEntity
  8
GREEN_AI_SHRUBS
  0
INSERT
  5
619
330
17
100
AcDbEntity
  8
GREEN_AI_SHRUBS
100
AcDbBlockReference
 66
1
  2
GREEN_AI_SHRUB
 10
11.625
 20
12.125
 30
0.0
 41
0.4
 42
0.4
 43
0.4
  0
ATTRIB
  5
61B
330
17
100
AcDbEntity
  8
0
 60
1
100
AcDbText
 10
12.085
 20
12.125
 30
0.0
 40
0.072
  1
S-0198
 11
12.085
 21
12.125
 31
0.0
100
AcDbAttribute
  2
ID
 70
0
  0
ATTRIB
  5
61C
330
17
100
AcDbEntity
  8
0
 60
1
100
AcDbText
 10
12.085
 20
12.125
 30
0.0
 40
0.072
  1
Пузыреплодник 'Diabolo'
 11
12.085
 21
12.125
 31
0.0
100
AcDbAttribute
  2
PORODA
 70
0
  0
ATTRIB
  5
61D
330
17
100
AcDbEntity
  8
0
 60
1
100
AcDbText
 10
12.085
 20
12.125
 30
0.0
 40
0.072
  1
Край проезжей части, кромка укреплённой полосы обочины: норма 1.0 м, факт 2.0 м (СП 42.13330.2016, таблица 9.1; 743-ПП п. 3.6.3; 623-ПП п. 4.2.4)
 11
12.085
 21
12.125
 31
0.0
100
AcDbAttribute
  2
NORMA
 70
0
  0
SEQEND
  5
61A
330
619
100
AcDbEntity
  8
GREEN_AI_SHRUBS
  0
INSERT
  5
61E
330
17
100
AcDbEntity
  8
GREEN_AI_SHRUBS
100
AcDbBlockReference
 66
1
  2
GREEN_AI_SHRUB
 10
12.875
 20
12.125
 30
0.0
 41
0.4
 42
0.4
 43
0.4
  0
ATTRIB
  5
620
330
17
100
AcDbEntity
  8
0
 60
1
100
AcDbText
 10
13.335
 20
12.125
 30
0.0
 40
0.072
  1
S-0199
 11
13.335
 21
12.125
 31
0.0
100
AcDbAttribute
  2
ID
 70
0
  0
ATTRIB
  5
621
330
17
100
AcDbEntity
  8
0
 60
1
100
AcDbText
 10
13.335
 20
12.125
 30
0.0
 40
0.072
  1
Пузыреплодник 'Diabolo'
 11
13.335
 21
12.125
 31
0.0
100
AcDbAttribute
  2
PORODA
 70
0
  0
ATTRIB
  5
622
330
17
100
AcDbEntity
  8
0
 60
1
100
AcDbText
 10
13.335
 20
12.125
 30
0.0
 40
0.072
  1
Край проезжей части, кромка укреплённой полосы обочины: норма 1.0 м, факт 2.0 м (СП 42.13330.2016, таблица 9.1; 743-ПП п. 3.6.3; 623-ПП п. 4.2.4)
 11
13.335
 21
12.125
 31
0.0
100
AcDbAttribute
  2
NORMA
 70
0
  0
SEQEND
  5
61F
330
61E
100
AcDbEntity
  8
GREEN_AI_SHRUBS
  0
INSERT
  5
623
330
17
100
AcDbEntity
  8
GREEN_AI_SHRUBS
100
AcDbBlockReference
 66
1
  2
GREEN_AI_SHRUB
 10
14.125
 20
12.125
 30
0.0
 41
0.4
 42
0.4
 43
0.4
  0
ATTRIB
  5
625
330
17
100
AcDbEntity
  8
0
 60
1
100
AcDbText
 10
14.585
 20
12.125
 30
0.0
 40
0.072
  1
S-0200
 11
14.585
 21
12.125
 31
0.0
100
AcDbAttribute
  2
ID
 70
0
  0
ATTRIB
  5
626
330
17
100
AcDbEntity
  8
0
 60
1
100
AcDbText
 10
14.585
 20
12.125
 30
0.0
 40
0.072
  1
Пузыреплодник 'Diabolo'
 11
14.585
 21
12.125
 31
0.0
100
AcDbAttribute
  2
PORODA
 70
0
  0
ATTRIB
  5
627
330
17
100
AcDbEntity
  8
0
 60
1
100
AcDbText
 10
14.585
 20
12.125
 30
0.0
 40
0.072
  1
Край проезжей части, кромка укреплённой полосы обочины: норма 1.0 м, факт 2.0 м (СП 42.13330.2016, таблица 9.1; 743-ПП п. 3.6.3; 623-ПП п. 4.2.4)
 11
14.585
 21
12.125
 31
0.0
100
AcDbAttribute
  2
NORMA
 70
0
  0
SEQEND
  5
624
330
623
100
AcDbEntity
  8
GREEN_AI_SHRUBS
  0
INSERT
  5
628
330
17
100
AcDbEntity
  8
GREEN_AI_SHRUBS
100
AcDbBlockReference
 66
1
  2
GREEN_AI_SHRUB
 10
15.375
 20
12.125
 30
0.0
 41
0.3
 42
0.3
 43
0.3
  0
ATTRIB
  5
62A
330
17
100
AcDbEntity
  8
0
 60
1
100
AcDbText
 10
15.72
 20
12.125
 30
0.0
 40
0.054
  1
S-0201
 11
15.72
 21
12.125
 31
0.0
100
AcDbAttribute
  2
ID
 70
0
  0
ATTRIB
  5
62B
330
17
100
AcDbEntity
  8
0
 60
1
100
AcDbText
 10
15.72
 20
12.125
 30
0.0
 40
0.054
  1
Роза морщинистая
 11
15.72
 21
12.125
 31
0.0
100
AcDbAttribute
  2
PORODA
 70
0
  0
ATTRIB
  5
62C
330
17
100
AcDbEntity
  8
0
 60
1
100
AcDbText
 10
15.72
 20
12.125
 30
0.0
 40
0.054
  1
Край проезжей части, кромка укреплённой полосы обочины: норма 1.0 м, факт 2.0 м (СП 42.13330.2016, таблица 9.1; 743-ПП п. 3.6.3; 623-ПП п. 4.2.4)
 11
15.72
 21
12.125
 31
0.0
100
AcDbAttribute
  2
NORMA
 70
0
  0
SEQEND
  5
629
330
628
100
AcDbEntity
  8
GREEN_AI_SHRUBS
  0
INSERT
  5
62D
330
17
100
AcDbEntity
  8
GREEN_AI_SHRUBS
100
AcDbBlockReference
 66
1
  2
GREEN_AI_SHRUB
 10
16.625
 20
12.125
 30
0.0
 41
0.3
 42
0.3
 43
0.3
  0
ATTRIB
  5
62F
330
17
100
AcDbEntity
  8
0
 60
1
100
AcDbText
 10
16.97
 20
12.125
 30
0.0
 40
0.054
  1
S-0202
 11
16.97
 21
12.125
 31
0.0
100
AcDbAttribute
  2
ID
 70
0
  0
ATTRIB
  5
630
330
17
100
AcDbEntity
  8
0
 60
1
100
AcDbText
 10
16.97
 20
12.125
 30
0.0
 40
0.054
  1
Роза морщинистая
 11
16.97
 21
12.125
 31
0.0
100
AcDbAttribute
  2
PORODA
 70
0
  0
ATTRIB
  5
631
330
17
100
AcDbEntity
  8
0
 60
1
100
AcDbText
 10
16.97
 20
12.125
 30
0.0
 40
0.054
  1
Край проезжей части, кромка укреплённой полосы обочины: норма 1.0 м, факт 2.0 м (СП 42.13330.2016, таблица 9.1; 743-ПП п. 3.6.3; 623-ПП п. 4.2.4)
 11
16.97
 21
12.125
 31
0.0
100
AcDbAttribute
  2
NORMA
 70
0
  0
SEQEND
  5
62E
330
62D
100
AcDbEntity
  8
GREEN_AI_SHRUBS
  0
INSERT
  5
632
330
17
100
AcDbEntity
  8
GREEN_AI_SHRUBS
100
AcDbBlockReference
 66
1
  2
GREEN_AI_SHRUB
 10
17.875
 20
12.125
 30
0.0
 41
0.3
 42
0.3
 43
0.3
  0
ATTRIB
  5
634
330
17
100
AcDbEntity
  8
0
 60
1
100
AcDbText
 10
18.22
 20
12.125
 30
0.0
 40
0.054
  1
S-0203
 11
18.22
 21
12.125
 31
0.0
100
AcDbAttribute
  2
ID
 70
0
  0
ATTRIB
  5
635
330
17
100
AcDbEntity
  8
0
 60
1
100
AcDbText
 10
18.22
 20
12.125
 30
0.0
 40
0.054
  1
Роза морщинистая
 11
18.22
 21
12.125
 31
0.0
100
AcDbAttribute
  2
PORODA
 70
0
  0
ATTRIB
  5
636
330
17
100
AcDbEntity
  8
0
 60
1
100
AcDbText
 10
18.22
 20
12.125
 30
0.0
 40
0.054
  1
Край проезжей части, кромка укреплённой полосы обочины: норма 1.0 м, факт 2.0 м (СП 42.13330.2016, таблица 9.1; 743-ПП п. 3.6.3; 623-ПП п. 4.2.4)
 11
18.22
 21
12.125
 31
0.0
100
AcDbAttribute
  2
NORMA
 70
0
  0
SEQEND
  5
633
330
632
100
AcDbEntity
  8
GREEN_AI_SHRUBS
  0
INSERT
  5
637
330
17
100
AcDbEntity
  8
GREEN_AI_SHRUBS
100
AcDbBlockReference
 66
1
  2
GREEN_AI_SHRUB
 10
19.125
 20
12.125
 30
0.0
 41
0.3
 42
0.3
 43
0.3
  0
ATTRIB
  5
639
330
17
100
AcDbEntity
  8
0
 60
1
100
AcDbText
 10
19.47
 20
12.125
 30
0.0
 40
0.054
  1
S-0204
 11
19.47
 21
12.125
 31
0.0
100
AcDbAttribute
  2
ID
 70
0
  0
ATTRIB
  5
63A
330
17
100
AcDbEntity
  8
0
 60
1
100
AcDbText
 10
19.47
 20
12.125
 30
0.0
 40
0.054
  1
Роза морщинистая
 11
19.47
 21
12.125
 31
0.0
100
AcDbAttribute
  2
PORODA
 70
0
  0
ATTRIB
  5
63B
330
17
100
AcDbEntity
  8
0
 60
1
100
AcDbText
 10
19.47
 20
12.125
 30
0.0
 40
0.054
  1
Край проезжей части, кромка укреплённой полосы обочины: норма 1.0 м, факт 2.0 м (СП 42.13330.2016, таблица 9.1; 743-ПП п. 3.6.3; 623-ПП п. 4.2.4)
 11
19.47
 21
12.125
 31
0.0
100
AcDbAttribute
  2
NORMA
 70
0
  0
SEQEND
  5
638
330
637
100
AcDbEntity
  8
GREEN_AI_SHRUBS
  0
INSERT
  5
63C
330
17
100
AcDbEntity
  8
GREEN_AI_SHRUBS
100
AcDbBlockReference
 66
1
  2
GREEN_AI_SHRUB
 10
20.375
 20
12.125
 30
0.0
 41
0.3
 42
0.3
 43
0.3
  0
ATTRIB
  5
63E
330
17
100
AcDbEntity
  8
0
 60
1
100
AcDbText
 10
20.72
 20
12.125
 30
0.0
 40
0.054
  1
S-0205
 11
20.72
 21
12.125
 31
0.0
100
AcDbAttribute
  2
ID
 70
0
  0
ATTRIB
  5
63F
330
17
100
AcDbEntity
  8
0
 60
1
100
AcDbText
 10
20.72
 20
12.125
 30
0.0
 40
0.054
  1
Роза морщинистая
 11
20.72
 21
12.125
 31
0.0
100
AcDbAttribute
  2
PORODA
 70
0
  0
ATTRIB
  5
640
330
17
100
AcDbEntity
  8
0
 60
1
100
AcDbText
 10
20.72
 20
12.125
 30
0.0
 40
0.054
  1
Край проезжей части, кромка укреплённой полосы обочины: норма 1.0 м, факт 2.0 м (СП 42.13330.2016, таблица 9.1; 743-ПП п. 3.6.3; 623-ПП п. 4.2.4)
 11
20.72
 21
12.125
 31
0.0
100
AcDbAttribute
  2
NORMA
 70
0
  0
SEQEND
  5
63D
330
63C
100
AcDbEntity
  8
GREEN_AI_SHRUBS
  0
INSERT
  5
641
330
17
100
AcDbEntity
  8
GREEN_AI_SHRUBS
100
AcDbBlockReference
 66
1
  2
GREEN_AI_SHRUB
 10
21.625
 20
12.125
 30
0.0
 41
0.3
 42
0.3
 43
0.3
  0
ATTRIB
  5
643
330
17
100
AcDbEntity
  8
0
 60
1
100
AcDbText
 10
21.97
 20
12.125
 30
0.0
 40
0.054
  1
S-0206
 11
21.97
 21
12.125
 31
0.0
100
AcDbAttribute
  2
ID
 70
0
  0
ATTRIB
  5
644
330
17
100
AcDbEntity
  8
0
 60
1
100
AcDbText
 10
21.97
 20
12.125
 30
0.0
 40
0.054
  1
Роза морщинистая
 11
21.97
 21
12.125
 31
0.0
100
AcDbAttribute
  2
PORODA
 70
0
  0
ATTRIB
  5
645
330
17
100
AcDbEntity
  8
0
 60
1
100
AcDbText
 10
21.97
 20
12.125
 30
0.0
 40
0.054
  1
Край проезжей части, кромка укреплённой полосы обочины: норма 1.0 м, факт 2.0 м (СП 42.13330.2016, таблица 9.1; 743-ПП п. 3.6.3; 623-ПП п. 4.2.4)
 11
21.97
 21
12.125
 31
0.0
100
AcDbAttribute
  2
NORMA
 70
0
  0
SEQEND
  5
642
330
641
100
AcDbEntity
  8
GREEN_AI_SHRUBS
  0
INSERT
  5
646
330
17
100
AcDbEntity
  8
GREEN_AI_SHRUBS
100
AcDbBlockReference
 66
1
  2
GREEN_AI_SHRUB
 10
22.875
 20
12.125
 30
0.0
 41
0.3
 42
0.3
 43
0.3
  0
ATTRIB
  5
648
330
17
100
AcDbEntity
  8
0
 60
1
100
AcDbText
 10
23.22
 20
12.125
 30
0.0
 40
0.054
  1
S-0207
 11
23.22
 21
12.125
 31
0.0
100
AcDbAttribute
  2
ID
 70
0
  0
ATTRIB
  5
649
330
17
100
AcDbEntity
  8
0
 60
1
100
AcDbText
 10
23.22
 20
12.125
 30
0.0
 40
0.054
  1
Роза морщинистая
 11
23.22
 21
12.125
 31
0.0
100
AcDbAttribute
  2
PORODA
 70
0
  0
ATTRIB
  5
64A
330
17
100
AcDbEntity
  8
0
 60
1
100
AcDbText
 10
23.22
 20
12.125
 30
0.0
 40
0.054
  1
Край проезжей части, кромка укреплённой полосы обочины: норма 1.0 м, факт 2.0 м (СП 42.13330.2016, таблица 9.1; 743-ПП п. 3.6.3; 623-ПП п. 4.2.4)
 11
23.22
 21
12.125
 31
0.0
100
AcDbAttribute
  2
NORMA
 70
0
  0
SEQEND
  5
647
330
646
100
AcDbEntity
  8
GREEN_AI_SHRUBS
  0
INSERT
  5
64B
330
17
100
AcDbEntity
  8
GREEN_AI_SHRUBS
100
AcDbBlockReference
 66
1
  2
GREEN_AI_SHRUB
 10
24.125
 20
12.125
 30
0.0
 41
0.3
 42
0.3
 43
0.3
  0
ATTRIB
  5
64D
330
17
100
AcDbEntity
  8
0
 60
1
100
AcDbText
 10
24.47
 20
12.125
 30
0.0
 40
0.054
  1
S-0208
 11
24.47
 21
12.125
 31
0.0
100
AcDbAttribute
  2
ID
 70
0
  0
ATTRIB
  5
64E
330
17
100
AcDbEntity
  8
0
 60
1
100
AcDbText
 10
24.47
 20
12.125
 30
0.0
 40
0.054
  1
Роза морщинистая
 11
24.47
 21
12.125
 31
0.0
100
AcDbAttribute
  2
PORODA
 70
0
  0
ATTRIB
  5
64F
330
17
100
AcDbEntity
  8
0
 60
1
100
AcDbText
 10
24.47
 20
12.125
 30
0.0
 40
0.054
  1
Край проезжей части, кромка укреплённой полосы обочины: норма 1.0 м, факт 2.0 м (СП 42.13330.2016, таблица 9.1; 743-ПП п. 3.6.3; 623-ПП п. 4.2.4)
 11
24.47
 21
12.125
 31
0.0
100
AcDbAttribute
  2
NORMA
 70
0
  0
SEQEND
  5
64C
330
64B
100
AcDbEntity
  8
GREEN_AI_SHRUBS
  0
INSERT
  5
650
330
17
100
AcDbEntity
  8
GREEN_AI_SHRUBS
100
AcDbBlockReference
 66
1
  2
GREEN_AI_SHRUB
 10
25.375
 20
12.125
 30
0.0
 41
0.3
 42
0.3
 43
0.3
  0
ATTRIB
  5
652
330
17
100
AcDbEntity
  8
0
 60
1
100
AcDbText
 10
25.72
 20
12.125
 30
0.0
 40
0.054
  1
S-0209
 11
25.72
 21
12.125
 31
0.0
100
AcDbAttribute
  2
ID
 70
0
  0
ATTRIB
  5
653
330
17
100
AcDbEntity
  8
0
 60
1
100
AcDbText
 10
25.72
 20
12.125
 30
0.0
 40
0.054
  1
Роза морщинистая
 11
25.72
 21
12.125
 31
0.0
100
AcDbAttribute
  2
PORODA
 70
0
  0
ATTRIB
  5
654
330
17
100
AcDbEntity
  8
0
 60
1
100
AcDbText
 10
25.72
 20
12.125
 30
0.0
 40
0.054
  1
Край проезжей части, кромка укреплённой полосы обочины: норма 1.0 м, факт 2.0 м (СП 42.13330.2016, таблица 9.1; 743-ПП п. 3.6.3; 623-ПП п. 4.2.4)
 11
25.72
 21
12.125
 31
0.0
100
AcDbAttribute
  2
NORMA
 70
0
  0
SEQEND
  5
651
330
650
100
AcDbEntity
  8
GREEN_AI_SHRUBS
  0
INSERT
  5
655
330
17
100
AcDbEntity
  8
GREEN_AI_SHRUBS
100
AcDbBlockReference
 66
1
  2
GREEN_AI_SHRUB
 10
26.625
 20
12.125
 30
0.0
 41
0.3
 42
0.3
 43
0.3
  0
ATTRIB
  5
657
330
17
100
AcDbEntity
  8
0
 60
1
100
AcDbText
 10
26.97
 20
12.125
 30
0.0
 40
0.054
  1
S-0210
 11
26.97
 21
12.125
 31
0.0
100
AcDbAttribute
  2
ID
 70
0
  0
ATTRIB
  5
658
330
17
100
AcDbEntity
  8
0
 60
1
100
AcDbText
 10
26.97
 20
12.125
 30
0.0
 40
0.054
  1
Роза морщинистая
 11
26.97
 21
12.125
 31
0.0
100
AcDbAttribute
  2
PORODA
 70
0
  0
ATTRIB
  5
659
330
17
100
AcDbEntity
  8
0
 60
1
100
AcDbText
 10
26.97
 20
12.125
 30
0.0
 40
0.054
  1
Край проезжей части, кромка укреплённой полосы обочины: норма 1.0 м, факт 2.0 м (СП 42.13330.2016, таблица 9.1; 743-ПП п. 3.6.3; 623-ПП п. 4.2.4)
 11
26.97
 21
12.125
 31
0.0
100
AcDbAttribute
  2
NORMA
 70
0
  0
SEQEND
  5
656
330
655
100
AcDbEntity
  8
GREEN_AI_SHRUBS
  0
INSERT
  5
65A
330
17
100
AcDbEntity
  8
GREEN_AI_SHRUBS
100
AcDbBlockReference
 66
1
  2
GREEN_AI_SHRUB
 10
27.875
 20
12.125
 30
0.0
 41
0.3
 42
0.3
 43
0.3
  0
ATTRIB
  5
65C
330
17
100
AcDbEntity
  8
0
 60
1
100
AcDbText
 10
28.22
 20
12.125
 30
0.0
 40
0.054
  1
S-0211
 11
28.22
 21
12.125
 31
0.0
100
AcDbAttribute
  2
ID
 70
0
  0
ATTRIB
  5
65D
330
17
100
AcDbEntity
  8
0
 60
1
100
AcDbText
 10
28.22
 20
12.125
 30
0.0
 40
0.054
  1
Роза морщинистая
 11
28.22
 21
12.125
 31
0.0
100
AcDbAttribute
  2
PORODA
 70
0
  0
ATTRIB
  5
65E
330
17
100
AcDbEntity
  8
0
 60
1
100
AcDbText
 10
28.22
 20
12.125
 30
0.0
 40
0.054
  1
Край проезжей части, кромка укреплённой полосы обочины: норма 1.0 м, факт 2.0 м (СП 42.13330.2016, таблица 9.1; 743-ПП п. 3.6.3; 623-ПП п. 4.2.4)
 11
28.22
 21
12.125
 31
0.0
100
AcDbAttribute
  2
NORMA
 70
0
  0
SEQEND
  5
65B
330
65A
100
AcDbEntity
  8
GREEN_AI_SHRUBS
  0
INSERT
  5
65F
330
17
100
AcDbEntity
  8
GREEN_AI_SHRUBS
100
AcDbBlockReference
 66
1
  2
GREEN_AI_SHRUB
 10
29.125
 20
12.125
 30
0.0
 41
0.3
 42
0.3
 43
0.3
  0
ATTRIB
  5
661
330
17
100
AcDbEntity
  8
0
 60
1
100
AcDbText
 10
29.47
 20
12.125
 30
0.0
 40
0.054
  1
S-0212
 11
29.47
 21
12.125
 31
0.0
100
AcDbAttribute
  2
ID
 70
0
  0
ATTRIB
  5
662
330
17
100
AcDbEntity
  8
0
 60
1
100
AcDbText
 10
29.47
 20
12.125
 30
0.0
 40
0.054
  1
Роза морщинистая
 11
29.47
 21
12.125
 31
0.0
100
AcDbAttribute
  2
PORODA
 70
0
  0
ATTRIB
  5
663
330
17
100
AcDbEntity
  8
0
 60
1
100
AcDbText
 10
29.47
 20
12.125
 30
0.0
 40
0.054
  1
Край проезжей части, кромка укреплённой полосы обочины: норма 1.0 м, факт 2.0 м (СП 42.13330.2016, таблица 9.1; 743-ПП п. 3.6.3; 623-ПП п. 4.2.4)
 11
29.47
 21
12.125
 31
0.0
100
AcDbAttribute
  2
NORMA
 70
0
  0
SEQEND
  5
660
330
65F
100
AcDbEntity
  8
GREEN_AI_SHRUBS
  0
INSERT
  5
664
330
17
100
AcDbEntity
  8
GREEN_AI_SHRUBS
100
AcDbBlockReference
 66
1
  2
GREEN_AI_SHRUB
 10
30.375
 20
12.125
 30
0.0
 41
0.3
 42
0.3
 43
0.3
  0
ATTRIB
  5
666
330
17
100
AcDbEntity
  8
0
 60
1
100
AcDbText
 10
30.72
 20
12.125
 30
0.0
 40
0.054
  1
S-0213
 11
30.72
 21
12.125
 31
0.0
100
AcDbAttribute
  2
ID
 70
0
  0
ATTRIB
  5
667
330
17
100
AcDbEntity
  8
0
 60
1
100
AcDbText
 10
30.72
 20
12.125
 30
0.0
 40
0.054
  1
Роза морщинистая
 11
30.72
 21
12.125
 31
0.0
100
AcDbAttribute
  2
PORODA
 70
0
  0
ATTRIB
  5
668
330
17
100
AcDbEntity
  8
0
 60
1
100
AcDbText
 10
30.72
 20
12.125
 30
0.0
 40
0.054
  1
Край проезжей части, кромка укреплённой полосы обочины: норма 1.0 м, факт 2.0 м (СП 42.13330.2016, таблица 9.1; 743-ПП п. 3.6.3; 623-ПП п. 4.2.4)
 11
30.72
 21
12.125
 31
0.0
100
AcDbAttribute
  2
NORMA
 70
0
  0
SEQEND
  5
665
330
664
100
AcDbEntity
  8
GREEN_AI_SHRUBS
  0
INSERT
  5
669
330
17
100
AcDbEntity
  8
GREEN_AI_SHRUBS
100
AcDbBlockReference
 66
1
  2
GREEN_AI_SHRUB
 10
31.625
 20
12.125
 30
0.0
 41
0.3
 42
0.3
 43
0.3
  0
ATTRIB
  5
66B
330
17
100
AcDbEntity
  8
0
 60
1
100
AcDbText
 10
31.97
 20
12.125
 30
0.0
 40
0.054
  1
S-0214
 11
31.97
 21
12.125
 31
0.0
100
AcDbAttribute
  2
ID
 70
0
  0
ATTRIB
  5
66C
330
17
100
AcDbEntity
  8
0
 60
1
100
AcDbText
 10
31.97
 20
12.125
 30
0.0
 40
0.054
  1
Роза морщинистая
 11
31.97
 21
12.125
 31
0.0
100
AcDbAttribute
  2
PORODA
 70
0
  0
ATTRIB
  5
66D
330
17
100
AcDbEntity
  8
0
 60
1
100
AcDbText
 10
31.97
 20
12.125
 30
0.0
 40
0.054
  1
Край проезжей части, кромка укреплённой полосы обочины: норма 1.0 м, факт 2.0 м (СП 42.13330.2016, таблица 9.1; 743-ПП п. 3.6.3; 623-ПП п. 4.2.4)
 11
31.97
 21
12.125
 31
0.0
100
AcDbAttribute
  2
NORMA
 70
0
  0
SEQEND
  5
66A
330
669
100
AcDbEntity
  8
GREEN_AI_SHRUBS
  0
INSERT
  5
66E
330
17
100
AcDbEntity
  8
GREEN_AI_SHRUBS
100
AcDbBlockReference
 66
1
  2
GREEN_AI_SHRUB
 10
32.875
 20
12.125
 30
0.0
 41
0.3
 42
0.3
 43
0.3
  0
ATTRIB
  5
670
330
17
100
AcDbEntity
  8
0
 60
1
100
AcDbText
 10
33.22
 20
12.125
 30
0.0
 40
0.054
  1
S-0215
 11
33.22
 21
12.125
 31
0.0
100
AcDbAttribute
  2
ID
 70
0
  0
ATTRIB
  5
671
330
17
100
AcDbEntity
  8
0
 60
1
100
AcDbText
 10
33.22
 20
12.125
 30
0.0
 40
0.054
  1
Роза морщинистая
 11
33.22
 21
12.125
 31
0.0
100
AcDbAttribute
  2
PORODA
 70
0
  0
ATTRIB
  5
672
330
17
100
AcDbEntity
  8
0
 60
1
100
AcDbText
 10
33.22
 20
12.125
 30
0.0
 40
0.054
  1
Край проезжей части, кромка укреплённой полосы обочины: норма 1.0 м, факт 2.0 м (СП 42.13330.2016, таблица 9.1; 743-ПП п. 3.6.3; 623-ПП п. 4.2.4)
 11
33.22
 21
12.125
 31
0.0
100
AcDbAttribute
  2
NORMA
 70
0
  0
SEQEND
  5
66F
330
66E
100
AcDbEntity
  8
GREEN_AI_SHRUBS
  0
INSERT
  5
673
330
17
100
AcDbEntity
  8
GREEN_AI_SHRUBS
100
AcDbBlockReference
 66
1
  2
GREEN_AI_SHRUB
 10
34.125
 20
12.125
 30
0.0
 41
0.3
 42
0.3
 43
0.3
  0
ATTRIB
  5
675
330
17
100
AcDbEntity
  8
0
 60
1
100
AcDbText
 10
34.47
 20
12.125
 30
0.0
 40
0.054
  1
S-0216
 11
34.47
 21
12.125
 31
0.0
100
AcDbAttribute
  2
ID
 70
0
  0
ATTRIB
  5
676
330
17
100
AcDbEntity
  8
0
 60
1
100
AcDbText
 10
34.47
 20
12.125
 30
0.0
 40
0.054
  1
Роза морщинистая
 11
34.47
 21
12.125
 31
0.0
100
AcDbAttribute
  2
PORODA
 70
0
  0
ATTRIB
  5
677
330
17
100
AcDbEntity
  8
0
 60
1
100
AcDbText
 10
34.47
 20
12.125
 30
0.0
 40
0.054
  1
Край проезжей части, кромка укреплённой полосы обочины: норма 1.0 м, факт 2.0 м (СП 42.13330.2016, таблица 9.1; 743-ПП п. 3.6.3; 623-ПП п. 4.2.4)
 11
34.47
 21
12.125
 31
0.0
100
AcDbAttribute
  2
NORMA
 70
0
  0
SEQEND
  5
674
330
673
100
AcDbEntity
  8
GREEN_AI_SHRUBS
  0
INSERT
  5
678
330
17
100
AcDbEntity
  8
GREEN_AI_SHRUBS
100
AcDbBlockReference
 66
1
  2
GREEN_AI_SHRUB
 10
35.375
 20
12.125
 30
0.0
 41
0.3
 42
0.3
 43
0.3
  0
ATTRIB
  5
67A
330
17
100
AcDbEntity
  8
0
 60
1
100
AcDbText
 10
35.72
 20
12.125
 30
0.0
 40
0.054
  1
S-0217
 11
35.72
 21
12.125
 31
0.0
100
AcDbAttribute
  2
ID
 70
0
  0
ATTRIB
  5
67B
330
17
100
AcDbEntity
  8
0
 60
1
100
AcDbText
 10
35.72
 20
12.125
 30
0.0
 40
0.054
  1
Роза морщинистая
 11
35.72
 21
12.125
 31
0.0
100
AcDbAttribute
  2
PORODA
 70
0
  0
ATTRIB
  5
67C
330
17
100
AcDbEntity
  8
0
 60
1
100
AcDbText
 10
35.72
 20
12.125
 30
0.0
 40
0.054
  1
Край проезжей части, кромка укреплённой полосы обочины: норма 1.0 м, факт 2.0 м (СП 42.13330.2016, таблица 9.1; 743-ПП п. 3.6.3; 623-ПП п. 4.2.4)
 11
35.72
 21
12.125
 31
0.0
100
AcDbAttribute
  2
NORMA
 70
0
  0
SEQEND
  5
679
330
678
100
AcDbEntity
  8
GREEN_AI_SHRUBS
  0
INSERT
  5
67D
330
17
100
AcDbEntity
  8
GREEN_AI_SHRUBS
100
AcDbBlockReference
 66
1
  2
GREEN_AI_SHRUB
 10
36.625
 20
12.125
 30
0.0
 41
0.3
 42
0.3
 43
0.3
  0
ATTRIB
  5
67F
330
17
100
AcDbEntity
  8
0
 60
1
100
AcDbText
 10
36.97
 20
12.125
 30
0.0
 40
0.054
  1
S-0218
 11
36.97
 21
12.125
 31
0.0
100
AcDbAttribute
  2
ID
 70
0
  0
ATTRIB
  5
680
330
17
100
AcDbEntity
  8
0
 60
1
100
AcDbText
 10
36.97
 20
12.125
 30
0.0
 40
0.054
  1
Роза морщинистая
 11
36.97
 21
12.125
 31
0.0
100
AcDbAttribute
  2
PORODA
 70
0
  0
ATTRIB
  5
681
330
17
100
AcDbEntity
  8
0
 60
1
100
AcDbText
 10
36.97
 20
12.125
 30
0.0
 40
0.054
  1
Край проезжей части, кромка укреплённой полосы обочины: норма 1.0 м, факт 2.0 м (СП 42.13330.2016, таблица 9.1; 743-ПП п. 3.6.3; 623-ПП п. 4.2.4)
 11
36.97
 21
12.125
 31
0.0
100
AcDbAttribute
  2
NORMA
 70
0
  0
SEQEND
  5
67E
330
67D
100
AcDbEntity
  8
GREEN_AI_SHRUBS
  0
INSERT
  5
682
330
17
100
AcDbEntity
  8
GREEN_AI_SHRUBS
100
AcDbBlockReference
 66
1
  2
GREEN_AI_SHRUB
 10
37.875
 20
12.125
 30
0.0
 41
0.3
 42
0.3
 43
0.3
  0
ATTRIB
  5
684
330
17
100
AcDbEntity
  8
0
 60
1
100
AcDbText
 10
38.22
 20
12.125
 30
0.0
 40
0.054
  1
S-0219
 11
38.22
 21
12.125
 31
0.0
100
AcDbAttribute
  2
ID
 70
0
  0
ATTRIB
  5
685
330
17
100
AcDbEntity
  8
0
 60
1
100
AcDbText
 10
38.22
 20
12.125
 30
0.0
 40
0.054
  1
Роза морщинистая
 11
38.22
 21
12.125
 31
0.0
100
AcDbAttribute
  2
PORODA
 70
0
  0
ATTRIB
  5
686
330
17
100
AcDbEntity
  8
0
 60
1
100
AcDbText
 10
38.22
 20
12.125
 30
0.0
 40
0.054
  1
Край проезжей части, кромка укреплённой полосы обочины: норма 1.0 м, факт 2.0 м (СП 42.13330.2016, таблица 9.1; 743-ПП п. 3.6.3; 623-ПП п. 4.2.4)
 11
38.22
 21
12.125
 31
0.0
100
AcDbAttribute
  2
NORMA
 70
0
  0
SEQEND
  5
683
330
682
100
AcDbEntity
  8
GREEN_AI_SHRUBS
  0
INSERT
  5
687
330
17
100
AcDbEntity
  8
GREEN_AI_SHRUBS
100
AcDbBlockReference
 66
1
  2
GREEN_AI_SHRUB
 10
39.125
 20
12.125
 30
0.0
 41
0.3
 42
0.3
 43
0.3
  0
ATTRIB
  5
689
330
17
100
AcDbEntity
  8
0
 60
1
100
AcDbText
 10
39.47
 20
12.125
 30
0.0
 40
0.054
  1
S-0220
 11
39.47
 21
12.125
 31
0.0
100
AcDbAttribute
  2
ID
 70
0
  0
ATTRIB
  5
68A
330
17
100
AcDbEntity
  8
0
 60
1
100
AcDbText
 10
39.47
 20
12.125
 30
0.0
 40
0.054
  1
Роза морщинистая
 11
39.47
 21
12.125
 31
0.0
100
AcDbAttribute
  2
PORODA
 70
0
  0
ATTRIB
  5
68B
330
17
100
AcDbEntity
  8
0
 60
1
100
AcDbText
 10
39.47
 20
12.125
 30
0.0
 40
0.054
  1
Край проезжей части, кромка укреплённой полосы обочины: норма 1.0 м, факт 2.0 м (СП 42.13330.2016, таблица 9.1; 743-ПП п. 3.6.3; 623-ПП п. 4.2.4)
 11
39.47
 21
12.125
 31
0.0
100
AcDbAttribute
  2
NORMA
 70
0
  0
SEQEND
  5
688
330
687
100
AcDbEntity
  8
GREEN_AI_SHRUBS
  0
INSERT
  5
68C
330
17
100
AcDbEntity
  8
GREEN_AI_SHRUBS
100
AcDbBlockReference
 66
1
  2
GREEN_AI_SHRUB
 10
40.375
 20
12.125
 30
0.0
 41
0.3
 42
0.3
 43
0.3
  0
ATTRIB
  5
68E
330
17
100
AcDbEntity
  8
0
 60
1
100
AcDbText
 10
40.72
 20
12.125
 30
0.0
 40
0.054
  1
S-0221
 11
40.72
 21
12.125
 31
0.0
100
AcDbAttribute
  2
ID
 70
0
  0
ATTRIB
  5
68F
330
17
100
AcDbEntity
  8
0
 60
1
100
AcDbText
 10
40.72
 20
12.125
 30
0.0
 40
0.054
  1
Роза морщинистая
 11
40.72
 21
12.125
 31
0.0
100
AcDbAttribute
  2
PORODA
 70
0
  0
ATTRIB
  5
690
330
17
100
AcDbEntity
  8
0
 60
1
100
AcDbText
 10
40.72
 20
12.125
 30
0.0
 40
0.054
  1
Край проезжей части, кромка укреплённой полосы обочины: норма 1.0 м, факт 2.0 м (СП 42.13330.2016, таблица 9.1; 743-ПП п. 3.6.3; 623-ПП п. 4.2.4)
 11
40.72
 21
12.125
 31
0.0
100
AcDbAttribute
  2
NORMA
 70
0
  0
SEQEND
  5
68D
330
68C
100
AcDbEntity
  8
GREEN_AI_SHRUBS
  0
INSERT
  5
691
330
17
100
AcDbEntity
  8
GREEN_AI_SHRUBS
100
AcDbBlockReference
 66
1
  2
GREEN_AI_SHRUB
 10
41.625
 20
12.125
 30
0.0
 41
0.3
 42
0.3
 43
0.3
  0
ATTRIB
  5
693
330
17
100
AcDbEntity
  8
0
 60
1
100
AcDbText
 10
41.97
 20
12.125
 30
0.0
 40
0.054
  1
S-0222
 11
41.97
 21
12.125
 31
0.0
100
AcDbAttribute
  2
ID
 70
0
  0
ATTRIB
  5
694
330
17
100
AcDbEntity
  8
0
 60
1
100
AcDbText
 10
41.97
 20
12.125
 30
0.0
 40
0.054
  1
Роза морщинистая
 11
41.97
 21
12.125
 31
0.0
100
AcDbAttribute
  2
PORODA
 70
0
  0
ATTRIB
  5
695
330
17
100
AcDbEntity
  8
0
 60
1
100
AcDbText
 10
41.97
 20
12.125
 30
0.0
 40
0.054
  1
Край проезжей части, кромка укреплённой полосы обочины: норма 1.0 м, факт 2.0 м (СП 42.13330.2016, таблица 9.1; 743-ПП п. 3.6.3; 623-ПП п. 4.2.4)
 11
41.97
 21
12.125
 31
0.0
100
AcDbAttribute
  2
NORMA
 70
0
  0
SEQEND
  5
692
330
691
100
AcDbEntity
  8
GREEN_AI_SHRUBS
  0
INSERT
  5
696
330
17
100
AcDbEntity
  8
GREEN_AI_SHRUBS
100
AcDbBlockReference
 66
1
  2
GREEN_AI_SHRUB
 10
42.875
 20
12.125
 30
0.0
 41
0.3
 42
0.3
 43
0.3
  0
ATTRIB
  5
698
330
17
100
AcDbEntity
  8
0
 60
1
100
AcDbText
 10
43.22
 20
12.125
 30
0.0
 40
0.054
  1
S-0223
 11
43.22
 21
12.125
 31
0.0
100
AcDbAttribute
  2
ID
 70
0
  0
ATTRIB
  5
699
330
17
100
AcDbEntity
  8
0
 60
1
100
AcDbText
 10
43.22
 20
12.125
 30
0.0
 40
0.054
  1
Роза морщинистая
 11
43.22
 21
12.125
 31
0.0
100
AcDbAttribute
  2
PORODA
 70
0
  0
ATTRIB
  5
69A
330
17
100
AcDbEntity
  8
0
 60
1
100
AcDbText
 10
43.22
 20
12.125
 30
0.0
 40
0.054
  1
Край проезжей части, кромка укреплённой полосы обочины: норма 1.0 м, факт 2.0 м (СП 42.13330.2016, таблица 9.1; 743-ПП п. 3.6.3; 623-ПП п. 4.2.4)
 11
43.22
 21
12.125
 31
0.0
100
AcDbAttribute
  2
NORMA
 70
0
  0
SEQEND
  5
697
330
696
100
AcDbEntity
  8
GREEN_AI_SHRUBS
  0
INSERT
  5
69B
330
17
100
AcDbEntity
  8
GREEN_AI_SHRUBS
100
AcDbBlockReference
 66
1
  2
GREEN_AI_SHRUB
 10
44.125
 20
12.125
 30
0.0
 41
0.3
 42
0.3
 43
0.3
  0
ATTRIB
  5
69D
330
17
100
AcDbEntity
  8
0
 60
1
100
AcDbText
 10
44.47
 20
12.125
 30
0.0
 40
0.054
  1
S-0224
 11
44.47
 21
12.125
 31
0.0
100
AcDbAttribute
  2
ID
 70
0
  0
ATTRIB
  5
69E
330
17
100
AcDbEntity
  8
0
 60
1
100
AcDbText
 10
44.47
 20
12.125
 30
0.0
 40
0.054
  1
Роза морщинистая
 11
44.47
 21
12.125
 31
0.0
100
AcDbAttribute
  2
PORODA
 70
0
  0
ATTRIB
  5
69F
330
17
100
AcDbEntity
  8
0
 60
1
100
AcDbText
 10
44.47
 20
12.125
 30
0.0
 40
0.054
  1
Край проезжей части, кромка укреплённой полосы обочины: норма 1.0 м, факт 2.0 м (СП 42.13330.2016, таблица 9.1; 743-ПП п. 3.6.3; 623-ПП п. 4.2.4)
 11
44.47
 21
12.125
 31
0.0
100
AcDbAttribute
  2
NORMA
 70
0
  0
SEQEND
  5
69C
330
69B
100
AcDbEntity
  8
GREEN_AI_SHRUBS
  0
INSERT
  5
6A0
330
17
100
AcDbEntity
  8
GREEN_AI_SHRUBS
100
AcDbBlockReference
 66
1
  2
GREEN_AI_SHRUB
 10
45.375
 20
12.125
 30
0.0
 41
0.3
 42
0.3
 43
0.3
  0
ATTRIB
  5
6A2
330
17
100
AcDbEntity
  8
0
 60
1
100
AcDbText
 10
45.72
 20
12.125
 30
0.0
 40
0.054
  1
S-0225
 11
45.72
 21
12.125
 31
0.0
100
AcDbAttribute
  2
ID
 70
0
  0
ATTRIB
  5
6A3
330
17
100
AcDbEntity
  8
0
 60
1
100
AcDbText
 10
45.72
 20
12.125
 30
0.0
 40
0.054
  1
Роза морщинистая
 11
45.72
 21
12.125
 31
0.0
100
AcDbAttribute
  2
PORODA
 70
0
  0
ATTRIB
  5
6A4
330
17
100
AcDbEntity
  8
0
 60
1
100
AcDbText
 10
45.72
 20
12.125
 30
0.0
 40
0.054
  1
Край проезжей части, кромка укреплённой полосы обочины: норма 1.0 м, факт 2.0 м (СП 42.13330.2016, таблица 9.1; 743-ПП п. 3.6.3; 623-ПП п. 4.2.4)
 11
45.72
 21
12.125
 31
0.0
100
AcDbAttribute
  2
NORMA
 70
0
  0
SEQEND
  5
6A1
330
6A0
100
AcDbEntity
  8
GREEN_AI_SHRUBS
  0
INSERT
  5
6A5
330
17
100
AcDbEntity
  8
GREEN_AI_SHRUBS
100
AcDbBlockReference
 66
1
  2
GREEN_AI_SHRUB
 10
46.625
 20
12.125
 30
0.0
 41
0.3
 42
0.3
 43
0.3
  0
ATTRIB
  5
6A7
330
17
100
AcDbEntity
  8
0
 60
1
100
AcDbText
 10
46.97
 20
12.125
 30
0.0
 40
0.054
  1
S-0226
 11
46.97
 21
12.125
 31
0.0
100
AcDbAttribute
  2
ID
 70
0
  0
ATTRIB
  5
6A8
330
17
100
AcDbEntity
  8
0
 60
1
100
AcDbText
 10
46.97
 20
12.125
 30
0.0
 40
0.054
  1
Роза морщинистая
 11
46.97
 21
12.125
 31
0.0
100
AcDbAttribute
  2
PORODA
 70
0
  0
ATTRIB
  5
6A9
330
17
100
AcDbEntity
  8
0
 60
1
100
AcDbText
 10
46.97
 20
12.125
 30
0.0
 40
0.054
  1
Край проезжей части, кромка укреплённой полосы обочины: норма 1.0 м, факт 2.0 м (СП 42.13330.2016, таблица 9.1; 743-ПП п. 3.6.3; 623-ПП п. 4.2.4)
 11
46.97
 21
12.125
 31
0.0
100
AcDbAttribute
  2
NORMA
 70
0
  0
SEQEND
  5
6A6
330
6A5
100
AcDbEntity
  8
GREEN_AI_SHRUBS
  0
INSERT
  5
6AA
330
17
100
AcDbEntity
  8
GREEN_AI_SHRUBS
100
AcDbBlockReference
 66
1
  2
GREEN_AI_SHRUB
 10
47.875
 20
12.125
 30
0.0
 41
0.3
 42
0.3
 43
0.3
  0
ATTRIB
  5
6AC
330
17
100
AcDbEntity
  8
0
 60
1
100
AcDbText
 10
48.22
 20
12.125
 30
0.0
 40
0.054
  1
S-0227
 11
48.22
 21
12.125
 31
0.0
100
AcDbAttribute
  2
ID
 70
0
  0
ATTRIB
  5
6AD
330
17
100
AcDbEntity
  8
0
 60
1
100
AcDbText
 10
48.22
 20
12.125
 30
0.0
 40
0.054
  1
Роза морщинистая
 11
48.22
 21
12.125
 31
0.0
100
AcDbAttribute
  2
PORODA
 70
0
  0
ATTRIB
  5
6AE
330
17
100
AcDbEntity
  8
0
 60
1
100
AcDbText
 10
48.22
 20
12.125
 30
0.0
 40
0.054
  1
Край проезжей части, кромка укреплённой полосы обочины: норма 1.0 м, факт 2.0 м (СП 42.13330.2016, таблица 9.1; 743-ПП п. 3.6.3; 623-ПП п. 4.2.4)
 11
48.22
 21
12.125
 31
0.0
100
AcDbAttribute
  2
NORMA
 70
0
  0
SEQEND
  5
6AB
330
6AA
100
AcDbEntity
  8
GREEN_AI_SHRUBS
  0
INSERT
  5
6AF
330
17
100
AcDbEntity
  8
GREEN_AI_SHRUBS
100
AcDbBlockReference
 66
1
  2
GREEN_AI_SHRUB
 10
49.125
 20
12.125
 30
0.0
 41
0.3
 42
0.3
 43
0.3
  0
ATTRIB
  5
6B1
330
17
100
AcDbEntity
  8
0
 60
1
100
AcDbText
 10
49.47
 20
12.125
 30
0.0
 40
0.054
  1
S-0228
 11
49.47
 21
12.125
 31
0.0
100
AcDbAttribute
  2
ID
 70
0
  0
ATTRIB
  5
6B2
330
17
100
AcDbEntity
  8
0
 60
1
100
AcDbText
 10
49.47
 20
12.125
 30
0.0
 40
0.054
  1
Роза морщинистая
 11
49.47
 21
12.125
 31
0.0
100
AcDbAttribute
  2
PORODA
 70
0
  0
ATTRIB
  5
6B3
330
17
100
AcDbEntity
  8
0
 60
1
100
AcDbText
 10
49.47
 20
12.125
 30
0.0
 40
0.054
  1
Край проезжей части, кромка укреплённой полосы обочины: норма 1.0 м, факт 2.0 м (СП 42.13330.2016, таблица 9.1; 743-ПП п. 3.6.3; 623-ПП п. 4.2.4)
 11
49.47
 21
12.125
 31
0.0
100
AcDbAttribute
  2
NORMA
 70
0
  0
SEQEND
  5
6B0
330
6AF
100
AcDbEntity
  8
GREEN_AI_SHRUBS
  0
INSERT
  5
6B4
330
17
100
AcDbEntity
  8
GREEN_AI_SHRUBS
100
AcDbBlockReference
 66
1
  2
GREEN_AI_SHRUB
 10
50.375
 20
12.125
 30
0.0
 41
0.3
 42
0.3
 43
0.3
  0
ATTRIB
  5
6B6
330
17
100
AcDbEntity
  8
0
 60
1
100
AcDbText
 10
50.72
 20
12.125
 30
0.0
 40
0.054
  1
S-0229
 11
50.72
 21
12.125
 31
0.0
100
AcDbAttribute
  2
ID
 70
0
  0
ATTRIB
  5
6B7
330
17
100
AcDbEntity
  8
0
 60
1
100
AcDbText
 10
50.72
 20
12.125
 30
0.0
 40
0.054
  1
Роза морщинистая
 11
50.72
 21
12.125
 31
0.0
100
AcDbAttribute
  2
PORODA
 70
0
  0
ATTRIB
  5
6B8
330
17
100
AcDbEntity
  8
0
 60
1
100
AcDbText
 10
50.72
 20
12.125
 30
0.0
 40
0.054
  1
Край проезжей части, кромка укреплённой полосы обочины: норма 1.0 м, факт 2.0 м (СП 42.13330.2016, таблица 9.1; 743-ПП п. 3.6.3; 623-ПП п. 4.2.4)
 11
50.72
 21
12.125
 31
0.0
100
AcDbAttribute
  2
NORMA
 70
0
  0
SEQEND
  5
6B5
330
6B4
100
AcDbEntity
  8
GREEN_AI_SHRUBS
  0
INSERT
  5
6B9
330
17
100
AcDbEntity
  8
GREEN_AI_SHRUBS
100
AcDbBlockReference
 66
1
  2
GREEN_AI_SHRUB
 10
51.625
 20
12.125
 30
0.0
 41
0.3
 42
0.3
 43
0.3
  0
ATTRIB
  5
6BB
330
17
100
AcDbEntity
  8
0
 60
1
100
AcDbText
 10
51.97
 20
12.125
 30
0.0
 40
0.054
  1
S-0230
 11
51.97
 21
12.125
 31
0.0
100
AcDbAttribute
  2
ID
 70
0
  0
ATTRIB
  5
6BC
330
17
100
AcDbEntity
  8
0
 60
1
100
AcDbText
 10
51.97
 20
12.125
 30
0.0
 40
0.054
  1
Роза морщинистая
 11
51.97
 21
12.125
 31
0.0
100
AcDbAttribute
  2
PORODA
 70
0
  0
ATTRIB
  5
6BD
330
17
100
AcDbEntity
  8
0
 60
1
100
AcDbText
 10
51.97
 20
12.125
 30
0.0
 40
0.054
  1
Край проезжей части, кромка укреплённой полосы обочины: норма 1.0 м, факт 2.0 м (СП 42.13330.2016, таблица 9.1; 743-ПП п. 3.6.3; 623-ПП п. 4.2.4)
 11
51.97
 21
12.125
 31
0.0
100
AcDbAttribute
  2
NORMA
 70
0
  0
SEQEND
  5
6BA
330
6B9
100
AcDbEntity
  8
GREEN_AI_SHRUBS
  0
INSERT
  5
6BE
330
17
100
AcDbEntity
  8
GREEN_AI_SHRUBS
100
AcDbBlockReference
 66
1
  2
GREEN_AI_SHRUB
 10
52.875
 20
12.125
 30
0.0
 41
0.3
 42
0.3
 43
0.3
  0
ATTRIB
  5
6C0
330
17
100
AcDbEntity
  8
0
 60
1
100
AcDbText
 10
53.22
 20
12.125
 30
0.0
 40
0.054
  1
S-0231
 11
53.22
 21
12.125
 31
0.0
100
AcDbAttribute
  2
ID
 70
0
  0
ATTRIB
  5
6C1
330
17
100
AcDbEntity
  8
0
 60
1
100
AcDbText
 10
53.22
 20
12.125
 30
0.0
 40
0.054
  1
Роза морщинистая
 11
53.22
 21
12.125
 31
0.0
100
AcDbAttribute
  2
PORODA
 70
0
  0
ATTRIB
  5
6C2
330
17
100
AcDbEntity
  8
0
 60
1
100
AcDbText
 10
53.22
 20
12.125
 30
0.0
 40
0.054
  1
Край проезжей части, кромка укреплённой полосы обочины: норма 1.0 м, факт 2.0 м (СП 42.13330.2016, таблица 9.1; 743-ПП п. 3.6.3; 623-ПП п. 4.2.4)
 11
53.22
 21
12.125
 31
0.0
100
AcDbAttribute
  2
NORMA
 70
0
  0
SEQEND
  5
6BF
330
6BE
100
AcDbEntity
  8
GREEN_AI_SHRUBS
  0
INSERT
  5
6C3
330
17
100
AcDbEntity
  8
GREEN_AI_SHRUBS
100
AcDbBlockReference
 66
1
  2
GREEN_AI_SHRUB
 10
54.125
 20
12.125
 30
0.0
 41
0.3
 42
0.3
 43
0.3
  0
ATTRIB
  5
6C5
330
17
100
AcDbEntity
  8
0
 60
1
100
AcDbText
 10
54.47
 20
12.125
 30
0.0
 40
0.054
  1
S-0232
 11
54.47
 21
12.125
 31
0.0
100
AcDbAttribute
  2
ID
 70
0
  0
ATTRIB
  5
6C6
330
17
100
AcDbEntity
  8
0
 60
1
100
AcDbText
 10
54.47
 20
12.125
 30
0.0
 40
0.054
  1
Роза морщинистая
 11
54.47
 21
12.125
 31
0.0
100
AcDbAttribute
  2
PORODA
 70
0
  0
ATTRIB
  5
6C7
330
17
100
AcDbEntity
  8
0
 60
1
100
AcDbText
 10
54.47
 20
12.125
 30
0.0
 40
0.054
  1
Край проезжей части, кромка укреплённой полосы обочины: норма 1.0 м, факт 2.0 м (СП 42.13330.2016, таблица 9.1; 743-ПП п. 3.6.3; 623-ПП п. 4.2.4)
 11
54.47
 21
12.125
 31
0.0
100
AcDbAttribute
  2
NORMA
 70
0
  0
SEQEND
  5
6C4
330
6C3
100
AcDbEntity
  8
GREEN_AI_SHRUBS
  0
INSERT
  5
6C8
330
17
100
AcDbEntity
  8
GREEN_AI_SHRUBS
100
AcDbBlockReference
 66
1
  2
GREEN_AI_SHRUB
 10
55.375
 20
12.125
 30
0.0
 41
0.3
 42
0.3
 43
0.3
  0
ATTRIB
  5
6CA
330
17
100
AcDbEntity
  8
0
 60
1
100
AcDbText
 10
55.72
 20
12.125
 30
0.0
 40
0.054
  1
S-0233
 11
55.72
 21
12.125
 31
0.0
100
AcDbAttribute
  2
ID
 70
0
  0
ATTRIB
  5
6CB
330
17
100
AcDbEntity
  8
0
 60
1
100
AcDbText
 10
55.72
 20
12.125
 30
0.0
 40
0.054
  1
Роза морщинистая
 11
55.72
 21
12.125
 31
0.0
100
AcDbAttribute
  2
PORODA
 70
0
  0
ATTRIB
  5
6CC
330
17
100
AcDbEntity
  8
0
 60
1
100
AcDbText
 10
55.72
 20
12.125
 30
0.0
 40
0.054
  1
Край проезжей части, кромка укреплённой полосы обочины: норма 1.0 м, факт 2.0 м (СП 42.13330.2016, таблица 9.1; 743-ПП п. 3.6.3; 623-ПП п. 4.2.4)
 11
55.72
 21
12.125
 31
0.0
100
AcDbAttribute
  2
NORMA
 70
0
  0
SEQEND
  5
6C9
330
6C8
100
AcDbEntity
  8
GREEN_AI_SHRUBS
  0
INSERT
  5
6CD
330
17
100
AcDbEntity
  8
GREEN_AI_SHRUBS
100
AcDbBlockReference
 66
1
  2
GREEN_AI_SHRUB
 10
56.625
 20
12.125
 30
0.0
 41
0.3
 42
0.3
 43
0.3
  0
ATTRIB
  5
6CF
330
17
100
AcDbEntity
  8
0
 60
1
100
AcDbText
 10
56.97
 20
12.125
 30
0.0
 40
0.054
  1
S-0234
 11
56.97
 21
12.125
 31
0.0
100
AcDbAttribute
  2
ID
 70
0
  0
ATTRIB
  5
6D0
330
17
100
AcDbEntity
  8
0
 60
1
100
AcDbText
 10
56.97
 20
12.125
 30
0.0
 40
0.054
  1
Роза морщинистая
 11
56.97
 21
12.125
 31
0.0
100
AcDbAttribute
  2
PORODA
 70
0
  0
ATTRIB
  5
6D1
330
17
100
AcDbEntity
  8
0
 60
1
100
AcDbText
 10
56.97
 20
12.125
 30
0.0
 40
0.054
  1
Край проезжей части, кромка укреплённой полосы обочины: норма 1.0 м, факт 2.0 м (СП 42.13330.2016, таблица 9.1; 743-ПП п. 3.6.3; 623-ПП п. 4.2.4)
 11
56.97
 21
12.125
 31
0.0
100
AcDbAttribute
  2
NORMA
 70
0
  0
SEQEND
  5
6CE
330
6CD
100
AcDbEntity
  8
GREEN_AI_SHRUBS
  0
INSERT
  5
6D2
330
17
100
AcDbEntity
  8
GREEN_AI_SHRUBS
100
AcDbBlockReference
 66
1
  2
GREEN_AI_SHRUB
 10
57.875
 20
12.125
 30
0.0
 41
0.3
 42
0.3
 43
0.3
  0
ATTRIB
  5
6D4
330
17
100
AcDbEntity
  8
0
 60
1
100
AcDbText
 10
58.22
 20
12.125
 30
0.0
 40
0.054
  1
S-0235
 11
58.22
 21
12.125
 31
0.0
100
AcDbAttribute
  2
ID
 70
0
  0
ATTRIB
  5
6D5
330
17
100
AcDbEntity
  8
0
 60
1
100
AcDbText
 10
58.22
 20
12.125
 30
0.0
 40
0.054
  1
Роза морщинистая
 11
58.22
 21
12.125
 31
0.0
100
AcDbAttribute
  2
PORODA
 70
0
  0
ATTRIB
  5
6D6
330
17
100
AcDbEntity
  8
0
 60
1
100
AcDbText
 10
58.22
 20
12.125
 30
0.0
 40
0.054
  1
Край проезжей части, кромка укреплённой полосы обочины: норма 1.0 м, факт 2.0 м (СП 42.13330.2016, таблица 9.1; 743-ПП п. 3.6.3; 623-ПП п. 4.2.4)
 11
58.22
 21
12.125
 31
0.0
100
AcDbAttribute
  2
NORMA
 70
0
  0
SEQEND
  5
6D3
330
6D2
100
AcDbEntity
  8
GREEN_AI_SHRUBS
  0
INSERT
  5
6D7
330
17
100
AcDbEntity
  8
GREEN_AI_SHRUBS
100
AcDbBlockReference
 66
1
  2
GREEN_AI_SHRUB
 10
59.125
 20
12.125
 30
0.0
 41
0.3
 42
0.3
 43
0.3
  0
ATTRIB
  5
6D9
330
17
100
AcDbEntity
  8
0
 60
1
100
AcDbText
 10
59.47
 20
12.125
 30
0.0
 40
0.054
  1
S-0236
 11
59.47
 21
12.125
 31
0.0
100
AcDbAttribute
  2
ID
 70
0
  0
ATTRIB
  5
6DA
330
17
100
AcDbEntity
  8
0
 60
1
100
AcDbText
 10
59.47
 20
12.125
 30
0.0
 40
0.054
  1
Роза морщинистая
 11
59.47
 21
12.125
 31
0.0
100
AcDbAttribute
  2
PORODA
 70
0
  0
ATTRIB
  5
6DB
330
17
100
AcDbEntity
  8
0
 60
1
100
AcDbText
 10
59.47
 20
12.125
 30
0.0
 40
0.054
  1
Край проезжей части, кромка укреплённой полосы обочины: норма 1.0 м, факт 2.0 м (СП 42.13330.2016, таблица 9.1; 743-ПП п. 3.6.3; 623-ПП п. 4.2.4)
 11
59.47
 21
12.125
 31
0.0
100
AcDbAttribute
  2
NORMA
 70
0
  0
SEQEND
  5
6D8
330
6D7
100
AcDbEntity
  8
GREEN_AI_SHRUBS
  0
INSERT
  5
6DC
330
17
100
AcDbEntity
  8
GREEN_AI_SHRUBS
100
AcDbBlockReference
 66
1
  2
GREEN_AI_SHRUB
 10
60.375
 20
12.125
 30
0.0
 41
0.3
 42
0.3
 43
0.3
  0
ATTRIB
  5
6DE
330
17
100
AcDbEntity
  8
0
 60
1
100
AcDbText
 10
60.72
 20
12.125
 30
0.0
 40
0.054
  1
S-0237
 11
60.72
 21
12.125
 31
0.0
100
AcDbAttribute
  2
ID
 70
0
  0
ATTRIB
  5
6DF
330
17
100
AcDbEntity
  8
0
 60
1
100
AcDbText
 10
60.72
 20
12.125
 30
0.0
 40
0.054
  1
Роза морщинистая
 11
60.72
 21
12.125
 31
0.0
100
AcDbAttribute
  2
PORODA
 70
0
  0
ATTRIB
  5
6E0
330
17
100
AcDbEntity
  8
0
 60
1
100
AcDbText
 10
60.72
 20
12.125
 30
0.0
 40
0.054
  1
Край проезжей части, кромка укреплённой полосы обочины: норма 1.0 м, факт 2.0 м (СП 42.13330.2016, таблица 9.1; 743-ПП п. 3.6.3; 623-ПП п. 4.2.4)
 11
60.72
 21
12.125
 31
0.0
100
AcDbAttribute
  2
NORMA
 70
0
  0
SEQEND
  5
6DD
330
6DC
100
AcDbEntity
  8
GREEN_AI_SHRUBS
  0
INSERT
  5
6E1
330
17
100
AcDbEntity
  8
GREEN_AI_SHRUBS
100
AcDbBlockReference
 66
1
  2
GREEN_AI_SHRUB
 10
61.625
 20
12.125
 30
0.0
 41
0.3
 42
0.3
 43
0.3
  0
ATTRIB
  5
6E3
330
17
100
AcDbEntity
  8
0
 60
1
100
AcDbText
 10
61.97
 20
12.125
 30
0.0
 40
0.054
  1
S-0238
 11
61.97
 21
12.125
 31
0.0
100
AcDbAttribute
  2
ID
 70
0
  0
ATTRIB
  5
6E4
330
17
100
AcDbEntity
  8
0
 60
1
100
AcDbText
 10
61.97
 20
12.125
 30
0.0
 40
0.054
  1
Роза морщинистая
 11
61.97
 21
12.125
 31
0.0
100
AcDbAttribute
  2
PORODA
 70
0
  0
ATTRIB
  5
6E5
330
17
100
AcDbEntity
  8
0
 60
1
100
AcDbText
 10
61.97
 20
12.125
 30
0.0
 40
0.054
  1
Край проезжей части, кромка укреплённой полосы обочины: норма 1.0 м, факт 2.0 м (СП 42.13330.2016, таблица 9.1; 743-ПП п. 3.6.3; 623-ПП п. 4.2.4)
 11
61.97
 21
12.125
 31
0.0
100
AcDbAttribute
  2
NORMA
 70
0
  0
SEQEND
  5
6E2
330
6E1
100
AcDbEntity
  8
GREEN_AI_SHRUBS
  0
INSERT
  5
6E6
330
17
100
AcDbEntity
  8
GREEN_AI_SHRUBS
100
AcDbBlockReference
 66
1
  2
GREEN_AI_SHRUB
 10
62.875
 20
12.125
 30
0.0
 41
0.3
 42
0.3
 43
0.3
  0
ATTRIB
  5
6E8
330
17
100
AcDbEntity
  8
0
 60
1
100
AcDbText
 10
63.22
 20
12.125
 30
0.0
 40
0.054
  1
S-0239
 11
63.22
 21
12.125
 31
0.0
100
AcDbAttribute
  2
ID
 70
0
  0
ATTRIB
  5
6E9
330
17
100
AcDbEntity
  8
0
 60
1
100
AcDbText
 10
63.22
 20
12.125
 30
0.0
 40
0.054
  1
Роза морщинистая
 11
63.22
 21
12.125
 31
0.0
100
AcDbAttribute
  2
PORODA
 70
0
  0
ATTRIB
  5
6EA
330
17
100
AcDbEntity
  8
0
 60
1
100
AcDbText
 10
63.22
 20
12.125
 30
0.0
 40
0.054
  1
Край проезжей части, кромка укреплённой полосы обочины: норма 1.0 м, факт 2.0 м (СП 42.13330.2016, таблица 9.1; 743-ПП п. 3.6.3; 623-ПП п. 4.2.4)
 11
63.22
 21
12.125
 31
0.0
100
AcDbAttribute
  2
NORMA
 70
0
  0
SEQEND
  5
6E7
330
6E6
100
AcDbEntity
  8
GREEN_AI_SHRUBS
  0
INSERT
  5
6EB
330
17
100
AcDbEntity
  8
GREEN_AI_SHRUBS
100
AcDbBlockReference
 66
1
  2
GREEN_AI_SHRUB
 10
64.125
 20
12.125
 30
0.0
 41
0.3
 42
0.3
 43
0.3
  0
ATTRIB
  5
6ED
330
17
100
AcDbEntity
  8
0
 60
1
100
AcDbText
 10
64.47
 20
12.125
 30
0.0
 40
0.054
  1
S-0240
 11
64.47
 21
12.125
 31
0.0
100
AcDbAttribute
  2
ID
 70
0
  0
ATTRIB
  5
6EE
330
17
100
AcDbEntity
  8
0
 60
1
100
AcDbText
 10
64.47
 20
12.125
 30
0.0
 40
0.054
  1
Роза морщинистая
 11
64.47
 21
12.125
 31
0.0
100
AcDbAttribute
  2
PORODA
 70
0
  0
ATTRIB
  5
6EF
330
17
100
AcDbEntity
  8
0
 60
1
100
AcDbText
 10
64.47
 20
12.125
 30
0.0
 40
0.054
  1
Край проезжей части, кромка укреплённой полосы обочины: норма 1.0 м, факт 2.0 м (СП 42.13330.2016, таблица 9.1; 743-ПП п. 3.6.3; 623-ПП п. 4.2.4)
 11
64.47
 21
12.125
 31
0.0
100
AcDbAttribute
  2
NORMA
 70
0
  0
SEQEND
  5
6EC
330
6EB
100
AcDbEntity
  8
GREEN_AI_SHRUBS
  0
INSERT
  5
6F0
330
17
100
AcDbEntity
  8
GREEN_AI_SHRUBS
100
AcDbBlockReference
 66
1
  2
GREEN_AI_SHRUB
 10
65.375
 20
12.125
 30
0.0
 41
0.3
 42
0.3
 43
0.3
  0
ATTRIB
  5
6F2
330
17
100
AcDbEntity
  8
0
 60
1
100
AcDbText
 10
65.72
 20
12.125
 30
0.0
 40
0.054
  1
S-0241
 11
65.72
 21
12.125
 31
0.0
100
AcDbAttribute
  2
ID
 70
0
  0
ATTRIB
  5
6F3
330
17
100
AcDbEntity
  8
0
 60
1
100
AcDbText
 10
65.72
 20
12.125
 30
0.0
 40
0.054
  1
Снежноягодник Доренбоза
 11
65.72
 21
12.125
 31
0.0
100
AcDbAttribute
  2
PORODA
 70
0
  0
ATTRIB
  5
6F4
330
17
100
AcDbEntity
  8
0
 60
1
100
AcDbText
 10
65.72
 20
12.125
 30
0.0
 40
0.054
  1
Край проезжей части, кромка укреплённой полосы обочины: норма 1.0 м, факт 2.0 м (СП 42.13330.2016, таблица 9.1; 743-ПП п. 3.6.3; 623-ПП п. 4.2.4)
 11
65.72
 21
12.125
 31
0.0
100
AcDbAttribute
  2
NORMA
 70
0
  0
SEQEND
  5
6F1
330
6F0
100
AcDbEntity
  8
GREEN_AI_SHRUBS
  0
INSERT
  5
6F5
330
17
100
AcDbEntity
  8
GREEN_AI_SHRUBS
100
AcDbBlockReference
 66
1
  2
GREEN_AI_SHRUB
 10
66.625
 20
12.125
 30
0.0
 41
0.3
 42
0.3
 43
0.3
  0
ATTRIB
  5
6F7
330
17
100
AcDbEntity
  8
0
 60
1
100
AcDbText
 10
66.97
 20
12.125
 30
0.0
 40
0.054
  1
S-0242
 11
66.97
 21
12.125
 31
0.0
100
AcDbAttribute
  2
ID
 70
0
  0
ATTRIB
  5
6F8
330
17
100
AcDbEntity
  8
0
 60
1
100
AcDbText
 10
66.97
 20
12.125
 30
0.0
 40
0.054
  1
Снежноягодник Доренбоза
 11
66.97
 21
12.125
 31
0.0
100
AcDbAttribute
  2
PORODA
 70
0
  0
ATTRIB
  5
6F9
330
17
100
AcDbEntity
  8
0
 60
1
100
AcDbText
 10
66.97
 20
12.125
 30
0.0
 40
0.054
  1
Край проезжей части, кромка укреплённой полосы обочины: норма 1.0 м, факт 2.0 м (СП 42.13330.2016, таблица 9.1; 743-ПП п. 3.6.3; 623-ПП п. 4.2.4)
 11
66.97
 21
12.125
 31
0.0
100
AcDbAttribute
  2
NORMA
 70
0
  0
SEQEND
  5
6F6
330
6F5
100
AcDbEntity
  8
GREEN_AI_SHRUBS
  0
INSERT
  5
6FA
330
17
100
AcDbEntity
  8
GREEN_AI_SHRUBS
100
AcDbBlockReference
 66
1
  2
GREEN_AI_SHRUB
 10
67.875
 20
12.125
 30
0.0
 41
0.3
 42
0.3
 43
0.3
  0
ATTRIB
  5
6FC
330
17
100
AcDbEntity
  8
0
 60
1
100
AcDbText
 10
68.22
 20
12.125
 30
0.0
 40
0.054
  1
S-0243
 11
68.22
 21
12.125
 31
0.0
100
AcDbAttribute
  2
ID
 70
0
  0
ATTRIB
  5
6FD
330
17
100
AcDbEntity
  8
0
 60
1
100
AcDbText
 10
68.22
 20
12.125
 30
0.0
 40
0.054
  1
Снежноягодник Доренбоза
 11
68.22
 21
12.125
 31
0.0
100
AcDbAttribute
  2
PORODA
 70
0
  0
ATTRIB
  5
6FE
330
17
100
AcDbEntity
  8
0
 60
1
100
AcDbText
 10
68.22
 20
12.125
 30
0.0
 40
0.054
  1
Край проезжей части, кромка укреплённой полосы обочины: норма 1.0 м, факт 2.0 м (СП 42.13330.2016, таблица 9.1; 743-ПП п. 3.6.3; 623-ПП п. 4.2.4)
 11
68.22
 21
12.125
 31
0.0
100
AcDbAttribute
  2
NORMA
 70
0
  0
SEQEND
  5
6FB
330
6FA
100
AcDbEntity
  8
GREEN_AI_SHRUBS
  0
INSERT
  5
6FF
330
17
100
AcDbEntity
  8
GREEN_AI_SHRUBS
100
AcDbBlockReference
 66
1
  2
GREEN_AI_SHRUB
 10
69.125
 20
12.125
 30
0.0
 41
0.3
 42
0.3
 43
0.3
  0
ATTRIB
  5
701
330
17
100
AcDbEntity
  8
0
 60
1
100
AcDbText
 10
69.47
 20
12.125
 30
0.0
 40
0.054
  1
S-0244
 11
69.47
 21
12.125
 31
0.0
100
AcDbAttribute
  2
ID
 70
0
  0
ATTRIB
  5
702
330
17
100
AcDbEntity
  8
0
 60
1
100
AcDbText
 10
69.47
 20
12.125
 30
0.0
 40
0.054
  1
Снежноягодник Доренбоза
 11
69.47
 21
12.125
 31
0.0
100
AcDbAttribute
  2
PORODA
 70
0
  0
ATTRIB
  5
703
330
17
100
AcDbEntity
  8
0
 60
1
100
AcDbText
 10
69.47
 20
12.125
 30
0.0
 40
0.054
  1
Край проезжей части, кромка укреплённой полосы обочины: норма 1.0 м, факт 2.0 м (СП 42.13330.2016, таблица 9.1; 743-ПП п. 3.6.3; 623-ПП п. 4.2.4)
 11
69.47
 21
12.125
 31
0.0
100
AcDbAttribute
  2
NORMA
 70
0
  0
SEQEND
  5
700
330
6FF
100
AcDbEntity
  8
GREEN_AI_SHRUBS
  0
INSERT
  5
704
330
17
100
AcDbEntity
  8
GREEN_AI_SHRUBS
100
AcDbBlockReference
 66
1
  2
GREEN_AI_SHRUB
 10
70.375
 20
12.125
 30
0.0
 41
0.3
 42
0.3
 43
0.3
  0
ATTRIB
  5
706
330
17
100
AcDbEntity
  8
0
 60
1
100
AcDbText
 10
70.72
 20
12.125
 30
0.0
 40
0.054
  1
S-0245
 11
70.72
 21
12.125
 31
0.0
100
AcDbAttribute
  2
ID
 70
0
  0
ATTRIB
  5
707
330
17
100
AcDbEntity
  8
0
 60
1
100
AcDbText
 10
70.72
 20
12.125
 30
0.0
 40
0.054
  1
Снежноягодник Доренбоза
 11
70.72
 21
12.125
 31
0.0
100
AcDbAttribute
  2
PORODA
 70
0
  0
ATTRIB
  5
708
330
17
100
AcDbEntity
  8
0
 60
1
100
AcDbText
 10
70.72
 20
12.125
 30
0.0
 40
0.054
  1
Край проезжей части, кромка укреплённой полосы обочины: норма 1.0 м, факт 2.0 м (СП 42.13330.2016, таблица 9.1; 743-ПП п. 3.6.3; 623-ПП п. 4.2.4)
 11
70.72
 21
12.125
 31
0.0
100
AcDbAttribute
  2
NORMA
 70
0
  0
SEQEND
  5
705
330
704
100
AcDbEntity
  8
GREEN_AI_SHRUBS
  0
INSERT
  5
709
330
17
100
AcDbEntity
  8
GREEN_AI_SHRUBS
100
AcDbBlockReference
 66
1
  2
GREEN_AI_SHRUB
 10
71.625
 20
12.125
 30
0.0
 41
0.3
 42
0.3
 43
0.3
  0
ATTRIB
  5
70B
330
17
100
AcDbEntity
  8
0
 60
1
100
AcDbText
 10
71.97
 20
12.125
 30
0.0
 40
0.054
  1
S-0246
 11
71.97
 21
12.125
 31
0.0
100
AcDbAttribute
  2
ID
 70
0
  0
ATTRIB
  5
70C
330
17
100
AcDbEntity
  8
0
 60
1
100
AcDbText
 10
71.97
 20
12.125
 30
0.0
 40
0.054
  1
Снежноягодник Доренбоза
 11
71.97
 21
12.125
 31
0.0
100
AcDbAttribute
  2
PORODA
 70
0
  0
ATTRIB
  5
70D
330
17
100
AcDbEntity
  8
0
 60
1
100
AcDbText
 10
71.97
 20
12.125
 30
0.0
 40
0.054
  1
Край проезжей части, кромка укреплённой полосы обочины: норма 1.0 м, факт 2.0 м (СП 42.13330.2016, таблица 9.1; 743-ПП п. 3.6.3; 623-ПП п. 4.2.4)
 11
71.97
 21
12.125
 31
0.0
100
AcDbAttribute
  2
NORMA
 70
0
  0
SEQEND
  5
70A
330
709
100
AcDbEntity
  8
GREEN_AI_SHRUBS
  0
INSERT
  5
70E
330
17
100
AcDbEntity
  8
GREEN_AI_SHRUBS
100
AcDbBlockReference
 66
1
  2
GREEN_AI_SHRUB
 10
72.875
 20
12.125
 30
0.0
 41
0.3
 42
0.3
 43
0.3
  0
ATTRIB
  5
710
330
17
100
AcDbEntity
  8
0
 60
1
100
AcDbText
 10
73.22
 20
12.125
 30
0.0
 40
0.054
  1
S-0247
 11
73.22
 21
12.125
 31
0.0
100
AcDbAttribute
  2
ID
 70
0
  0
ATTRIB
  5
711
330
17
100
AcDbEntity
  8
0
 60
1
100
AcDbText
 10
73.22
 20
12.125
 30
0.0
 40
0.054
  1
Снежноягодник Доренбоза
 11
73.22
 21
12.125
 31
0.0
100
AcDbAttribute
  2
PORODA
 70
0
  0
ATTRIB
  5
712
330
17
100
AcDbEntity
  8
0
 60
1
100
AcDbText
 10
73.22
 20
12.125
 30
0.0
 40
0.054
  1
Край проезжей части, кромка укреплённой полосы обочины: норма 1.0 м, факт 2.0 м (СП 42.13330.2016, таблица 9.1; 743-ПП п. 3.6.3; 623-ПП п. 4.2.4)
 11
73.22
 21
12.125
 31
0.0
100
AcDbAttribute
  2
NORMA
 70
0
  0
SEQEND
  5
70F
330
70E
100
AcDbEntity
  8
GREEN_AI_SHRUBS
  0
INSERT
  5
713
330
17
100
AcDbEntity
  8
GREEN_AI_SHRUBS
100
AcDbBlockReference
 66
1
  2
GREEN_AI_SHRUB
 10
74.125
 20
12.125
 30
0.0
 41
0.3
 42
0.3
 43
0.3
  0
ATTRIB
  5
715
330
17
100
AcDbEntity
  8
0
 60
1
100
AcDbText
 10
74.47
 20
12.125
 30
0.0
 40
0.054
  1
S-0248
 11
74.47
 21
12.125
 31
0.0
100
AcDbAttribute
  2
ID
 70
0
  0
ATTRIB
  5
716
330
17
100
AcDbEntity
  8
0
 60
1
100
AcDbText
 10
74.47
 20
12.125
 30
0.0
 40
0.054
  1
Снежноягодник Доренбоза
 11
74.47
 21
12.125
 31
0.0
100
AcDbAttribute
  2
PORODA
 70
0
  0
ATTRIB
  5
717
330
17
100
AcDbEntity
  8
0
 60
1
100
AcDbText
 10
74.47
 20
12.125
 30
0.0
 40
0.054
  1
Край проезжей части, кромка укреплённой полосы обочины: норма 1.0 м, факт 2.0 м (СП 42.13330.2016, таблица 9.1; 743-ПП п. 3.6.3; 623-ПП п. 4.2.4)
 11
74.47
 21
12.125
 31
0.0
100
AcDbAttribute
  2
NORMA
 70
0
  0
SEQEND
  5
714
330
713
100
AcDbEntity
  8
GREEN_AI_SHRUBS
  0
INSERT
  5
718
330
17
100
AcDbEntity
  8
GREEN_AI_SHRUBS
100
AcDbBlockReference
 66
1
  2
GREEN_AI_SHRUB
 10
75.375
 20
12.125
 30
0.0
 41
0.3
 42
0.3
 43
0.3
  0
ATTRIB
  5
71A
330
17
100
AcDbEntity
  8
0
 60
1
100
AcDbText
 10
75.72
 20
12.125
 30
0.0
 40
0.054
  1
S-0249
 11
75.72
 21
12.125
 31
0.0
100
AcDbAttribute
  2
ID
 70
0
  0
ATTRIB
  5
71B
330
17
100
AcDbEntity
  8
0
 60
1
100
AcDbText
 10
75.72
 20
12.125
 30
0.0
 40
0.054
  1
Снежноягодник Доренбоза
 11
75.72
 21
12.125
 31
0.0
100
AcDbAttribute
  2
PORODA
 70
0
  0
ATTRIB
  5
71C
330
17
100
AcDbEntity
  8
0
 60
1
100
AcDbText
 10
75.72
 20
12.125
 30
0.0
 40
0.054
  1
Край проезжей части, кромка укреплённой полосы обочины: норма 1.0 м, факт 2.0 м (СП 42.13330.2016, таблица 9.1; 743-ПП п. 3.6.3; 623-ПП п. 4.2.4)
 11
75.72
 21
12.125
 31
0.0
100
AcDbAttribute
  2
NORMA
 70
0
  0
SEQEND
  5
719
330
718
100
AcDbEntity
  8
GREEN_AI_SHRUBS
  0
INSERT
  5
71D
330
17
100
AcDbEntity
  8
GREEN_AI_SHRUBS
100
AcDbBlockReference
 66
1
  2
GREEN_AI_SHRUB
 10
76.625
 20
12.125
 30
0.0
 41
0.3
 42
0.3
 43
0.3
  0
ATTRIB
  5
71F
330
17
100
AcDbEntity
  8
0
 60
1
100
AcDbText
 10
76.97
 20
12.125
 30
0.0
 40
0.054
  1
S-0250
 11
76.97
 21
12.125
 31
0.0
100
AcDbAttribute
  2
ID
 70
0
  0
ATTRIB
  5
720
330
17
100
AcDbEntity
  8
0
 60
1
100
AcDbText
 10
76.97
 20
12.125
 30
0.0
 40
0.054
  1
Снежноягодник Доренбоза
 11
76.97
 21
12.125
 31
0.0
100
AcDbAttribute
  2
PORODA
 70
0
  0
ATTRIB
  5
721
330
17
100
AcDbEntity
  8
0
 60
1
100
AcDbText
 10
76.97
 20
12.125
 30
0.0
 40
0.054
  1
Край проезжей части, кромка укреплённой полосы обочины: норма 1.0 м, факт 2.0 м (СП 42.13330.2016, таблица 9.1; 743-ПП п. 3.6.3; 623-ПП п. 4.2.4)
 11
76.97
 21
12.125
 31
0.0
100
AcDbAttribute
  2
NORMA
 70
0
  0
SEQEND
  5
71E
330
71D
100
AcDbEntity
  8
GREEN_AI_SHRUBS
  0
INSERT
  5
722
330
17
100
AcDbEntity
  8
GREEN_AI_SHRUBS
100
AcDbBlockReference
 66
1
  2
GREEN_AI_SHRUB
 10
77.875
 20
12.125
 30
0.0
 41
0.3
 42
0.3
 43
0.3
  0
ATTRIB
  5
724
330
17
100
AcDbEntity
  8
0
 60
1
100
AcDbText
 10
78.22
 20
12.125
 30
0.0
 40
0.054
  1
S-0251
 11
78.22
 21
12.125
 31
0.0
100
AcDbAttribute
  2
ID
 70
0
  0
ATTRIB
  5
725
330
17
100
AcDbEntity
  8
0
 60
1
100
AcDbText
 10
78.22
 20
12.125
 30
0.0
 40
0.054
  1
Снежноягодник Доренбоза
 11
78.22
 21
12.125
 31
0.0
100
AcDbAttribute
  2
PORODA
 70
0
  0
ATTRIB
  5
726
330
17
100
AcDbEntity
  8
0
 60
1
100
AcDbText
 10
78.22
 20
12.125
 30
0.0
 40
0.054
  1
Край проезжей части, кромка укреплённой полосы обочины: норма 1.0 м, факт 2.0 м (СП 42.13330.2016, таблица 9.1; 743-ПП п. 3.6.3; 623-ПП п. 4.2.4)
 11
78.22
 21
12.125
 31
0.0
100
AcDbAttribute
  2
NORMA
 70
0
  0
SEQEND
  5
723
330
722
100
AcDbEntity
  8
GREEN_AI_SHRUBS
  0
INSERT
  5
727
330
17
100
AcDbEntity
  8
GREEN_AI_SHRUBS
100
AcDbBlockReference
 66
1
  2
GREEN_AI_SHRUB
 10
81.875
 20
12.125
 30
0.0
 41
0.3
 42
0.3
 43
0.3
  0
ATTRIB
  5
729
330
17
100
AcDbEntity
  8
0
 60
1
100
AcDbText
 10
82.22
 20
12.125
 30
0.0
 40
0.054
  1
S-0252
 11
82.22
 21
12.125
 31
0.0
100
AcDbAttribute
  2
ID
 70
0
  0
ATTRIB
  5
72A
330
17
100
AcDbEntity
  8
0
 60
1
100
AcDbText
 10
82.22
 20
12.125
 30
0.0
 40
0.054
  1
Снежноягодник Доренбоза
 11
82.22
 21
12.125
 31
0.0
100
AcDbAttribute
  2
PORODA
 70
0
  0
ATTRIB
  5
72B
330
17
100
AcDbEntity
  8
0
 60
1
100
AcDbText
 10
82.22
 20
12.125
 30
0.0
 40
0.054
  1
Канализация: норма 1.0 м, факт 1.75 м (СП 42.13330.2016, таблица 9.1; 743-ПП п. 3.6.3; 623-ПП п. 4.2.4)
 11
82.22
 21
12.125
 31
0.0
100
AcDbAttribute
  2
NORMA
 70
0
  0
SEQEND
  5
728
330
727
100
AcDbEntity
  8
GREEN_AI_SHRUBS
  0
INSERT
  5
72C
330
17
100
AcDbEntity
  8
GREEN_AI_SHRUBS
100
AcDbBlockReference
 66
1
  2
GREEN_AI_SHRUB
 10
83.125
 20
12.125
 30
0.0
 41
0.3
 42
0.3
 43
0.3
  0
ATTRIB
  5
72E
330
17
100
AcDbEntity
  8
0
 60
1
100
AcDbText
 10
83.47
 20
12.125
 30
0.0
 40
0.054
  1
S-0253
 11
83.47
 21
12.125
 31
0.0
100
AcDbAttribute
  2
ID
 70
0
  0
ATTRIB
  5
72F
330
17
100
AcDbEntity
  8
0
 60
1
100
AcDbText
 10
83.47
 20
12.125
 30
0.0
 40
0.054
  1
Снежноягодник Доренбоза
 11
83.47
 21
12.125
 31
0.0
100
AcDbAttribute
  2
PORODA
 70
0
  0
ATTRIB
  5
730
330
17
100
AcDbEntity
  8
0
 60
1
100
AcDbText
 10
83.47
 20
12.125
 30
0.0
 40
0.054
  1
Край проезжей части, кромка укреплённой полосы обочины: норма 1.0 м, факт 2.0 м (СП 42.13330.2016, таблица 9.1; 743-ПП п. 3.6.3; 623-ПП п. 4.2.4)
 11
83.47
 21
12.125
 31
0.0
100
AcDbAttribute
  2
NORMA
 70
0
  0
SEQEND
  5
72D
330
72C
100
AcDbEntity
  8
GREEN_AI_SHRUBS
  0
INSERT
  5
731
330
17
100
AcDbEntity
  8
GREEN_AI_SHRUBS
100
AcDbBlockReference
 66
1
  2
GREEN_AI_SHRUB
 10
84.375
 20
12.125
 30
0.0
 41
0.3
 42
0.3
 43
0.3
  0
ATTRIB
  5
733
330
17
100
AcDbEntity
  8
0
 60
1
100
AcDbText
 10
84.72
 20
12.125
 30
0.0
 40
0.054
  1
S-0254
 11
84.72
 21
12.125
 31
0.0
100
AcDbAttribute
  2
ID
 70
0
  0
ATTRIB
  5
734
330
17
100
AcDbEntity
  8
0
 60
1
100
AcDbText
 10
84.72
 20
12.125
 30
0.0
 40
0.054
  1
Снежноягодник Доренбоза
 11
84.72
 21
12.125
 31
0.0
100
AcDbAttribute
  2
PORODA
 70
0
  0
ATTRIB
  5
735
330
17
100
AcDbEntity
  8
0
 60
1
100
AcDbText
 10
84.72
 20
12.125
 30
0.0
 40
0.054
  1
Край проезжей части, кромка укреплённой полосы обочины: норма 1.0 м, факт 2.0 м (СП 42.13330.2016, таблица 9.1; 743-ПП п. 3.6.3; 623-ПП п. 4.2.4)
 11
84.72
 21
12.125
 31
0.0
100
AcDbAttribute
  2
NORMA
 70
0
  0
SEQEND
  5
732
330
731
100
AcDbEntity
  8
GREEN_AI_SHRUBS
  0
INSERT
  5
736
330
17
100
AcDbEntity
  8
GREEN_AI_SHRUBS
100
AcDbBlockReference
 66
1
  2
GREEN_AI_SHRUB
 10
85.625
 20
12.125
 30
0.0
 41
0.3
 42
0.3
 43
0.3
  0
ATTRIB
  5
738
330
17
100
AcDbEntity
  8
0
 60
1
100
AcDbText
 10
85.97
 20
12.125
 30
0.0
 40
0.054
  1
S-0255
 11
85.97
 21
12.125
 31
0.0
100
AcDbAttribute
  2
ID
 70
0
  0
ATTRIB
  5
739
330
17
100
AcDbEntity
  8
0
 60
1
100
AcDbText
 10
85.97
 20
12.125
 30
0.0
 40
0.054
  1
Снежноягодник Доренбоза
 11
85.97
 21
12.125
 31
0.0
100
AcDbAttribute
  2
PORODA
 70
0
  0
ATTRIB
  5
73A
330
17
100
AcDbEntity
  8
0
 60
1
100
AcDbText
 10
85.97
 20
12.125
 30
0.0
 40
0.054
  1
Край проезжей части, кромка укреплённой полосы обочины: норма 1.0 м, факт 2.0 м (СП 42.13330.2016, таблица 9.1; 743-ПП п. 3.6.3; 623-ПП п. 4.2.4)
 11
85.97
 21
12.125
 31
0.0
100
AcDbAttribute
  2
NORMA
 70
0
  0
SEQEND
  5
737
330
736
100
AcDbEntity
  8
GREEN_AI_SHRUBS
  0
INSERT
  5
73B
330
17
100
AcDbEntity
  8
GREEN_AI_SHRUBS
100
AcDbBlockReference
 66
1
  2
GREEN_AI_SHRUB
 10
86.875
 20
12.125
 30
0.0
 41
0.3
 42
0.3
 43
0.3
  0
ATTRIB
  5
73D
330
17
100
AcDbEntity
  8
0
 60
1
100
AcDbText
 10
87.22
 20
12.125
 30
0.0
 40
0.054
  1
S-0256
 11
87.22
 21
12.125
 31
0.0
100
AcDbAttribute
  2
ID
 70
0
  0
ATTRIB
  5
73E
330
17
100
AcDbEntity
  8
0
 60
1
100
AcDbText
 10
87.22
 20
12.125
 30
0.0
 40
0.054
  1
Снежноягодник Доренбоза
 11
87.22
 21
12.125
 31
0.0
100
AcDbAttribute
  2
PORODA
 70
0
  0
ATTRIB
  5
73F
330
17
100
AcDbEntity
  8
0
 60
1
100
AcDbText
 10
87.22
 20
12.125
 30
0.0
 40
0.054
  1
Край проезжей части, кромка укреплённой полосы обочины: норма 1.0 м, факт 2.0 м (СП 42.13330.2016, таблица 9.1; 743-ПП п. 3.6.3; 623-ПП п. 4.2.4)
 11
87.22
 21
12.125
 31
0.0
100
AcDbAttribute
  2
NORMA
 70
0
  0
SEQEND
  5
73C
330
73B
100
AcDbEntity
  8
GREEN_AI_SHRUBS
  0
INSERT
  5
740
330
17
100
AcDbEntity
  8
GREEN_AI_SHRUBS
100
AcDbBlockReference
 66
1
  2
GREEN_AI_SHRUB
 10
88.125
 20
12.125
 30
0.0
 41
0.3
 42
0.3
 43
0.3
  0
ATTRIB
  5
742
330
17
100
AcDbEntity
  8
0
 60
1
100
AcDbText
 10
88.47
 20
12.125
 30
0.0
 40
0.054
  1
S-0257
 11
88.47
 21
12.125
 31
0.0
100
AcDbAttribute
  2
ID
 70
0
  0
ATTRIB
  5
743
330
17
100
AcDbEntity
  8
0
 60
1
100
AcDbText
 10
88.47
 20
12.125
 30
0.0
 40
0.054
  1
Снежноягодник Доренбоза
 11
88.47
 21
12.125
 31
0.0
100
AcDbAttribute
  2
PORODA
 70
0
  0
ATTRIB
  5
744
330
17
100
AcDbEntity
  8
0
 60
1
100
AcDbText
 10
88.47
 20
12.125
 30
0.0
 40
0.054
  1
Край проезжей части, кромка укреплённой полосы обочины: норма 1.0 м, факт 2.0 м (СП 42.13330.2016, таблица 9.1; 743-ПП п. 3.6.3; 623-ПП п. 4.2.4)
 11
88.47
 21
12.125
 31
0.0
100
AcDbAttribute
  2
NORMA
 70
0
  0
SEQEND
  5
741
330
740
100
AcDbEntity
  8
GREEN_AI_SHRUBS
  0
INSERT
  5
745
330
17
100
AcDbEntity
  8
GREEN_AI_SHRUBS
100
AcDbBlockReference
 66
1
  2
GREEN_AI_SHRUB
 10
89.375
 20
12.125
 30
0.0
 41
0.3
 42
0.3
 43
0.3
  0
ATTRIB
  5
747
330
17
100
AcDbEntity
  8
0
 60
1
100
AcDbText
 10
89.72
 20
12.125
 30
0.0
 40
0.054
  1
S-0258
 11
89.72
 21
12.125
 31
0.0
100
AcDbAttribute
  2
ID
 70
0
  0
ATTRIB
  5
748
330
17
100
AcDbEntity
  8
0
 60
1
100
AcDbText
 10
89.72
 20
12.125
 30
0.0
 40
0.054
  1
Снежноягодник Доренбоза
 11
89.72
 21
12.125
 31
0.0
100
AcDbAttribute
  2
PORODA
 70
0
  0
ATTRIB
  5
749
330
17
100
AcDbEntity
  8
0
 60
1
100
AcDbText
 10
89.72
 20
12.125
 30
0.0
 40
0.054
  1
Край проезжей части, кромка укреплённой полосы обочины: норма 1.0 м, факт 2.0 м (СП 42.13330.2016, таблица 9.1; 743-ПП п. 3.6.3; 623-ПП п. 4.2.4)
 11
89.72
 21
12.125
 31
0.0
100
AcDbAttribute
  2
NORMA
 70
0
  0
SEQEND
  5
746
330
745
100
AcDbEntity
  8
GREEN_AI_SHRUBS
  0
INSERT
  5
74A
330
17
100
AcDbEntity
  8
GREEN_AI_SHRUBS
100
AcDbBlockReference
 66
1
  2
GREEN_AI_SHRUB
 10
90.625
 20
12.125
 30
0.0
 41
0.3
 42
0.3
 43
0.3
  0
ATTRIB
  5
74C
330
17
100
AcDbEntity
  8
0
 60
1
100
AcDbText
 10
90.97
 20
12.125
 30
0.0
 40
0.054
  1
S-0259
 11
90.97
 21
12.125
 31
0.0
100
AcDbAttribute
  2
ID
 70
0
  0
ATTRIB
  5
74D
330
17
100
AcDbEntity
  8
0
 60
1
100
AcDbText
 10
90.97
 20
12.125
 30
0.0
 40
0.054
  1
Снежноягодник Доренбоза
 11
90.97
 21
12.125
 31
0.0
100
AcDbAttribute
  2
PORODA
 70
0
  0
ATTRIB
  5
74E
330
17
100
AcDbEntity
  8
0
 60
1
100
AcDbText
 10
90.97
 20
12.125
 30
0.0
 40
0.054
  1
Край проезжей части, кромка укреплённой полосы обочины: норма 1.0 м, факт 2.0 м (СП 42.13330.2016, таблица 9.1; 743-ПП п. 3.6.3; 623-ПП п. 4.2.4)
 11
90.97
 21
12.125
 31
0.0
100
AcDbAttribute
  2
NORMA
 70
0
  0
SEQEND
  5
74B
330
74A
100
AcDbEntity
  8
GREEN_AI_SHRUBS
  0
INSERT
  5
74F
330
17
100
AcDbEntity
  8
GREEN_AI_SHRUBS
100
AcDbBlockReference
 66
1
  2
GREEN_AI_SHRUB
 10
91.875
 20
12.125
 30
0.0
 41
0.3
 42
0.3
 43
0.3
  0
ATTRIB
  5
751
330
17
100
AcDbEntity
  8
0
 60
1
100
AcDbText
 10
92.22
 20
12.125
 30
0.0
 40
0.054
  1
S-0260
 11
92.22
 21
12.125
 31
0.0
100
AcDbAttribute
  2
ID
 70
0
  0
ATTRIB
  5
752
330
17
100
AcDbEntity
  8
0
 60
1
100
AcDbText
 10
92.22
 20
12.125
 30
0.0
 40
0.054
  1
Снежноягодник Доренбоза
 11
92.22
 21
12.125
 31
0.0
100
AcDbAttribute
  2
PORODA
 70
0
  0
ATTRIB
  5
753
330
17
100
AcDbEntity
  8
0
 60
1
100
AcDbText
 10
92.22
 20
12.125
 30
0.0
 40
0.054
  1
Край проезжей части, кромка укреплённой полосы обочины: норма 1.0 м, факт 2.0 м (СП 42.13330.2016, таблица 9.1; 743-ПП п. 3.6.3; 623-ПП п. 4.2.4)
 11
92.22
 21
12.125
 31
0.0
100
AcDbAttribute
  2
NORMA
 70
0
  0
SEQEND
  5
750
330
74F
100
AcDbEntity
  8
GREEN_AI_SHRUBS
  0
INSERT
  5
754
330
17
100
AcDbEntity
  8
GREEN_AI_SHRUBS
100
AcDbBlockReference
 66
1
  2
GREEN_AI_SHRUB
 10
93.125
 20
12.125
 30
0.0
 41
0.3
 42
0.3
 43
0.3
  0
ATTRIB
  5
756
330
17
100
AcDbEntity
  8
0
 60
1
100
AcDbText
 10
93.47
 20
12.125
 30
0.0
 40
0.054
  1
S-0261
 11
93.47
 21
12.125
 31
0.0
100
AcDbAttribute
  2
ID
 70
0
  0
ATTRIB
  5
757
330
17
100
AcDbEntity
  8
0
 60
1
100
AcDbText
 10
93.47
 20
12.125
 30
0.0
 40
0.054
  1
Снежноягодник Доренбоза
 11
93.47
 21
12.125
 31
0.0
100
AcDbAttribute
  2
PORODA
 70
0
  0
ATTRIB
  5
758
330
17
100
AcDbEntity
  8
0
 60
1
100
AcDbText
 10
93.47
 20
12.125
 30
0.0
 40
0.054
  1
Край проезжей части, кромка укреплённой полосы обочины: норма 1.0 м, факт 2.0 м (СП 42.13330.2016, таблица 9.1; 743-ПП п. 3.6.3; 623-ПП п. 4.2.4)
 11
93.47
 21
12.125
 31
0.0
100
AcDbAttribute
  2
NORMA
 70
0
  0
SEQEND
  5
755
330
754
100
AcDbEntity
  8
GREEN_AI_SHRUBS
  0
INSERT
  5
759
330
17
100
AcDbEntity
  8
GREEN_AI_SHRUBS
100
AcDbBlockReference
 66
1
  2
GREEN_AI_SHRUB
 10
94.375
 20
12.125
 30
0.0
 41
0.3
 42
0.3
 43
0.3
  0
ATTRIB
  5
75B
330
17
100
AcDbEntity
  8
0
 60
1
100
AcDbText
 10
94.72
 20
12.125
 30
0.0
 40
0.054
  1
S-0262
 11
94.72
 21
12.125
 31
0.0
100
AcDbAttribute
  2
ID
 70
0
  0
ATTRIB
  5
75C
330
17
100
AcDbEntity
  8
0
 60
1
100
AcDbText
 10
94.72
 20
12.125
 30
0.0
 40
0.054
  1
Снежноягодник Доренбоза
 11
94.72
 21
12.125
 31
0.0
100
AcDbAttribute
  2
PORODA
 70
0
  0
ATTRIB
  5
75D
330
17
100
AcDbEntity
  8
0
 60
1
100
AcDbText
 10
94.72
 20
12.125
 30
0.0
 40
0.054
  1
Край проезжей части, кромка укреплённой полосы обочины: норма 1.0 м, факт 2.0 м (СП 42.13330.2016, таблица 9.1; 743-ПП п. 3.6.3; 623-ПП п. 4.2.4)
 11
94.72
 21
12.125
 31
0.0
100
AcDbAttribute
  2
NORMA
 70
0
  0
SEQEND
  5
75A
330
759
100
AcDbEntity
  8
GREEN_AI_SHRUBS
  0
INSERT
  5
75E
330
17
100
AcDbEntity
  8
GREEN_AI_SHRUBS
100
AcDbBlockReference
 66
1
  2
GREEN_AI_SHRUB
 10
95.625
 20
12.125
 30
0.0
 41
0.3
 42
0.3
 43
0.3
  0
ATTRIB
  5
760
330
17
100
AcDbEntity
  8
0
 60
1
100
AcDbText
 10
95.97
 20
12.125
 30
0.0
 40
0.054
  1
S-0263
 11
95.97
 21
12.125
 31
0.0
100
AcDbAttribute
  2
ID
 70
0
  0
ATTRIB
  5
761
330
17
100
AcDbEntity
  8
0
 60
1
100
AcDbText
 10
95.97
 20
12.125
 30
0.0
 40
0.054
  1
Снежноягодник Доренбоза
 11
95.97
 21
12.125
 31
0.0
100
AcDbAttribute
  2
PORODA
 70
0
  0
ATTRIB
  5
762
330
17
100
AcDbEntity
  8
0
 60
1
100
AcDbText
 10
95.97
 20
12.125
 30
0.0
 40
0.054
  1
Край проезжей части, кромка укреплённой полосы обочины: норма 1.0 м, факт 2.0 м (СП 42.13330.2016, таблица 9.1; 743-ПП п. 3.6.3; 623-ПП п. 4.2.4)
 11
95.97
 21
12.125
 31
0.0
100
AcDbAttribute
  2
NORMA
 70
0
  0
SEQEND
  5
75F
330
75E
100
AcDbEntity
  8
GREEN_AI_SHRUBS
  0
INSERT
  5
763
330
17
100
AcDbEntity
  8
GREEN_AI_SHRUBS
100
AcDbBlockReference
 66
1
  2
GREEN_AI_SHRUB
 10
96.875
 20
12.125
 30
0.0
 41
0.3
 42
0.3
 43
0.3
  0
ATTRIB
  5
765
330
17
100
AcDbEntity
  8
0
 60
1
100
AcDbText
 10
97.22
 20
12.125
 30
0.0
 40
0.054
  1
S-0264
 11
97.22
 21
12.125
 31
0.0
100
AcDbAttribute
  2
ID
 70
0
  0
ATTRIB
  5
766
330
17
100
AcDbEntity
  8
0
 60
1
100
AcDbText
 10
97.22
 20
12.125
 30
0.0
 40
0.054
  1
Снежноягодник Доренбоза
 11
97.22
 21
12.125
 31
0.0
100
AcDbAttribute
  2
PORODA
 70
0
  0
ATTRIB
  5
767
330
17
100
AcDbEntity
  8
0
 60
1
100
AcDbText
 10
97.22
 20
12.125
 30
0.0
 40
0.054
  1
Край проезжей части, кромка укреплённой полосы обочины: норма 1.0 м, факт 2.0 м (СП 42.13330.2016, таблица 9.1; 743-ПП п. 3.6.3; 623-ПП п. 4.2.4)
 11
97.22
 21
12.125
 31
0.0
100
AcDbAttribute
  2
NORMA
 70
0
  0
SEQEND
  5
764
330
763
100
AcDbEntity
  8
GREEN_AI_SHRUBS
  0
INSERT
  5
768
330
17
100
AcDbEntity
  8
GREEN_AI_SHRUBS
100
AcDbBlockReference
 66
1
  2
GREEN_AI_SHRUB
 10
98.125
 20
12.125
 30
0.0
 41
0.3
 42
0.3
 43
0.3
  0
ATTRIB
  5
76A
330
17
100
AcDbEntity
  8
0
 60
1
100
AcDbText
 10
98.47
 20
12.125
 30
0.0
 40
0.054
  1
S-0265
 11
98.47
 21
12.125
 31
0.0
100
AcDbAttribute
  2
ID
 70
0
  0
ATTRIB
  5
76B
330
17
100
AcDbEntity
  8
0
 60
1
100
AcDbText
 10
98.47
 20
12.125
 30
0.0
 40
0.054
  1
Снежноягодник Доренбоза
 11
98.47
 21
12.125
 31
0.0
100
AcDbAttribute
  2
PORODA
 70
0
  0
ATTRIB
  5
76C
330
17
100
AcDbEntity
  8
0
 60
1
100
AcDbText
 10
98.47
 20
12.125
 30
0.0
 40
0.054
  1
Край проезжей части, кромка укреплённой полосы обочины: норма 1.0 м, факт 2.0 м (СП 42.13330.2016, таблица 9.1; 743-ПП п. 3.6.3; 623-ПП п. 4.2.4)
 11
98.47
 21
12.125
 31
0.0
100
AcDbAttribute
  2
NORMA
 70
0
  0
SEQEND
  5
769
330
768
100
AcDbEntity
  8
GREEN_AI_SHRUBS
  0
INSERT
  5
76D
330
17
100
AcDbEntity
  8
GREEN_AI_SHRUBS
100
AcDbBlockReference
 66
1
  2
GREEN_AI_SHRUB
 10
99.375
 20
12.125
 30
0.0
 41
0.3
 42
0.3
 43
0.3
  0
ATTRIB
  5
76F
330
17
100
AcDbEntity
  8
0
 60
1
100
AcDbText
 10
99.72
 20
12.125
 30
0.0
 40
0.054
  1
S-0266
 11
99.72
 21
12.125
 31
0.0
100
AcDbAttribute
  2
ID
 70
0
  0
ATTRIB
  5
770
330
17
100
AcDbEntity
  8
0
 60
1
100
AcDbText
 10
99.72
 20
12.125
 30
0.0
 40
0.054
  1
Снежноягодник Доренбоза
 11
99.72
 21
12.125
 31
0.0
100
AcDbAttribute
  2
PORODA
 70
0
  0
ATTRIB
  5
771
330
17
100
AcDbEntity
  8
0
 60
1
100
AcDbText
 10
99.72
 20
12.125
 30
0.0
 40
0.054
  1
Край проезжей части, кромка укреплённой полосы обочины: норма 1.0 м, факт 2.0 м (СП 42.13330.2016, таблица 9.1; 743-ПП п. 3.6.3; 623-ПП п. 4.2.4)
 11
99.72
 21
12.125
 31
0.0
100
AcDbAttribute
  2
NORMA
 70
0
  0
SEQEND
  5
76E
330
76D
100
AcDbEntity
  8
GREEN_AI_SHRUBS
  0
INSERT
  5
772
330
17
100
AcDbEntity
  8
GREEN_AI_SHRUBS
100
AcDbBlockReference
 66
1
  2
GREEN_AI_SHRUB
 10
100.625
 20
12.125
 30
0.0
 41
0.3
 42
0.3
 43
0.3
  0
ATTRIB
  5
774
330
17
100
AcDbEntity
  8
0
 60
1
100
AcDbText
 10
100.97
 20
12.125
 30
0.0
 40
0.054
  1
S-0267
 11
100.97
 21
12.125
 31
0.0
100
AcDbAttribute
  2
ID
 70
0
  0
ATTRIB
  5
775
330
17
100
AcDbEntity
  8
0
 60
1
100
AcDbText
 10
100.97
 20
12.125
 30
0.0
 40
0.054
  1
Снежноягодник Доренбоза
 11
100.97
 21
12.125
 31
0.0
100
AcDbAttribute
  2
PORODA
 70
0
  0
ATTRIB
  5
776
330
17
100
AcDbEntity
  8
0
 60
1
100
AcDbText
 10
100.97
 20
12.125
 30
0.0
 40
0.054
  1
Край проезжей части, кромка укреплённой полосы обочины: норма 1.0 м, факт 2.0 м (СП 42.13330.2016, таблица 9.1; 743-ПП п. 3.6.3; 623-ПП п. 4.2.4)
 11
100.97
 21
12.125
 31
0.0
100
AcDbAttribute
  2
NORMA
 70
0
  0
SEQEND
  5
773
330
772
100
AcDbEntity
  8
GREEN_AI_SHRUBS
  0
INSERT
  5
777
330
17
100
AcDbEntity
  8
GREEN_AI_SHRUBS
100
AcDbBlockReference
 66
1
  2
GREEN_AI_SHRUB
 10
101.875
 20
12.125
 30
0.0
 41
0.3
 42
0.3
 43
0.3
  0
ATTRIB
  5
779
330
17
100
AcDbEntity
  8
0
 60
1
100
AcDbText
 10
102.22
 20
12.125
 30
0.0
 40
0.054
  1
S-0268
 11
102.22
 21
12.125
 31
0.0
100
AcDbAttribute
  2
ID
 70
0
  0
ATTRIB
  5
77A
330
17
100
AcDbEntity
  8
0
 60
1
100
AcDbText
 10
102.22
 20
12.125
 30
0.0
 40
0.054
  1
Снежноягодник Доренбоза
 11
102.22
 21
12.125
 31
0.0
100
AcDbAttribute
  2
PORODA
 70
0
  0
ATTRIB
  5
77B
330
17
100
AcDbEntity
  8
0
 60
1
100
AcDbText
 10
102.22
 20
12.125
 30
0.0
 40
0.054
  1
Край проезжей части, кромка укреплённой полосы обочины: норма 1.0 м, факт 2.0 м (СП 42.13330.2016, таблица 9.1; 743-ПП п. 3.6.3; 623-ПП п. 4.2.4)
 11
102.22
 21
12.125
 31
0.0
100
AcDbAttribute
  2
NORMA
 70
0
  0
SEQEND
  5
778
330
777
100
AcDbEntity
  8
GREEN_AI_SHRUBS
  0
INSERT
  5
77C
330
17
100
AcDbEntity
  8
GREEN_AI_SHRUBS
100
AcDbBlockReference
 66
1
  2
GREEN_AI_SHRUB
 10
103.125
 20
12.125
 30
0.0
 41
0.3
 42
0.3
 43
0.3
  0
ATTRIB
  5
77E
330
17
100
AcDbEntity
  8
0
 60
1
100
AcDbText
 10
103.47
 20
12.125
 30
0.0
 40
0.054
  1
S-0269
 11
103.47
 21
12.125
 31
0.0
100
AcDbAttribute
  2
ID
 70
0
  0
ATTRIB
  5
77F
330
17
100
AcDbEntity
  8
0
 60
1
100
AcDbText
 10
103.47
 20
12.125
 30
0.0
 40
0.054
  1
Снежноягодник Доренбоза
 11
103.47
 21
12.125
 31
0.0
100
AcDbAttribute
  2
PORODA
 70
0
  0
ATTRIB
  5
780
330
17
100
AcDbEntity
  8
0
 60
1
100
AcDbText
 10
103.47
 20
12.125
 30
0.0
 40
0.054
  1
Край проезжей части, кромка укреплённой полосы обочины: норма 1.0 м, факт 2.0 м (СП 42.13330.2016, таблица 9.1; 743-ПП п. 3.6.3; 623-ПП п. 4.2.4)
 11
103.47
 21
12.125
 31
0.0
100
AcDbAttribute
  2
NORMA
 70
0
  0
SEQEND
  5
77D
330
77C
100
AcDbEntity
  8
GREEN_AI_SHRUBS
  0
INSERT
  5
781
330
17
100
AcDbEntity
  8
GREEN_AI_SHRUBS
100
AcDbBlockReference
 66
1
  2
GREEN_AI_SHRUB
 10
104.375
 20
12.125
 30
0.0
 41
0.3
 42
0.3
 43
0.3
  0
ATTRIB
  5
783
330
17
100
AcDbEntity
  8
0
 60
1
100
AcDbText
 10
104.72
 20
12.125
 30
0.0
 40
0.054
  1
S-0270
 11
104.72
 21
12.125
 31
0.0
100
AcDbAttribute
  2
ID
 70
0
  0
ATTRIB
  5
784
330
17
100
AcDbEntity
  8
0
 60
1
100
AcDbText
 10
104.72
 20
12.125
 30
0.0
 40
0.054
  1
Снежноягодник Доренбоза
 11
104.72
 21
12.125
 31
0.0
100
AcDbAttribute
  2
PORODA
 70
0
  0
ATTRIB
  5
785
330
17
100
AcDbEntity
  8
0
 60
1
100
AcDbText
 10
104.72
 20
12.125
 30
0.0
 40
0.054
  1
Край проезжей части, кромка укреплённой полосы обочины: норма 1.0 м, факт 2.0 м (СП 42.13330.2016, таблица 9.1; 743-ПП п. 3.6.3; 623-ПП п. 4.2.4)
 11
104.72
 21
12.125
 31
0.0
100
AcDbAttribute
  2
NORMA
 70
0
  0
SEQEND
  5
782
330
781
100
AcDbEntity
  8
GREEN_AI_SHRUBS
  0
INSERT
  5
786
330
17
100
AcDbEntity
  8
GREEN_AI_SHRUBS
100
AcDbBlockReference
 66
1
  2
GREEN_AI_SHRUB
 10
105.625
 20
12.125
 30
0.0
 41
0.3
 42
0.3
 43
0.3
  0
ATTRIB
  5
788
330
17
100
AcDbEntity
  8
0
 60
1
100
AcDbText
 10
105.97
 20
12.125
 30
0.0
 40
0.054
  1
S-0271
 11
105.97
 21
12.125
 31
0.0
100
AcDbAttribute
  2
ID
 70
0
  0
ATTRIB
  5
789
330
17
100
AcDbEntity
  8
0
 60
1
100
AcDbText
 10
105.97
 20
12.125
 30
0.0
 40
0.054
  1
Снежноягодник Доренбоза
 11
105.97
 21
12.125
 31
0.0
100
AcDbAttribute
  2
PORODA
 70
0
  0
ATTRIB
  5
78A
330
17
100
AcDbEntity
  8
0
 60
1
100
AcDbText
 10
105.97
 20
12.125
 30
0.0
 40
0.054
  1
Край проезжей части, кромка укреплённой полосы обочины: норма 1.0 м, факт 2.0 м (СП 42.13330.2016, таблица 9.1; 743-ПП п. 3.6.3; 623-ПП п. 4.2.4)
 11
105.97
 21
12.125
 31
0.0
100
AcDbAttribute
  2
NORMA
 70
0
  0
SEQEND
  5
787
330
786
100
AcDbEntity
  8
GREEN_AI_SHRUBS
  0
INSERT
  5
78B
330
17
100
AcDbEntity
  8
GREEN_AI_SHRUBS
100
AcDbBlockReference
 66
1
  2
GREEN_AI_SHRUB
 10
106.875
 20
12.125
 30
0.0
 41
0.3
 42
0.3
 43
0.3
  0
ATTRIB
  5
78D
330
17
100
AcDbEntity
  8
0
 60
1
100
AcDbText
 10
107.22
 20
12.125
 30
0.0
 40
0.054
  1
S-0272
 11
107.22
 21
12.125
 31
0.0
100
AcDbAttribute
  2
ID
 70
0
  0
ATTRIB
  5
78E
330
17
100
AcDbEntity
  8
0
 60
1
100
AcDbText
 10
107.22
 20
12.125
 30
0.0
 40
0.054
  1
Снежноягодник Доренбоза
 11
107.22
 21
12.125
 31
0.0
100
AcDbAttribute
  2
PORODA
 70
0
  0
ATTRIB
  5
78F
330
17
100
AcDbEntity
  8
0
 60
1
100
AcDbText
 10
107.22
 20
12.125
 30
0.0
 40
0.054
  1
Край проезжей части, кромка укреплённой полосы обочины: норма 1.0 м, факт 2.0 м (СП 42.13330.2016, таблица 9.1; 743-ПП п. 3.6.3; 623-ПП п. 4.2.4)
 11
107.22
 21
12.125
 31
0.0
100
AcDbAttribute
  2
NORMA
 70
0
  0
SEQEND
  5
78C
330
78B
100
AcDbEntity
  8
GREEN_AI_SHRUBS
  0
INSERT
  5
790
330
17
100
AcDbEntity
  8
GREEN_AI_SHRUBS
100
AcDbBlockReference
 66
1
  2
GREEN_AI_SHRUB
 10
108.125
 20
12.125
 30
0.0
 41
0.3
 42
0.3
 43
0.3
  0
ATTRIB
  5
792
330
17
100
AcDbEntity
  8
0
 60
1
100
AcDbText
 10
108.47
 20
12.125
 30
0.0
 40
0.054
  1
S-0273
 11
108.47
 21
12.125
 31
0.0
100
AcDbAttribute
  2
ID
 70
0
  0
ATTRIB
  5
793
330
17
100
AcDbEntity
  8
0
 60
1
100
AcDbText
 10
108.47
 20
12.125
 30
0.0
 40
0.054
  1
Снежноягодник Доренбоза
 11
108.47
 21
12.125
 31
0.0
100
AcDbAttribute
  2
PORODA
 70
0
  0
ATTRIB
  5
794
330
17
100
AcDbEntity
  8
0
 60
1
100
AcDbText
 10
108.47
 20
12.125
 30
0.0
 40
0.054
  1
Край проезжей части, кромка укреплённой полосы обочины: норма 1.0 м, факт 2.0 м (СП 42.13330.2016, таблица 9.1; 743-ПП п. 3.6.3; 623-ПП п. 4.2.4)
 11
108.47
 21
12.125
 31
0.0
100
AcDbAttribute
  2
NORMA
 70
0
  0
SEQEND
  5
791
330
790
100
AcDbEntity
  8
GREEN_AI_SHRUBS
  0
INSERT
  5
795
330
17
100
AcDbEntity
  8
GREEN_AI_SHRUBS
100
AcDbBlockReference
 66
1
  2
GREEN_AI_SHRUB
 10
109.375
 20
12.125
 30
0.0
 41
0.3
 42
0.3
 43
0.3
  0
ATTRIB
  5
797
330
17
100
AcDbEntity
  8
0
 60
1
100
AcDbText
 10
109.72
 20
12.125
 30
0.0
 40
0.054
  1
S-0274
 11
109.72
 21
12.125
 31
0.0
100
AcDbAttribute
  2
ID
 70
0
  0
ATTRIB
  5
798
330
17
100
AcDbEntity
  8
0
 60
1
100
AcDbText
 10
109.72
 20
12.125
 30
0.0
 40
0.054
  1
Снежноягодник Доренбоза
 11
109.72
 21
12.125
 31
0.0
100
AcDbAttribute
  2
PORODA
 70
0
  0
ATTRIB
  5
799
330
17
100
AcDbEntity
  8
0
 60
1
100
AcDbText
 10
109.72
 20
12.125
 30
0.0
 40
0.054
  1
Край проезжей части, кромка укреплённой полосы обочины: норма 1.0 м, факт 2.0 м (СП 42.13330.2016, таблица 9.1; 743-ПП п. 3.6.3; 623-ПП п. 4.2.4)
 11
109.72
 21
12.125
 31
0.0
100
AcDbAttribute
  2
NORMA
 70
0
  0
SEQEND
  5
796
330
795
100
AcDbEntity
  8
GREEN_AI_SHRUBS
  0
INSERT
  5
79A
330
17
100
AcDbEntity
  8
GREEN_AI_SHRUBS
100
AcDbBlockReference
 66
1
  2
GREEN_AI_SHRUB
 10
110.625
 20
12.125
 30
0.0
 41
0.3
 42
0.3
 43
0.3
  0
ATTRIB
  5
79C
330
17
100
AcDbEntity
  8
0
 60
1
100
AcDbText
 10
110.97
 20
12.125
 30
0.0
 40
0.054
  1
S-0275
 11
110.97
 21
12.125
 31
0.0
100
AcDbAttribute
  2
ID
 70
0
  0
ATTRIB
  5
79D
330
17
100
AcDbEntity
  8
0
 60
1
100
AcDbText
 10
110.97
 20
12.125
 30
0.0
 40
0.054
  1
Снежноягодник Доренбоза
 11
110.97
 21
12.125
 31
0.0
100
AcDbAttribute
  2
PORODA
 70
0
  0
ATTRIB
  5
79E
330
17
100
AcDbEntity
  8
0
 60
1
100
AcDbText
 10
110.97
 20
12.125
 30
0.0
 40
0.054
  1
Край проезжей части, кромка укреплённой полосы обочины: норма 1.0 м, факт 2.0 м (СП 42.13330.2016, таблица 9.1; 743-ПП п. 3.6.3; 623-ПП п. 4.2.4)
 11
110.97
 21
12.125
 31
0.0
100
AcDbAttribute
  2
NORMA
 70
0
  0
SEQEND
  5
79B
330
79A
100
AcDbEntity
  8
GREEN_AI_SHRUBS
  0
INSERT
  5
79F
330
17
100
AcDbEntity
  8
GREEN_AI_SHRUBS
100
AcDbBlockReference
 66
1
  2
GREEN_AI_SHRUB
 10
111.875
 20
12.125
 30
0.0
 41
0.3
 42
0.3
 43
0.3
  0
ATTRIB
  5
7A1
330
17
100
AcDbEntity
  8
0
 60
1
100
AcDbText
 10
112.22
 20
12.125
 30
0.0
 40
0.054
  1
S-0276
 11
112.22
 21
12.125
 31
0.0
100
AcDbAttribute
  2
ID
 70
0
  0
ATTRIB
  5
7A2
330
17
100
AcDbEntity
  8
0
 60
1
100
AcDbText
 10
112.22
 20
12.125
 30
0.0
 40
0.054
  1
Снежноягодник Доренбоза
 11
112.22
 21
12.125
 31
0.0
100
AcDbAttribute
  2
PORODA
 70
0
  0
ATTRIB
  5
7A3
330
17
100
AcDbEntity
  8
0
 60
1
100
AcDbText
 10
112.22
 20
12.125
 30
0.0
 40
0.054
  1
Край проезжей части, кромка укреплённой полосы обочины: норма 1.0 м, факт 2.0 м (СП 42.13330.2016, таблица 9.1; 743-ПП п. 3.6.3; 623-ПП п. 4.2.4)
 11
112.22
 21
12.125
 31
0.0
100
AcDbAttribute
  2
NORMA
 70
0
  0
SEQEND
  5
7A0
330
79F
100
AcDbEntity
  8
GREEN_AI_SHRUBS
  0
INSERT
  5
7A4
330
17
100
AcDbEntity
  8
GREEN_AI_SHRUBS
100
AcDbBlockReference
 66
1
  2
GREEN_AI_SHRUB
 10
113.125
 20
12.125
 30
0.0
 41
0.3
 42
0.3
 43
0.3
  0
ATTRIB
  5
7A6
330
17
100
AcDbEntity
  8
0
 60
1
100
AcDbText
 10
113.47
 20
12.125
 30
0.0
 40
0.054
  1
S-0277
 11
113.47
 21
12.125
 31
0.0
100
AcDbAttribute
  2
ID
 70
0
  0
ATTRIB
  5
7A7
330
17
100
AcDbEntity
  8
0
 60
1
100
AcDbText
 10
113.47
 20
12.125
 30
0.0
 40
0.054
  1
Снежноягодник Доренбоза
 11
113.47
 21
12.125
 31
0.0
100
AcDbAttribute
  2
PORODA
 70
0
  0
ATTRIB
  5
7A8
330
17
100
AcDbEntity
  8
0
 60
1
100
AcDbText
 10
113.47
 20
12.125
 30
0.0
 40
0.054
  1
Край проезжей части, кромка укреплённой полосы обочины: норма 1.0 м, факт 2.0 м (СП 42.13330.2016, таблица 9.1; 743-ПП п. 3.6.3; 623-ПП п. 4.2.4)
 11
113.47
 21
12.125
 31
0.0
100
AcDbAttribute
  2
NORMA
 70
0
  0
SEQEND
  5
7A5
330
7A4
100
AcDbEntity
  8
GREEN_AI_SHRUBS
  0
INSERT
  5
7A9
330
17
100
AcDbEntity
  8
GREEN_AI_SHRUBS
100
AcDbBlockReference
 66
1
  2
GREEN_AI_SHRUB
 10
114.375
 20
12.125
 30
0.0
 41
0.3
 42
0.3
 43
0.3
  0
ATTRIB
  5
7AB
330
17
100
AcDbEntity
  8
0
 60
1
100
AcDbText
 10
114.72
 20
12.125
 30
0.0
 40
0.054
  1
S-0278
 11
114.72
 21
12.125
 31
0.0
100
AcDbAttribute
  2
ID
 70
0
  0
ATTRIB
  5
7AC
330
17
100
AcDbEntity
  8
0
 60
1
100
AcDbText
 10
114.72
 20
12.125
 30
0.0
 40
0.054
  1
Снежноягодник Доренбоза
 11
114.72
 21
12.125
 31
0.0
100
AcDbAttribute
  2
PORODA
 70
0
  0
ATTRIB
  5
7AD
330
17
100
AcDbEntity
  8
0
 60
1
100
AcDbText
 10
114.72
 20
12.125
 30
0.0
 40
0.054
  1
Край проезжей части, кромка укреплённой полосы обочины: норма 1.0 м, факт 2.0 м (СП 42.13330.2016, таблица 9.1; 743-ПП п. 3.6.3; 623-ПП п. 4.2.4)
 11
114.72
 21
12.125
 31
0.0
100
AcDbAttribute
  2
NORMA
 70
0
  0
SEQEND
  5
7AA
330
7A9
100
AcDbEntity
  8
GREEN_AI_SHRUBS
  0
INSERT
  5
7AE
330
17
100
AcDbEntity
  8
GREEN_AI_SHRUBS
100
AcDbBlockReference
 66
1
  2
GREEN_AI_SHRUB
 10
115.625
 20
12.125
 30
0.0
 41
0.3
 42
0.3
 43
0.3
  0
ATTRIB
  5
7B0
330
17
100
AcDbEntity
  8
0
 60
1
100
AcDbText
 10
115.97
 20
12.125
 30
0.0
 40
0.054
  1
S-0279
 11
115.97
 21
12.125
 31
0.0
100
AcDbAttribute
  2
ID
 70
0
  0
ATTRIB
  5
7B1
330
17
100
AcDbEntity
  8
0
 60
1
100
AcDbText
 10
115.97
 20
12.125
 30
0.0
 40
0.054
  1
Снежноягодник Доренбоза
 11
115.97
 21
12.125
 31
0.0
100
AcDbAttribute
  2
PORODA
 70
0
  0
ATTRIB
  5
7B2
330
17
100
AcDbEntity
  8
0
 60
1
100
AcDbText
 10
115.97
 20
12.125
 30
0.0
 40
0.054
  1
Край проезжей части, кромка укреплённой полосы обочины: норма 1.0 м, факт 2.0 м (СП 42.13330.2016, таблица 9.1; 743-ПП п. 3.6.3; 623-ПП п. 4.2.4)
 11
115.97
 21
12.125
 31
0.0
100
AcDbAttribute
  2
NORMA
 70
0
  0
SEQEND
  5
7AF
330
7AE
100
AcDbEntity
  8
GREEN_AI_SHRUBS
  0
INSERT
  5
7B3
330
17
100
AcDbEntity
  8
GREEN_AI_SHRUBS
100
AcDbBlockReference
 66
1
  2
GREEN_AI_SHRUB
 10
116.875
 20
12.125
 30
0.0
 41
0.3
 42
0.3
 43
0.3
  0
ATTRIB
  5
7B5
330
17
100
AcDbEntity
  8
0
 60
1
100
AcDbText
 10
117.22
 20
12.125
 30
0.0
 40
0.054
  1
S-0280
 11
117.22
 21
12.125
 31
0.0
100
AcDbAttribute
  2
ID
 70
0
  0
ATTRIB
  5
7B6
330
17
100
AcDbEntity
  8
0
 60
1
100
AcDbText
 10
117.22
 20
12.125
 30
0.0
 40
0.054
  1
Снежноягодник Доренбоза
 11
117.22
 21
12.125
 31
0.0
100
AcDbAttribute
  2
PORODA
 70
0
  0
ATTRIB
  5
7B7
330
17
100
AcDbEntity
  8
0
 60
1
100
AcDbText
 10
117.22
 20
12.125
 30
0.0
 40
0.054
  1
Край проезжей части, кромка укреплённой полосы обочины: норма 1.0 м, факт 2.0 м (СП 42.13330.2016, таблица 9.1; 743-ПП п. 3.6.3; 623-ПП п. 4.2.4)
 11
117.22
 21
12.125
 31
0.0
100
AcDbAttribute
  2
NORMA
 70
0
  0
SEQEND
  5
7B4
330
7B3
100
AcDbEntity
  8
GREEN_AI_SHRUBS
  0
INSERT
  5
7B8
330
17
100
AcDbEntity
  8
GREEN_AI_SHRUBS
100
AcDbBlockReference
 66
1
  2
GREEN_AI_SHRUB
 10
118.125
 20
12.125
 30
0.0
 41
0.75
 42
0.75
 43
0.75
  0
ATTRIB
  5
7BA
330
17
100
AcDbEntity
  8
0
 60
1
100
AcDbText
 10
118.9875
 20
12.125
 30
0.0
 40
0.135
  1
S-0281
 11
118.9875
 21
12.125
 31
0.0
100
AcDbAttribute
  2
ID
 70
0
  0
ATTRIB
  5
7BB
330
17
100
AcDbEntity
  8
0
 60
1
100
AcDbText
 10
118.9875
 20
12.125
 30
0.0
 40
0.135
  1
Дерен белый 'Elegantissima'
 11
118.9875
 21
12.125
 31
0.0
100
AcDbAttribute
  2
PORODA
 70
0
  0
ATTRIB
  5
7BC
330
17
100
AcDbEntity
  8
0
 60
1
100
AcDbText
 10
118.9875
 20
12.125
 30
0.0
 40
0.135
  1
Край проезжей части, кромка укреплённой полосы обочины: норма 1.0 м, факт 2.0 м (СП 42.13330.2016, таблица 9.1; 743-ПП п. 3.6.3; 623-ПП п. 4.2.4)
 11
118.9875
 21
12.125
 31
0.0
100
AcDbAttribute
  2
NORMA
 70
0
  0
SEQEND
  5
7B9
330
7B8
100
AcDbEntity
  8
GREEN_AI_SHRUBS
  0
INSERT
  5
7BD
330
17
100
AcDbEntity
  8
GREEN_AI_SHRUBS
100
AcDbBlockReference
 66
1
  2
GREEN_AI_SHRUB
 10
119.375
 20
12.125
 30
0.0
 41
0.75
 42
0.75
 43
0.75
  0
ATTRIB
  5
7BF
330
17
100
AcDbEntity
  8
0
 60
1
100
AcDbText
 10
120.2375
 20
12.125
 30
0.0
 40
0.135
  1
S-0282
 11
120.2375
 21
12.125
 31
0.0
100
AcDbAttribute
  2
ID
 70
0
  0
ATTRIB
  5
7C0
330
17
100
AcDbEntity
  8
0
 60
1
100
AcDbText
 10
120.2375
 20
12.125
 30
0.0
 40
0.135
  1
Дерен белый 'Elegantissima'
 11
120.2375
 21
12.125
 31
0.0
100
AcDbAttribute
  2
PORODA
 70
0
  0
ATTRIB
  5
7C1
330
17
100
AcDbEntity
  8
0
 60
1
100
AcDbText
 10
120.2375
 20
12.125
 30
0.0
 40
0.135
  1
Край проезжей части, кромка укреплённой полосы обочины: норма 1.0 м, факт 2.0 м (СП 42.13330.2016, таблица 9.1; 743-ПП п. 3.6.3; 623-ПП п. 4.2.4)
 11
120.2375
 21
12.125
 31
0.0
100
AcDbAttribute
  2
NORMA
 70
0
  0
SEQEND
  5
7BE
330
7BD
100
AcDbEntity
  8
GREEN_AI_SHRUBS
  0
INSERT
  5
7C2
330
17
100
AcDbEntity
  8
GREEN_AI_SHRUBS
100
AcDbBlockReference
 66
1
  2
GREEN_AI_SHRUB
 10
0.375
 20
15.875
 30
0.0
 41
0.75
 42
0.75
 43
0.75
  0
ATTRIB
  5
7C4
330
17
100
AcDbEntity
  8
0
 60
1
100
AcDbText
 10
1.2374999999999998
 20
15.875
 30
0.0
 40
0.135
  1
S-0283
 11
1.2374999999999998
 21
15.875
 31
0.0
100
AcDbAttribute
  2
ID
 70
0
  0
ATTRIB
  5
7C5
330
17
100
AcDbEntity
  8
0
 60
1
100
AcDbText
 10
1.2374999999999998
 20
15.875
 30
0.0
 40
0.135
  1
Дерен белый 'Elegantissima'
 11
1.2374999999999998
 21
15.875
 31
0.0
100
AcDbAttribute
  2
PORODA
 70
0
  0
ATTRIB
  5
7C6
330
17
100
AcDbEntity
  8
0
 60
1
100
AcDbText
 10
1.2374999999999998
 20
15.875
 30
0.0
 40
0.135
  1
Край проезжей части, кромка укреплённой полосы обочины: норма 1.0 м, факт 1.75 м (СП 42.13330.2016, таблица 9.1; 743-ПП п. 3.6.3; 623-ПП п. 4.2.4)
 11
1.2374999999999998
 21
15.875
 31
0.0
100
AcDbAttribute
  2
NORMA
 70
0
  0
SEQEND
  5
7C3
330
7C2
100
AcDbEntity
  8
GREEN_AI_SHRUBS
  0
INSERT
  5
7C7
330
17
100
AcDbEntity
  8
GREEN_AI_SHRUBS
100
AcDbBlockReference
 66
1
  2
GREEN_AI_SHRUB
 10
1.625
 20
15.875
 30
0.0
 41
0.75
 42
0.75
 43
0.75
  0
ATTRIB
  5
7C9
330
17
100
AcDbEntity
  8
0
 60
1
100
AcDbText
 10
2.4875
 20
15.875
 30
0.0
 40
0.135
  1
S-0284
 11
2.4875
 21
15.875
 31
0.0
100
AcDbAttribute
  2
ID
 70
0
  0
ATTRIB
  5
7CA
330
17
100
AcDbEntity
  8
0
 60
1
100
AcDbText
 10
2.4875
 20
15.875
 30
0.0
 40
0.135
  1
Дерен белый 'Elegantissima'
 11
2.4875
 21
15.875
 31
0.0
100
AcDbAttribute
  2
PORODA
 70
0
  0
ATTRIB
  5
7CB
330
17
100
AcDbEntity
  8
0
 60
1
100
AcDbText
 10
2.4875
 20
15.875
 30
0.0
 40
0.135
  1
Край проезжей части, кромка укреплённой полосы обочины: норма 1.0 м, факт 1.75 м (СП 42.13330.2016, таблица 9.1; 743-ПП п. 3.6.3; 623-ПП п. 4.2.4)
 11
2.4875
 21
15.875
 31
0.0
100
AcDbAttribute
  2
NORMA
 70
0
  0
SEQEND
  5
7C8
330
7C7
100
AcDbEntity
  8
GREEN_AI_SHRUBS
  0
INSERT
  5
7CC
330
17
100
AcDbEntity
  8
GREEN_AI_SHRUBS
100
AcDbBlockReference
 66
1
  2
GREEN_AI_SHRUB
 10
2.875
 20
15.875
 30
0.0
 41
0.75
 42
0.75
 43
0.75
  0
ATTRIB
  5
7CE
330
17
100
AcDbEntity
  8
0
 60
1
100
AcDbText
 10
3.7375
 20
15.875
 30
0.0
 40
0.135
  1
S-0285
 11
3.7375
 21
15.875
 31
0.0
100
AcDbAttribute
  2
ID
 70
0
  0
ATTRIB
  5
7CF
330
17
100
AcDbEntity
  8
0
 60
1
100
AcDbText
 10
3.7375
 20
15.875
 30
0.0
 40
0.135
  1
Дерен белый 'Elegantissima'
 11
3.7375
 21
15.875
 31
0.0
100
AcDbAttribute
  2
PORODA
 70
0
  0
ATTRIB
  5
7D0
330
17
100
AcDbEntity
  8
0
 60
1
100
AcDbText
 10
3.7375
 20
15.875
 30
0.0
 40
0.135
  1
Край проезжей части, кромка укреплённой полосы обочины: норма 1.0 м, факт 1.75 м (СП 42.13330.2016, таблица 9.1; 743-ПП п. 3.6.3; 623-ПП п. 4.2.4)
 11
3.7375
 21
15.875
 31
0.0
100
AcDbAttribute
  2
NORMA
 70
0
  0
SEQEND
  5
7CD
330
7CC
100
AcDbEntity
  8
GREEN_AI_SHRUBS
  0
INSERT
  5
7D1
330
17
100
AcDbEntity
  8
GREEN_AI_SHRUBS
100
AcDbBlockReference
 66
1
  2
GREEN_AI_SHRUB
 10
4.125
 20
15.875
 30
0.0
 41
0.75
 42
0.75
 43
0.75
  0
ATTRIB
  5
7D3
330
17
100
AcDbEntity
  8
0
 60
1
100
AcDbText
 10
4.9875
 20
15.875
 30
0.0
 40
0.135
  1
S-0286
 11
4.9875
 21
15.875
 31
0.0
100
AcDbAttribute
  2
ID
 70
0
  0
ATTRIB
  5
7D4
330
17
100
AcDbEntity
  8
0
 60
1
100
AcDbText
 10
4.9875
 20
15.875
 30
0.0
 40
0.135
  1
Дерен белый 'Elegantissima'
 11
4.9875
 21
15.875
 31
0.0
100
AcDbAttribute
  2
PORODA
 70
0
  0
ATTRIB
  5
7D5
330
17
100
AcDbEntity
  8
0
 60
1
100
AcDbText
 10
4.9875
 20
15.875
 30
0.0
 40
0.135
  1
Край проезжей части, кромка укреплённой полосы обочины: норма 1.0 м, факт 1.75 м (СП 42.13330.2016, таблица 9.1; 743-ПП п. 3.6.3; 623-ПП п. 4.2.4)
 11
4.9875
 21
15.875
 31
0.0
100
AcDbAttribute
  2
NORMA
 70
0
  0
SEQEND
  5
7D2
330
7D1
100
AcDbEntity
  8
GREEN_AI_SHRUBS
  0
INSERT
  5
7D6
330
17
100
AcDbEntity
  8
GREEN_AI_SHRUBS
100
AcDbBlockReference
 66
1
  2
GREEN_AI_SHRUB
 10
5.375
 20
15.875
 30
0.0
 41
0.75
 42
0.75
 43
0.75
  0
ATTRIB
  5
7D8
330
17
100
AcDbEntity
  8
0
 60
1
100
AcDbText
 10
6.2375
 20
15.875
 30
0.0
 40
0.135
  1
S-0287
 11
6.2375
 21
15.875
 31
0.0
100
AcDbAttribute
  2
ID
 70
0
  0
ATTRIB
  5
7D9
330
17
100
AcDbEntity
  8
0
 60
1
100
AcDbText
 10
6.2375
 20
15.875
 30
0.0
 40
0.135
  1
Дерен белый 'Elegantissima'
 11
6.2375
 21
15.875
 31
0.0
100
AcDbAttribute
  2
PORODA
 70
0
  0
ATTRIB
  5
7DA
330
17
100
AcDbEntity
  8
0
 60
1
100
AcDbText
 10
6.2375
 20
15.875
 30
0.0
 40
0.135
  1
Край проезжей части, кромка укреплённой полосы обочины: норма 1.0 м, факт 1.75 м (СП 42.13330.2016, таблица 9.1; 743-ПП п. 3.6.3; 623-ПП п. 4.2.4)
 11
6.2375
 21
15.875
 31
0.0
100
AcDbAttribute
  2
NORMA
 70
0
  0
SEQEND
  5
7D7
330
7D6
100
AcDbEntity
  8
GREEN_AI_SHRUBS
  0
INSERT
  5
7DB
330
17
100
AcDbEntity
  8
GREEN_AI_SHRUBS
100
AcDbBlockReference
 66
1
  2
GREEN_AI_SHRUB
 10
6.625
 20
15.875
 30
0.0
 41
0.75
 42
0.75
 43
0.75
  0
ATTRIB
  5
7DD
330
17
100
AcDbEntity
  8
0
 60
1
100
AcDbText
 10
7.4875
 20
15.875
 30
0.0
 40
0.135
  1
S-0288
 11
7.4875
 21
15.875
 31
0.0
100
AcDbAttribute
  2
ID
 70
0
  0
ATTRIB
  5
7DE
330
17
100
AcDbEntity
  8
0
 60
1
100
AcDbText
 10
7.4875
 20
15.875
 30
0.0
 40
0.135
  1
Дерен белый 'Elegantissima'
 11
7.4875
 21
15.875
 31
0.0
100
AcDbAttribute
  2
PORODA
 70
0
  0
ATTRIB
  5
7DF
330
17
100
AcDbEntity
  8
0
 60
1
100
AcDbText
 10
7.4875
 20
15.875
 30
0.0
 40
0.135
  1
Край проезжей части, кромка укреплённой полосы обочины: норма 1.0 м, факт 1.75 м (СП 42.13330.2016, таблица 9.1; 743-ПП п. 3.6.3; 623-ПП п. 4.2.4)
 11
7.4875
 21
15.875
 31
0.0
100
AcDbAttribute
  2
NORMA
 70
0
  0
SEQEND
  5
7DC
330
7DB
100
AcDbEntity
  8
GREEN_AI_SHRUBS
  0
INSERT
  5
7E0
330
17
100
AcDbEntity
  8
GREEN_AI_SHRUBS
100
AcDbBlockReference
 66
1
  2
GREEN_AI_SHRUB
 10
7.875
 20
15.875
 30
0.0
 41
0.75
 42
0.75
 43
0.75
  0
ATTRIB
  5
7E2
330
17
100
AcDbEntity
  8
0
 60
1
100
AcDbText
 10
8.7375
 20
15.875
 30
0.0
 40
0.135
  1
S-0289
 11
8.7375
 21
15.875
 31
0.0
100
AcDbAttribute
  2
ID
 70
0
  0
ATTRIB
  5
7E3
330
17
100
AcDbEntity
  8
0
 60
1
100
AcDbText
 10
8.7375
 20
15.875
 30
0.0
 40
0.135
  1
Дерен белый 'Elegantissima'
 11
8.7375
 21
15.875
 31
0.0
100
AcDbAttribute
  2
PORODA
 70
0
  0
ATTRIB
  5
7E4
330
17
100
AcDbEntity
  8
0
 60
1
100
AcDbText
 10
8.7375
 20
15.875
 30
0.0
 40
0.135
  1
Край проезжей части, кромка укреплённой полосы обочины: норма 1.0 м, факт 1.75 м (СП 42.13330.2016, таблица 9.1; 743-ПП п. 3.6.3; 623-ПП п. 4.2.4)
 11
8.7375
 21
15.875
 31
0.0
100
AcDbAttribute
  2
NORMA
 70
0
  0
SEQEND
  5
7E1
330
7E0
100
AcDbEntity
  8
GREEN_AI_SHRUBS
  0
INSERT
  5
7E5
330
17
100
AcDbEntity
  8
GREEN_AI_SHRUBS
100
AcDbBlockReference
 66
1
  2
GREEN_AI_SHRUB
 10
9.125
 20
15.875
 30
0.0
 41
0.75
 42
0.75
 43
0.75
  0
ATTRIB
  5
7E7
330
17
100
AcDbEntity
  8
0
 60
1
100
AcDbText
 10
9.9875
 20
15.875
 30
0.0
 40
0.135
  1
S-0290
 11
9.9875
 21
15.875
 31
0.0
100
AcDbAttribute
  2
ID
 70
0
  0
ATTRIB
  5
7E8
330
17
100
AcDbEntity
  8
0
 60
1
100
AcDbText
 10
9.9875
 20
15.875
 30
0.0
 40
0.135
  1
Дерен белый 'Elegantissima'
 11
9.9875
 21
15.875
 31
0.0
100
AcDbAttribute
  2
PORODA
 70
0
  0
ATTRIB
  5
7E9
330
17
100
AcDbEntity
  8
0
 60
1
100
AcDbText
 10
9.9875
 20
15.875
 30
0.0
 40
0.135
  1
Край проезжей части, кромка укреплённой полосы обочины: норма 1.0 м, факт 1.75 м (СП 42.13330.2016, таблица 9.1; 743-ПП п. 3.6.3; 623-ПП п. 4.2.4)
 11
9.9875
 21
15.875
 31
0.0
100
AcDbAttribute
  2
NORMA
 70
0
  0
SEQEND
  5
7E6
330
7E5
100
AcDbEntity
  8
GREEN_AI_SHRUBS
  0
INSERT
  5
7EA
330
17
100
AcDbEntity
  8
GREEN_AI_SHRUBS
100
AcDbBlockReference
 66
1
  2
GREEN_AI_SHRUB
 10
10.375
 20
15.875
 30
0.0
 41
0.75
 42
0.75
 43
0.75
  0
ATTRIB
  5
7EC
330
17
100
AcDbEntity
  8
0
 60
1
100
AcDbText
 10
11.2375
 20
15.875
 30
0.0
 40
0.135
  1
S-0291
 11
11.2375
 21
15.875
 31
0.0
100
AcDbAttribute
  2
ID
 70
0
  0
ATTRIB
  5
7ED
330
17
100
AcDbEntity
  8
0
 60
1
100
AcDbText
 10
11.2375
 20
15.875
 30
0.0
 40
0.135
  1
Дерен белый 'Elegantissima'
 11
11.2375
 21
15.875
 31
0.0
100
AcDbAttribute
  2
PORODA
 70
0
  0
ATTRIB
  5
7EE
330
17
100
AcDbEntity
  8
0
 60
1
100
AcDbText
 10
11.2375
 20
15.875
 30
0.0
 40
0.135
  1
Край проезжей части, кромка укреплённой полосы обочины: норма 1.0 м, факт 1.75 м (СП 42.13330.2016, таблица 9.1; 743-ПП п. 3.6.3; 623-ПП п. 4.2.4)
 11
11.2375
 21
15.875
 31
0.0
100
AcDbAttribute
  2
NORMA
 70
0
  0
SEQEND
  5
7EB
330
7EA
100
AcDbEntity
  8
GREEN_AI_SHRUBS
  0
INSERT
  5
7EF
330
17
100
AcDbEntity
  8
GREEN_AI_SHRUBS
100
AcDbBlockReference
 66
1
  2
GREEN_AI_SHRUB
 10
11.625
 20
15.875
 30
0.0
 41
0.75
 42
0.75
 43
0.75
  0
ATTRIB
  5
7F1
330
17
100
AcDbEntity
  8
0
 60
1
100
AcDbText
 10
12.4875
 20
15.875
 30
0.0
 40
0.135
  1
S-0292
 11
12.4875
 21
15.875
 31
0.0
100
AcDbAttribute
  2
ID
 70
0
  0
ATTRIB
  5
7F2
330
17
100
AcDbEntity
  8
0
 60
1
100
AcDbText
 10
12.4875
 20
15.875
 30
0.0
 40
0.135
  1
Дерен белый 'Elegantissima'
 11
12.4875
 21
15.875
 31
0.0
100
AcDbAttribute
  2
PORODA
 70
0
  0
ATTRIB
  5
7F3
330
17
100
AcDbEntity
  8
0
 60
1
100
AcDbText
 10
12.4875
 20
15.875
 30
0.0
 40
0.135
  1
Край проезжей части, кромка укреплённой полосы обочины: норма 1.0 м, факт 1.75 м (СП 42.13330.2016, таблица 9.1; 743-ПП п. 3.6.3; 623-ПП п. 4.2.4)
 11
12.4875
 21
15.875
 31
0.0
100
AcDbAttribute
  2
NORMA
 70
0
  0
SEQEND
  5
7F0
330
7EF
100
AcDbEntity
  8
GREEN_AI_SHRUBS
  0
INSERT
  5
7F4
330
17
100
AcDbEntity
  8
GREEN_AI_SHRUBS
100
AcDbBlockReference
 66
1
  2
GREEN_AI_SHRUB
 10
12.875
 20
15.875
 30
0.0
 41
0.75
 42
0.75
 43
0.75
  0
ATTRIB
  5
7F6
330
17
100
AcDbEntity
  8
0
 60
1
100
AcDbText
 10
13.7375
 20
15.875
 30
0.0
 40
0.135
  1
S-0293
 11
13.7375
 21
15.875
 31
0.0
100
AcDbAttribute
  2
ID
 70
0
  0
ATTRIB
  5
7F7
330
17
100
AcDbEntity
  8
0
 60
1
100
AcDbText
 10
13.7375
 20
15.875
 30
0.0
 40
0.135
  1
Дерен белый 'Elegantissima'
 11
13.7375
 21
15.875
 31
0.0
100
AcDbAttribute
  2
PORODA
 70
0
  0
ATTRIB
  5
7F8
330
17
100
AcDbEntity
  8
0
 60
1
100
AcDbText
 10
13.7375
 20
15.875
 30
0.0
 40
0.135
  1
Край проезжей части, кромка укреплённой полосы обочины: норма 1.0 м, факт 1.75 м (СП 42.13330.2016, таблица 9.1; 743-ПП п. 3.6.3; 623-ПП п. 4.2.4)
 11
13.7375
 21
15.875
 31
0.0
100
AcDbAttribute
  2
NORMA
 70
0
  0
SEQEND
  5
7F5
330
7F4
100
AcDbEntity
  8
GREEN_AI_SHRUBS
  0
INSERT
  5
7F9
330
17
100
AcDbEntity
  8
GREEN_AI_SHRUBS
100
AcDbBlockReference
 66
1
  2
GREEN_AI_SHRUB
 10
14.125
 20
15.875
 30
0.0
 41
0.75
 42
0.75
 43
0.75
  0
ATTRIB
  5
7FB
330
17
100
AcDbEntity
  8
0
 60
1
100
AcDbText
 10
14.9875
 20
15.875
 30
0.0
 40
0.135
  1
S-0294
 11
14.9875
 21
15.875
 31
0.0
100
AcDbAttribute
  2
ID
 70
0
  0
ATTRIB
  5
7FC
330
17
100
AcDbEntity
  8
0
 60
1
100
AcDbText
 10
14.9875
 20
15.875
 30
0.0
 40
0.135
  1
Дерен белый 'Elegantissima'
 11
14.9875
 21
15.875
 31
0.0
100
AcDbAttribute
  2
PORODA
 70
0
  0
ATTRIB
  5
7FD
330
17
100
AcDbEntity
  8
0
 60
1
100
AcDbText
 10
14.9875
 20
15.875
 30
0.0
 40
0.135
  1
Край проезжей части, кромка укреплённой полосы обочины: норма 1.0 м, факт 1.75 м (СП 42.13330.2016, таблица 9.1; 743-ПП п. 3.6.3; 623-ПП п. 4.2.4)
 11
14.9875
 21
15.875
 31
0.0
100
AcDbAttribute
  2
NORMA
 70
0
  0
SEQEND
  5
7FA
330
7F9
100
AcDbEntity
  8
GREEN_AI_SHRUBS
  0
INSERT
  5
7FE
330
17
100
AcDbEntity
  8
GREEN_AI_SHRUBS
100
AcDbBlockReference
 66
1
  2
GREEN_AI_SHRUB
 10
15.375
 20
15.875
 30
0.0
 41
0.75
 42
0.75
 43
0.75
  0
ATTRIB
  5
800
330
17
100
AcDbEntity
  8
0
 60
1
100
AcDbText
 10
16.2375
 20
15.875
 30
0.0
 40
0.135
  1
S-0295
 11
16.2375
 21
15.875
 31
0.0
100
AcDbAttribute
  2
ID
 70
0
  0
ATTRIB
  5
801
330
17
100
AcDbEntity
  8
0
 60
1
100
AcDbText
 10
16.2375
 20
15.875
 30
0.0
 40
0.135
  1
Дерен белый 'Elegantissima'
 11
16.2375
 21
15.875
 31
0.0
100
AcDbAttribute
  2
PORODA
 70
0
  0
ATTRIB
  5
802
330
17
100
AcDbEntity
  8
0
 60
1
100
AcDbText
 10
16.2375
 20
15.875
 30
0.0
 40
0.135
  1
Край проезжей части, кромка укреплённой полосы обочины: норма 1.0 м, факт 1.75 м (СП 42.13330.2016, таблица 9.1; 743-ПП п. 3.6.3; 623-ПП п. 4.2.4)
 11
16.2375
 21
15.875
 31
0.0
100
AcDbAttribute
  2
NORMA
 70
0
  0
SEQEND
  5
7FF
330
7FE
100
AcDbEntity
  8
GREEN_AI_SHRUBS
  0
INSERT
  5
803
330
17
100
AcDbEntity
  8
GREEN_AI_SHRUBS
100
AcDbBlockReference
 66
1
  2
GREEN_AI_SHRUB
 10
16.625
 20
15.875
 30
0.0
 41
0.75
 42
0.75
 43
0.75
  0
ATTRIB
  5
805
330
17
100
AcDbEntity
  8
0
 60
1
100
AcDbText
 10
17.4875
 20
15.875
 30
0.0
 40
0.135
  1
S-0296
 11
17.4875
 21
15.875
 31
0.0
100
AcDbAttribute
  2
ID
 70
0
  0
ATTRIB
  5
806
330
17
100
AcDbEntity
  8
0
 60
1
100
AcDbText
 10
17.4875
 20
15.875
 30
0.0
 40
0.135
  1
Дерен белый 'Elegantissima'
 11
17.4875
 21
15.875
 31
0.0
100
AcDbAttribute
  2
PORODA
 70
0
  0
ATTRIB
  5
807
330
17
100
AcDbEntity
  8
0
 60
1
100
AcDbText
 10
17.4875
 20
15.875
 30
0.0
 40
0.135
  1
Край проезжей части, кромка укреплённой полосы обочины: норма 1.0 м, факт 1.75 м (СП 42.13330.2016, таблица 9.1; 743-ПП п. 3.6.3; 623-ПП п. 4.2.4)
 11
17.4875
 21
15.875
 31
0.0
100
AcDbAttribute
  2
NORMA
 70
0
  0
SEQEND
  5
804
330
803
100
AcDbEntity
  8
GREEN_AI_SHRUBS
  0
INSERT
  5
808
330
17
100
AcDbEntity
  8
GREEN_AI_SHRUBS
100
AcDbBlockReference
 66
1
  2
GREEN_AI_SHRUB
 10
17.875
 20
15.875
 30
0.0
 41
0.75
 42
0.75
 43
0.75
  0
ATTRIB
  5
80A
330
17
100
AcDbEntity
  8
0
 60
1
100
AcDbText
 10
18.7375
 20
15.875
 30
0.0
 40
0.135
  1
S-0297
 11
18.7375
 21
15.875
 31
0.0
100
AcDbAttribute
  2
ID
 70
0
  0
ATTRIB
  5
80B
330
17
100
AcDbEntity
  8
0
 60
1
100
AcDbText
 10
18.7375
 20
15.875
 30
0.0
 40
0.135
  1
Дерен белый 'Elegantissima'
 11
18.7375
 21
15.875
 31
0.0
100
AcDbAttribute
  2
PORODA
 70
0
  0
ATTRIB
  5
80C
330
17
100
AcDbEntity
  8
0
 60
1
100
AcDbText
 10
18.7375
 20
15.875
 30
0.0
 40
0.135
  1
Край проезжей части, кромка укреплённой полосы обочины: норма 1.0 м, факт 1.75 м (СП 42.13330.2016, таблица 9.1; 743-ПП п. 3.6.3; 623-ПП п. 4.2.4)
 11
18.7375
 21
15.875
 31
0.0
100
AcDbAttribute
  2
NORMA
 70
0
  0
SEQEND
  5
809
330
808
100
AcDbEntity
  8
GREEN_AI_SHRUBS
  0
INSERT
  5
80D
330
17
100
AcDbEntity
  8
GREEN_AI_SHRUBS
100
AcDbBlockReference
 66
1
  2
GREEN_AI_SHRUB
 10
19.125
 20
15.875
 30
0.0
 41
0.75
 42
0.75
 43
0.75
  0
ATTRIB
  5
80F
330
17
100
AcDbEntity
  8
0
 60
1
100
AcDbText
 10
19.9875
 20
15.875
 30
0.0
 40
0.135
  1
S-0298
 11
19.9875
 21
15.875
 31
0.0
100
AcDbAttribute
  2
ID
 70
0
  0
ATTRIB
  5
810
330
17
100
AcDbEntity
  8
0
 60
1
100
AcDbText
 10
19.9875
 20
15.875
 30
0.0
 40
0.135
  1
Дерен белый 'Elegantissima'
 11
19.9875
 21
15.875
 31
0.0
100
AcDbAttribute
  2
PORODA
 70
0
  0
ATTRIB
  5
811
330
17
100
AcDbEntity
  8
0
 60
1
100
AcDbText
 10
19.9875
 20
15.875
 30
0.0
 40
0.135
  1
Край проезжей части, кромка укреплённой полосы обочины: норма 1.0 м, факт 1.75 м (СП 42.13330.2016, таблица 9.1; 743-ПП п. 3.6.3; 623-ПП п. 4.2.4)
 11
19.9875
 21
15.875
 31
0.0
100
AcDbAttribute
  2
NORMA
 70
0
  0
SEQEND
  5
80E
330
80D
100
AcDbEntity
  8
GREEN_AI_SHRUBS
  0
INSERT
  5
812
330
17
100
AcDbEntity
  8
GREEN_AI_SHRUBS
100
AcDbBlockReference
 66
1
  2
GREEN_AI_SHRUB
 10
20.375
 20
15.875
 30
0.0
 41
0.75
 42
0.75
 43
0.75
  0
ATTRIB
  5
814
330
17
100
AcDbEntity
  8
0
 60
1
100
AcDbText
 10
21.2375
 20
15.875
 30
0.0
 40
0.135
  1
S-0299
 11
21.2375
 21
15.875
 31
0.0
100
AcDbAttribute
  2
ID
 70
0
  0
ATTRIB
  5
815
330
17
100
AcDbEntity
  8
0
 60
1
100
AcDbText
 10
21.2375
 20
15.875
 30
0.0
 40
0.135
  1
Дерен белый 'Elegantissima'
 11
21.2375
 21
15.875
 31
0.0
100
AcDbAttribute
  2
PORODA
 70
0
  0
ATTRIB
  5
816
330
17
100
AcDbEntity
  8
0
 60
1
100
AcDbText
 10
21.2375
 20
15.875
 30
0.0
 40
0.135
  1
Край проезжей части, кромка укреплённой полосы обочины: норма 1.0 м, факт 1.75 м (СП 42.13330.2016, таблица 9.1; 743-ПП п. 3.6.3; 623-ПП п. 4.2.4)
 11
21.2375
 21
15.875
 31
0.0
100
AcDbAttribute
  2
NORMA
 70
0
  0
SEQEND
  5
813
330
812
100
AcDbEntity
  8
GREEN_AI_SHRUBS
  0
INSERT
  5
817
330
17
100
AcDbEntity
  8
GREEN_AI_SHRUBS
100
AcDbBlockReference
 66
1
  2
GREEN_AI_SHRUB
 10
21.625
 20
15.875
 30
0.0
 41
0.75
 42
0.75
 43
0.75
  0
ATTRIB
  5
819
330
17
100
AcDbEntity
  8
0
 60
1
100
AcDbText
 10
22.4875
 20
15.875
 30
0.0
 40
0.135
  1
S-0300
 11
22.4875
 21
15.875
 31
0.0
100
AcDbAttribute
  2
ID
 70
0
  0
ATTRIB
  5
81A
330
17
100
AcDbEntity
  8
0
 60
1
100
AcDbText
 10
22.4875
 20
15.875
 30
0.0
 40
0.135
  1
Дерен белый 'Elegantissima'
 11
22.4875
 21
15.875
 31
0.0
100
AcDbAttribute
  2
PORODA
 70
0
  0
ATTRIB
  5
81B
330
17
100
AcDbEntity
  8
0
 60
1
100
AcDbText
 10
22.4875
 20
15.875
 30
0.0
 40
0.135
  1
Край проезжей части, кромка укреплённой полосы обочины: норма 1.0 м, факт 1.75 м (СП 42.13330.2016, таблица 9.1; 743-ПП п. 3.6.3; 623-ПП п. 4.2.4)
 11
22.4875
 21
15.875
 31
0.0
100
AcDbAttribute
  2
NORMA
 70
0
  0
SEQEND
  5
818
330
817
100
AcDbEntity
  8
GREEN_AI_SHRUBS
  0
INSERT
  5
81C
330
17
100
AcDbEntity
  8
GREEN_AI_SHRUBS
100
AcDbBlockReference
 66
1
  2
GREEN_AI_SHRUB
 10
22.875
 20
15.875
 30
0.0
 41
0.75
 42
0.75
 43
0.75
  0
ATTRIB
  5
81E
330
17
100
AcDbEntity
  8
0
 60
1
100
AcDbText
 10
23.7375
 20
15.875
 30
0.0
 40
0.135
  1
S-0301
 11
23.7375
 21
15.875
 31
0.0
100
AcDbAttribute
  2
ID
 70
0
  0
ATTRIB
  5
81F
330
17
100
AcDbEntity
  8
0
 60
1
100
AcDbText
 10
23.7375
 20
15.875
 30
0.0
 40
0.135
  1
Дерен белый 'Elegantissima'
 11
23.7375
 21
15.875
 31
0.0
100
AcDbAttribute
  2
PORODA
 70
0
  0
ATTRIB
  5
820
330
17
100
AcDbEntity
  8
0
 60
1
100
AcDbText
 10
23.7375
 20
15.875
 30
0.0
 40
0.135
  1
Край проезжей части, кромка укреплённой полосы обочины: норма 1.0 м, факт 1.75 м (СП 42.13330.2016, таблица 9.1; 743-ПП п. 3.6.3; 623-ПП п. 4.2.4)
 11
23.7375
 21
15.875
 31
0.0
100
AcDbAttribute
  2
NORMA
 70
0
  0
SEQEND
  5
81D
330
81C
100
AcDbEntity
  8
GREEN_AI_SHRUBS
  0
INSERT
  5
821
330
17
100
AcDbEntity
  8
GREEN_AI_SHRUBS
100
AcDbBlockReference
 66
1
  2
GREEN_AI_SHRUB
 10
24.125
 20
15.875
 30
0.0
 41
0.75
 42
0.75
 43
0.75
  0
ATTRIB
  5
823
330
17
100
AcDbEntity
  8
0
 60
1
100
AcDbText
 10
24.9875
 20
15.875
 30
0.0
 40
0.135
  1
S-0302
 11
24.9875
 21
15.875
 31
0.0
100
AcDbAttribute
  2
ID
 70
0
  0
ATTRIB
  5
824
330
17
100
AcDbEntity
  8
0
 60
1
100
AcDbText
 10
24.9875
 20
15.875
 30
0.0
 40
0.135
  1
Дерен белый 'Elegantissima'
 11
24.9875
 21
15.875
 31
0.0
100
AcDbAttribute
  2
PORODA
 70
0
  0
ATTRIB
  5
825
330
17
100
AcDbEntity
  8
0
 60
1
100
AcDbText
 10
24.9875
 20
15.875
 30
0.0
 40
0.135
  1
Край проезжей части, кромка укреплённой полосы обочины: норма 1.0 м, факт 1.75 м (СП 42.13330.2016, таблица 9.1; 743-ПП п. 3.6.3; 623-ПП п. 4.2.4)
 11
24.9875
 21
15.875
 31
0.0
100
AcDbAttribute
  2
NORMA
 70
0
  0
SEQEND
  5
822
330
821
100
AcDbEntity
  8
GREEN_AI_SHRUBS
  0
INSERT
  5
826
330
17
100
AcDbEntity
  8
GREEN_AI_SHRUBS
100
AcDbBlockReference
 66
1
  2
GREEN_AI_SHRUB
 10
25.375
 20
15.875
 30
0.0
 41
0.75
 42
0.75
 43
0.75
  0
ATTRIB
  5
828
330
17
100
AcDbEntity
  8
0
 60
1
100
AcDbText
 10
26.2375
 20
15.875
 30
0.0
 40
0.135
  1
S-0303
 11
26.2375
 21
15.875
 31
0.0
100
AcDbAttribute
  2
ID
 70
0
  0
ATTRIB
  5
829
330
17
100
AcDbEntity
  8
0
 60
1
100
AcDbText
 10
26.2375
 20
15.875
 30
0.0
 40
0.135
  1
Дерен белый 'Elegantissima'
 11
26.2375
 21
15.875
 31
0.0
100
AcDbAttribute
  2
PORODA
 70
0
  0
ATTRIB
  5
82A
330
17
100
AcDbEntity
  8
0
 60
1
100
AcDbText
 10
26.2375
 20
15.875
 30
0.0
 40
0.135
  1
Край проезжей части, кромка укреплённой полосы обочины: норма 1.0 м, факт 1.75 м (СП 42.13330.2016, таблица 9.1; 743-ПП п. 3.6.3; 623-ПП п. 4.2.4)
 11
26.2375
 21
15.875
 31
0.0
100
AcDbAttribute
  2
NORMA
 70
0
  0
SEQEND
  5
827
330
826
100
AcDbEntity
  8
GREEN_AI_SHRUBS
  0
INSERT
  5
82B
330
17
100
AcDbEntity
  8
GREEN_AI_SHRUBS
100
AcDbBlockReference
 66
1
  2
GREEN_AI_SHRUB
 10
26.625
 20
15.875
 30
0.0
 41
0.75
 42
0.75
 43
0.75
  0
ATTRIB
  5
82D
330
17
100
AcDbEntity
  8
0
 60
1
100
AcDbText
 10
27.4875
 20
15.875
 30
0.0
 40
0.135
  1
S-0304
 11
27.4875
 21
15.875
 31
0.0
100
AcDbAttribute
  2
ID
 70
0
  0
ATTRIB
  5
82E
330
17
100
AcDbEntity
  8
0
 60
1
100
AcDbText
 10
27.4875
 20
15.875
 30
0.0
 40
0.135
  1
Дерен белый 'Elegantissima'
 11
27.4875
 21
15.875
 31
0.0
100
AcDbAttribute
  2
PORODA
 70
0
  0
ATTRIB
  5
82F
330
17
100
AcDbEntity
  8
0
 60
1
100
AcDbText
 10
27.4875
 20
15.875
 30
0.0
 40
0.135
  1
Край проезжей части, кромка укреплённой полосы обочины: норма 1.0 м, факт 1.75 м (СП 42.13330.2016, таблица 9.1; 743-ПП п. 3.6.3; 623-ПП п. 4.2.4)
 11
27.4875
 21
15.875
 31
0.0
100
AcDbAttribute
  2
NORMA
 70
0
  0
SEQEND
  5
82C
330
82B
100
AcDbEntity
  8
GREEN_AI_SHRUBS
  0
INSERT
  5
830
330
17
100
AcDbEntity
  8
GREEN_AI_SHRUBS
100
AcDbBlockReference
 66
1
  2
GREEN_AI_SHRUB
 10
27.875
 20
15.875
 30
0.0
 41
0.75
 42
0.75
 43
0.75
  0
ATTRIB
  5
832
330
17
100
AcDbEntity
  8
0
 60
1
100
AcDbText
 10
28.7375
 20
15.875
 30
0.0
 40
0.135
  1
S-0305
 11
28.7375
 21
15.875
 31
0.0
100
AcDbAttribute
  2
ID
 70
0
  0
ATTRIB
  5
833
330
17
100
AcDbEntity
  8
0
 60
1
100
AcDbText
 10
28.7375
 20
15.875
 30
0.0
 40
0.135
  1
Дерен белый 'Elegantissima'
 11
28.7375
 21
15.875
 31
0.0
100
AcDbAttribute
  2
PORODA
 70
0
  0
ATTRIB
  5
834
330
17
100
AcDbEntity
  8
0
 60
1
100
AcDbText
 10
28.7375
 20
15.875
 30
0.0
 40
0.135
  1
Край проезжей части, кромка укреплённой полосы обочины: норма 1.0 м, факт 1.75 м (СП 42.13330.2016, таблица 9.1; 743-ПП п. 3.6.3; 623-ПП п. 4.2.4)
 11
28.7375
 21
15.875
 31
0.0
100
AcDbAttribute
  2
NORMA
 70
0
  0
SEQEND
  5
831
330
830
100
AcDbEntity
  8
GREEN_AI_SHRUBS
  0
INSERT
  5
835
330
17
100
AcDbEntity
  8
GREEN_AI_SHRUBS
100
AcDbBlockReference
 66
1
  2
GREEN_AI_SHRUB
 10
29.125
 20
15.875
 30
0.0
 41
0.75
 42
0.75
 43
0.75
  0
ATTRIB
  5
837
330
17
100
AcDbEntity
  8
0
 60
1
100
AcDbText
 10
29.9875
 20
15.875
 30
0.0
 40
0.135
  1
S-0306
 11
29.9875
 21
15.875
 31
0.0
100
AcDbAttribute
  2
ID
 70
0
  0
ATTRIB
  5
838
330
17
100
AcDbEntity
  8
0
 60
1
100
AcDbText
 10
29.9875
 20
15.875
 30
0.0
 40
0.135
  1
Дерен белый 'Elegantissima'
 11
29.9875
 21
15.875
 31
0.0
100
AcDbAttribute
  2
PORODA
 70
0
  0
ATTRIB
  5
839
330
17
100
AcDbEntity
  8
0
 60
1
100
AcDbText
 10
29.9875
 20
15.875
 30
0.0
 40
0.135
  1
Край проезжей части, кромка укреплённой полосы обочины: норма 1.0 м, факт 1.75 м (СП 42.13330.2016, таблица 9.1; 743-ПП п. 3.6.3; 623-ПП п. 4.2.4)
 11
29.9875
 21
15.875
 31
0.0
100
AcDbAttribute
  2
NORMA
 70
0
  0
SEQEND
  5
836
330
835
100
AcDbEntity
  8
GREEN_AI_SHRUBS
  0
INSERT
  5
83A
330
17
100
AcDbEntity
  8
GREEN_AI_SHRUBS
100
AcDbBlockReference
 66
1
  2
GREEN_AI_SHRUB
 10
30.375
 20
15.875
 30
0.0
 41
0.75
 42
0.75
 43
0.75
  0
ATTRIB
  5
83C
330
17
100
AcDbEntity
  8
0
 60
1
100
AcDbText
 10
31.2375
 20
15.875
 30
0.0
 40
0.135
  1
S-0307
 11
31.2375
 21
15.875
 31
0.0
100
AcDbAttribute
  2
ID
 70
0
  0
ATTRIB
  5
83D
330
17
100
AcDbEntity
  8
0
 60
1
100
AcDbText
 10
31.2375
 20
15.875
 30
0.0
 40
0.135
  1
Дерен белый 'Elegantissima'
 11
31.2375
 21
15.875
 31
0.0
100
AcDbAttribute
  2
PORODA
 70
0
  0
ATTRIB
  5
83E
330
17
100
AcDbEntity
  8
0
 60
1
100
AcDbText
 10
31.2375
 20
15.875
 30
0.0
 40
0.135
  1
Край проезжей части, кромка укреплённой полосы обочины: норма 1.0 м, факт 1.75 м (СП 42.13330.2016, таблица 9.1; 743-ПП п. 3.6.3; 623-ПП п. 4.2.4)
 11
31.2375
 21
15.875
 31
0.0
100
AcDbAttribute
  2
NORMA
 70
0
  0
SEQEND
  5
83B
330
83A
100
AcDbEntity
  8
GREEN_AI_SHRUBS
  0
INSERT
  5
83F
330
17
100
AcDbEntity
  8
GREEN_AI_SHRUBS
100
AcDbBlockReference
 66
1
  2
GREEN_AI_SHRUB
 10
31.625
 20
15.875
 30
0.0
 41
0.75
 42
0.75
 43
0.75
  0
ATTRIB
  5
841
330
17
100
AcDbEntity
  8
0
 60
1
100
AcDbText
 10
32.4875
 20
15.875
 30
0.0
 40
0.135
  1
S-0308
 11
32.4875
 21
15.875
 31
0.0
100
AcDbAttribute
  2
ID
 70
0
  0
ATTRIB
  5
842
330
17
100
AcDbEntity
  8
0
 60
1
100
AcDbText
 10
32.4875
 20
15.875
 30
0.0
 40
0.135
  1
Дерен белый 'Elegantissima'
 11
32.4875
 21
15.875
 31
0.0
100
AcDbAttribute
  2
PORODA
 70
0
  0
ATTRIB
  5
843
330
17
100
AcDbEntity
  8
0
 60
1
100
AcDbText
 10
32.4875
 20
15.875
 30
0.0
 40
0.135
  1
Край проезжей части, кромка укреплённой полосы обочины: норма 1.0 м, факт 1.75 м (СП 42.13330.2016, таблица 9.1; 743-ПП п. 3.6.3; 623-ПП п. 4.2.4)
 11
32.4875
 21
15.875
 31
0.0
100
AcDbAttribute
  2
NORMA
 70
0
  0
SEQEND
  5
840
330
83F
100
AcDbEntity
  8
GREEN_AI_SHRUBS
  0
INSERT
  5
844
330
17
100
AcDbEntity
  8
GREEN_AI_SHRUBS
100
AcDbBlockReference
 66
1
  2
GREEN_AI_SHRUB
 10
32.875
 20
15.875
 30
0.0
 41
0.75
 42
0.75
 43
0.75
  0
ATTRIB
  5
846
330
17
100
AcDbEntity
  8
0
 60
1
100
AcDbText
 10
33.7375
 20
15.875
 30
0.0
 40
0.135
  1
S-0309
 11
33.7375
 21
15.875
 31
0.0
100
AcDbAttribute
  2
ID
 70
0
  0
ATTRIB
  5
847
330
17
100
AcDbEntity
  8
0
 60
1
100
AcDbText
 10
33.7375
 20
15.875
 30
0.0
 40
0.135
  1
Дерен белый 'Elegantissima'
 11
33.7375
 21
15.875
 31
0.0
100
AcDbAttribute
  2
PORODA
 70
0
  0
ATTRIB
  5
848
330
17
100
AcDbEntity
  8
0
 60
1
100
AcDbText
 10
33.7375
 20
15.875
 30
0.0
 40
0.135
  1
Край проезжей части, кромка укреплённой полосы обочины: норма 1.0 м, факт 1.75 м (СП 42.13330.2016, таблица 9.1; 743-ПП п. 3.6.3; 623-ПП п. 4.2.4)
 11
33.7375
 21
15.875
 31
0.0
100
AcDbAttribute
  2
NORMA
 70
0
  0
SEQEND
  5
845
330
844
100
AcDbEntity
  8
GREEN_AI_SHRUBS
  0
INSERT
  5
849
330
17
100
AcDbEntity
  8
GREEN_AI_SHRUBS
100
AcDbBlockReference
 66
1
  2
GREEN_AI_SHRUB
 10
34.125
 20
15.875
 30
0.0
 41
0.75
 42
0.75
 43
0.75
  0
ATTRIB
  5
84B
330
17
100
AcDbEntity
  8
0
 60
1
100
AcDbText
 10
34.9875
 20
15.875
 30
0.0
 40
0.135
  1
S-0310
 11
34.9875
 21
15.875
 31
0.0
100
AcDbAttribute
  2
ID
 70
0
  0
ATTRIB
  5
84C
330
17
100
AcDbEntity
  8
0
 60
1
100
AcDbText
 10
34.9875
 20
15.875
 30
0.0
 40
0.135
  1
Дерен белый 'Elegantissima'
 11
34.9875
 21
15.875
 31
0.0
100
AcDbAttribute
  2
PORODA
 70
0
  0
ATTRIB
  5
84D
330
17
100
AcDbEntity
  8
0
 60
1
100
AcDbText
 10
34.9875
 20
15.875
 30
0.0
 40
0.135
  1
Край проезжей части, кромка укреплённой полосы обочины: норма 1.0 м, факт 1.75 м (СП 42.13330.2016, таблица 9.1; 743-ПП п. 3.6.3; 623-ПП п. 4.2.4)
 11
34.9875
 21
15.875
 31
0.0
100
AcDbAttribute
  2
NORMA
 70
0
  0
SEQEND
  5
84A
330
849
100
AcDbEntity
  8
GREEN_AI_SHRUBS
  0
INSERT
  5
84E
330
17
100
AcDbEntity
  8
GREEN_AI_SHRUBS
100
AcDbBlockReference
 66
1
  2
GREEN_AI_SHRUB
 10
35.375
 20
15.875
 30
0.0
 41
0.75
 42
0.75
 43
0.75
  0
ATTRIB
  5
850
330
17
100
AcDbEntity
  8
0
 60
1
100
AcDbText
 10
36.2375
 20
15.875
 30
0.0
 40
0.135
  1
S-0311
 11
36.2375
 21
15.875
 31
0.0
100
AcDbAttribute
  2
ID
 70
0
  0
ATTRIB
  5
851
330
17
100
AcDbEntity
  8
0
 60
1
100
AcDbText
 10
36.2375
 20
15.875
 30
0.0
 40
0.135
  1
Дерен белый 'Elegantissima'
 11
36.2375
 21
15.875
 31
0.0
100
AcDbAttribute
  2
PORODA
 70
0
  0
ATTRIB
  5
852
330
17
100
AcDbEntity
  8
0
 60
1
100
AcDbText
 10
36.2375
 20
15.875
 30
0.0
 40
0.135
  1
Край проезжей части, кромка укреплённой полосы обочины: норма 1.0 м, факт 1.75 м (СП 42.13330.2016, таблица 9.1; 743-ПП п. 3.6.3; 623-ПП п. 4.2.4)
 11
36.2375
 21
15.875
 31
0.0
100
AcDbAttribute
  2
NORMA
 70
0
  0
SEQEND
  5
84F
330
84E
100
AcDbEntity
  8
GREEN_AI_SHRUBS
  0
INSERT
  5
853
330
17
100
AcDbEntity
  8
GREEN_AI_SHRUBS
100
AcDbBlockReference
 66
1
  2
GREEN_AI_SHRUB
 10
36.625
 20
15.875
 30
0.0
 41
0.75
 42
0.75
 43
0.75
  0
ATTRIB
  5
855
330
17
100
AcDbEntity
  8
0
 60
1
100
AcDbText
 10
37.4875
 20
15.875
 30
0.0
 40
0.135
  1
S-0312
 11
37.4875
 21
15.875
 31
0.0
100
AcDbAttribute
  2
ID
 70
0
  0
ATTRIB
  5
856
330
17
100
AcDbEntity
  8
0
 60
1
100
AcDbText
 10
37.4875
 20
15.875
 30
0.0
 40
0.135
  1
Дерен белый 'Elegantissima'
 11
37.4875
 21
15.875
 31
0.0
100
AcDbAttribute
  2
PORODA
 70
0
  0
ATTRIB
  5
857
330
17
100
AcDbEntity
  8
0
 60
1
100
AcDbText
 10
37.4875
 20
15.875
 30
0.0
 40
0.135
  1
Край проезжей части, кромка укреплённой полосы обочины: норма 1.0 м, факт 1.75 м (СП 42.13330.2016, таблица 9.1; 743-ПП п. 3.6.3; 623-ПП п. 4.2.4)
 11
37.4875
 21
15.875
 31
0.0
100
AcDbAttribute
  2
NORMA
 70
0
  0
SEQEND
  5
854
330
853
100
AcDbEntity
  8
GREEN_AI_SHRUBS
  0
INSERT
  5
858
330
17
100
AcDbEntity
  8
GREEN_AI_SHRUBS
100
AcDbBlockReference
 66
1
  2
GREEN_AI_SHRUB
 10
37.875
 20
15.875
 30
0.0
 41
0.75
 42
0.75
 43
0.75
  0
ATTRIB
  5
85A
330
17
100
AcDbEntity
  8
0
 60
1
100
AcDbText
 10
38.7375
 20
15.875
 30
0.0
 40
0.135
  1
S-0313
 11
38.7375
 21
15.875
 31
0.0
100
AcDbAttribute
  2
ID
 70
0
  0
ATTRIB
  5
85B
330
17
100
AcDbEntity
  8
0
 60
1
100
AcDbText
 10
38.7375
 20
15.875
 30
0.0
 40
0.135
  1
Дерен белый 'Elegantissima'
 11
38.7375
 21
15.875
 31
0.0
100
AcDbAttribute
  2
PORODA
 70
0
  0
ATTRIB
  5
85C
330
17
100
AcDbEntity
  8
0
 60
1
100
AcDbText
 10
38.7375
 20
15.875
 30
0.0
 40
0.135
  1
Край проезжей части, кромка укреплённой полосы обочины: норма 1.0 м, факт 1.75 м (СП 42.13330.2016, таблица 9.1; 743-ПП п. 3.6.3; 623-ПП п. 4.2.4)
 11
38.7375
 21
15.875
 31
0.0
100
AcDbAttribute
  2
NORMA
 70
0
  0
SEQEND
  5
859
330
858
100
AcDbEntity
  8
GREEN_AI_SHRUBS
  0
INSERT
  5
85D
330
17
100
AcDbEntity
  8
GREEN_AI_SHRUBS
100
AcDbBlockReference
 66
1
  2
GREEN_AI_SHRUB
 10
39.125
 20
15.875
 30
0.0
 41
0.75
 42
0.75
 43
0.75
  0
ATTRIB
  5
85F
330
17
100
AcDbEntity
  8
0
 60
1
100
AcDbText
 10
39.9875
 20
15.875
 30
0.0
 40
0.135
  1
S-0314
 11
39.9875
 21
15.875
 31
0.0
100
AcDbAttribute
  2
ID
 70
0
  0
ATTRIB
  5
860
330
17
100
AcDbEntity
  8
0
 60
1
100
AcDbText
 10
39.9875
 20
15.875
 30
0.0
 40
0.135
  1
Дерен белый 'Elegantissima'
 11
39.9875
 21
15.875
 31
0.0
100
AcDbAttribute
  2
PORODA
 70
0
  0
ATTRIB
  5
861
330
17
100
AcDbEntity
  8
0
 60
1
100
AcDbText
 10
39.9875
 20
15.875
 30
0.0
 40
0.135
  1
Край проезжей части, кромка укреплённой полосы обочины: норма 1.0 м, факт 1.75 м (СП 42.13330.2016, таблица 9.1; 743-ПП п. 3.6.3; 623-ПП п. 4.2.4)
 11
39.9875
 21
15.875
 31
0.0
100
AcDbAttribute
  2
NORMA
 70
0
  0
SEQEND
  5
85E
330
85D
100
AcDbEntity
  8
GREEN_AI_SHRUBS
  0
INSERT
  5
862
330
17
100
AcDbEntity
  8
GREEN_AI_SHRUBS
100
AcDbBlockReference
 66
1
  2
GREEN_AI_SHRUB
 10
40.375
 20
15.875
 30
0.0
 41
0.75
 42
0.75
 43
0.75
  0
ATTRIB
  5
864
330
17
100
AcDbEntity
  8
0
 60
1
100
AcDbText
 10
41.2375
 20
15.875
 30
0.0
 40
0.135
  1
S-0315
 11
41.2375
 21
15.875
 31
0.0
100
AcDbAttribute
  2
ID
 70
0
  0
ATTRIB
  5
865
330
17
100
AcDbEntity
  8
0
 60
1
100
AcDbText
 10
41.2375
 20
15.875
 30
0.0
 40
0.135
  1
Дерен белый 'Elegantissima'
 11
41.2375
 21
15.875
 31
0.0
100
AcDbAttribute
  2
PORODA
 70
0
  0
ATTRIB
  5
866
330
17
100
AcDbEntity
  8
0
 60
1
100
AcDbText
 10
41.2375
 20
15.875
 30
0.0
 40
0.135
  1
Край проезжей части, кромка укреплённой полосы обочины: норма 1.0 м, факт 1.75 м (СП 42.13330.2016, таблица 9.1; 743-ПП п. 3.6.3; 623-ПП п. 4.2.4)
 11
41.2375
 21
15.875
 31
0.0
100
AcDbAttribute
  2
NORMA
 70
0
  0
SEQEND
  5
863
330
862
100
AcDbEntity
  8
GREEN_AI_SHRUBS
  0
INSERT
  5
867
330
17
100
AcDbEntity
  8
GREEN_AI_SHRUBS
100
AcDbBlockReference
 66
1
  2
GREEN_AI_SHRUB
 10
41.625
 20
15.875
 30
0.0
 41
0.75
 42
0.75
 43
0.75
  0
ATTRIB
  5
869
330
17
100
AcDbEntity
  8
0
 60
1
100
AcDbText
 10
42.4875
 20
15.875
 30
0.0
 40
0.135
  1
S-0316
 11
42.4875
 21
15.875
 31
0.0
100
AcDbAttribute
  2
ID
 70
0
  0
ATTRIB
  5
86A
330
17
100
AcDbEntity
  8
0
 60
1
100
AcDbText
 10
42.4875
 20
15.875
 30
0.0
 40
0.135
  1
Дерен белый 'Elegantissima'
 11
42.4875
 21
15.875
 31
0.0
100
AcDbAttribute
  2
PORODA
 70
0
  0
ATTRIB
  5
86B
330
17
100
AcDbEntity
  8
0
 60
1
100
AcDbText
 10
42.4875
 20
15.875
 30
0.0
 40
0.135
  1
Край проезжей части, кромка укреплённой полосы обочины: норма 1.0 м, факт 1.75 м (СП 42.13330.2016, таблица 9.1; 743-ПП п. 3.6.3; 623-ПП п. 4.2.4)
 11
42.4875
 21
15.875
 31
0.0
100
AcDbAttribute
  2
NORMA
 70
0
  0
SEQEND
  5
868
330
867
100
AcDbEntity
  8
GREEN_AI_SHRUBS
  0
INSERT
  5
86C
330
17
100
AcDbEntity
  8
GREEN_AI_SHRUBS
100
AcDbBlockReference
 66
1
  2
GREEN_AI_SHRUB
 10
42.875
 20
15.875
 30
0.0
 41
0.75
 42
0.75
 43
0.75
  0
ATTRIB
  5
86E
330
17
100
AcDbEntity
  8
0
 60
1
100
AcDbText
 10
43.7375
 20
15.875
 30
0.0
 40
0.135
  1
S-0317
 11
43.7375
 21
15.875
 31
0.0
100
AcDbAttribute
  2
ID
 70
0
  0
ATTRIB
  5
86F
330
17
100
AcDbEntity
  8
0
 60
1
100
AcDbText
 10
43.7375
 20
15.875
 30
0.0
 40
0.135
  1
Дерен белый 'Elegantissima'
 11
43.7375
 21
15.875
 31
0.0
100
AcDbAttribute
  2
PORODA
 70
0
  0
ATTRIB
  5
870
330
17
100
AcDbEntity
  8
0
 60
1
100
AcDbText
 10
43.7375
 20
15.875
 30
0.0
 40
0.135
  1
Край проезжей части, кромка укреплённой полосы обочины: норма 1.0 м, факт 1.75 м (СП 42.13330.2016, таблица 9.1; 743-ПП п. 3.6.3; 623-ПП п. 4.2.4)
 11
43.7375
 21
15.875
 31
0.0
100
AcDbAttribute
  2
NORMA
 70
0
  0
SEQEND
  5
86D
330
86C
100
AcDbEntity
  8
GREEN_AI_SHRUBS
  0
INSERT
  5
871
330
17
100
AcDbEntity
  8
GREEN_AI_SHRUBS
100
AcDbBlockReference
 66
1
  2
GREEN_AI_SHRUB
 10
44.125
 20
15.875
 30
0.0
 41
0.75
 42
0.75
 43
0.75
  0
ATTRIB
  5
873
330
17
100
AcDbEntity
  8
0
 60
1
100
AcDbText
 10
44.9875
 20
15.875
 30
0.0
 40
0.135
  1
S-0318
 11
44.9875
 21
15.875
 31
0.0
100
AcDbAttribute
  2
ID
 70
0
  0
ATTRIB
  5
874
330
17
100
AcDbEntity
  8
0
 60
1
100
AcDbText
 10
44.9875
 20
15.875
 30
0.0
 40
0.135
  1
Дерен белый 'Elegantissima'
 11
44.9875
 21
15.875
 31
0.0
100
AcDbAttribute
  2
PORODA
 70
0
  0
ATTRIB
  5
875
330
17
100
AcDbEntity
  8
0
 60
1
100
AcDbText
 10
44.9875
 20
15.875
 30
0.0
 40
0.135
  1
Край проезжей части, кромка укреплённой полосы обочины: норма 1.0 м, факт 1.75 м (СП 42.13330.2016, таблица 9.1; 743-ПП п. 3.6.3; 623-ПП п. 4.2.4)
 11
44.9875
 21
15.875
 31
0.0
100
AcDbAttribute
  2
NORMA
 70
0
  0
SEQEND
  5
872
330
871
100
AcDbEntity
  8
GREEN_AI_SHRUBS
  0
INSERT
  5
876
330
17
100
AcDbEntity
  8
GREEN_AI_SHRUBS
100
AcDbBlockReference
 66
1
  2
GREEN_AI_SHRUB
 10
45.375
 20
15.875
 30
0.0
 41
0.75
 42
0.75
 43
0.75
  0
ATTRIB
  5
878
330
17
100
AcDbEntity
  8
0
 60
1
100
AcDbText
 10
46.2375
 20
15.875
 30
0.0
 40
0.135
  1
S-0319
 11
46.2375
 21
15.875
 31
0.0
100
AcDbAttribute
  2
ID
 70
0
  0
ATTRIB
  5
879
330
17
100
AcDbEntity
  8
0
 60
1
100
AcDbText
 10
46.2375
 20
15.875
 30
0.0
 40
0.135
  1
Дерен белый 'Elegantissima'
 11
46.2375
 21
15.875
 31
0.0
100
AcDbAttribute
  2
PORODA
 70
0
  0
ATTRIB
  5
87A
330
17
100
AcDbEntity
  8
0
 60
1
100
AcDbText
 10
46.2375
 20
15.875
 30
0.0
 40
0.135
  1
Край проезжей части, кромка укреплённой полосы обочины: норма 1.0 м, факт 1.75 м (СП 42.13330.2016, таблица 9.1; 743-ПП п. 3.6.3; 623-ПП п. 4.2.4)
 11
46.2375
 21
15.875
 31
0.0
100
AcDbAttribute
  2
NORMA
 70
0
  0
SEQEND
  5
877
330
876
100
AcDbEntity
  8
GREEN_AI_SHRUBS
  0
INSERT
  5
87B
330
17
100
AcDbEntity
  8
GREEN_AI_SHRUBS
100
AcDbBlockReference
 66
1
  2
GREEN_AI_SHRUB
 10
46.625
 20
15.875
 30
0.0
 41
0.75
 42
0.75
 43
0.75
  0
ATTRIB
  5
87D
330
17
100
AcDbEntity
  8
0
 60
1
100
AcDbText
 10
47.4875
 20
15.875
 30
0.0
 40
0.135
  1
S-0320
 11
47.4875
 21
15.875
 31
0.0
100
AcDbAttribute
  2
ID
 70
0
  0
ATTRIB
  5
87E
330
17
100
AcDbEntity
  8
0
 60
1
100
AcDbText
 10
47.4875
 20
15.875
 30
0.0
 40
0.135
  1
Дерен белый 'Elegantissima'
 11
47.4875
 21
15.875
 31
0.0
100
AcDbAttribute
  2
PORODA
 70
0
  0
ATTRIB
  5
87F
330
17
100
AcDbEntity
  8
0
 60
1
100
AcDbText
 10
47.4875
 20
15.875
 30
0.0
 40
0.135
  1
Край проезжей части, кромка укреплённой полосы обочины: норма 1.0 м, факт 1.75 м (СП 42.13330.2016, таблица 9.1; 743-ПП п. 3.6.3; 623-ПП п. 4.2.4)
 11
47.4875
 21
15.875
 31
0.0
100
AcDbAttribute
  2
NORMA
 70
0
  0
SEQEND
  5
87C
330
87B
100
AcDbEntity
  8
GREEN_AI_SHRUBS
  0
INSERT
  5
880
330
17
100
AcDbEntity
  8
GREEN_AI_SHRUBS
100
AcDbBlockReference
 66
1
  2
GREEN_AI_SHRUB
 10
47.875
 20
15.875
 30
0.0
  0
ATTRIB
  5
882
330
17
100
AcDbEntity
  8
0
 60
1
100
AcDbText
 10
49.025
 20
15.875
 30
0.0
 40
0.18
  1
S-0321
 11
49.025
 21
15.875
 31
0.0
100
AcDbAttribute
  2
ID
 70
0
  0
ATTRIB
  5
883
330
17
100
AcDbEntity
  8
0
 60
1
100
AcDbText
 10
49.025
 20
15.875
 30
0.0
 40
0.18
  1
Сирень обыкновенная
 11
49.025
 21
15.875
 31
0.0
100
AcDbAttribute
  2
PORODA
 70
0
  0
ATTRIB
  5
884
330
17
100
AcDbEntity
  8
0
 60
1
100
AcDbText
 10
49.025
 20
15.875
 30
0.0
 40
0.18
  1
Край проезжей части, кромка укреплённой полосы обочины: норма 1.0 м, факт 1.75 м (СП 42.13330.2016, таблица 9.1; 743-ПП п. 3.6.3; 623-ПП п. 4.2.4)
 11
49.025
 21
15.875
 31
0.0
100
AcDbAttribute
  2
NORMA
 70
0
  0
SEQEND
  5
881
330
880
100
AcDbEntity
  8
GREEN_AI_SHRUBS
  0
INSERT
  5
885
330
17
100
AcDbEntity
  8
GREEN_AI_SHRUBS
100
AcDbBlockReference
 66
1
  2
GREEN_AI_SHRUB
 10
49.125
 20
15.875
 30
0.0
  0
ATTRIB
  5
887
330
17
100
AcDbEntity
  8
0
 60
1
100
AcDbText
 10
50.275
 20
15.875
 30
0.0
 40
0.18
  1
S-0322
 11
50.275
 21
15.875
 31
0.0
100
AcDbAttribute
  2
ID
 70
0
  0
ATTRIB
  5
888
330
17
100
AcDbEntity
  8
0
 60
1
100
AcDbText
 10
50.275
 20
15.875
 30
0.0
 40
0.18
  1
Сирень обыкновенная
 11
50.275
 21
15.875
 31
0.0
100
AcDbAttribute
  2
PORODA
 70
0
  0
ATTRIB
  5
889
330
17
100
AcDbEntity
  8
0
 60
1
100
AcDbText
 10
50.275
 20
15.875
 30
0.0
 40
0.18
  1
Край проезжей части, кромка укреплённой полосы обочины: норма 1.0 м, факт 1.75 м (СП 42.13330.2016, таблица 9.1; 743-ПП п. 3.6.3; 623-ПП п. 4.2.4)
 11
50.275
 21
15.875
 31
0.0
100
AcDbAttribute
  2
NORMA
 70
0
  0
SEQEND
  5
886
330
885
100
AcDbEntity
  8
GREEN_AI_SHRUBS
  0
INSERT
  5
88A
330
17
100
AcDbEntity
  8
GREEN_AI_SHRUBS
100
AcDbBlockReference
 66
1
  2
GREEN_AI_SHRUB
 10
50.375
 20
15.875
 30
0.0
  0
ATTRIB
  5
88C
330
17
100
AcDbEntity
  8
0
 60
1
100
AcDbText
 10
51.525
 20
15.875
 30
0.0
 40
0.18
  1
S-0323
 11
51.525
 21
15.875
 31
0.0
100
AcDbAttribute
  2
ID
 70
0
  0
ATTRIB
  5
88D
330
17
100
AcDbEntity
  8
0
 60
1
100
AcDbText
 10
51.525
 20
15.875
 30
0.0
 40
0.18
  1
Сирень обыкновенная
 11
51.525
 21
15.875
 31
0.0
100
AcDbAttribute
  2
PORODA
 70
0
  0
ATTRIB
  5
88E
330
17
100
AcDbEntity
  8
0
 60
1
100
AcDbText
 10
51.525
 20
15.875
 30
0.0
 40
0.18
  1
Край проезжей части, кромка укреплённой полосы обочины: норма 1.0 м, факт 1.75 м (СП 42.13330.2016, таблица 9.1; 743-ПП п. 3.6.3; 623-ПП п. 4.2.4)
 11
51.525
 21
15.875
 31
0.0
100
AcDbAttribute
  2
NORMA
 70
0
  0
SEQEND
  5
88B
330
88A
100
AcDbEntity
  8
GREEN_AI_SHRUBS
  0
INSERT
  5
88F
330
17
100
AcDbEntity
  8
GREEN_AI_SHRUBS
100
AcDbBlockReference
 66
1
  2
GREEN_AI_SHRUB
 10
51.625
 20
15.875
 30
0.0
  0
ATTRIB
  5
891
330
17
100
AcDbEntity
  8
0
 60
1
100
AcDbText
 10
52.775
 20
15.875
 30
0.0
 40
0.18
  1
S-0324
 11
52.775
 21
15.875
 31
0.0
100
AcDbAttribute
  2
ID
 70
0
  0
ATTRIB
  5
892
330
17
100
AcDbEntity
  8
0
 60
1
100
AcDbText
 10
52.775
 20
15.875
 30
0.0
 40
0.18
  1
Сирень обыкновенная
 11
52.775
 21
15.875
 31
0.0
100
AcDbAttribute
  2
PORODA
 70
0
  0
ATTRIB
  5
893
330
17
100
AcDbEntity
  8
0
 60
1
100
AcDbText
 10
52.775
 20
15.875
 30
0.0
 40
0.18
  1
Край проезжей части, кромка укреплённой полосы обочины: норма 1.0 м, факт 1.75 м (СП 42.13330.2016, таблица 9.1; 743-ПП п. 3.6.3; 623-ПП п. 4.2.4)
 11
52.775
 21
15.875
 31
0.0
100
AcDbAttribute
  2
NORMA
 70
0
  0
SEQEND
  5
890
330
88F
100
AcDbEntity
  8
GREEN_AI_SHRUBS
  0
INSERT
  5
894
330
17
100
AcDbEntity
  8
GREEN_AI_SHRUBS
100
AcDbBlockReference
 66
1
  2
GREEN_AI_SHRUB
 10
52.875
 20
15.875
 30
0.0
  0
ATTRIB
  5
896
330
17
100
AcDbEntity
  8
0
 60
1
100
AcDbText
 10
54.025
 20
15.875
 30
0.0
 40
0.18
  1
S-0325
 11
54.025
 21
15.875
 31
0.0
100
AcDbAttribute
  2
ID
 70
0
  0
ATTRIB
  5
897
330
17
100
AcDbEntity
  8
0
 60
1
100
AcDbText
 10
54.025
 20
15.875
 30
0.0
 40
0.18
  1
Сирень обыкновенная
 11
54.025
 21
15.875
 31
0.0
100
AcDbAttribute
  2
PORODA
 70
0
  0
ATTRIB
  5
898
330
17
100
AcDbEntity
  8
0
 60
1
100
AcDbText
 10
54.025
 20
15.875
 30
0.0
 40
0.18
  1
Край проезжей части, кромка укреплённой полосы обочины: норма 1.0 м, факт 1.75 м (СП 42.13330.2016, таблица 9.1; 743-ПП п. 3.6.3; 623-ПП п. 4.2.4)
 11
54.025
 21
15.875
 31
0.0
100
AcDbAttribute
  2
NORMA
 70
0
  0
SEQEND
  5
895
330
894
100
AcDbEntity
  8
GREEN_AI_SHRUBS
  0
INSERT
  5
899
330
17
100
AcDbEntity
  8
GREEN_AI_SHRUBS
100
AcDbBlockReference
 66
1
  2
GREEN_AI_SHRUB
 10
54.125
 20
15.875
 30
0.0
  0
ATTRIB
  5
89B
330
17
100
AcDbEntity
  8
0
 60
1
100
AcDbText
 10
55.275
 20
15.875
 30
0.0
 40
0.18
  1
S-0326
 11
55.275
 21
15.875
 31
0.0
100
AcDbAttribute
  2
ID
 70
0
  0
ATTRIB
  5
89C
330
17
100
AcDbEntity
  8
0
 60
1
100
AcDbText
 10
55.275
 20
15.875
 30
0.0
 40
0.18
  1
Сирень обыкновенная
 11
55.275
 21
15.875
 31
0.0
100
AcDbAttribute
  2
PORODA
 70
0
  0
ATTRIB
  5
89D
330
17
100
AcDbEntity
  8
0
 60
1
100
AcDbText
 10
55.275
 20
15.875
 30
0.0
 40
0.18
  1
Край проезжей части, кромка укреплённой полосы обочины: норма 1.0 м, факт 1.75 м (СП 42.13330.2016, таблица 9.1; 743-ПП п. 3.6.3; 623-ПП п. 4.2.4)
 11
55.275
 21
15.875
 31
0.0
100
AcDbAttribute
  2
NORMA
 70
0
  0
SEQEND
  5
89A
330
899
100
AcDbEntity
  8
GREEN_AI_SHRUBS
  0
INSERT
  5
89E
330
17
100
AcDbEntity
  8
GREEN_AI_SHRUBS
100
AcDbBlockReference
 66
1
  2
GREEN_AI_SHRUB
 10
55.375
 20
15.875
 30
0.0
  0
ATTRIB
  5
8A0
330
17
100
AcDbEntity
  8
0
 60
1
100
AcDbText
 10
56.525
 20
15.875
 30
0.0
 40
0.18
  1
S-0327
 11
56.525
 21
15.875
 31
0.0
100
AcDbAttribute
  2
ID
 70
0
  0
ATTRIB
  5
8A1
330
17
100
AcDbEntity
  8
0
 60
1
100
AcDbText
 10
56.525
 20
15.875
 30
0.0
 40
0.18
  1
Сирень обыкновенная
 11
56.525
 21
15.875
 31
0.0
100
AcDbAttribute
  2
PORODA
 70
0
  0
ATTRIB
  5
8A2
330
17
100
AcDbEntity
  8
0
 60
1
100
AcDbText
 10
56.525
 20
15.875
 30
0.0
 40
0.18
  1
Край проезжей части, кромка укреплённой полосы обочины: норма 1.0 м, факт 1.75 м (СП 42.13330.2016, таблица 9.1; 743-ПП п. 3.6.3; 623-ПП п. 4.2.4)
 11
56.525
 21
15.875
 31
0.0
100
AcDbAttribute
  2
NORMA
 70
0
  0
SEQEND
  5
89F
330
89E
100
AcDbEntity
  8
GREEN_AI_SHRUBS
  0
INSERT
  5
8A3
330
17
100
AcDbEntity
  8
GREEN_AI_SHRUBS
100
AcDbBlockReference
 66
1
  2
GREEN_AI_SHRUB
 10
56.625
 20
15.875
 30
0.0
  0
ATTRIB
  5
8A5
330
17
100
AcDbEntity
  8
0
 60
1
100
AcDbText
 10
57.775
 20
15.875
 30
0.0
 40
0.18
  1
S-0328
 11
57.775
 21
15.875
 31
0.0
100
AcDbAttribute
  2
ID
 70
0
  0
ATTRIB
  5
8A6
330
17
100
AcDbEntity
  8
0
 60
1
100
AcDbText
 10
57.775
 20
15.875
 30
0.0
 40
0.18
  1
Сирень обыкновенная
 11
57.775
 21
15.875
 31
0.0
100
AcDbAttribute
  2
PORODA
 70
0
  0
ATTRIB
  5
8A7
330
17
100
AcDbEntity
  8
0
 60
1
100
AcDbText
 10
57.775
 20
15.875
 30
0.0
 40
0.18
  1
Край проезжей части, кромка укреплённой полосы обочины: норма 1.0 м, факт 1.75 м (СП 42.13330.2016, таблица 9.1; 743-ПП п. 3.6.3; 623-ПП п. 4.2.4)
 11
57.775
 21
15.875
 31
0.0
100
AcDbAttribute
  2
NORMA
 70
0
  0
SEQEND
  5
8A4
330
8A3
100
AcDbEntity
  8
GREEN_AI_SHRUBS
  0
INSERT
  5
8A8
330
17
100
AcDbEntity
  8
GREEN_AI_SHRUBS
100
AcDbBlockReference
 66
1
  2
GREEN_AI_SHRUB
 10
57.875
 20
15.875
 30
0.0
  0
ATTRIB
  5
8AA
330
17
100
AcDbEntity
  8
0
 60
1
100
AcDbText
 10
59.025
 20
15.875
 30
0.0
 40
0.18
  1
S-0329
 11
59.025
 21
15.875
 31
0.0
100
AcDbAttribute
  2
ID
 70
0
  0
ATTRIB
  5
8AB
330
17
100
AcDbEntity
  8
0
 60
1
100
AcDbText
 10
59.025
 20
15.875
 30
0.0
 40
0.18
  1
Сирень обыкновенная
 11
59.025
 21
15.875
 31
0.0
100
AcDbAttribute
  2
PORODA
 70
0
  0
ATTRIB
  5
8AC
330
17
100
AcDbEntity
  8
0
 60
1
100
AcDbText
 10
59.025
 20
15.875
 30
0.0
 40
0.18
  1
Край проезжей части, кромка укреплённой полосы обочины: норма 1.0 м, факт 1.75 м (СП 42.13330.2016, таблица 9.1; 743-ПП п. 3.6.3; 623-ПП п. 4.2.4)
 11
59.025
 21
15.875
 31
0.0
100
AcDbAttribute
  2
NORMA
 70
0
  0
SEQEND
  5
8A9
330
8A8
100
AcDbEntity
  8
GREEN_AI_SHRUBS
  0
INSERT
  5
8AD
330
17
100
AcDbEntity
  8
GREEN_AI_SHRUBS
100
AcDbBlockReference
 66
1
  2
GREEN_AI_SHRUB
 10
59.125
 20
15.875
 30
0.0
  0
ATTRIB
  5
8AF
330
17
100
AcDbEntity
  8
0
 60
1
100
AcDbText
 10
60.275
 20
15.875
 30
0.0
 40
0.18
  1
S-0330
 11
60.275
 21
15.875
 31
0.0
100
AcDbAttribute
  2
ID
 70
0
  0
ATTRIB
  5
8B0
330
17
100
AcDbEntity
  8
0
 60
1
100
AcDbText
 10
60.275
 20
15.875
 30
0.0
 40
0.18
  1
Сирень обыкновенная
 11
60.275
 21
15.875
 31
0.0
100
AcDbAttribute
  2
PORODA
 70
0
  0
ATTRIB
  5
8B1
330
17
100
AcDbEntity
  8
0
 60
1
100
AcDbText
 10
60.275
 20
15.875
 30
0.0
 40
0.18
  1
Край проезжей части, кромка укреплённой полосы обочины: норма 1.0 м, факт 1.75 м (СП 42.13330.2016, таблица 9.1; 743-ПП п. 3.6.3; 623-ПП п. 4.2.4)
 11
60.275
 21
15.875
 31
0.0
100
AcDbAttribute
  2
NORMA
 70
0
  0
SEQEND
  5
8AE
330
8AD
100
AcDbEntity
  8
GREEN_AI_SHRUBS
  0
INSERT
  5
8B2
330
17
100
AcDbEntity
  8
GREEN_AI_SHRUBS
100
AcDbBlockReference
 66
1
  2
GREEN_AI_SHRUB
 10
60.375
 20
15.875
 30
0.0
  0
ATTRIB
  5
8B4
330
17
100
AcDbEntity
  8
0
 60
1
100
AcDbText
 10
61.525
 20
15.875
 30
0.0
 40
0.18
  1
S-0331
 11
61.525
 21
15.875
 31
0.0
100
AcDbAttribute
  2
ID
 70
0
  0
ATTRIB
  5
8B5
330
17
100
AcDbEntity
  8
0
 60
1
100
AcDbText
 10
61.525
 20
15.875
 30
0.0
 40
0.18
  1
Сирень обыкновенная
 11
61.525
 21
15.875
 31
0.0
100
AcDbAttribute
  2
PORODA
 70
0
  0
ATTRIB
  5
8B6
330
17
100
AcDbEntity
  8
0
 60
1
100
AcDbText
 10
61.525
 20
15.875
 30
0.0
 40
0.18
  1
Край проезжей части, кромка укреплённой полосы обочины: норма 1.0 м, факт 1.75 м (СП 42.13330.2016, таблица 9.1; 743-ПП п. 3.6.3; 623-ПП п. 4.2.4)
 11
61.525
 21
15.875
 31
0.0
100
AcDbAttribute
  2
NORMA
 70
0
  0
SEQEND
  5
8B3
330
8B2
100
AcDbEntity
  8
GREEN_AI_SHRUBS
  0
INSERT
  5
8B7
330
17
100
AcDbEntity
  8
GREEN_AI_SHRUBS
100
AcDbBlockReference
 66
1
  2
GREEN_AI_SHRUB
 10
61.625
 20
15.875
 30
0.0
  0
ATTRIB
  5
8B9
330
17
100
AcDbEntity
  8
0
 60
1
100
AcDbText
 10
62.775
 20
15.875
 30
0.0
 40
0.18
  1
S-0332
 11
62.775
 21
15.875
 31
0.0
100
AcDbAttribute
  2
ID
 70
0
  0
ATTRIB
  5
8BA
330
17
100
AcDbEntity
  8
0
 60
1
100
AcDbText
 10
62.775
 20
15.875
 30
0.0
 40
0.18
  1
Сирень обыкновенная
 11
62.775
 21
15.875
 31
0.0
100
AcDbAttribute
  2
PORODA
 70
0
  0
ATTRIB
  5
8BB
330
17
100
AcDbEntity
  8
0
 60
1
100
AcDbText
 10
62.775
 20
15.875
 30
0.0
 40
0.18
  1
Край проезжей части, кромка укреплённой полосы обочины: норма 1.0 м, факт 1.75 м (СП 42.13330.2016, таблица 9.1; 743-ПП п. 3.6.3; 623-ПП п. 4.2.4)
 11
62.775
 21
15.875
 31
0.0
100
AcDbAttribute
  2
NORMA
 70
0
  0
SEQEND
  5
8B8
330
8B7
100
AcDbEntity
  8
GREEN_AI_SHRUBS
  0
INSERT
  5
8BC
330
17
100
AcDbEntity
  8
GREEN_AI_SHRUBS
100
AcDbBlockReference
 66
1
  2
GREEN_AI_SHRUB
 10
62.875
 20
15.875
 30
0.0
  0
ATTRIB
  5
8BE
330
17
100
AcDbEntity
  8
0
 60
1
100
AcDbText
 10
64.025
 20
15.875
 30
0.0
 40
0.18
  1
S-0333
 11
64.025
 21
15.875
 31
0.0
100
AcDbAttribute
  2
ID
 70
0
  0
ATTRIB
  5
8BF
330
17
100
AcDbEntity
  8
0
 60
1
100
AcDbText
 10
64.025
 20
15.875
 30
0.0
 40
0.18
  1
Сирень обыкновенная
 11
64.025
 21
15.875
 31
0.0
100
AcDbAttribute
  2
PORODA
 70
0
  0
ATTRIB
  5
8C0
330
17
100
AcDbEntity
  8
0
 60
1
100
AcDbText
 10
64.025
 20
15.875
 30
0.0
 40
0.18
  1
Край проезжей части, кромка укреплённой полосы обочины: норма 1.0 м, факт 1.75 м (СП 42.13330.2016, таблица 9.1; 743-ПП п. 3.6.3; 623-ПП п. 4.2.4)
 11
64.025
 21
15.875
 31
0.0
100
AcDbAttribute
  2
NORMA
 70
0
  0
SEQEND
  5
8BD
330
8BC
100
AcDbEntity
  8
GREEN_AI_SHRUBS
  0
INSERT
  5
8C1
330
17
100
AcDbEntity
  8
GREEN_AI_SHRUBS
100
AcDbBlockReference
 66
1
  2
GREEN_AI_SHRUB
 10
64.125
 20
15.875
 30
0.0
  0
ATTRIB
  5
8C3
330
17
100
AcDbEntity
  8
0
 60
1
100
AcDbText
 10
65.275
 20
15.875
 30
0.0
 40
0.18
  1
S-0334
 11
65.275
 21
15.875
 31
0.0
100
AcDbAttribute
  2
ID
 70
0
  0
ATTRIB
  5
8C4
330
17
100
AcDbEntity
  8
0
 60
1
100
AcDbText
 10
65.275
 20
15.875
 30
0.0
 40
0.18
  1
Сирень обыкновенная
 11
65.275
 21
15.875
 31
0.0
100
AcDbAttribute
  2
PORODA
 70
0
  0
ATTRIB
  5
8C5
330
17
100
AcDbEntity
  8
0
 60
1
100
AcDbText
 10
65.275
 20
15.875
 30
0.0
 40
0.18
  1
Край проезжей части, кромка укреплённой полосы обочины: норма 1.0 м, факт 1.75 м (СП 42.13330.2016, таблица 9.1; 743-ПП п. 3.6.3; 623-ПП п. 4.2.4)
 11
65.275
 21
15.875
 31
0.0
100
AcDbAttribute
  2
NORMA
 70
0
  0
SEQEND
  5
8C2
330
8C1
100
AcDbEntity
  8
GREEN_AI_SHRUBS
  0
INSERT
  5
8C6
330
17
100
AcDbEntity
  8
GREEN_AI_SHRUBS
100
AcDbBlockReference
 66
1
  2
GREEN_AI_SHRUB
 10
65.375
 20
15.875
 30
0.0
  0
ATTRIB
  5
8C8
330
17
100
AcDbEntity
  8
0
 60
1
100
AcDbText
 10
66.525
 20
15.875
 30
0.0
 40
0.18
  1
S-0335
 11
66.525
 21
15.875
 31
0.0
100
AcDbAttribute
  2
ID
 70
0
  0
ATTRIB
  5
8C9
330
17
100
AcDbEntity
  8
0
 60
1
100
AcDbText
 10
66.525
 20
15.875
 30
0.0
 40
0.18
  1
Сирень обыкновенная
 11
66.525
 21
15.875
 31
0.0
100
AcDbAttribute
  2
PORODA
 70
0
  0
ATTRIB
  5
8CA
330
17
100
AcDbEntity
  8
0
 60
1
100
AcDbText
 10
66.525
 20
15.875
 30
0.0
 40
0.18
  1
Край проезжей части, кромка укреплённой полосы обочины: норма 1.0 м, факт 1.75 м (СП 42.13330.2016, таблица 9.1; 743-ПП п. 3.6.3; 623-ПП п. 4.2.4)
 11
66.525
 21
15.875
 31
0.0
100
AcDbAttribute
  2
NORMA
 70
0
  0
SEQEND
  5
8C7
330
8C6
100
AcDbEntity
  8
GREEN_AI_SHRUBS
  0
INSERT
  5
8CB
330
17
100
AcDbEntity
  8
GREEN_AI_SHRUBS
100
AcDbBlockReference
 66
1
  2
GREEN_AI_SHRUB
 10
66.625
 20
15.875
 30
0.0
  0
ATTRIB
  5
8CD
330
17
100
AcDbEntity
  8
0
 60
1
100
AcDbText
 10
67.775
 20
15.875
 30
0.0
 40
0.18
  1
S-0336
 11
67.775
 21
15.875
 31
0.0
100
AcDbAttribute
  2
ID
 70
0
  0
ATTRIB
  5
8CE
330
17
100
AcDbEntity
  8
0
 60
1
100
AcDbText
 10
67.775
 20
15.875
 30
0.0
 40
0.18
  1
Сирень обыкновенная
 11
67.775
 21
15.875
 31
0.0
100
AcDbAttribute
  2
PORODA
 70
0
  0
ATTRIB
  5
8CF
330
17
100
AcDbEntity
  8
0
 60
1
100
AcDbText
 10
67.775
 20
15.875
 30
0.0
 40
0.18
  1
Край проезжей части, кромка укреплённой полосы обочины: норма 1.0 м, факт 1.75 м (СП 42.13330.2016, таблица 9.1; 743-ПП п. 3.6.3; 623-ПП п. 4.2.4)
 11
67.775
 21
15.875
 31
0.0
100
AcDbAttribute
  2
NORMA
 70
0
  0
SEQEND
  5
8CC
330
8CB
100
AcDbEntity
  8
GREEN_AI_SHRUBS
  0
INSERT
  5
8D0
330
17
100
AcDbEntity
  8
GREEN_AI_SHRUBS
100
AcDbBlockReference
 66
1
  2
GREEN_AI_SHRUB
 10
67.875
 20
15.875
 30
0.0
  0
ATTRIB
  5
8D2
330
17
100
AcDbEntity
  8
0
 60
1
100
AcDbText
 10
69.025
 20
15.875
 30
0.0
 40
0.18
  1
S-0337
 11
69.025
 21
15.875
 31
0.0
100
AcDbAttribute
  2
ID
 70
0
  0
ATTRIB
  5
8D3
330
17
100
AcDbEntity
  8
0
 60
1
100
AcDbText
 10
69.025
 20
15.875
 30
0.0
 40
0.18
  1
Сирень обыкновенная
 11
69.025
 21
15.875
 31
0.0
100
AcDbAttribute
  2
PORODA
 70
0
  0
ATTRIB
  5
8D4
330
17
100
AcDbEntity
  8
0
 60
1
100
AcDbText
 10
69.025
 20
15.875
 30
0.0
 40
0.18
  1
Край проезжей части, кромка укреплённой полосы обочины: норма 1.0 м, факт 1.75 м (СП 42.13330.2016, таблица 9.1; 743-ПП п. 3.6.3; 623-ПП п. 4.2.4)
 11
69.025
 21
15.875
 31
0.0
100
AcDbAttribute
  2
NORMA
 70
0
  0
SEQEND
  5
8D1
330
8D0
100
AcDbEntity
  8
GREEN_AI_SHRUBS
  0
INSERT
  5
8D5
330
17
100
AcDbEntity
  8
GREEN_AI_SHRUBS
100
AcDbBlockReference
 66
1
  2
GREEN_AI_SHRUB
 10
69.125
 20
15.875
 30
0.0
  0
ATTRIB
  5
8D7
330
17
100
AcDbEntity
  8
0
 60
1
100
AcDbText
 10
70.275
 20
15.875
 30
0.0
 40
0.18
  1
S-0338
 11
70.275
 21
15.875
 31
0.0
100
AcDbAttribute
  2
ID
 70
0
  0
ATTRIB
  5
8D8
330
17
100
AcDbEntity
  8
0
 60
1
100
AcDbText
 10
70.275
 20
15.875
 30
0.0
 40
0.18
  1
Сирень обыкновенная
 11
70.275
 21
15.875
 31
0.0
100
AcDbAttribute
  2
PORODA
 70
0
  0
ATTRIB
  5
8D9
330
17
100
AcDbEntity
  8
0
 60
1
100
AcDbText
 10
70.275
 20
15.875
 30
0.0
 40
0.18
  1
Край проезжей части, кромка укреплённой полосы обочины: норма 1.0 м, факт 1.75 м (СП 42.13330.2016, таблица 9.1; 743-ПП п. 3.6.3; 623-ПП п. 4.2.4)
 11
70.275
 21
15.875
 31
0.0
100
AcDbAttribute
  2
NORMA
 70
0
  0
SEQEND
  5
8D6
330
8D5
100
AcDbEntity
  8
GREEN_AI_SHRUBS
  0
INSERT
  5
8DA
330
17
100
AcDbEntity
  8
GREEN_AI_SHRUBS
100
AcDbBlockReference
 66
1
  2
GREEN_AI_SHRUB
 10
70.375
 20
15.875
 30
0.0
  0
ATTRIB
  5
8DC
330
17
100
AcDbEntity
  8
0
 60
1
100
AcDbText
 10
71.525
 20
15.875
 30
0.0
 40
0.18
  1
S-0339
 11
71.525
 21
15.875
 31
0.0
100
AcDbAttribute
  2
ID
 70
0
  0
ATTRIB
  5
8DD
330
17
100
AcDbEntity
  8
0
 60
1
100
AcDbText
 10
71.525
 20
15.875
 30
0.0
 40
0.18
  1
Сирень обыкновенная
 11
71.525
 21
15.875
 31
0.0
100
AcDbAttribute
  2
PORODA
 70
0
  0
ATTRIB
  5
8DE
330
17
100
AcDbEntity
  8
0
 60
1
100
AcDbText
 10
71.525
 20
15.875
 30
0.0
 40
0.18
  1
Край проезжей части, кромка укреплённой полосы обочины: норма 1.0 м, факт 1.75 м (СП 42.13330.2016, таблица 9.1; 743-ПП п. 3.6.3; 623-ПП п. 4.2.4)
 11
71.525
 21
15.875
 31
0.0
100
AcDbAttribute
  2
NORMA
 70
0
  0
SEQEND
  5
8DB
330
8DA
100
AcDbEntity
  8
GREEN_AI_SHRUBS
  0
INSERT
  5
8DF
330
17
100
AcDbEntity
  8
GREEN_AI_SHRUBS
100
AcDbBlockReference
 66
1
  2
GREEN_AI_SHRUB
 10
71.625
 20
15.875
 30
0.0
  0
ATTRIB
  5
8E1
330
17
100
AcDbEntity
  8
0
 60
1
100
AcDbText
 10
72.775
 20
15.875
 30
0.0
 40
0.18
  1
S-0340
 11
72.775
 21
15.875
 31
0.0
100
AcDbAttribute
  2
ID
 70
0
  0
ATTRIB
  5
8E2
330
17
100
AcDbEntity
  8
0
 60
1
100
AcDbText
 10
72.775
 20
15.875
 30
0.0
 40
0.18
  1
Сирень обыкновенная
 11
72.775
 21
15.875
 31
0.0
100
AcDbAttribute
  2
PORODA
 70
0
  0
ATTRIB
  5
8E3
330
17
100
AcDbEntity
  8
0
 60
1
100
AcDbText
 10
72.775
 20
15.875
 30
0.0
 40
0.18
  1
Край проезжей части, кромка укреплённой полосы обочины: норма 1.0 м, факт 1.75 м (СП 42.13330.2016, таблица 9.1; 743-ПП п. 3.6.3; 623-ПП п. 4.2.4)
 11
72.775
 21
15.875
 31
0.0
100
AcDbAttribute
  2
NORMA
 70
0
  0
SEQEND
  5
8E0
330
8DF
100
AcDbEntity
  8
GREEN_AI_SHRUBS
  0
INSERT
  5
8E4
330
17
100
AcDbEntity
  8
GREEN_AI_SHRUBS
100
AcDbBlockReference
 66
1
  2
GREEN_AI_SHRUB
 10
72.875
 20
15.875
 30
0.0
  0
ATTRIB
  5
8E6
330
17
100
AcDbEntity
  8
0
 60
1
100
AcDbText
 10
74.025
 20
15.875
 30
0.0
 40
0.18
  1
S-0341
 11
74.025
 21
15.875
 31
0.0
100
AcDbAttribute
  2
ID
 70
0
  0
ATTRIB
  5
8E7
330
17
100
AcDbEntity
  8
0
 60
1
100
AcDbText
 10
74.025
 20
15.875
 30
0.0
 40
0.18
  1
Сирень обыкновенная
 11
74.025
 21
15.875
 31
0.0
100
AcDbAttribute
  2
PORODA
 70
0
  0
ATTRIB
  5
8E8
330
17
100
AcDbEntity
  8
0
 60
1
100
AcDbText
 10
74.025
 20
15.875
 30
0.0
 40
0.18
  1
Край проезжей части, кромка укреплённой полосы обочины: норма 1.0 м, факт 1.75 м (СП 42.13330.2016, таблица 9.1; 743-ПП п. 3.6.3; 623-ПП п. 4.2.4)
 11
74.025
 21
15.875
 31
0.0
100
AcDbAttribute
  2
NORMA
 70
0
  0
SEQEND
  5
8E5
330
8E4
100
AcDbEntity
  8
GREEN_AI_SHRUBS
  0
INSERT
  5
8E9
330
17
100
AcDbEntity
  8
GREEN_AI_SHRUBS
100
AcDbBlockReference
 66
1
  2
GREEN_AI_SHRUB
 10
74.125
 20
15.875
 30
0.0
  0
ATTRIB
  5
8EB
330
17
100
AcDbEntity
  8
0
 60
1
100
AcDbText
 10
75.275
 20
15.875
 30
0.0
 40
0.18
  1
S-0342
 11
75.275
 21
15.875
 31
0.0
100
AcDbAttribute
  2
ID
 70
0
  0
ATTRIB
  5
8EC
330
17
100
AcDbEntity
  8
0
 60
1
100
AcDbText
 10
75.275
 20
15.875
 30
0.0
 40
0.18
  1
Сирень обыкновенная
 11
75.275
 21
15.875
 31
0.0
100
AcDbAttribute
  2
PORODA
 70
0
  0
ATTRIB
  5
8ED
330
17
100
AcDbEntity
  8
0
 60
1
100
AcDbText
 10
75.275
 20
15.875
 30
0.0
 40
0.18
  1
Край проезжей части, кромка укреплённой полосы обочины: норма 1.0 м, факт 1.75 м (СП 42.13330.2016, таблица 9.1; 743-ПП п. 3.6.3; 623-ПП п. 4.2.4)
 11
75.275
 21
15.875
 31
0.0
100
AcDbAttribute
  2
NORMA
 70
0
  0
SEQEND
  5
8EA
330
8E9
100
AcDbEntity
  8
GREEN_AI_SHRUBS
  0
INSERT
  5
8EE
330
17
100
AcDbEntity
  8
GREEN_AI_SHRUBS
100
AcDbBlockReference
 66
1
  2
GREEN_AI_SHRUB
 10
75.375
 20
15.875
 30
0.0
  0
ATTRIB
  5
8F0
330
17
100
AcDbEntity
  8
0
 60
1
100
AcDbText
 10
76.525
 20
15.875
 30
0.0
 40
0.18
  1
S-0343
 11
76.525
 21
15.875
 31
0.0
100
AcDbAttribute
  2
ID
 70
0
  0
ATTRIB
  5
8F1
330
17
100
AcDbEntity
  8
0
 60
1
100
AcDbText
 10
76.525
 20
15.875
 30
0.0
 40
0.18
  1
Сирень обыкновенная
 11
76.525
 21
15.875
 31
0.0
100
AcDbAttribute
  2
PORODA
 70
0
  0
ATTRIB
  5
8F2
330
17
100
AcDbEntity
  8
0
 60
1
100
AcDbText
 10
76.525
 20
15.875
 30
0.0
 40
0.18
  1
Край проезжей части, кромка укреплённой полосы обочины: норма 1.0 м, факт 1.75 м (СП 42.13330.2016, таблица 9.1; 743-ПП п. 3.6.3; 623-ПП п. 4.2.4)
 11
76.525
 21
15.875
 31
0.0
100
AcDbAttribute
  2
NORMA
 70
0
  0
SEQEND
  5
8EF
330
8EE
100
AcDbEntity
  8
GREEN_AI_SHRUBS
  0
INSERT
  5
8F3
330
17
100
AcDbEntity
  8
GREEN_AI_SHRUBS
100
AcDbBlockReference
 66
1
  2
GREEN_AI_SHRUB
 10
76.625
 20
15.875
 30
0.0
  0
ATTRIB
  5
8F5
330
17
100
AcDbEntity
  8
0
 60
1
100
AcDbText
 10
77.775
 20
15.875
 30
0.0
 40
0.18
  1
S-0344
 11
77.775
 21
15.875
 31
0.0
100
AcDbAttribute
  2
ID
 70
0
  0
ATTRIB
  5
8F6
330
17
100
AcDbEntity
  8
0
 60
1
100
AcDbText
 10
77.775
 20
15.875
 30
0.0
 40
0.18
  1
Сирень обыкновенная
 11
77.775
 21
15.875
 31
0.0
100
AcDbAttribute
  2
PORODA
 70
0
  0
ATTRIB
  5
8F7
330
17
100
AcDbEntity
  8
0
 60
1
100
AcDbText
 10
77.775
 20
15.875
 30
0.0
 40
0.18
  1
Край проезжей части, кромка укреплённой полосы обочины: норма 1.0 м, факт 1.75 м (СП 42.13330.2016, таблица 9.1; 743-ПП п. 3.6.3; 623-ПП п. 4.2.4)
 11
77.775
 21
15.875
 31
0.0
100
AcDbAttribute
  2
NORMA
 70
0
  0
SEQEND
  5
8F4
330
8F3
100
AcDbEntity
  8
GREEN_AI_SHRUBS
  0
INSERT
  5
8F8
330
17
100
AcDbEntity
  8
GREEN_AI_SHRUBS
100
AcDbBlockReference
 66
1
  2
GREEN_AI_SHRUB
 10
77.875
 20
15.875
 30
0.0
  0
ATTRIB
  5
8FA
330
17
100
AcDbEntity
  8
0
 60
1
100
AcDbText
 10
79.025
 20
15.875
 30
0.0
 40
0.18
  1
S-0345
 11
79.025
 21
15.875
 31
0.0
100
AcDbAttribute
  2
ID
 70
0
  0
ATTRIB
  5
8FB
330
17
100
AcDbEntity
  8
0
 60
1
100
AcDbText
 10
79.025
 20
15.875
 30
0.0
 40
0.18
  1
Сирень обыкновенная
 11
79.025
 21
15.875
 31
0.0
100
AcDbAttribute
  2
PORODA
 70
0
  0
ATTRIB
  5
8FC
330
17
100
AcDbEntity
  8
0
 60
1
100
AcDbText
 10
79.025
 20
15.875
 30
0.0
 40
0.18
  1
Край проезжей части, кромка укреплённой полосы обочины: норма 1.0 м, факт 1.75 м (СП 42.13330.2016, таблица 9.1; 743-ПП п. 3.6.3; 623-ПП п. 4.2.4)
 11
79.025
 21
15.875
 31
0.0
100
AcDbAttribute
  2
NORMA
 70
0
  0
SEQEND
  5
8F9
330
8F8
100
AcDbEntity
  8
GREEN_AI_SHRUBS
  0
INSERT
  5
8FD
330
17
100
AcDbEntity
  8
GREEN_AI_SHRUBS
100
AcDbBlockReference
 66
1
  2
GREEN_AI_SHRUB
 10
81.875
 20
15.875
 30
0.0
  0
ATTRIB
  5
8FF
330
17
100
AcDbEntity
  8
0
 60
1
100
AcDbText
 10
83.025
 20
15.875
 30
0.0
 40
0.18
  1
S-0346
 11
83.025
 21
15.875
 31
0.0
100
AcDbAttribute
  2
ID
 70
0
  0
ATTRIB
  5
900
330
17
100
AcDbEntity
  8
0
 60
1
100
AcDbText
 10
83.025
 20
15.875
 30
0.0
 40
0.18
  1
Сирень обыкновенная
 11
83.025
 21
15.875
 31
0.0
100
AcDbAttribute
  2
PORODA
 70
0
  0
ATTRIB
  5
901
330
17
100
AcDbEntity
  8
0
 60
1
100
AcDbText
 10
83.025
 20
15.875
 30
0.0
 40
0.18
  1
Канализация: норма 1.0 м, факт 1.75 м (СП 42.13330.2016, таблица 9.1; 743-ПП п. 3.6.3; 623-ПП п. 4.2.4)
 11
83.025
 21
15.875
 31
0.0
100
AcDbAttribute
  2
NORMA
 70
0
  0
SEQEND
  5
8FE
330
8FD
100
AcDbEntity
  8
GREEN_AI_SHRUBS
  0
INSERT
  5
902
330
17
100
AcDbEntity
  8
GREEN_AI_SHRUBS
100
AcDbBlockReference
 66
1
  2
GREEN_AI_SHRUB
 10
83.125
 20
15.875
 30
0.0
  0
ATTRIB
  5
904
330
17
100
AcDbEntity
  8
0
 60
1
100
AcDbText
 10
84.275
 20
15.875
 30
0.0
 40
0.18
  1
S-0347
 11
84.275
 21
15.875
 31
0.0
100
AcDbAttribute
  2
ID
 70
0
  0
ATTRIB
  5
905
330
17
100
AcDbEntity
  8
0
 60
1
100
AcDbText
 10
84.275
 20
15.875
 30
0.0
 40
0.18
  1
Сирень обыкновенная
 11
84.275
 21
15.875
 31
0.0
100
AcDbAttribute
  2
PORODA
 70
0
  0
ATTRIB
  5
906
330
17
100
AcDbEntity
  8
0
 60
1
100
AcDbText
 10
84.275
 20
15.875
 30
0.0
 40
0.18
  1
Край проезжей части, кромка укреплённой полосы обочины: норма 1.0 м, факт 1.75 м (СП 42.13330.2016, таблица 9.1; 743-ПП п. 3.6.3; 623-ПП п. 4.2.4)
 11
84.275
 21
15.875
 31
0.0
100
AcDbAttribute
  2
NORMA
 70
0
  0
SEQEND
  5
903
330
902
100
AcDbEntity
  8
GREEN_AI_SHRUBS
  0
INSERT
  5
907
330
17
100
AcDbEntity
  8
GREEN_AI_SHRUBS
100
AcDbBlockReference
 66
1
  2
GREEN_AI_SHRUB
 10
84.375
 20
15.875
 30
0.0
  0
ATTRIB
  5
909
330
17
100
AcDbEntity
  8
0
 60
1
100
AcDbText
 10
85.525
 20
15.875
 30
0.0
 40
0.18
  1
S-0348
 11
85.525
 21
15.875
 31
0.0
100
AcDbAttribute
  2
ID
 70
0
  0
ATTRIB
  5
90A
330
17
100
AcDbEntity
  8
0
 60
1
100
AcDbText
 10
85.525
 20
15.875
 30
0.0
 40
0.18
  1
Сирень обыкновенная
 11
85.525
 21
15.875
 31
0.0
100
AcDbAttribute
  2
PORODA
 70
0
  0
ATTRIB
  5
90B
330
17
100
AcDbEntity
  8
0
 60
1
100
AcDbText
 10
85.525
 20
15.875
 30
0.0
 40
0.18
  1
Край проезжей части, кромка укреплённой полосы обочины: норма 1.0 м, факт 1.75 м (СП 42.13330.2016, таблица 9.1; 743-ПП п. 3.6.3; 623-ПП п. 4.2.4)
 11
85.525
 21
15.875
 31
0.0
100
AcDbAttribute
  2
NORMA
 70
0
  0
SEQEND
  5
908
330
907
100
AcDbEntity
  8
GREEN_AI_SHRUBS
  0
INSERT
  5
90C
330
17
100
AcDbEntity
  8
GREEN_AI_SHRUBS
100
AcDbBlockReference
 66
1
  2
GREEN_AI_SHRUB
 10
85.625
 20
15.875
 30
0.0
  0
ATTRIB
  5
90E
330
17
100
AcDbEntity
  8
0
 60
1
100
AcDbText
 10
86.775
 20
15.875
 30
0.0
 40
0.18
  1
S-0349
 11
86.775
 21
15.875
 31
0.0
100
AcDbAttribute
  2
ID
 70
0
  0
ATTRIB
  5
90F
330
17
100
AcDbEntity
  8
0
 60
1
100
AcDbText
 10
86.775
 20
15.875
 30
0.0
 40
0.18
  1
Сирень обыкновенная
 11
86.775
 21
15.875
 31
0.0
100
AcDbAttribute
  2
PORODA
 70
0
  0
ATTRIB
  5
910
330
17
100
AcDbEntity
  8
0
 60
1
100
AcDbText
 10
86.775
 20
15.875
 30
0.0
 40
0.18
  1
Край проезжей части, кромка укреплённой полосы обочины: норма 1.0 м, факт 1.75 м (СП 42.13330.2016, таблица 9.1; 743-ПП п. 3.6.3; 623-ПП п. 4.2.4)
 11
86.775
 21
15.875
 31
0.0
100
AcDbAttribute
  2
NORMA
 70
0
  0
SEQEND
  5
90D
330
90C
100
AcDbEntity
  8
GREEN_AI_SHRUBS
  0
INSERT
  5
911
330
17
100
AcDbEntity
  8
GREEN_AI_SHRUBS
100
AcDbBlockReference
 66
1
  2
GREEN_AI_SHRUB
 10
86.875
 20
15.875
 30
0.0
  0
ATTRIB
  5
913
330
17
100
AcDbEntity
  8
0
 60
1
100
AcDbText
 10
88.025
 20
15.875
 30
0.0
 40
0.18
  1
S-0350
 11
88.025
 21
15.875
 31
0.0
100
AcDbAttribute
  2
ID
 70
0
  0
ATTRIB
  5
914
330
17
100
AcDbEntity
  8
0
 60
1
100
AcDbText
 10
88.025
 20
15.875
 30
0.0
 40
0.18
  1
Сирень обыкновенная
 11
88.025
 21
15.875
 31
0.0
100
AcDbAttribute
  2
PORODA
 70
0
  0
ATTRIB
  5
915
330
17
100
AcDbEntity
  8
0
 60
1
100
AcDbText
 10
88.025
 20
15.875
 30
0.0
 40
0.18
  1
Край проезжей части, кромка укреплённой полосы обочины: норма 1.0 м, факт 1.75 м (СП 42.13330.2016, таблица 9.1; 743-ПП п. 3.6.3; 623-ПП п. 4.2.4)
 11
88.025
 21
15.875
 31
0.0
100
AcDbAttribute
  2
NORMA
 70
0
  0
SEQEND
  5
912
330
911
100
AcDbEntity
  8
GREEN_AI_SHRUBS
  0
INSERT
  5
916
330
17
100
AcDbEntity
  8
GREEN_AI_SHRUBS
100
AcDbBlockReference
 66
1
  2
GREEN_AI_SHRUB
 10
88.125
 20
15.875
 30
0.0
  0
ATTRIB
  5
918
330
17
100
AcDbEntity
  8
0
 60
1
100
AcDbText
 10
89.275
 20
15.875
 30
0.0
 40
0.18
  1
S-0351
 11
89.275
 21
15.875
 31
0.0
100
AcDbAttribute
  2
ID
 70
0
  0
ATTRIB
  5
919
330
17
100
AcDbEntity
  8
0
 60
1
100
AcDbText
 10
89.275
 20
15.875
 30
0.0
 40
0.18
  1
Сирень обыкновенная
 11
89.275
 21
15.875
 31
0.0
100
AcDbAttribute
  2
PORODA
 70
0
  0
ATTRIB
  5
91A
330
17
100
AcDbEntity
  8
0
 60
1
100
AcDbText
 10
89.275
 20
15.875
 30
0.0
 40
0.18
  1
Край проезжей части, кромка укреплённой полосы обочины: норма 1.0 м, факт 1.75 м (СП 42.13330.2016, таблица 9.1; 743-ПП п. 3.6.3; 623-ПП п. 4.2.4)
 11
89.275
 21
15.875
 31
0.0
100
AcDbAttribute
  2
NORMA
 70
0
  0
SEQEND
  5
917
330
916
100
AcDbEntity
  8
GREEN_AI_SHRUBS
  0
INSERT
  5
91B
330
17
100
AcDbEntity
  8
GREEN_AI_SHRUBS
100
AcDbBlockReference
 66
1
  2
GREEN_AI_SHRUB
 10
89.375
 20
15.875
 30
0.0
  0
ATTRIB
  5
91D
330
17
100
AcDbEntity
  8
0
 60
1
100
AcDbText
 10
90.525
 20
15.875
 30
0.0
 40
0.18
  1
S-0352
 11
90.525
 21
15.875
 31
0.0
100
AcDbAttribute
  2
ID
 70
0
  0
ATTRIB
  5
91E
330
17
100
AcDbEntity
  8
0
 60
1
100
AcDbText
 10
90.525
 20
15.875
 30
0.0
 40
0.18
  1
Сирень обыкновенная
 11
90.525
 21
15.875
 31
0.0
100
AcDbAttribute
  2
PORODA
 70
0
  0
ATTRIB
  5
91F
330
17
100
AcDbEntity
  8
0
 60
1
100
AcDbText
 10
90.525
 20
15.875
 30
0.0
 40
0.18
  1
Край проезжей части, кромка укреплённой полосы обочины: норма 1.0 м, факт 1.75 м (СП 42.13330.2016, таблица 9.1; 743-ПП п. 3.6.3; 623-ПП п. 4.2.4)
 11
90.525
 21
15.875
 31
0.0
100
AcDbAttribute
  2
NORMA
 70
0
  0
SEQEND
  5
91C
330
91B
100
AcDbEntity
  8
GREEN_AI_SHRUBS
  0
INSERT
  5
920
330
17
100
AcDbEntity
  8
GREEN_AI_SHRUBS
100
AcDbBlockReference
 66
1
  2
GREEN_AI_SHRUB
 10
90.625
 20
15.875
 30
0.0
  0
ATTRIB
  5
922
330
17
100
AcDbEntity
  8
0
 60
1
100
AcDbText
 10
91.775
 20
15.875
 30
0.0
 40
0.18
  1
S-0353
 11
91.775
 21
15.875
 31
0.0
100
AcDbAttribute
  2
ID
 70
0
  0
ATTRIB
  5
923
330
17
100
AcDbEntity
  8
0
 60
1
100
AcDbText
 10
91.775
 20
15.875
 30
0.0
 40
0.18
  1
Сирень обыкновенная
 11
91.775
 21
15.875
 31
0.0
100
AcDbAttribute
  2
PORODA
 70
0
  0
ATTRIB
  5
924
330
17
100
AcDbEntity
  8
0
 60
1
100
AcDbText
 10
91.775
 20
15.875
 30
0.0
 40
0.18
  1
Край проезжей части, кромка укреплённой полосы обочины: норма 1.0 м, факт 1.75 м (СП 42.13330.2016, таблица 9.1; 743-ПП п. 3.6.3; 623-ПП п. 4.2.4)
 11
91.775
 21
15.875
 31
0.0
100
AcDbAttribute
  2
NORMA
 70
0
  0
SEQEND
  5
921
330
920
100
AcDbEntity
  8
GREEN_AI_SHRUBS
  0
INSERT
  5
925
330
17
100
AcDbEntity
  8
GREEN_AI_SHRUBS
100
AcDbBlockReference
 66
1
  2
GREEN_AI_SHRUB
 10
91.875
 20
15.875
 30
0.0
  0
ATTRIB
  5
927
330
17
100
AcDbEntity
  8
0
 60
1
100
AcDbText
 10
93.025
 20
15.875
 30
0.0
 40
0.18
  1
S-0354
 11
93.025
 21
15.875
 31
0.0
100
AcDbAttribute
  2
ID
 70
0
  0
ATTRIB
  5
928
330
17
100
AcDbEntity
  8
0
 60
1
100
AcDbText
 10
93.025
 20
15.875
 30
0.0
 40
0.18
  1
Сирень обыкновенная
 11
93.025
 21
15.875
 31
0.0
100
AcDbAttribute
  2
PORODA
 70
0
  0
ATTRIB
  5
929
330
17
100
AcDbEntity
  8
0
 60
1
100
AcDbText
 10
93.025
 20
15.875
 30
0.0
 40
0.18
  1
Край проезжей части, кромка укреплённой полосы обочины: норма 1.0 м, факт 1.75 м (СП 42.13330.2016, таблица 9.1; 743-ПП п. 3.6.3; 623-ПП п. 4.2.4)
 11
93.025
 21
15.875
 31
0.0
100
AcDbAttribute
  2
NORMA
 70
0
  0
SEQEND
  5
926
330
925
100
AcDbEntity
  8
GREEN_AI_SHRUBS
  0
INSERT
  5
92A
330
17
100
AcDbEntity
  8
GREEN_AI_SHRUBS
100
AcDbBlockReference
 66
1
  2
GREEN_AI_SHRUB
 10
93.125
 20
15.875
 30
0.0
  0
ATTRIB
  5
92C
330
17
100
AcDbEntity
  8
0
 60
1
100
AcDbText
 10
94.275
 20
15.875
 30
0.0
 40
0.18
  1
S-0355
 11
94.275
 21
15.875
 31
0.0
100
AcDbAttribute
  2
ID
 70
0
  0
ATTRIB
  5
92D
330
17
100
AcDbEntity
  8
0
 60
1
100
AcDbText
 10
94.275
 20
15.875
 30
0.0
 40
0.18
  1
Сирень обыкновенная
 11
94.275
 21
15.875
 31
0.0
100
AcDbAttribute
  2
PORODA
 70
0
  0
ATTRIB
  5
92E
330
17
100
AcDbEntity
  8
0
 60
1
100
AcDbText
 10
94.275
 20
15.875
 30
0.0
 40
0.18
  1
Край проезжей части, кромка укреплённой полосы обочины: норма 1.0 м, факт 1.75 м (СП 42.13330.2016, таблица 9.1; 743-ПП п. 3.6.3; 623-ПП п. 4.2.4)
 11
94.275
 21
15.875
 31
0.0
100
AcDbAttribute
  2
NORMA
 70
0
  0
SEQEND
  5
92B
330
92A
100
AcDbEntity
  8
GREEN_AI_SHRUBS
  0
INSERT
  5
92F
330
17
100
AcDbEntity
  8
GREEN_AI_SHRUBS
100
AcDbBlockReference
 66
1
  2
GREEN_AI_SHRUB
 10
94.375
 20
15.875
 30
0.0
  0
ATTRIB
  5
931
330
17
100
AcDbEntity
  8
0
 60
1
100
AcDbText
 10
95.525
 20
15.875
 30
0.0
 40
0.18
  1
S-0356
 11
95.525
 21
15.875
 31
0.0
100
AcDbAttribute
  2
ID
 70
0
  0
ATTRIB
  5
932
330
17
100
AcDbEntity
  8
0
 60
1
100
AcDbText
 10
95.525
 20
15.875
 30
0.0
 40
0.18
  1
Сирень обыкновенная
 11
95.525
 21
15.875
 31
0.0
100
AcDbAttribute
  2
PORODA
 70
0
  0
ATTRIB
  5
933
330
17
100
AcDbEntity
  8
0
 60
1
100
AcDbText
 10
95.525
 20
15.875
 30
0.0
 40
0.18
  1
Край проезжей части, кромка укреплённой полосы обочины: норма 1.0 м, факт 1.75 м (СП 42.13330.2016, таблица 9.1; 743-ПП п. 3.6.3; 623-ПП п. 4.2.4)
 11
95.525
 21
15.875
 31
0.0
100
AcDbAttribute
  2
NORMA
 70
0
  0
SEQEND
  5
930
330
92F
100
AcDbEntity
  8
GREEN_AI_SHRUBS
  0
INSERT
  5
934
330
17
100
AcDbEntity
  8
GREEN_AI_SHRUBS
100
AcDbBlockReference
 66
1
  2
GREEN_AI_SHRUB
 10
95.625
 20
15.875
 30
0.0
  0
ATTRIB
  5
936
330
17
100
AcDbEntity
  8
0
 60
1
100
AcDbText
 10
96.775
 20
15.875
 30
0.0
 40
0.18
  1
S-0357
 11
96.775
 21
15.875
 31
0.0
100
AcDbAttribute
  2
ID
 70
0
  0
ATTRIB
  5
937
330
17
100
AcDbEntity
  8
0
 60
1
100
AcDbText
 10
96.775
 20
15.875
 30
0.0
 40
0.18
  1
Сирень обыкновенная
 11
96.775
 21
15.875
 31
0.0
100
AcDbAttribute
  2
PORODA
 70
0
  0
ATTRIB
  5
938
330
17
100
AcDbEntity
  8
0
 60
1
100
AcDbText
 10
96.775
 20
15.875
 30
0.0
 40
0.18
  1
Край проезжей части, кромка укреплённой полосы обочины: норма 1.0 м, факт 1.75 м (СП 42.13330.2016, таблица 9.1; 743-ПП п. 3.6.3; 623-ПП п. 4.2.4)
 11
96.775
 21
15.875
 31
0.0
100
AcDbAttribute
  2
NORMA
 70
0
  0
SEQEND
  5
935
330
934
100
AcDbEntity
  8
GREEN_AI_SHRUBS
  0
INSERT
  5
939
330
17
100
AcDbEntity
  8
GREEN_AI_SHRUBS
100
AcDbBlockReference
 66
1
  2
GREEN_AI_SHRUB
 10
96.875
 20
15.875
 30
0.0
  0
ATTRIB
  5
93B
330
17
100
AcDbEntity
  8
0
 60
1
100
AcDbText
 10
98.025
 20
15.875
 30
0.0
 40
0.18
  1
S-0358
 11
98.025
 21
15.875
 31
0.0
100
AcDbAttribute
  2
ID
 70
0
  0
ATTRIB
  5
93C
330
17
100
AcDbEntity
  8
0
 60
1
100
AcDbText
 10
98.025
 20
15.875
 30
0.0
 40
0.18
  1
Сирень обыкновенная
 11
98.025
 21
15.875
 31
0.0
100
AcDbAttribute
  2
PORODA
 70
0
  0
ATTRIB
  5
93D
330
17
100
AcDbEntity
  8
0
 60
1
100
AcDbText
 10
98.025
 20
15.875
 30
0.0
 40
0.18
  1
Край проезжей части, кромка укреплённой полосы обочины: норма 1.0 м, факт 1.75 м (СП 42.13330.2016, таблица 9.1; 743-ПП п. 3.6.3; 623-ПП п. 4.2.4)
 11
98.025
 21
15.875
 31
0.0
100
AcDbAttribute
  2
NORMA
 70
0
  0
SEQEND
  5
93A
330
939
100
AcDbEntity
  8
GREEN_AI_SHRUBS
  0
INSERT
  5
93E
330
17
100
AcDbEntity
  8
GREEN_AI_SHRUBS
100
AcDbBlockReference
 66
1
  2
GREEN_AI_SHRUB
 10
98.125
 20
15.875
 30
0.0
  0
ATTRIB
  5
940
330
17
100
AcDbEntity
  8
0
 60
1
100
AcDbText
 10
99.275
 20
15.875
 30
0.0
 40
0.18
  1
S-0359
 11
99.275
 21
15.875
 31
0.0
100
AcDbAttribute
  2
ID
 70
0
  0
ATTRIB
  5
941
330
17
100
AcDbEntity
  8
0
 60
1
100
AcDbText
 10
99.275
 20
15.875
 30
0.0
 40
0.18
  1
Сирень обыкновенная
 11
99.275
 21
15.875
 31
0.0
100
AcDbAttribute
  2
PORODA
 70
0
  0
ATTRIB
  5
942
330
17
100
AcDbEntity
  8
0
 60
1
100
AcDbText
 10
99.275
 20
15.875
 30
0.0
 40
0.18
  1
Край проезжей части, кромка укреплённой полосы обочины: норма 1.0 м, факт 1.75 м (СП 42.13330.2016, таблица 9.1; 743-ПП п. 3.6.3; 623-ПП п. 4.2.4)
 11
99.275
 21
15.875
 31
0.0
100
AcDbAttribute
  2
NORMA
 70
0
  0
SEQEND
  5
93F
330
93E
100
AcDbEntity
  8
GREEN_AI_SHRUBS
  0
INSERT
  5
943
330
17
100
AcDbEntity
  8
GREEN_AI_SHRUBS
100
AcDbBlockReference
 66
1
  2
GREEN_AI_SHRUB
 10
99.375
 20
15.875
 30
0.0
  0
ATTRIB
  5
945
330
17
100
AcDbEntity
  8
0
 60
1
100
AcDbText
 10
100.525
 20
15.875
 30
0.0
 40
0.18
  1
S-0360
 11
100.525
 21
15.875
 31
0.0
100
AcDbAttribute
  2
ID
 70
0
  0
ATTRIB
  5
946
330
17
100
AcDbEntity
  8
0
 60
1
100
AcDbText
 10
100.525
 20
15.875
 30
0.0
 40
0.18
  1
Сирень обыкновенная
 11
100.525
 21
15.875
 31
0.0
100
AcDbAttribute
  2
PORODA
 70
0
  0
ATTRIB
  5
947
330
17
100
AcDbEntity
  8
0
 60
1
100
AcDbText
 10
100.525
 20
15.875
 30
0.0
 40
0.18
  1
Край проезжей части, кромка укреплённой полосы обочины: норма 1.0 м, факт 1.75 м (СП 42.13330.2016, таблица 9.1; 743-ПП п. 3.6.3; 623-ПП п. 4.2.4)
 11
100.525
 21
15.875
 31
0.0
100
AcDbAttribute
  2
NORMA
 70
0
  0
SEQEND
  5
944
330
943
100
AcDbEntity
  8
GREEN_AI_SHRUBS
  0
INSERT
  5
948
330
17
100
AcDbEntity
  8
GREEN_AI_SHRUBS
100
AcDbBlockReference
 66
1
  2
GREEN_AI_SHRUB
 10
100.625
 20
15.875
 30
0.0
 41
0.75
 42
0.75
 43
0.75
  0
ATTRIB
  5
94A
330
17
100
AcDbEntity
  8
0
 60
1
100
AcDbText
 10
101.4875
 20
15.875
 30
0.0
 40
0.135
  1
S-0361
 11
101.4875
 21
15.875
 31
0.0
100
AcDbAttribute
  2
ID
 70
0
  0
ATTRIB
  5
94B
330
17
100
AcDbEntity
  8
0
 60
1
100
AcDbText
 10
101.4875
 20
15.875
 30
0.0
 40
0.135
  1
Бересклет европейский
 11
101.4875
 21
15.875
 31
0.0
100
AcDbAttribute
  2
PORODA
 70
0
  0
ATTRIB
  5
94C
330
17
100
AcDbEntity
  8
0
 60
1
100
AcDbText
 10
101.4875
 20
15.875
 30
0.0
 40
0.135
  1
Край проезжей части, кромка укреплённой полосы обочины: норма 1.0 м, факт 1.75 м (СП 42.13330.2016, таблица 9.1; 743-ПП п. 3.6.3; 623-ПП п. 4.2.4)
 11
101.4875
 21
15.875
 31
0.0
100
AcDbAttribute
  2
NORMA
 70
0
  0
SEQEND
  5
949
330
948
100
AcDbEntity
  8
GREEN_AI_SHRUBS
  0
INSERT
  5
94D
330
17
100
AcDbEntity
  8
GREEN_AI_SHRUBS
100
AcDbBlockReference
 66
1
  2
GREEN_AI_SHRUB
 10
101.875
 20
15.875
 30
0.0
 41
0.75
 42
0.75
 43
0.75
  0
ATTRIB
  5
94F
330
17
100
AcDbEntity
  8
0
 60
1
100
AcDbText
 10
102.7375
 20
15.875
 30
0.0
 40
0.135
  1
S-0362
 11
102.7375
 21
15.875
 31
0.0
100
AcDbAttribute
  2
ID
 70
0
  0
ATTRIB
  5
950
330
17
100
AcDbEntity
  8
0
 60
1
100
AcDbText
 10
102.7375
 20
15.875
 30
0.0
 40
0.135
  1
Бересклет европейский
 11
102.7375
 21
15.875
 31
0.0
100
AcDbAttribute
  2
PORODA
 70
0
  0
ATTRIB
  5
951
330
17
100
AcDbEntity
  8
0
 60
1
100
AcDbText
 10
102.7375
 20
15.875
 30
0.0
 40
0.135
  1
Край проезжей части, кромка укреплённой полосы обочины: норма 1.0 м, факт 1.75 м (СП 42.13330.2016, таблица 9.1; 743-ПП п. 3.6.3; 623-ПП п. 4.2.4)
 11
102.7375
 21
15.875
 31
0.0
100
AcDbAttribute
  2
NORMA
 70
0
  0
SEQEND
  5
94E
330
94D
100
AcDbEntity
  8
GREEN_AI_SHRUBS
  0
INSERT
  5
952
330
17
100
AcDbEntity
  8
GREEN_AI_SHRUBS
100
AcDbBlockReference
 66
1
  2
GREEN_AI_SHRUB
 10
103.125
 20
15.875
 30
0.0
 41
0.75
 42
0.75
 43
0.75
  0
ATTRIB
  5
954
330
17
100
AcDbEntity
  8
0
 60
1
100
AcDbText
 10
103.9875
 20
15.875
 30
0.0
 40
0.135
  1
S-0363
 11
103.9875
 21
15.875
 31
0.0
100
AcDbAttribute
  2
ID
 70
0
  0
ATTRIB
  5
955
330
17
100
AcDbEntity
  8
0
 60
1
100
AcDbText
 10
103.9875
 20
15.875
 30
0.0
 40
0.135
  1
Бересклет европейский
 11
103.9875
 21
15.875
 31
0.0
100
AcDbAttribute
  2
PORODA
 70
0
  0
ATTRIB
  5
956
330
17
100
AcDbEntity
  8
0
 60
1
100
AcDbText
 10
103.9875
 20
15.875
 30
0.0
 40
0.135
  1
Край проезжей части, кромка укреплённой полосы обочины: норма 1.0 м, факт 1.75 м (СП 42.13330.2016, таблица 9.1; 743-ПП п. 3.6.3; 623-ПП п. 4.2.4)
 11
103.9875
 21
15.875
 31
0.0
100
AcDbAttribute
  2
NORMA
 70
0
  0
SEQEND
  5
953
330
952
100
AcDbEntity
  8
GREEN_AI_SHRUBS
  0
INSERT
  5
957
330
17
100
AcDbEntity
  8
GREEN_AI_SHRUBS
100
AcDbBlockReference
 66
1
  2
GREEN_AI_SHRUB
 10
104.375
 20
15.875
 30
0.0
 41
0.75
 42
0.75
 43
0.75
  0
ATTRIB
  5
959
330
17
100
AcDbEntity
  8
0
 60
1
100
AcDbText
 10
105.2375
 20
15.875
 30
0.0
 40
0.135
  1
S-0364
 11
105.2375
 21
15.875
 31
0.0
100
AcDbAttribute
  2
ID
 70
0
  0
ATTRIB
  5
95A
330
17
100
AcDbEntity
  8
0
 60
1
100
AcDbText
 10
105.2375
 20
15.875
 30
0.0
 40
0.135
  1
Бересклет европейский
 11
105.2375
 21
15.875
 31
0.0
100
AcDbAttribute
  2
PORODA
 70
0
  0
ATTRIB
  5
95B
330
17
100
AcDbEntity
  8
0
 60
1
100
AcDbText
 10
105.2375
 20
15.875
 30
0.0
 40
0.135
  1
Край проезжей части, кромка укреплённой полосы обочины: норма 1.0 м, факт 1.75 м (СП 42.13330.2016, таблица 9.1; 743-ПП п. 3.6.3; 623-ПП п. 4.2.4)
 11
105.2375
 21
15.875
 31
0.0
100
AcDbAttribute
  2
NORMA
 70
0
  0
SEQEND
  5
958
330
957
100
AcDbEntity
  8
GREEN_AI_SHRUBS
  0
INSERT
  5
95C
330
17
100
AcDbEntity
  8
GREEN_AI_SHRUBS
100
AcDbBlockReference
 66
1
  2
GREEN_AI_SHRUB
 10
105.625
 20
15.875
 30
0.0
 41
0.75
 42
0.75
 43
0.75
  0
ATTRIB
  5
95E
330
17
100
AcDbEntity
  8
0
 60
1
100
AcDbText
 10
106.4875
 20
15.875
 30
0.0
 40
0.135
  1
S-0365
 11
106.4875
 21
15.875
 31
0.0
100
AcDbAttribute
  2
ID
 70
0
  0
ATTRIB
  5
95F
330
17
100
AcDbEntity
  8
0
 60
1
100
AcDbText
 10
106.4875
 20
15.875
 30
0.0
 40
0.135
  1
Бересклет европейский
 11
106.4875
 21
15.875
 31
0.0
100
AcDbAttribute
  2
PORODA
 70
0
  0
ATTRIB
  5
960
330
17
100
AcDbEntity
  8
0
 60
1
100
AcDbText
 10
106.4875
 20
15.875
 30
0.0
 40
0.135
  1
Край проезжей части, кромка укреплённой полосы обочины: норма 1.0 м, факт 1.75 м (СП 42.13330.2016, таблица 9.1; 743-ПП п. 3.6.3; 623-ПП п. 4.2.4)
 11
106.4875
 21
15.875
 31
0.0
100
AcDbAttribute
  2
NORMA
 70
0
  0
SEQEND
  5
95D
330
95C
100
AcDbEntity
  8
GREEN_AI_SHRUBS
  0
INSERT
  5
961
330
17
100
AcDbEntity
  8
GREEN_AI_SHRUBS
100
AcDbBlockReference
 66
1
  2
GREEN_AI_SHRUB
 10
106.875
 20
15.875
 30
0.0
 41
0.75
 42
0.75
 43
0.75
  0
ATTRIB
  5
963
330
17
100
AcDbEntity
  8
0
 60
1
100
AcDbText
 10
107.7375
 20
15.875
 30
0.0
 40
0.135
  1
S-0366
 11
107.7375
 21
15.875
 31
0.0
100
AcDbAttribute
  2
ID
 70
0
  0
ATTRIB
  5
964
330
17
100
AcDbEntity
  8
0
 60
1
100
AcDbText
 10
107.7375
 20
15.875
 30
0.0
 40
0.135
  1
Бересклет европейский
 11
107.7375
 21
15.875
 31
0.0
100
AcDbAttribute
  2
PORODA
 70
0
  0
ATTRIB
  5
965
330
17
100
AcDbEntity
  8
0
 60
1
100
AcDbText
 10
107.7375
 20
15.875
 30
0.0
 40
0.135
  1
Край проезжей части, кромка укреплённой полосы обочины: норма 1.0 м, факт 1.75 м (СП 42.13330.2016, таблица 9.1; 743-ПП п. 3.6.3; 623-ПП п. 4.2.4)
 11
107.7375
 21
15.875
 31
0.0
100
AcDbAttribute
  2
NORMA
 70
0
  0
SEQEND
  5
962
330
961
100
AcDbEntity
  8
GREEN_AI_SHRUBS
  0
INSERT
  5
966
330
17
100
AcDbEntity
  8
GREEN_AI_SHRUBS
100
AcDbBlockReference
 66
1
  2
GREEN_AI_SHRUB
 10
108.125
 20
15.875
 30
0.0
 41
0.75
 42
0.75
 43
0.75
  0
ATTRIB
  5
968
330
17
100
AcDbEntity
  8
0
 60
1
100
AcDbText
 10
108.9875
 20
15.875
 30
0.0
 40
0.135
  1
S-0367
 11
108.9875
 21
15.875
 31
0.0
100
AcDbAttribute
  2
ID
 70
0
  0
ATTRIB
  5
969
330
17
100
AcDbEntity
  8
0
 60
1
100
AcDbText
 10
108.9875
 20
15.875
 30
0.0
 40
0.135
  1
Бересклет европейский
 11
108.9875
 21
15.875
 31
0.0
100
AcDbAttribute
  2
PORODA
 70
0
  0
ATTRIB
  5
96A
330
17
100
AcDbEntity
  8
0
 60
1
100
AcDbText
 10
108.9875
 20
15.875
 30
0.0
 40
0.135
  1
Край проезжей части, кромка укреплённой полосы обочины: норма 1.0 м, факт 1.75 м (СП 42.13330.2016, таблица 9.1; 743-ПП п. 3.6.3; 623-ПП п. 4.2.4)
 11
108.9875
 21
15.875
 31
0.0
100
AcDbAttribute
  2
NORMA
 70
0
  0
SEQEND
  5
967
330
966
100
AcDbEntity
  8
GREEN_AI_SHRUBS
  0
INSERT
  5
96B
330
17
100
AcDbEntity
  8
GREEN_AI_SHRUBS
100
AcDbBlockReference
 66
1
  2
GREEN_AI_SHRUB
 10
109.375
 20
15.875
 30
0.0
 41
0.75
 42
0.75
 43
0.75
  0
ATTRIB
  5
96D
330
17
100
AcDbEntity
  8
0
 60
1
100
AcDbText
 10
110.2375
 20
15.875
 30
0.0
 40
0.135
  1
S-0368
 11
110.2375
 21
15.875
 31
0.0
100
AcDbAttribute
  2
ID
 70
0
  0
ATTRIB
  5
96E
330
17
100
AcDbEntity
  8
0
 60
1
100
AcDbText
 10
110.2375
 20
15.875
 30
0.0
 40
0.135
  1
Бересклет европейский
 11
110.2375
 21
15.875
 31
0.0
100
AcDbAttribute
  2
PORODA
 70
0
  0
ATTRIB
  5
96F
330
17
100
AcDbEntity
  8
0
 60
1
100
AcDbText
 10
110.2375
 20
15.875
 30
0.0
 40
0.135
  1
Край проезжей части, кромка укреплённой полосы обочины: норма 1.0 м, факт 1.75 м (СП 42.13330.2016, таблица 9.1; 743-ПП п. 3.6.3; 623-ПП п. 4.2.4)
 11
110.2375
 21
15.875
 31
0.0
100
AcDbAttribute
  2
NORMA
 70
0
  0
SEQEND
  5
96C
330
96B
100
AcDbEntity
  8
GREEN_AI_SHRUBS
  0
INSERT
  5
970
330
17
100
AcDbEntity
  8
GREEN_AI_SHRUBS
100
AcDbBlockReference
 66
1
  2
GREEN_AI_SHRUB
 10
110.625
 20
15.875
 30
0.0
 41
0.75
 42
0.75
 43
0.75
  0
ATTRIB
  5
972
330
17
100
AcDbEntity
  8
0
 60
1
100
AcDbText
 10
111.4875
 20
15.875
 30
0.0
 40
0.135
  1
S-0369
 11
111.4875
 21
15.875
 31
0.0
100
AcDbAttribute
  2
ID
 70
0
  0
ATTRIB
  5
973
330
17
100
AcDbEntity
  8
0
 60
1
100
AcDbText
 10
111.4875
 20
15.875
 30
0.0
 40
0.135
  1
Бересклет европейский
 11
111.4875
 21
15.875
 31
0.0
100
AcDbAttribute
  2
PORODA
 70
0
  0
ATTRIB
  5
974
330
17
100
AcDbEntity
  8
0
 60
1
100
AcDbText
 10
111.4875
 20
15.875
 30
0.0
 40
0.135
  1
Край проезжей части, кромка укреплённой полосы обочины: норма 1.0 м, факт 1.75 м (СП 42.13330.2016, таблица 9.1; 743-ПП п. 3.6.3; 623-ПП п. 4.2.4)
 11
111.4875
 21
15.875
 31
0.0
100
AcDbAttribute
  2
NORMA
 70
0
  0
SEQEND
  5
971
330
970
100
AcDbEntity
  8
GREEN_AI_SHRUBS
  0
INSERT
  5
975
330
17
100
AcDbEntity
  8
GREEN_AI_SHRUBS
100
AcDbBlockReference
 66
1
  2
GREEN_AI_SHRUB
 10
111.875
 20
15.875
 30
0.0
 41
0.75
 42
0.75
 43
0.75
  0
ATTRIB
  5
977
330
17
100
AcDbEntity
  8
0
 60
1
100
AcDbText
 10
112.7375
 20
15.875
 30
0.0
 40
0.135
  1
S-0370
 11
112.7375
 21
15.875
 31
0.0
100
AcDbAttribute
  2
ID
 70
0
  0
ATTRIB
  5
978
330
17
100
AcDbEntity
  8
0
 60
1
100
AcDbText
 10
112.7375
 20
15.875
 30
0.0
 40
0.135
  1
Бересклет европейский
 11
112.7375
 21
15.875
 31
0.0
100
AcDbAttribute
  2
PORODA
 70
0
  0
ATTRIB
  5
979
330
17
100
AcDbEntity
  8
0
 60
1
100
AcDbText
 10
112.7375
 20
15.875
 30
0.0
 40
0.135
  1
Край проезжей части, кромка укреплённой полосы обочины: норма 1.0 м, факт 1.75 м (СП 42.13330.2016, таблица 9.1; 743-ПП п. 3.6.3; 623-ПП п. 4.2.4)
 11
112.7375
 21
15.875
 31
0.0
100
AcDbAttribute
  2
NORMA
 70
0
  0
SEQEND
  5
976
330
975
100
AcDbEntity
  8
GREEN_AI_SHRUBS
  0
INSERT
  5
97A
330
17
100
AcDbEntity
  8
GREEN_AI_SHRUBS
100
AcDbBlockReference
 66
1
  2
GREEN_AI_SHRUB
 10
113.125
 20
15.875
 30
0.0
 41
0.75
 42
0.75
 43
0.75
  0
ATTRIB
  5
97C
330
17
100
AcDbEntity
  8
0
 60
1
100
AcDbText
 10
113.9875
 20
15.875
 30
0.0
 40
0.135
  1
S-0371
 11
113.9875
 21
15.875
 31
0.0
100
AcDbAttribute
  2
ID
 70
0
  0
ATTRIB
  5
97D
330
17
100
AcDbEntity
  8
0
 60
1
100
AcDbText
 10
113.9875
 20
15.875
 30
0.0
 40
0.135
  1
Бересклет европейский
 11
113.9875
 21
15.875
 31
0.0
100
AcDbAttribute
  2
PORODA
 70
0
  0
ATTRIB
  5
97E
330
17
100
AcDbEntity
  8
0
 60
1
100
AcDbText
 10
113.9875
 20
15.875
 30
0.0
 40
0.135
  1
Край проезжей части, кромка укреплённой полосы обочины: норма 1.0 м, факт 1.75 м (СП 42.13330.2016, таблица 9.1; 743-ПП п. 3.6.3; 623-ПП п. 4.2.4)
 11
113.9875
 21
15.875
 31
0.0
100
AcDbAttribute
  2
NORMA
 70
0
  0
SEQEND
  5
97B
330
97A
100
AcDbEntity
  8
GREEN_AI_SHRUBS
  0
INSERT
  5
97F
330
17
100
AcDbEntity
  8
GREEN_AI_SHRUBS
100
AcDbBlockReference
 66
1
  2
GREEN_AI_SHRUB
 10
114.375
 20
15.875
 30
0.0
 41
0.75
 42
0.75
 43
0.75
  0
ATTRIB
  5
981
330
17
100
AcDbEntity
  8
0
 60
1
100
AcDbText
 10
115.2375
 20
15.875
 30
0.0
 40
0.135
  1
S-0372
 11
115.2375
 21
15.875
 31
0.0
100
AcDbAttribute
  2
ID
 70
0
  0
ATTRIB
  5
982
330
17
100
AcDbEntity
  8
0
 60
1
100
AcDbText
 10
115.2375
 20
15.875
 30
0.0
 40
0.135
  1
Бересклет европейский
 11
115.2375
 21
15.875
 31
0.0
100
AcDbAttribute
  2
PORODA
 70
0
  0
ATTRIB
  5
983
330
17
100
AcDbEntity
  8
0
 60
1
100
AcDbText
 10
115.2375
 20
15.875
 30
0.0
 40
0.135
  1
Край проезжей части, кромка укреплённой полосы обочины: норма 1.0 м, факт 1.75 м (СП 42.13330.2016, таблица 9.1; 743-ПП п. 3.6.3; 623-ПП п. 4.2.4)
 11
115.2375
 21
15.875
 31
0.0
100
AcDbAttribute
  2
NORMA
 70
0
  0
SEQEND
  5
980
330
97F
100
AcDbEntity
  8
GREEN_AI_SHRUBS
  0
INSERT
  5
984
330
17
100
AcDbEntity
  8
GREEN_AI_SHRUBS
100
AcDbBlockReference
 66
1
  2
GREEN_AI_SHRUB
 10
115.625
 20
15.875
 30
0.0
 41
0.75
 42
0.75
 43
0.75
  0
ATTRIB
  5
986
330
17
100
AcDbEntity
  8
0
 60
1
100
AcDbText
 10
116.4875
 20
15.875
 30
0.0
 40
0.135
  1
S-0373
 11
116.4875
 21
15.875
 31
0.0
100
AcDbAttribute
  2
ID
 70
0
  0
ATTRIB
  5
987
330
17
100
AcDbEntity
  8
0
 60
1
100
AcDbText
 10
116.4875
 20
15.875
 30
0.0
 40
0.135
  1
Бересклет европейский
 11
116.4875
 21
15.875
 31
0.0
100
AcDbAttribute
  2
PORODA
 70
0
  0
ATTRIB
  5
988
330
17
100
AcDbEntity
  8
0
 60
1
100
AcDbText
 10
116.4875
 20
15.875
 30
0.0
 40
0.135
  1
Край проезжей части, кромка укреплённой полосы обочины: норма 1.0 м, факт 1.75 м (СП 42.13330.2016, таблица 9.1; 743-ПП п. 3.6.3; 623-ПП п. 4.2.4)
 11
116.4875
 21
15.875
 31
0.0
100
AcDbAttribute
  2
NORMA
 70
0
  0
SEQEND
  5
985
330
984
100
AcDbEntity
  8
GREEN_AI_SHRUBS
  0
INSERT
  5
989
330
17
100
AcDbEntity
  8
GREEN_AI_SHRUBS
100
AcDbBlockReference
 66
1
  2
GREEN_AI_SHRUB
 10
116.875
 20
15.875
 30
0.0
 41
0.75
 42
0.75
 43
0.75
  0
ATTRIB
  5
98B
330
17
100
AcDbEntity
  8
0
 60
1
100
AcDbText
 10
117.7375
 20
15.875
 30
0.0
 40
0.135
  1
S-0374
 11
117.7375
 21
15.875
 31
0.0
100
AcDbAttribute
  2
ID
 70
0
  0
ATTRIB
  5
98C
330
17
100
AcDbEntity
  8
0
 60
1
100
AcDbText
 10
117.7375
 20
15.875
 30
0.0
 40
0.135
  1
Бересклет европейский
 11
117.7375
 21
15.875
 31
0.0
100
AcDbAttribute
  2
PORODA
 70
0
  0
ATTRIB
  5
98D
330
17
100
AcDbEntity
  8
0
 60
1
100
AcDbText
 10
117.7375
 20
15.875
 30
0.0
 40
0.135
  1
Край проезжей части, кромка укреплённой полосы обочины: норма 1.0 м, факт 1.75 м (СП 42.13330.2016, таблица 9.1; 743-ПП п. 3.6.3; 623-ПП п. 4.2.4)
 11
117.7375
 21
15.875
 31
0.0
100
AcDbAttribute
  2
NORMA
 70
0
  0
SEQEND
  5
98A
330
989
100
AcDbEntity
  8
GREEN_AI_SHRUBS
  0
INSERT
  5
98E
330
17
100
AcDbEntity
  8
GREEN_AI_SHRUBS
100
AcDbBlockReference
 66
1
  2
GREEN_AI_SHRUB
 10
118.125
 20
15.875
 30
0.0
 41
0.75
 42
0.75
 43
0.75
  0
ATTRIB
  5
990
330
17
100
AcDbEntity
  8
0
 60
1
100
AcDbText
 10
118.9875
 20
15.875
 30
0.0
 40
0.135
  1
S-0375
 11
118.9875
 21
15.875
 31
0.0
100
AcDbAttribute
  2
ID
 70
0
  0
ATTRIB
  5
991
330
17
100
AcDbEntity
  8
0
 60
1
100
AcDbText
 10
118.9875
 20
15.875
 30
0.0
 40
0.135
  1
Бересклет европейский
 11
118.9875
 21
15.875
 31
0.0
100
AcDbAttribute
  2
PORODA
 70
0
  0
ATTRIB
  5
992
330
17
100
AcDbEntity
  8
0
 60
1
100
AcDbText
 10
118.9875
 20
15.875
 30
0.0
 40
0.135
  1
Край проезжей части, кромка укреплённой полосы обочины: норма 1.0 м, факт 1.75 м (СП 42.13330.2016, таблица 9.1; 743-ПП п. 3.6.3; 623-ПП п. 4.2.4)
 11
118.9875
 21
15.875
 31
0.0
100
AcDbAttribute
  2
NORMA
 70
0
  0
SEQEND
  5
98F
330
98E
100
AcDbEntity
  8
GREEN_AI_SHRUBS
  0
INSERT
  5
993
330
17
100
AcDbEntity
  8
GREEN_AI_SHRUBS
100
AcDbBlockReference
 66
1
  2
GREEN_AI_SHRUB
 10
119.375
 20
15.875
 30
0.0
 41
0.75
 42
0.75
 43
0.75
  0
ATTRIB
  5
995
330
17
100
AcDbEntity
  8
0
 60
1
100
AcDbText
 10
120.2375
 20
15.875
 30
0.0
 40
0.135
  1
S-0376
 11
120.2375
 21
15.875
 31
0.0
100
AcDbAttribute
  2
ID
 70
0
  0
ATTRIB
  5
996
330
17
100
AcDbEntity
  8
0
 60
1
100
AcDbText
 10
120.2375
 20
15.875
 30
0.0
 40
0.135
  1
Бересклет европейский
 11
120.2375
 21
15.875
 31
0.0
100
AcDbAttribute
  2
PORODA
 70
0
  0
ATTRIB
  5
997
330
17
100
AcDbEntity
  8
0
 60
1
100
AcDbText
 10
120.2375
 20
15.875
 30
0.0
 40
0.135
  1
Край проезжей части, кромка укреплённой полосы обочины: норма 1.0 м, факт 1.75 м (СП 42.13330.2016, таблица 9.1; 743-ПП п. 3.6.3; 623-ПП п. 4.2.4)
 11
120.2375
 21
15.875
 31
0.0
100
AcDbAttribute
  2
NORMA
 70
0
  0
SEQEND
  5
994
330
993
100
AcDbEntity
  8
GREEN_AI_SHRUBS
  0
INSERT
  5
998
330
17
100
AcDbEntity
  8
GREEN_AI_SHRUBS
100
AcDbBlockReference
 66
1
  2
GREEN_AI_SHRUB
 10
78.125
 20
0.625
 30
0.0
 41
0.75
 42
0.75
 43
0.75
  0
ATTRIB
  5
99A
330
17
100
AcDbEntity
  8
0
 60
1
100
AcDbText
 10
78.9875
 20
0.625
 30
0.0
 40
0.135
  1
S-0377
 11
78.9875
 21
0.625
 31
0.0
100
AcDbAttribute
  2
ID
 70
0
  0
ATTRIB
  5
99B
330
17
100
AcDbEntity
  8
0
 60
1
100
AcDbText
 10
78.9875
 20
0.625
 30
0.0
 40
0.135
  1
Бересклет европейский
 11
78.9875
 21
0.625
 31
0.0
100
AcDbAttribute
  2
PORODA
 70
0
  0
ATTRIB
  5
99C
330
17
100
AcDbEntity
  8
0
 60
1
100
AcDbText
 10
78.9875
 20
0.625
 30
0.0
 40
0.135
  1
Канализация: норма 1.0 м, факт 2.0 м (СП 42.13330.2016, таблица 9.1; 743-ПП п. 3.6.3; 623-ПП п. 4.2.4)
 11
78.9875
 21
0.625
 31
0.0
100
AcDbAttribute
  2
NORMA
 70
0
  0
SEQEND
  5
999
330
998
100
AcDbEntity
  8
GREEN_AI_SHRUBS
  0
INSERT
  5
99D
330
17
100
AcDbEntity
  8
GREEN_AI_SHRUBS
100
AcDbBlockReference
 66
1
  2
GREEN_AI_SHRUB
 10
82.125
 20
0.625
 30
0.0
 41
0.75
 42
0.75
 43
0.75
  0
ATTRIB
  5
99F
330
17
100
AcDbEntity
  8
0
 60
1
100
AcDbText
 10
82.9875
 20
0.625
 30
0.0
 40
0.135
  1
S-0378
 11
82.9875
 21
0.625
 31
0.0
100
AcDbAttribute
  2
ID
 70
0
  0
ATTRIB
  5
9A0
330
17
100
AcDbEntity
  8
0
 60
1
100
AcDbText
 10
82.9875
 20
0.625
 30
0.0
 40
0.135
  1
Бересклет европейский
 11
82.9875
 21
0.625
 31
0.0
100
AcDbAttribute
  2
PORODA
 70
0
  0
ATTRIB
  5
9A1
330
17
100
AcDbEntity
  8
0
 60
1
100
AcDbText
 10
82.9875
 20
0.625
 30
0.0
 40
0.135
  1
Канализация: норма 1.0 м, факт 2.0 м (СП 42.13330.2016, таблица 9.1; 743-ПП п. 3.6.3; 623-ПП п. 4.2.4)
 11
82.9875
 21
0.625
 31
0.0
100
AcDbAttribute
  2
NORMA
 70
0
  0
SEQEND
  5
99E
330
99D
100
AcDbEntity
  8
GREEN_AI_SHRUBS
  0
INSERT
  5
9A2
330
17
100
AcDbEntity
  8
GREEN_AI_SHRUBS
100
AcDbBlockReference
 66
1
  2
GREEN_AI_SHRUB
 10
78.125
 20
2.625
 30
0.0
 41
0.75
 42
0.75
 43
0.75
  0
ATTRIB
  5
9A4
330
17
100
AcDbEntity
  8
0
 60
1
100
AcDbText
 10
78.9875
 20
2.625
 30
0.0
 40
0.135
  1
S-0379
 11
78.9875
 21
2.625
 31
0.0
100
AcDbAttribute
  2
ID
 70
0
  0
ATTRIB
  5
9A5
330
17
100
AcDbEntity
  8
0
 60
1
100
AcDbText
 10
78.9875
 20
2.625
 30
0.0
 40
0.135
  1
Бересклет европейский
 11
78.9875
 21
2.625
 31
0.0
100
AcDbAttribute
  2
PORODA
 70
0
  0
ATTRIB
  5
9A6
330
17
100
AcDbEntity
  8
0
 60
1
100
AcDbText
 10
78.9875
 20
2.625
 30
0.0
 40
0.135
  1
Канализация: норма 1.0 м, факт 2.0 м (СП 42.13330.2016, таблица 9.1; 743-ПП п. 3.6.3; 623-ПП п. 4.2.4)
 11
78.9875
 21
2.625
 31
0.0
100
AcDbAttribute
  2
NORMA
 70
0
  0
SEQEND
  5
9A3
330
9A2
100
AcDbEntity
  8
GREEN_AI_SHRUBS
  0
INSERT
  5
9A7
330
17
100
AcDbEntity
  8
GREEN_AI_SHRUBS
100
AcDbBlockReference
 66
1
  2
GREEN_AI_SHRUB
 10
82.125
 20
2.625
 30
0.0
 41
0.75
 42
0.75
 43
0.75
  0
ATTRIB
  5
9A9
330
17
100
AcDbEntity
  8
0
 60
1
100
AcDbText
 10
82.9875
 20
2.625
 30
0.0
 40
0.135
  1
S-0380
 11
82.9875
 21
2.625
 31
0.0
100
AcDbAttribute
  2
ID
 70
0
  0
ATTRIB
  5
9AA
330
17
100
AcDbEntity
  8
0
 60
1
100
AcDbText
 10
82.9875
 20
2.625
 30
0.0
 40
0.135
  1
Бересклет европейский
 11
82.9875
 21
2.625
 31
0.0
100
AcDbAttribute
  2
PORODA
 70
0
  0
ATTRIB
  5
9AB
330
17
100
AcDbEntity
  8
0
 60
1
100
AcDbText
 10
82.9875
 20
2.625
 30
0.0
 40
0.135
  1
Канализация: норма 1.0 м, факт 2.0 м (СП 42.13330.2016, таблица 9.1; 743-ПП п. 3.6.3; 623-ПП п. 4.2.4)
 11
82.9875
 21
2.625
 31
0.0
100
AcDbAttribute
  2
NORMA
 70
0
  0
SEQEND
  5
9A8
330
9A7
100
AcDbEntity
  8
GREEN_AI_SHRUBS
  0
INSERT
  5
9AC
330
17
100
AcDbEntity
  8
GREEN_AI_SHRUBS
100
AcDbBlockReference
 66
1
  2
GREEN_AI_SHRUB
 10
10.875
 20
17.625
 30
0.0
 41
0.75
 42
0.75
 43
0.75
  0
ATTRIB
  5
9AE
330
17
100
AcDbEntity
  8
0
 60
1
100
AcDbText
 10
11.7375
 20
17.625
 30
0.0
 40
0.135
  1
S-0381
 11
11.7375
 21
17.625
 31
0.0
100
AcDbAttribute
  2
ID
 70
0
  0
ATTRIB
  5
9AF
330
17
100
AcDbEntity
  8
0
 60
1
100
AcDbText
 10
11.7375
 20
17.625
 30
0.0
 40
0.135
  1
Бересклет европейский
 11
11.7375
 21
17.625
 31
0.0
100
AcDbAttribute
  2
PORODA
 70
0
  0
ATTRIB
  5
9B0
330
17
100
AcDbEntity
  8
0
 60
1
100
AcDbText
 10
11.7375
 20
17.625
 30
0.0
 40
0.135
  1
Край тротуара и садовой дорожки: норма 0.5 м, факт 2.5 м (СП 42.13330.2016, таблица 9.1; 743-ПП п. 3.6.3; 623-ПП п. 4.2.4)
 11
11.7375
 21
17.625
 31
0.0
100
AcDbAttribute
  2
NORMA
 70
0
  0
SEQEND
  5
9AD
330
9AC
100
AcDbEntity
  8
GREEN_AI_SHRUBS
  0
INSERT
  5
9B1
330
17
100
AcDbEntity
  8
GREEN_AI_SHRUBS
100
AcDbBlockReference
 66
1
  2
GREEN_AI_SHRUB
 10
13.375
 20
17.625
 30
0.0
 41
0.75
 42
0.75
 43
0.75
  0
ATTRIB
  5
9B3
330
17
100
AcDbEntity
  8
0
 60
1
100
AcDbText
 10
14.2375
 20
17.625
 30
0.0
 40
0.135
  1
S-0382
 11
14.2375
 21
17.625
 31
0.0
100
AcDbAttribute
  2
ID
 70
0
  0
ATTRIB
  5
9B4
330
17
100
AcDbEntity
  8
0
 60
1
100
AcDbText
 10
14.2375
 20
17.625
 30
0.0
 40
0.135
  1
Бересклет европейский
 11
14.2375
 21
17.625
 31
0.0
100
AcDbAttribute
  2
PORODA
 70
0
  0
ATTRIB
  5
9B5
330
17
100
AcDbEntity
  8
0
 60
1
100
AcDbText
 10
14.2375
 20
17.625
 30
0.0
 40
0.135
  1
Край тротуара и садовой дорожки: норма 0.5 м, факт 2.5 м (СП 42.13330.2016, таблица 9.1; 743-ПП п. 3.6.3; 623-ПП п. 4.2.4)
 11
14.2375
 21
17.625
 31
0.0
100
AcDbAttribute
  2
NORMA
 70
0
  0
SEQEND
  5
9B2
330
9B1
100
AcDbEntity
  8
GREEN_AI_SHRUBS
  0
INSERT
  5
9B6
330
17
100
AcDbEntity
  8
GREEN_AI_SHRUBS
100
AcDbBlockReference
 66
1
  2
GREEN_AI_SHRUB
 10
15.875
 20
17.625
 30
0.0
 41
0.75
 42
0.75
 43
0.75
  0
ATTRIB
  5
9B8
330
17
100
AcDbEntity
  8
0
 60
1
100
AcDbText
 10
16.7375
 20
17.625
 30
0.0
 40
0.135
  1
S-0383
 11
16.7375
 21
17.625
 31
0.0
100
AcDbAttribute
  2
ID
 70
0
  0
ATTRIB
  5
9B9
330
17
100
AcDbEntity
  8
0
 60
1
100
AcDbText
 10
16.7375
 20
17.625
 30
0.0
 40
0.135
  1
Бересклет европейский
 11
16.7375
 21
17.625
 31
0.0
100
AcDbAttribute
  2
PORODA
 70
0
  0
ATTRIB
  5
9BA
330
17
100
AcDbEntity
  8
0
 60
1
100
AcDbText
 10
16.7375
 20
17.625
 30
0.0
 40
0.135
  1
Край тротуара и садовой дорожки: норма 0.5 м, факт 2.5 м (СП 42.13330.2016, таблица 9.1; 743-ПП п. 3.6.3; 623-ПП п. 4.2.4)
 11
16.7375
 21
17.625
 31
0.0
100
AcDbAttribute
  2
NORMA
 70
0
  0
SEQEND
  5
9B7
330
9B6
100
AcDbEntity
  8
GREEN_AI_SHRUBS
  0
INSERT
  5
9BB
330
17
100
AcDbEntity
  8
GREEN_AI_SHRUBS
100
AcDbBlockReference
 66
1
  2
GREEN_AI_SHRUB
 10
18.375
 20
17.625
 30
0.0
 41
0.75
 42
0.75
 43
0.75
  0
ATTRIB
  5
9BD
330
17
100
AcDbEntity
  8
0
 60
1
100
AcDbText
 10
19.2375
 20
17.625
 30
0.0
 40
0.135
  1
S-0384
 11
19.2375
 21
17.625
 31
0.0
100
AcDbAttribute
  2
ID
 70
0
  0
ATTRIB
  5
9BE
330
17
100
AcDbEntity
  8
0
 60
1
100
AcDbText
 10
19.2375
 20
17.625
 30
0.0
 40
0.135
  1
Бересклет европейский
 11
19.2375
 21
17.625
 31
0.0
100
AcDbAttribute
  2
PORODA
 70
0
  0
ATTRIB
  5
9BF
330
17
100
AcDbEntity
  8
0
 60
1
100
AcDbText
 10
19.2375
 20
17.625
 30
0.0
 40
0.135
  1
Край тротуара и садовой дорожки: норма 0.5 м, факт 2.5 м (СП 42.13330.2016, таблица 9.1; 743-ПП п. 3.6.3; 623-ПП п. 4.2.4)
 11
19.2375
 21
17.625
 31
0.0
100
AcDbAttribute
  2
NORMA
 70
0
  0
SEQEND
  5
9BC
330
9BB
100
AcDbEntity
  8
GREEN_AI_SHRUBS
  0
INSERT
  5
9C0
330
17
100
AcDbEntity
  8
GREEN_AI_SHRUBS
100
AcDbBlockReference
 66
1
  2
GREEN_AI_SHRUB
 10
35.875
 20
17.625
 30
0.0
 41
0.75
 42
0.75
 43
0.75
  0
ATTRIB
  5
9C2
330
17
100
AcDbEntity
  8
0
 60
1
100
AcDbText
 10
36.7375
 20
17.625
 30
0.0
 40
0.135
  1
S-0385
 11
36.7375
 21
17.625
 31
0.0
100
AcDbAttribute
  2
ID
 70
0
  0
ATTRIB
  5
9C3
330
17
100
AcDbEntity
  8
0
 60
1
100
AcDbText
 10
36.7375
 20
17.625
 30
0.0
 40
0.135
  1
Бересклет европейский
 11
36.7375
 21
17.625
 31
0.0
100
AcDbAttribute
  2
PORODA
 70
0
  0
ATTRIB
  5
9C4
330
17
100
AcDbEntity
  8
0
 60
1
100
AcDbText
 10
36.7375
 20
17.625
 30
0.0
 40
0.135
  1
Край тротуара и садовой дорожки: норма 0.5 м, факт 2.5 м (СП 42.13330.2016, таблица 9.1; 743-ПП п. 3.6.3; 623-ПП п. 4.2.4)
 11
36.7375
 21
17.625
 31
0.0
100
AcDbAttribute
  2
NORMA
 70
0
  0
SEQEND
  5
9C1
330
9C0
100
AcDbEntity
  8
GREEN_AI_SHRUBS
  0
INSERT
  5
9C5
330
17
100
AcDbEntity
  8
GREEN_AI_SHRUBS
100
AcDbBlockReference
 66
1
  2
GREEN_AI_SHRUB
 10
38.375
 20
17.625
 30
0.0
 41
0.75
 42
0.75
 43
0.75
  0
ATTRIB
  5
9C7
330
17
100
AcDbEntity
  8
0
 60
1
100
AcDbText
 10
39.2375
 20
17.625
 30
0.0
 40
0.135
  1
S-0386
 11
39.2375
 21
17.625
 31
0.0
100
AcDbAttribute
  2
ID
 70
0
  0
ATTRIB
  5
9C8
330
17
100
AcDbEntity
  8
0
 60
1
100
AcDbText
 10
39.2375
 20
17.625
 30
0.0
 40
0.135
  1
Бересклет европейский
 11
39.2375
 21
17.625
 31
0.0
100
AcDbAttribute
  2
PORODA
 70
0
  0
ATTRIB
  5
9C9
330
17
100
AcDbEntity
  8
0
 60
1
100
AcDbText
 10
39.2375
 20
17.625
 30
0.0
 40
0.135
  1
Край тротуара и садовой дорожки: норма 0.5 м, факт 2.5 м (СП 42.13330.2016, таблица 9.1; 743-ПП п. 3.6.3; 623-ПП п. 4.2.4)
 11
39.2375
 21
17.625
 31
0.0
100
AcDbAttribute
  2
NORMA
 70
0
  0
SEQEND
  5
9C6
330
9C5
100
AcDbEntity
  8
GREEN_AI_SHRUBS
  0
INSERT
  5
9CA
330
17
100
AcDbEntity
  8
GREEN_AI_SHRUBS
100
AcDbBlockReference
 66
1
  2
GREEN_AI_SHRUB
 10
40.875
 20
17.625
 30
0.0
 41
0.75
 42
0.75
 43
0.75
  0
ATTRIB
  5
9CC
330
17
100
AcDbEntity
  8
0
 60
1
100
AcDbText
 10
41.7375
 20
17.625
 30
0.0
 40
0.135
  1
S-0387
 11
41.7375
 21
17.625
 31
0.0
100
AcDbAttribute
  2
ID
 70
0
  0
ATTRIB
  5
9CD
330
17
100
AcDbEntity
  8
0
 60
1
100
AcDbText
 10
41.7375
 20
17.625
 30
0.0
 40
0.135
  1
Бересклет европейский
 11
41.7375
 21
17.625
 31
0.0
100
AcDbAttribute
  2
PORODA
 70
0
  0
ATTRIB
  5
9CE
330
17
100
AcDbEntity
  8
0
 60
1
100
AcDbText
 10
41.7375
 20
17.625
 30
0.0
 40
0.135
  1
Край тротуара и садовой дорожки: норма 0.5 м, факт 2.5 м (СП 42.13330.2016, таблица 9.1; 743-ПП п. 3.6.3; 623-ПП п. 4.2.4)
 11
41.7375
 21
17.625
 31
0.0
100
AcDbAttribute
  2
NORMA
 70
0
  0
SEQEND
  5
9CB
330
9CA
100
AcDbEntity
  8
GREEN_AI_SHRUBS
  0
INSERT
  5
9CF
330
17
100
AcDbEntity
  8
GREEN_AI_SHRUBS
100
AcDbBlockReference
 66
1
  2
GREEN_AI_SHRUB
 10
43.375
 20
17.625
 30
0.0
 41
0.75
 42
0.75
 43
0.75
  0
ATTRIB
  5
9D1
330
17
100
AcDbEntity
  8
0
 60
1
100
AcDbText
 10
44.2375
 20
17.625
 30
0.0
 40
0.135
  1
S-0388
 11
44.2375
 21
17.625
 31
0.0
100
AcDbAttribute
  2
ID
 70
0
  0
ATTRIB
  5
9D2
330
17
100
AcDbEntity
  8
0
 60
1
100
AcDbText
 10
44.2375
 20
17.625
 30
0.0
 40
0.135
  1
Бересклет европейский
 11
44.2375
 21
17.625
 31
0.0
100
AcDbAttribute
  2
PORODA
 70
0
  0
ATTRIB
  5
9D3
330
17
100
AcDbEntity
  8
0
 60
1
100
AcDbText
 10
44.2375
 20
17.625
 30
0.0
 40
0.135
  1
Край тротуара и садовой дорожки: норма 0.5 м, факт 2.5 м (СП 42.13330.2016, таблица 9.1; 743-ПП п. 3.6.3; 623-ПП п. 4.2.4)
 11
44.2375
 21
17.625
 31
0.0
100
AcDbAttribute
  2
NORMA
 70
0
  0
SEQEND
  5
9D0
330
9CF
100
AcDbEntity
  8
GREEN_AI_SHRUBS
  0
INSERT
  5
9D4
330
17
100
AcDbEntity
  8
GREEN_AI_SHRUBS
100
AcDbBlockReference
 66
1
  2
GREEN_AI_SHRUB
 10
60.875
 20
17.625
 30
0.0
 41
0.75
 42
0.75
 43
0.75
  0
ATTRIB
  5
9D6
330
17
100
AcDbEntity
  8
0
 60
1
100
AcDbText
 10
61.7375
 20
17.625
 30
0.0
 40
0.135
  1
S-0389
 11
61.7375
 21
17.625
 31
0.0
100
AcDbAttribute
  2
ID
 70
0
  0
ATTRIB
  5
9D7
330
17
100
AcDbEntity
  8
0
 60
1
100
AcDbText
 10
61.7375
 20
17.625
 30
0.0
 40
0.135
  1
Бересклет европейский
 11
61.7375
 21
17.625
 31
0.0
100
AcDbAttribute
  2
PORODA
 70
0
  0
ATTRIB
  5
9D8
330
17
100
AcDbEntity
  8
0
 60
1
100
AcDbText
 10
61.7375
 20
17.625
 30
0.0
 40
0.135
  1
Край тротуара и садовой дорожки: норма 0.5 м, факт 2.5 м (СП 42.13330.2016, таблица 9.1; 743-ПП п. 3.6.3; 623-ПП п. 4.2.4)
 11
61.7375
 21
17.625
 31
0.0
100
AcDbAttribute
  2
NORMA
 70
0
  0
SEQEND
  5
9D5
330
9D4
100
AcDbEntity
  8
GREEN_AI_SHRUBS
  0
INSERT
  5
9D9
330
17
100
AcDbEntity
  8
GREEN_AI_SHRUBS
100
AcDbBlockReference
 66
1
  2
GREEN_AI_SHRUB
 10
63.375
 20
17.625
 30
0.0
 41
0.75
 42
0.75
 43
0.75
  0
ATTRIB
  5
9DB
330
17
100
AcDbEntity
  8
0
 60
1
100
AcDbText
 10
64.2375
 20
17.625
 30
0.0
 40
0.135
  1
S-0390
 11
64.2375
 21
17.625
 31
0.0
100
AcDbAttribute
  2
ID
 70
0
  0
ATTRIB
  5
9DC
330
17
100
AcDbEntity
  8
0
 60
1
100
AcDbText
 10
64.2375
 20
17.625
 30
0.0
 40
0.135
  1
Бересклет европейский
 11
64.2375
 21
17.625
 31
0.0
100
AcDbAttribute
  2
PORODA
 70
0
  0
ATTRIB
  5
9DD
330
17
100
AcDbEntity
  8
0
 60
1
100
AcDbText
 10
64.2375
 20
17.625
 30
0.0
 40
0.135
  1
Край тротуара и садовой дорожки: норма 0.5 м, факт 2.5 м (СП 42.13330.2016, таблица 9.1; 743-ПП п. 3.6.3; 623-ПП п. 4.2.4)
 11
64.2375
 21
17.625
 31
0.0
100
AcDbAttribute
  2
NORMA
 70
0
  0
SEQEND
  5
9DA
330
9D9
100
AcDbEntity
  8
GREEN_AI_SHRUBS
  0
INSERT
  5
9DE
330
17
100
AcDbEntity
  8
GREEN_AI_SHRUBS
100
AcDbBlockReference
 66
1
  2
GREEN_AI_SHRUB
 10
65.875
 20
17.625
 30
0.0
 41
0.75
 42
0.75
 43
0.75
  0
ATTRIB
  5
9E0
330
17
100
AcDbEntity
  8
0
 60
1
100
AcDbText
 10
66.7375
 20
17.625
 30
0.0
 40
0.135
  1
S-0391
 11
66.7375
 21
17.625
 31
0.0
100
AcDbAttribute
  2
ID
 70
0
  0
ATTRIB
  5
9E1
330
17
100
AcDbEntity
  8
0
 60
1
100
AcDbText
 10
66.7375
 20
17.625
 30
0.0
 40
0.135
  1
Бересклет европейский
 11
66.7375
 21
17.625
 31
0.0
100
AcDbAttribute
  2
PORODA
 70
0
  0
ATTRIB
  5
9E2
330
17
100
AcDbEntity
  8
0
 60
1
100
AcDbText
 10
66.7375
 20
17.625
 30
0.0
 40
0.135
  1
Край тротуара и садовой дорожки: норма 0.5 м, факт 2.5 м (СП 42.13330.2016, таблица 9.1; 743-ПП п. 3.6.3; 623-ПП п. 4.2.4)
 11
66.7375
 21
17.625
 31
0.0
100
AcDbAttribute
  2
NORMA
 70
0
  0
SEQEND
  5
9DF
330
9DE
100
AcDbEntity
  8
GREEN_AI_SHRUBS
  0
INSERT
  5
9E3
330
17
100
AcDbEntity
  8
GREEN_AI_SHRUBS
100
AcDbBlockReference
 66
1
  2
GREEN_AI_SHRUB
 10
68.375
 20
17.625
 30
0.0
 41
0.75
 42
0.75
 43
0.75
  0
ATTRIB
  5
9E5
330
17
100
AcDbEntity
  8
0
 60
1
100
AcDbText
 10
69.2375
 20
17.625
 30
0.0
 40
0.135
  1
S-0392
 11
69.2375
 21
17.625
 31
0.0
100
AcDbAttribute
  2
ID
 70
0
  0
ATTRIB
  5
9E6
330
17
100
AcDbEntity
  8
0
 60
1
100
AcDbText
 10
69.2375
 20
17.625
 30
0.0
 40
0.135
  1
Бересклет европейский
 11
69.2375
 21
17.625
 31
0.0
100
AcDbAttribute
  2
PORODA
 70
0
  0
ATTRIB
  5
9E7
330
17
100
AcDbEntity
  8
0
 60
1
100
AcDbText
 10
69.2375
 20
17.625
 30
0.0
 40
0.135
  1
Край тротуара и садовой дорожки: норма 0.5 м, факт 2.5 м (СП 42.13330.2016, таблица 9.1; 743-ПП п. 3.6.3; 623-ПП п. 4.2.4)
 11
69.2375
 21
17.625
 31
0.0
100
AcDbAttribute
  2
NORMA
 70
0
  0
SEQEND
  5
9E4
330
9E3
100
AcDbEntity
  8
GREEN_AI_SHRUBS
  0
INSERT
  5
9E8
330
17
100
AcDbEntity
  8
GREEN_AI_SHRUBS
100
AcDbBlockReference
 66
1
  2
GREEN_AI_SHRUB
 10
86.125
 20
17.625
 30
0.0
 41
0.75
 42
0.75
 43
0.75
  0
ATTRIB
  5
9EA
330
17
100
AcDbEntity
  8
0
 60
1
100
AcDbText
 10
86.9875
 20
17.625
 30
0.0
 40
0.135
  1
S-0393
 11
86.9875
 21
17.625
 31
0.0
100
AcDbAttribute
  2
ID
 70
0
  0
ATTRIB
  5
9EB
330
17
100
AcDbEntity
  8
0
 60
1
100
AcDbText
 10
86.9875
 20
17.625
 30
0.0
 40
0.135
  1
Бересклет европейский
 11
86.9875
 21
17.625
 31
0.0
100
AcDbAttribute
  2
PORODA
 70
0
  0
ATTRIB
  5
9EC
330
17
100
AcDbEntity
  8
0
 60
1
100
AcDbText
 10
86.9875
 20
17.625
 30
0.0
 40
0.135
  1
Край тротуара и садовой дорожки: норма 0.5 м, факт 2.5 м (СП 42.13330.2016, таблица 9.1; 743-ПП п. 3.6.3; 623-ПП п. 4.2.4)
 11
86.9875
 21
17.625
 31
0.0
100
AcDbAttribute
  2
NORMA
 70
0
  0
SEQEND
  5
9E9
330
9E8
100
AcDbEntity
  8
GREEN_AI_SHRUBS
  0
INSERT
  5
9ED
330
17
100
AcDbEntity
  8
GREEN_AI_SHRUBS
100
AcDbBlockReference
 66
1
  2
GREEN_AI_SHRUB
 10
88.625
 20
17.625
 30
0.0
 41
0.75
 42
0.75
 43
0.75
  0
ATTRIB
  5
9EF
330
17
100
AcDbEntity
  8
0
 60
1
100
AcDbText
 10
89.4875
 20
17.625
 30
0.0
 40
0.135
  1
S-0394
 11
89.4875
 21
17.625
 31
0.0
100
AcDbAttribute
  2
ID
 70
0
  0
ATTRIB
  5
9F0
330
17
100
AcDbEntity
  8
0
 60
1
100
AcDbText
 10
89.4875
 20
17.625
 30
0.0
 40
0.135
  1
Бересклет европейский
 11
89.4875
 21
17.625
 31
0.0
100
AcDbAttribute
  2
PORODA
 70
0
  0
ATTRIB
  5
9F1
330
17
100
AcDbEntity
  8
0
 60
1
100
AcDbText
 10
89.4875
 20
17.625
 30
0.0
 40
0.135
  1
Край тротуара и садовой дорожки: норма 0.5 м, факт 2.5 м (СП 42.13330.2016, таблица 9.1; 743-ПП п. 3.6.3; 623-ПП п. 4.2.4)
 11
89.4875
 21
17.625
 31
0.0
100
AcDbAttribute
  2
NORMA
 70
0
  0
SEQEND
  5
9EE
330
9ED
100
AcDbEntity
  8
GREEN_AI_SHRUBS
  0
INSERT
  5
9F2
330
17
100
AcDbEntity
  8
GREEN_AI_SHRUBS
100
AcDbBlockReference
 66
1
  2
GREEN_AI_SHRUB
 10
91.125
 20
17.625
 30
0.0
 41
0.75
 42
0.75
 43
0.75
  0
ATTRIB
  5
9F4
330
17
100
AcDbEntity
  8
0
 60
1
100
AcDbText
 10
91.9875
 20
17.625
 30
0.0
 40
0.135
  1
S-0395
 11
91.9875
 21
17.625
 31
0.0
100
AcDbAttribute
  2
ID
 70
0
  0
ATTRIB
  5
9F5
330
17
100
AcDbEntity
  8
0
 60
1
100
AcDbText
 10
91.9875
 20
17.625
 30
0.0
 40
0.135
  1
Бересклет европейский
 11
91.9875
 21
17.625
 31
0.0
100
AcDbAttribute
  2
PORODA
 70
0
  0
ATTRIB
  5
9F6
330
17
100
AcDbEntity
  8
0
 60
1
100
AcDbText
 10
91.9875
 20
17.625
 30
0.0
 40
0.135
  1
Край тротуара и садовой дорожки: норма 0.5 м, факт 2.5 м (СП 42.13330.2016, таблица 9.1; 743-ПП п. 3.6.3; 623-ПП п. 4.2.4)
 11
91.9875
 21
17.625
 31
0.0
100
AcDbAttribute
  2
NORMA
 70
0
  0
SEQEND
  5
9F3
330
9F2
100
AcDbEntity
  8
GREEN_AI_SHRUBS
  0
INSERT
  5
9F7
330
17
100
AcDbEntity
  8
GREEN_AI_SHRUBS
100
AcDbBlockReference
 66
1
  2
GREEN_AI_SHRUB
 10
93.625
 20
17.625
 30
0.0
 41
0.75
 42
0.75
 43
0.75
  0
ATTRIB
  5
9F9
330
17
100
AcDbEntity
  8
0
 60
1
100
AcDbText
 10
94.4875
 20
17.625
 30
0.0
 40
0.135
  1
S-0396
 11
94.4875
 21
17.625
 31
0.0
100
AcDbAttribute
  2
ID
 70
0
  0
ATTRIB
  5
9FA
330
17
100
AcDbEntity
  8
0
 60
1
100
AcDbText
 10
94.4875
 20
17.625
 30
0.0
 40
0.135
  1
Бересклет европейский
 11
94.4875
 21
17.625
 31
0.0
100
AcDbAttribute
  2
PORODA
 70
0
  0
ATTRIB
  5
9FB
330
17
100
AcDbEntity
  8
0
 60
1
100
AcDbText
 10
94.4875
 20
17.625
 30
0.0
 40
0.135
  1
Край тротуара и садовой дорожки: норма 0.5 м, факт 2.5 м (СП 42.13330.2016, таблица 9.1; 743-ПП п. 3.6.3; 623-ПП п. 4.2.4)
 11
94.4875
 21
17.625
 31
0.0
100
AcDbAttribute
  2
NORMA
 70
0
  0
SEQEND
  5
9F8
330
9F7
100
AcDbEntity
  8
GREEN_AI_SHRUBS
  0
INSERT
  5
9FC
330
17
100
AcDbEntity
  8
GREEN_AI_SHRUBS
100
AcDbBlockReference
 66
1
  2
GREEN_AI_SHRUB
 10
106.125
 20
17.625
 30
0.0
 41
0.75
 42
0.75
 43
0.75
  0
ATTRIB
  5
9FE
330
17
100
AcDbEntity
  8
0
 60
1
100
AcDbText
 10
106.9875
 20
17.625
 30
0.0
 40
0.135
  1
S-0397
 11
106.9875
 21
17.625
 31
0.0
100
AcDbAttribute
  2
ID
 70
0
  0
ATTRIB
  5
9FF
330
17
100
AcDbEntity
  8
0
 60
1
100
AcDbText
 10
106.9875
 20
17.625
 30
0.0
 40
0.135
  1
Бересклет европейский
 11
106.9875
 21
17.625
 31
0.0
100
AcDbAttribute
  2
PORODA
 70
0
  0
ATTRIB
  5
A00
330
17
100
AcDbEntity
  8
0
 60
1
100
AcDbText
 10
106.9875
 20
17.625
 30
0.0
 40
0.135
  1
Край тротуара и садовой дорожки: норма 0.5 м, факт 2.5 м (СП 42.13330.2016, таблица 9.1; 743-ПП п. 3.6.3; 623-ПП п. 4.2.4)
 11
106.9875
 21
17.625
 31
0.0
100
AcDbAttribute
  2
NORMA
 70
0
  0
SEQEND
  5
9FD
330
9FC
100
AcDbEntity
  8
GREEN_AI_SHRUBS
  0
INSERT
  5
A01
330
17
100
AcDbEntity
  8
GREEN_AI_SHRUBS
100
AcDbBlockReference
 66
1
  2
GREEN_AI_SHRUB
 10
108.625
 20
17.625
 30
0.0
 41
0.75
 42
0.75
 43
0.75
  0
ATTRIB
  5
A03
330
17
100
AcDbEntity
  8
0
 60
1
100
AcDbText
 10
109.4875
 20
17.625
 30
0.0
 40
0.135
  1
S-0398
 11
109.4875
 21
17.625
 31
0.0
100
AcDbAttribute
  2
ID
 70
0
  0
ATTRIB
  5
A04
330
17
100
AcDbEntity
  8
0
 60
1
100
AcDbText
 10
109.4875
 20
17.625
 30
0.0
 40
0.135
  1
Бересклет европейский
 11
109.4875
 21
17.625
 31
0.0
100
AcDbAttribute
  2
PORODA
 70
0
  0
ATTRIB
  5
A05
330
17
100
AcDbEntity
  8
0
 60
1
100
AcDbText
 10
109.4875
 20
17.625
 30
0.0
 40
0.135
  1
Край тротуара и садовой дорожки: норма 0.5 м, факт 2.5 м (СП 42.13330.2016, таблица 9.1; 743-ПП п. 3.6.3; 623-ПП п. 4.2.4)
 11
109.4875
 21
17.625
 31
0.0
100
AcDbAttribute
  2
NORMA
 70
0
  0
SEQEND
  5
A02
330
A01
100
AcDbEntity
  8
GREEN_AI_SHRUBS
  0
INSERT
  5
A06
330
17
100
AcDbEntity
  8
GREEN_AI_SHRUBS
100
AcDbBlockReference
 66
1
  2
GREEN_AI_SHRUB
 10
111.125
 20
17.625
 30
0.0
 41
0.75
 42
0.75
 43
0.75
  0
ATTRIB
  5
A08
330
17
100
AcDbEntity
  8
0
 60
1
100
AcDbText
 10
111.9875
 20
17.625
 30
0.0
 40
0.135
  1
S-0399
 11
111.9875
 21
17.625
 31
0.0
100
AcDbAttribute
  2
ID
 70
0
  0
ATTRIB
  5
A09
330
17
100
AcDbEntity
  8
0
 60
1
100
AcDbText
 10
111.9875
 20
17.625
 30
0.0
 40
0.135
  1
Бересклет европейский
 11
111.9875
 21
17.625
 31
0.0
100
AcDbAttribute
  2
PORODA
 70
0
  0
ATTRIB
  5
A0A
330
17
100
AcDbEntity
  8
0
 60
1
100
AcDbText
 10
111.9875
 20
17.625
 30
0.0
 40
0.135
  1
Край тротуара и садовой дорожки: норма 0.5 м, факт 2.51 м (СП 42.13330.2016, таблица 9.1; 743-ПП п. 3.6.3; 623-ПП п. 4.2.4)
 11
111.9875
 21
17.625
 31
0.0
100
AcDbAttribute
  2
NORMA
 70
0
  0
SEQEND
  5
A07
330
A06
100
AcDbEntity
  8
GREEN_AI_SHRUBS
  0
INSERT
  5
A0B
330
17
100
AcDbEntity
  8
GREEN_AI_SHRUBS
100
AcDbBlockReference
 66
1
  2
GREEN_AI_SHRUB
 10
113.625
 20
17.625
 30
0.0
 41
0.75
 42
0.75
 43
0.75
  0
ATTRIB
  5
A0D
330
17
100
AcDbEntity
  8
0
 60
1
100
AcDbText
 10
114.4875
 20
17.625
 30
0.0
 40
0.135
  1
S-0400
 11
114.4875
 21
17.625
 31
0.0
100
AcDbAttribute
  2
ID
 70
0
  0
ATTRIB
  5
A0E
330
17
100
AcDbEntity
  8
0
 60
1
100
AcDbText
 10
114.4875
 20
17.625
 30
0.0
 40
0.135
  1
Бересклет европейский
 11
114.4875
 21
17.625
 31
0.0
100
AcDbAttribute
  2
PORODA
 70
0
  0
ATTRIB
  5
A0F
330
17
100
AcDbEntity
  8
0
 60
1
100
AcDbText
 10
114.4875
 20
17.625
 30
0.0
 40
0.135
  1
Край тротуара и садовой дорожки: норма 0.5 м, факт 2.5 м (СП 42.13330.2016, таблица 9.1; 743-ПП п. 3.6.3; 623-ПП п. 4.2.4)
 11
114.4875
 21
17.625
 31
0.0
100
AcDbAttribute
  2
NORMA
 70
0
  0
SEQEND
  5
A0C
330
A0B
100
AcDbEntity
  8
GREEN_AI_SHRUBS
  0
INSERT
  5
A10
330
17
100
AcDbEntity
  8
GREEN_AI_SHRUBS
100
AcDbBlockReference
 66
1
  2
GREEN_AI_SHRUB
 10
78.125
 20
17.875
 30
0.0
 41
0.25
 42
0.25
 43
0.25
  0
ATTRIB
  5
A12
330
17
100
AcDbEntity
  8
0
 60
1
100
AcDbText
 10
78.4125
 20
17.875
 30
0.0
 40
0.045
  1
S-0401
 11
78.4125
 21
17.875
 31
0.0
100
AcDbAttribute
  2
ID
 70
0
  0
ATTRIB
  5
A13
330
17
100
AcDbEntity
  8
0
 60
1
100
AcDbText
 10
78.4125
 20
17.875
 30
0.0
 40
0.045
  1
Можжевельник казацкий 'Tamariscifolia'
 11
78.4125
 21
17.875
 31
0.0
100
AcDbAttribute
  2
PORODA
 70
0
  0
ATTRIB
  5
A14
330
17
100
AcDbEntity
  8
0
 60
1
100
AcDbText
 10
78.4125
 20
17.875
 30
0.0
 40
0.045
  1
Канализация: норма 1.0 м, факт 2.0 м (СП 42.13330.2016, таблица 9.1; 743-ПП п. 3.6.3; 623-ПП п. 4.2.4)
 11
78.4125
 21
17.875
 31
0.0
100
AcDbAttribute
  2
NORMA
 70
0
  0
SEQEND
  5
A11
330
A10
100
AcDbEntity
  8
GREEN_AI_SHRUBS
  0
INSERT
  5
A15
330
17
100
AcDbEntity
  8
GREEN_AI_SHRUBS
100
AcDbBlockReference
 66
1
  2
GREEN_AI_SHRUB
 10
82.125
 20
17.875
 30
0.0
 41
0.25
 42
0.25
 43
0.25
  0
ATTRIB
  5
A17
330
17
100
AcDbEntity
  8
0
 60
1
100
AcDbText
 10
82.4125
 20
17.875
 30
0.0
 40
0.045
  1
S-0402
 11
82.4125
 21
17.875
 31
0.0
100
AcDbAttribute
  2
ID
 70
0
  0
ATTRIB
  5
A18
330
17
100
AcDbEntity
  8
0
 60
1
100
AcDbText
 10
82.4125
 20
17.875
 30
0.0
 40
0.045
  1
Можжевельник казацкий 'Tamariscifolia'
 11
82.4125
 21
17.875
 31
0.0
100
AcDbAttribute
  2
PORODA
 70
0
  0
ATTRIB
  5
A19
330
17
100
AcDbEntity
  8
0
 60
1
100
AcDbText
 10
82.4125
 20
17.875
 30
0.0
 40
0.045
  1
Канализация: норма 1.0 м, факт 2.0 м (СП 42.13330.2016, таблица 9.1; 743-ПП п. 3.6.3; 623-ПП п. 4.2.4)
 11
82.4125
 21
17.875
 31
0.0
100
AcDbAttribute
  2
NORMA
 70
0
  0
SEQEND
  5
A16
330
A15
100
AcDbEntity
  8
GREEN_AI_SHRUBS
  0
INSERT
  5
A1A
330
17
100
AcDbEntity
  8
GREEN_AI_SHRUBS
100
AcDbBlockReference
 66
1
  2
GREEN_AI_SHRUB
 10
0.625
 20
21.625
 30
0.0
 41
0.25
 42
0.25
 43
0.25
  0
ATTRIB
  5
A1C
330
17
100
AcDbEntity
  8
0
 60
1
100
AcDbText
 10
0.9125
 20
21.625
 30
0.0
 40
0.045
  1
S-0403
 11
0.9125
 21
21.625
 31
0.0
100
AcDbAttribute
  2
ID
 70
0
  0
ATTRIB
  5
A1D
330
17
100
AcDbEntity
  8
0
 60
1
100
AcDbText
 10
0.9125
 20
21.625
 30
0.0
 40
0.045
  1
Можжевельник казацкий 'Tamariscifolia'
 11
0.9125
 21
21.625
 31
0.0
100
AcDbAttribute
  2
PORODA
 70
0
  0
ATTRIB
  5
A1E
330
17
100
AcDbEntity
  8
0
 60
1
100
AcDbText
 10
0.9125
 20
21.625
 30
0.0
 40
0.045
  1
Край тротуара и садовой дорожки: норма 0.5 м, факт 1.5 м (СП 42.13330.2016, таблица 9.1; 743-ПП п. 3.6.3; 623-ПП п. 4.2.4)
 11
0.9125
 21
21.625
 31
0.0
100
AcDbAttribute
  2
NORMA
 70
0
  0
SEQEND
  5
A1B
330
A1A
100
AcDbEntity
  8
GREEN_AI_SHRUBS
  0
INSERT
  5
A1F
330
17
100
AcDbEntity
  8
GREEN_AI_SHRUBS
100
AcDbBlockReference
 66
1
  2
GREEN_AI_SHRUB
 10
119.625
 20
21.625
 30
0.0
 41
0.25
 42
0.25
 43
0.25
  0
ATTRIB
  5
A21
330
17
100
AcDbEntity
  8
0
 60
1
100
AcDbText
 10
119.9125
 20
21.625
 30
0.0
 40
0.045
  1
S-0404
 11
119.9125
 21
21.625
 31
0.0
100
AcDbAttribute
  2
ID
 70
0
  0
ATTRIB
  5
A22
330
17
100
AcDbEntity
  8
0
 60
1
100
AcDbText
 10
119.9125
 20
21.625
 30
0.0
 40
0.045
  1
Можжевельник казацкий 'Tamariscifolia'
 11
119.9125
 21
21.625
 31
0.0
100
AcDbAttribute
  2
PORODA
 70
0
  0
ATTRIB
  5
A23
330
17
100
AcDbEntity
  8
0
 60
1
100
AcDbText
 10
119.9125
 20
21.625
 30
0.0
 40
0.045
  1
Край тротуара и садовой дорожки: норма 0.5 м, факт 1.5 м (СП 42.13330.2016, таблица 9.1; 743-ПП п. 3.6.3; 623-ПП п. 4.2.4)
 11
119.9125
 21
21.625
 31
0.0
100
AcDbAttribute
  2
NORMA
 70
0
  0
SEQEND
  5
A20
330
A1F
100
AcDbEntity
  8
GREEN_AI_SHRUBS
  0
INSERT
  5
A24
330
17
100
AcDbEntity
  8
GREEN_AI_SHRUBS
100
AcDbBlockReference
 66
1
  2
GREEN_AI_SHRUB
 10
0.625
 20
24.625
 30
0.0
 41
0.25
 42
0.25
 43
0.25
  0
ATTRIB
  5
A26
330
17
100
AcDbEntity
  8
0
 60
1
100
AcDbText
 10
0.9125
 20
24.625
 30
0.0
 40
0.045
  1
S-0405
 11
0.9125
 21
24.625
 31
0.0
100
AcDbAttribute
  2
ID
 70
0
  0
ATTRIB
  5
A27
330
17
100
AcDbEntity
  8
0
 60
1
100
AcDbText
 10
0.9125
 20
24.625
 30
0.0
 40
0.045
  1
Можжевельник казацкий 'Tamariscifolia'
 11
0.9125
 21
24.625
 31
0.0
100
AcDbAttribute
  2
PORODA
 70
0
  0
ATTRIB
  5
A28
330
17
100
AcDbEntity
  8
0
 60
1
100
AcDbText
 10
0.9125
 20
24.625
 30
0.0
 40
0.045
  1
Силовой кабель и кабель связи: норма 0.7 м, факт 1.5 м (СП 42.13330.2016, таблица 9.1; 743-ПП п. 3.6.3; 623-ПП п. 4.2.4)
 11
0.9125
 21
24.625
 31
0.0
100
AcDbAttribute
  2
NORMA
 70
0
  0
SEQEND
  5
A25
330
A24
100
AcDbEntity
  8
GREEN_AI_SHRUBS
  0
INSERT
  5
A29
330
17
100
AcDbEntity
  8
GREEN_AI_SHRUBS
100
AcDbBlockReference
 66
1
  2
GREEN_AI_SHRUB
 10
2.625
 20
24.625
 30
0.0
 41
0.25
 42
0.25
 43
0.25
  0
ATTRIB
  5
A2B
330
17
100
AcDbEntity
  8
0
 60
1
100
AcDbText
 10
2.9125
 20
24.625
 30
0.0
 40
0.045
  1
S-0406
 11
2.9125
 21
24.625
 31
0.0
100
AcDbAttribute
  2
ID
 70
0
  0
ATTRIB
  5
A2C
330
17
100
AcDbEntity
  8
0
 60
1
100
AcDbText
 10
2.9125
 20
24.625
 30
0.0
 40
0.045
  1
Можжевельник казацкий 'Tamariscifolia'
 11
2.9125
 21
24.625
 31
0.0
100
AcDbAttribute
  2
PORODA
 70
0
  0
ATTRIB
  5
A2D
330
17
100
AcDbEntity
  8
0
 60
1
100
AcDbText
 10
2.9125
 20
24.625
 30
0.0
 40
0.045
  1
Силовой кабель и кабель связи: норма 0.7 м, факт 1.5 м (СП 42.13330.2016, таблица 9.1; 743-ПП п. 3.6.3; 623-ПП п. 4.2.4)
 11
2.9125
 21
24.625
 31
0.0
100
AcDbAttribute
  2
NORMA
 70
0
  0
SEQEND
  5
A2A
330
A29
100
AcDbEntity
  8
GREEN_AI_SHRUBS
  0
INSERT
  5
A2E
330
17
100
AcDbEntity
  8
GREEN_AI_SHRUBS
100
AcDbBlockReference
 66
1
  2
GREEN_AI_SHRUB
 10
4.625
 20
24.625
 30
0.0
 41
0.25
 42
0.25
 43
0.25
  0
ATTRIB
  5
A30
330
17
100
AcDbEntity
  8
0
 60
1
100
AcDbText
 10
4.9125
 20
24.625
 30
0.0
 40
0.045
  1
S-0407
 11
4.9125
 21
24.625
 31
0.0
100
AcDbAttribute
  2
ID
 70
0
  0
ATTRIB
  5
A31
330
17
100
AcDbEntity
  8
0
 60
1
100
AcDbText
 10
4.9125
 20
24.625
 30
0.0
 40
0.045
  1
Можжевельник казацкий 'Tamariscifolia'
 11
4.9125
 21
24.625
 31
0.0
100
AcDbAttribute
  2
PORODA
 70
0
  0
ATTRIB
  5
A32
330
17
100
AcDbEntity
  8
0
 60
1
100
AcDbText
 10
4.9125
 20
24.625
 30
0.0
 40
0.045
  1
Силовой кабель и кабель связи: норма 0.7 м, факт 1.5 м (СП 42.13330.2016, таблица 9.1; 743-ПП п. 3.6.3; 623-ПП п. 4.2.4)
 11
4.9125
 21
24.625
 31
0.0
100
AcDbAttribute
  2
NORMA
 70
0
  0
SEQEND
  5
A2F
330
A2E
100
AcDbEntity
  8
GREEN_AI_SHRUBS
  0
INSERT
  5
A33
330
17
100
AcDbEntity
  8
GREEN_AI_SHRUBS
100
AcDbBlockReference
 66
1
  2
GREEN_AI_SHRUB
 10
6.625
 20
24.625
 30
0.0
 41
0.25
 42
0.25
 43
0.25
  0
ATTRIB
  5
A35
330
17
100
AcDbEntity
  8
0
 60
1
100
AcDbText
 10
6.9125
 20
24.625
 30
0.0
 40
0.045
  1
S-0408
 11
6.9125
 21
24.625
 31
0.0
100
AcDbAttribute
  2
ID
 70
0
  0
ATTRIB
  5
A36
330
17
100
AcDbEntity
  8
0
 60
1
100
AcDbText
 10
6.9125
 20
24.625
 30
0.0
 40
0.045
  1
Можжевельник казацкий 'Tamariscifolia'
 11
6.9125
 21
24.625
 31
0.0
100
AcDbAttribute
  2
PORODA
 70
0
  0
ATTRIB
  5
A37
330
17
100
AcDbEntity
  8
0
 60
1
100
AcDbText
 10
6.9125
 20
24.625
 30
0.0
 40
0.045
  1
Силовой кабель и кабель связи: норма 0.7 м, факт 1.5 м (СП 42.13330.2016, таблица 9.1; 743-ПП п. 3.6.3; 623-ПП п. 4.2.4)
 11
6.9125
 21
24.625
 31
0.0
100
AcDbAttribute
  2
NORMA
 70
0
  0
SEQEND
  5
A34
330
A33
100
AcDbEntity
  8
GREEN_AI_SHRUBS
  0
INSERT
  5
A38
330
17
100
AcDbEntity
  8
GREEN_AI_SHRUBS
100
AcDbBlockReference
 66
1
  2
GREEN_AI_SHRUB
 10
8.625
 20
24.625
 30
0.0
 41
0.25
 42
0.25
 43
0.25
  0
ATTRIB
  5
A3A
330
17
100
AcDbEntity
  8
0
 60
1
100
AcDbText
 10
8.9125
 20
24.625
 30
0.0
 40
0.045
  1
S-0409
 11
8.9125
 21
24.625
 31
0.0
100
AcDbAttribute
  2
ID
 70
0
  0
ATTRIB
  5
A3B
330
17
100
AcDbEntity
  8
0
 60
1
100
AcDbText
 10
8.9125
 20
24.625
 30
0.0
 40
0.045
  1
Можжевельник казацкий 'Tamariscifolia'
 11
8.9125
 21
24.625
 31
0.0
100
AcDbAttribute
  2
PORODA
 70
0
  0
ATTRIB
  5
A3C
330
17
100
AcDbEntity
  8
0
 60
1
100
AcDbText
 10
8.9125
 20
24.625
 30
0.0
 40
0.045
  1
Силовой кабель и кабель связи: норма 0.7 м, факт 1.5 м (СП 42.13330.2016, таблица 9.1; 743-ПП п. 3.6.3; 623-ПП п. 4.2.4)
 11
8.9125
 21
24.625
 31
0.0
100
AcDbAttribute
  2
NORMA
 70
0
  0
SEQEND
  5
A39
330
A38
100
AcDbEntity
  8
GREEN_AI_SHRUBS
  0
INSERT
  5
A3D
330
17
100
AcDbEntity
  8
GREEN_AI_SHRUBS
100
AcDbBlockReference
 66
1
  2
GREEN_AI_SHRUB
 10
10.625
 20
24.625
 30
0.0
 41
0.25
 42
0.25
 43
0.25
  0
ATTRIB
  5
A3F
330
17
100
AcDbEntity
  8
0
 60
1
100
AcDbText
 10
10.9125
 20
24.625
 30
0.0
 40
0.045
  1
S-0410
 11
10.9125
 21
24.625
 31
0.0
100
AcDbAttribute
  2
ID
 70
0
  0
ATTRIB
  5
A40
330
17
100
AcDbEntity
  8
0
 60
1
100
AcDbText
 10
10.9125
 20
24.625
 30
0.0
 40
0.045
  1
Можжевельник казацкий 'Tamariscifolia'
 11
10.9125
 21
24.625
 31
0.0
100
AcDbAttribute
  2
PORODA
 70
0
  0
ATTRIB
  5
A41
330
17
100
AcDbEntity
  8
0
 60
1
100
AcDbText
 10
10.9125
 20
24.625
 30
0.0
 40
0.045
  1
Силовой кабель и кабель связи: норма 0.7 м, факт 1.5 м (СП 42.13330.2016, таблица 9.1; 743-ПП п. 3.6.3; 623-ПП п. 4.2.4)
 11
10.9125
 21
24.625
 31
0.0
100
AcDbAttribute
  2
NORMA
 70
0
  0
SEQEND
  5
A3E
330
A3D
100
AcDbEntity
  8
GREEN_AI_SHRUBS
  0
INSERT
  5
A42
330
17
100
AcDbEntity
  8
GREEN_AI_SHRUBS
100
AcDbBlockReference
 66
1
  2
GREEN_AI_SHRUB
 10
12.625
 20
24.625
 30
0.0
 41
0.25
 42
0.25
 43
0.25
  0
ATTRIB
  5
A44
330
17
100
AcDbEntity
  8
0
 60
1
100
AcDbText
 10
12.9125
 20
24.625
 30
0.0
 40
0.045
  1
S-0411
 11
12.9125
 21
24.625
 31
0.0
100
AcDbAttribute
  2
ID
 70
0
  0
ATTRIB
  5
A45
330
17
100
AcDbEntity
  8
0
 60
1
100
AcDbText
 10
12.9125
 20
24.625
 30
0.0
 40
0.045
  1
Можжевельник казацкий 'Tamariscifolia'
 11
12.9125
 21
24.625
 31
0.0
100
AcDbAttribute
  2
PORODA
 70
0
  0
ATTRIB
  5
A46
330
17
100
AcDbEntity
  8
0
 60
1
100
AcDbText
 10
12.9125
 20
24.625
 30
0.0
 40
0.045
  1
Силовой кабель и кабель связи: норма 0.7 м, факт 1.5 м (СП 42.13330.2016, таблица 9.1; 743-ПП п. 3.6.3; 623-ПП п. 4.2.4)
 11
12.9125
 21
24.625
 31
0.0
100
AcDbAttribute
  2
NORMA
 70
0
  0
SEQEND
  5
A43
330
A42
100
AcDbEntity
  8
GREEN_AI_SHRUBS
  0
INSERT
  5
A47
330
17
100
AcDbEntity
  8
GREEN_AI_SHRUBS
100
AcDbBlockReference
 66
1
  2
GREEN_AI_SHRUB
 10
14.625
 20
24.625
 30
0.0
 41
0.25
 42
0.25
 43
0.25
  0
ATTRIB
  5
A49
330
17
100
AcDbEntity
  8
0
 60
1
100
AcDbText
 10
14.9125
 20
24.625
 30
0.0
 40
0.045
  1
S-0412
 11
14.9125
 21
24.625
 31
0.0
100
AcDbAttribute
  2
ID
 70
0
  0
ATTRIB
  5
A4A
330
17
100
AcDbEntity
  8
0
 60
1
100
AcDbText
 10
14.9125
 20
24.625
 30
0.0
 40
0.045
  1
Можжевельник казацкий 'Tamariscifolia'
 11
14.9125
 21
24.625
 31
0.0
100
AcDbAttribute
  2
PORODA
 70
0
  0
ATTRIB
  5
A4B
330
17
100
AcDbEntity
  8
0
 60
1
100
AcDbText
 10
14.9125
 20
24.625
 30
0.0
 40
0.045
  1
Силовой кабель и кабель связи: норма 0.7 м, факт 1.5 м (СП 42.13330.2016, таблица 9.1; 743-ПП п. 3.6.3; 623-ПП п. 4.2.4)
 11
14.9125
 21
24.625
 31
0.0
100
AcDbAttribute
  2
NORMA
 70
0
  0
SEQEND
  5
A48
330
A47
100
AcDbEntity
  8
GREEN_AI_SHRUBS
  0
INSERT
  5
A4C
330
17
100
AcDbEntity
  8
GREEN_AI_SHRUBS
100
AcDbBlockReference
 66
1
  2
GREEN_AI_SHRUB
 10
16.625
 20
24.625
 30
0.0
 41
0.25
 42
0.25
 43
0.25
  0
ATTRIB
  5
A4E
330
17
100
AcDbEntity
  8
0
 60
1
100
AcDbText
 10
16.9125
 20
24.625
 30
0.0
 40
0.045
  1
S-0413
 11
16.9125
 21
24.625
 31
0.0
100
AcDbAttribute
  2
ID
 70
0
  0
ATTRIB
  5
A4F
330
17
100
AcDbEntity
  8
0
 60
1
100
AcDbText
 10
16.9125
 20
24.625
 30
0.0
 40
0.045
  1
Можжевельник казацкий 'Tamariscifolia'
 11
16.9125
 21
24.625
 31
0.0
100
AcDbAttribute
  2
PORODA
 70
0
  0
ATTRIB
  5
A50
330
17
100
AcDbEntity
  8
0
 60
1
100
AcDbText
 10
16.9125
 20
24.625
 30
0.0
 40
0.045
  1
Силовой кабель и кабель связи: норма 0.7 м, факт 1.5 м (СП 42.13330.2016, таблица 9.1; 743-ПП п. 3.6.3; 623-ПП п. 4.2.4)
 11
16.9125
 21
24.625
 31
0.0
100
AcDbAttribute
  2
NORMA
 70
0
  0
SEQEND
  5
A4D
330
A4C
100
AcDbEntity
  8
GREEN_AI_SHRUBS
  0
INSERT
  5
A51
330
17
100
AcDbEntity
  8
GREEN_AI_SHRUBS
100
AcDbBlockReference
 66
1
  2
GREEN_AI_SHRUB
 10
18.625
 20
24.625
 30
0.0
 41
0.25
 42
0.25
 43
0.25
  0
ATTRIB
  5
A53
330
17
100
AcDbEntity
  8
0
 60
1
100
AcDbText
 10
18.9125
 20
24.625
 30
0.0
 40
0.045
  1
S-0414
 11
18.9125
 21
24.625
 31
0.0
100
AcDbAttribute
  2
ID
 70
0
  0
ATTRIB
  5
A54
330
17
100
AcDbEntity
  8
0
 60
1
100
AcDbText
 10
18.9125
 20
24.625
 30
0.0
 40
0.045
  1
Можжевельник казацкий 'Tamariscifolia'
 11
18.9125
 21
24.625
 31
0.0
100
AcDbAttribute
  2
PORODA
 70
0
  0
ATTRIB
  5
A55
330
17
100
AcDbEntity
  8
0
 60
1
100
AcDbText
 10
18.9125
 20
24.625
 30
0.0
 40
0.045
  1
Силовой кабель и кабель связи: норма 0.7 м, факт 1.5 м (СП 42.13330.2016, таблица 9.1; 743-ПП п. 3.6.3; 623-ПП п. 4.2.4)
 11
18.9125
 21
24.625
 31
0.0
100
AcDbAttribute
  2
NORMA
 70
0
  0
SEQEND
  5
A52
330
A51
100
AcDbEntity
  8
GREEN_AI_SHRUBS
  0
INSERT
  5
A56
330
17
100
AcDbEntity
  8
GREEN_AI_SHRUBS
100
AcDbBlockReference
 66
1
  2
GREEN_AI_SHRUB
 10
20.625
 20
24.625
 30
0.0
 41
0.25
 42
0.25
 43
0.25
  0
ATTRIB
  5
A58
330
17
100
AcDbEntity
  8
0
 60
1
100
AcDbText
 10
20.9125
 20
24.625
 30
0.0
 40
0.045
  1
S-0415
 11
20.9125
 21
24.625
 31
0.0
100
AcDbAttribute
  2
ID
 70
0
  0
ATTRIB
  5
A59
330
17
100
AcDbEntity
  8
0
 60
1
100
AcDbText
 10
20.9125
 20
24.625
 30
0.0
 40
0.045
  1
Можжевельник казацкий 'Tamariscifolia'
 11
20.9125
 21
24.625
 31
0.0
100
AcDbAttribute
  2
PORODA
 70
0
  0
ATTRIB
  5
A5A
330
17
100
AcDbEntity
  8
0
 60
1
100
AcDbText
 10
20.9125
 20
24.625
 30
0.0
 40
0.045
  1
Силовой кабель и кабель связи: норма 0.7 м, факт 1.5 м (СП 42.13330.2016, таблица 9.1; 743-ПП п. 3.6.3; 623-ПП п. 4.2.4)
 11
20.9125
 21
24.625
 31
0.0
100
AcDbAttribute
  2
NORMA
 70
0
  0
SEQEND
  5
A57
330
A56
100
AcDbEntity
  8
GREEN_AI_SHRUBS
  0
INSERT
  5
A5B
330
17
100
AcDbEntity
  8
GREEN_AI_SHRUBS
100
AcDbBlockReference
 66
1
  2
GREEN_AI_SHRUB
 10
22.625
 20
24.625
 30
0.0
 41
0.25
 42
0.25
 43
0.25
  0
ATTRIB
  5
A5D
330
17
100
AcDbEntity
  8
0
 60
1
100
AcDbText
 10
22.9125
 20
24.625
 30
0.0
 40
0.045
  1
S-0416
 11
22.9125
 21
24.625
 31
0.0
100
AcDbAttribute
  2
ID
 70
0
  0
ATTRIB
  5
A5E
330
17
100
AcDbEntity
  8
0
 60
1
100
AcDbText
 10
22.9125
 20
24.625
 30
0.0
 40
0.045
  1
Можжевельник казацкий 'Tamariscifolia'
 11
22.9125
 21
24.625
 31
0.0
100
AcDbAttribute
  2
PORODA
 70
0
  0
ATTRIB
  5
A5F
330
17
100
AcDbEntity
  8
0
 60
1
100
AcDbText
 10
22.9125
 20
24.625
 30
0.0
 40
0.045
  1
Силовой кабель и кабель связи: норма 0.7 м, факт 1.5 м (СП 42.13330.2016, таблица 9.1; 743-ПП п. 3.6.3; 623-ПП п. 4.2.4)
 11
22.9125
 21
24.625
 31
0.0
100
AcDbAttribute
  2
NORMA
 70
0
  0
SEQEND
  5
A5C
330
A5B
100
AcDbEntity
  8
GREEN_AI_SHRUBS
  0
INSERT
  5
A60
330
17
100
AcDbEntity
  8
GREEN_AI_SHRUBS
100
AcDbBlockReference
 66
1
  2
GREEN_AI_SHRUB
 10
24.625
 20
24.625
 30
0.0
 41
0.25
 42
0.25
 43
0.25
  0
ATTRIB
  5
A62
330
17
100
AcDbEntity
  8
0
 60
1
100
AcDbText
 10
24.9125
 20
24.625
 30
0.0
 40
0.045
  1
S-0417
 11
24.9125
 21
24.625
 31
0.0
100
AcDbAttribute
  2
ID
 70
0
  0
ATTRIB
  5
A63
330
17
100
AcDbEntity
  8
0
 60
1
100
AcDbText
 10
24.9125
 20
24.625
 30
0.0
 40
0.045
  1
Можжевельник казацкий 'Tamariscifolia'
 11
24.9125
 21
24.625
 31
0.0
100
AcDbAttribute
  2
PORODA
 70
0
  0
ATTRIB
  5
A64
330
17
100
AcDbEntity
  8
0
 60
1
100
AcDbText
 10
24.9125
 20
24.625
 30
0.0
 40
0.045
  1
Силовой кабель и кабель связи: норма 0.7 м, факт 1.5 м (СП 42.13330.2016, таблица 9.1; 743-ПП п. 3.6.3; 623-ПП п. 4.2.4)
 11
24.9125
 21
24.625
 31
0.0
100
AcDbAttribute
  2
NORMA
 70
0
  0
SEQEND
  5
A61
330
A60
100
AcDbEntity
  8
GREEN_AI_SHRUBS
  0
INSERT
  5
A65
330
17
100
AcDbEntity
  8
GREEN_AI_SHRUBS
100
AcDbBlockReference
 66
1
  2
GREEN_AI_SHRUB
 10
26.625
 20
24.625
 30
0.0
 41
0.25
 42
0.25
 43
0.25
  0
ATTRIB
  5
A67
330
17
100
AcDbEntity
  8
0
 60
1
100
AcDbText
 10
26.9125
 20
24.625
 30
0.0
 40
0.045
  1
S-0418
 11
26.9125
 21
24.625
 31
0.0
100
AcDbAttribute
  2
ID
 70
0
  0
ATTRIB
  5
A68
330
17
100
AcDbEntity
  8
0
 60
1
100
AcDbText
 10
26.9125
 20
24.625
 30
0.0
 40
0.045
  1
Можжевельник казацкий 'Tamariscifolia'
 11
26.9125
 21
24.625
 31
0.0
100
AcDbAttribute
  2
PORODA
 70
0
  0
ATTRIB
  5
A69
330
17
100
AcDbEntity
  8
0
 60
1
100
AcDbText
 10
26.9125
 20
24.625
 30
0.0
 40
0.045
  1
Силовой кабель и кабель связи: норма 0.7 м, факт 1.5 м (СП 42.13330.2016, таблица 9.1; 743-ПП п. 3.6.3; 623-ПП п. 4.2.4)
 11
26.9125
 21
24.625
 31
0.0
100
AcDbAttribute
  2
NORMA
 70
0
  0
SEQEND
  5
A66
330
A65
100
AcDbEntity
  8
GREEN_AI_SHRUBS
  0
INSERT
  5
A6A
330
17
100
AcDbEntity
  8
GREEN_AI_SHRUBS
100
AcDbBlockReference
 66
1
  2
GREEN_AI_SHRUB
 10
28.625
 20
24.625
 30
0.0
 41
0.25
 42
0.25
 43
0.25
  0
ATTRIB
  5
A6C
330
17
100
AcDbEntity
  8
0
 60
1
100
AcDbText
 10
28.9125
 20
24.625
 30
0.0
 40
0.045
  1
S-0419
 11
28.9125
 21
24.625
 31
0.0
100
AcDbAttribute
  2
ID
 70
0
  0
ATTRIB
  5
A6D
330
17
100
AcDbEntity
  8
0
 60
1
100
AcDbText
 10
28.9125
 20
24.625
 30
0.0
 40
0.045
  1
Можжевельник казацкий 'Tamariscifolia'
 11
28.9125
 21
24.625
 31
0.0
100
AcDbAttribute
  2
PORODA
 70
0
  0
ATTRIB
  5
A6E
330
17
100
AcDbEntity
  8
0
 60
1
100
AcDbText
 10
28.9125
 20
24.625
 30
0.0
 40
0.045
  1
Силовой кабель и кабель связи: норма 0.7 м, факт 1.5 м (СП 42.13330.2016, таблица 9.1; 743-ПП п. 3.6.3; 623-ПП п. 4.2.4)
 11
28.9125
 21
24.625
 31
0.0
100
AcDbAttribute
  2
NORMA
 70
0
  0
SEQEND
  5
A6B
330
A6A
100
AcDbEntity
  8
GREEN_AI_SHRUBS
  0
INSERT
  5
A6F
330
17
100
AcDbEntity
  8
GREEN_AI_SHRUBS
100
AcDbBlockReference
 66
1
  2
GREEN_AI_SHRUB
 10
30.625
 20
24.625
 30
0.0
 41
0.25
 42
0.25
 43
0.25
  0
ATTRIB
  5
A71
330
17
100
AcDbEntity
  8
0
 60
1
100
AcDbText
 10
30.9125
 20
24.625
 30
0.0
 40
0.045
  1
S-0420
 11
30.9125
 21
24.625
 31
0.0
100
AcDbAttribute
  2
ID
 70
0
  0
ATTRIB
  5
A72
330
17
100
AcDbEntity
  8
0
 60
1
100
AcDbText
 10
30.9125
 20
24.625
 30
0.0
 40
0.045
  1
Можжевельник казацкий 'Tamariscifolia'
 11
30.9125
 21
24.625
 31
0.0
100
AcDbAttribute
  2
PORODA
 70
0
  0
ATTRIB
  5
A73
330
17
100
AcDbEntity
  8
0
 60
1
100
AcDbText
 10
30.9125
 20
24.625
 30
0.0
 40
0.045
  1
Силовой кабель и кабель связи: норма 0.7 м, факт 1.5 м (СП 42.13330.2016, таблица 9.1; 743-ПП п. 3.6.3; 623-ПП п. 4.2.4)
 11
30.9125
 21
24.625
 31
0.0
100
AcDbAttribute
  2
NORMA
 70
0
  0
SEQEND
  5
A70
330
A6F
100
AcDbEntity
  8
GREEN_AI_SHRUBS
  0
INSERT
  5
A74
330
17
100
AcDbEntity
  8
GREEN_AI_SHRUBS
100
AcDbBlockReference
 66
1
  2
GREEN_AI_SHRUB
 10
32.625
 20
24.625
 30
0.0
 41
0.25
 42
0.25
 43
0.25
  0
ATTRIB
  5
A76
330
17
100
AcDbEntity
  8
0
 60
1
100
AcDbText
 10
32.9125
 20
24.625
 30
0.0
 40
0.045
  1
S-0421
 11
32.9125
 21
24.625
 31
0.0
100
AcDbAttribute
  2
ID
 70
0
  0
ATTRIB
  5
A77
330
17
100
AcDbEntity
  8
0
 60
1
100
AcDbText
 10
32.9125
 20
24.625
 30
0.0
 40
0.045
  1
Можжевельник казацкий 'Tamariscifolia'
 11
32.9125
 21
24.625
 31
0.0
100
AcDbAttribute
  2
PORODA
 70
0
  0
ATTRIB
  5
A78
330
17
100
AcDbEntity
  8
0
 60
1
100
AcDbText
 10
32.9125
 20
24.625
 30
0.0
 40
0.045
  1
Силовой кабель и кабель связи: норма 0.7 м, факт 1.5 м (СП 42.13330.2016, таблица 9.1; 743-ПП п. 3.6.3; 623-ПП п. 4.2.4)
 11
32.9125
 21
24.625
 31
0.0
100
AcDbAttribute
  2
NORMA
 70
0
  0
SEQEND
  5
A75
330
A74
100
AcDbEntity
  8
GREEN_AI_SHRUBS
  0
INSERT
  5
A79
330
17
100
AcDbEntity
  8
GREEN_AI_SHRUBS
100
AcDbBlockReference
 66
1
  2
GREEN_AI_SHRUB
 10
34.625
 20
24.625
 30
0.0
 41
0.25
 42
0.25
 43
0.25
  0
ATTRIB
  5
A7B
330
17
100
AcDbEntity
  8
0
 60
1
100
AcDbText
 10
34.9125
 20
24.625
 30
0.0
 40
0.045
  1
S-0422
 11
34.9125
 21
24.625
 31
0.0
100
AcDbAttribute
  2
ID
 70
0
  0
ATTRIB
  5
A7C
330
17
100
AcDbEntity
  8
0
 60
1
100
AcDbText
 10
34.9125
 20
24.625
 30
0.0
 40
0.045
  1
Можжевельник казацкий 'Tamariscifolia'
 11
34.9125
 21
24.625
 31
0.0
100
AcDbAttribute
  2
PORODA
 70
0
  0
ATTRIB
  5
A7D
330
17
100
AcDbEntity
  8
0
 60
1
100
AcDbText
 10
34.9125
 20
24.625
 30
0.0
 40
0.045
  1
Силовой кабель и кабель связи: норма 0.7 м, факт 1.5 м (СП 42.13330.2016, таблица 9.1; 743-ПП п. 3.6.3; 623-ПП п. 4.2.4)
 11
34.9125
 21
24.625
 31
0.0
100
AcDbAttribute
  2
NORMA
 70
0
  0
SEQEND
  5
A7A
330
A79
100
AcDbEntity
  8
GREEN_AI_SHRUBS
  0
INSERT
  5
A7E
330
17
100
AcDbEntity
  8
GREEN_AI_SHRUBS
100
AcDbBlockReference
 66
1
  2
GREEN_AI_SHRUB
 10
36.625
 20
24.625
 30
0.0
 41
0.25
 42
0.25
 43
0.25
  0
ATTRIB
  5
A80
330
17
100
AcDbEntity
  8
0
 60
1
100
AcDbText
 10
36.9125
 20
24.625
 30
0.0
 40
0.045
  1
S-0423
 11
36.9125
 21
24.625
 31
0.0
100
AcDbAttribute
  2
ID
 70
0
  0
ATTRIB
  5
A81
330
17
100
AcDbEntity
  8
0
 60
1
100
AcDbText
 10
36.9125
 20
24.625
 30
0.0
 40
0.045
  1
Можжевельник казацкий 'Tamariscifolia'
 11
36.9125
 21
24.625
 31
0.0
100
AcDbAttribute
  2
PORODA
 70
0
  0
ATTRIB
  5
A82
330
17
100
AcDbEntity
  8
0
 60
1
100
AcDbText
 10
36.9125
 20
24.625
 30
0.0
 40
0.045
  1
Силовой кабель и кабель связи: норма 0.7 м, факт 1.5 м (СП 42.13330.2016, таблица 9.1; 743-ПП п. 3.6.3; 623-ПП п. 4.2.4)
 11
36.9125
 21
24.625
 31
0.0
100
AcDbAttribute
  2
NORMA
 70
0
  0
SEQEND
  5
A7F
330
A7E
100
AcDbEntity
  8
GREEN_AI_SHRUBS
  0
INSERT
  5
A83
330
17
100
AcDbEntity
  8
GREEN_AI_SHRUBS
100
AcDbBlockReference
 66
1
  2
GREEN_AI_SHRUB
 10
38.625
 20
24.625
 30
0.0
 41
0.25
 42
0.25
 43
0.25
  0
ATTRIB
  5
A85
330
17
100
AcDbEntity
  8
0
 60
1
100
AcDbText
 10
38.9125
 20
24.625
 30
0.0
 40
0.045
  1
S-0424
 11
38.9125
 21
24.625
 31
0.0
100
AcDbAttribute
  2
ID
 70
0
  0
ATTRIB
  5
A86
330
17
100
AcDbEntity
  8
0
 60
1
100
AcDbText
 10
38.9125
 20
24.625
 30
0.0
 40
0.045
  1
Можжевельник казацкий 'Tamariscifolia'
 11
38.9125
 21
24.625
 31
0.0
100
AcDbAttribute
  2
PORODA
 70
0
  0
ATTRIB
  5
A87
330
17
100
AcDbEntity
  8
0
 60
1
100
AcDbText
 10
38.9125
 20
24.625
 30
0.0
 40
0.045
  1
Силовой кабель и кабель связи: норма 0.7 м, факт 1.5 м (СП 42.13330.2016, таблица 9.1; 743-ПП п. 3.6.3; 623-ПП п. 4.2.4)
 11
38.9125
 21
24.625
 31
0.0
100
AcDbAttribute
  2
NORMA
 70
0
  0
SEQEND
  5
A84
330
A83
100
AcDbEntity
  8
GREEN_AI_SHRUBS
  0
INSERT
  5
A88
330
17
100
AcDbEntity
  8
GREEN_AI_SHRUBS
100
AcDbBlockReference
 66
1
  2
GREEN_AI_SHRUB
 10
40.625
 20
24.625
 30
0.0
 41
0.25
 42
0.25
 43
0.25
  0
ATTRIB
  5
A8A
330
17
100
AcDbEntity
  8
0
 60
1
100
AcDbText
 10
40.9125
 20
24.625
 30
0.0
 40
0.045
  1
S-0425
 11
40.9125
 21
24.625
 31
0.0
100
AcDbAttribute
  2
ID
 70
0
  0
ATTRIB
  5
A8B
330
17
100
AcDbEntity
  8
0
 60
1
100
AcDbText
 10
40.9125
 20
24.625
 30
0.0
 40
0.045
  1
Можжевельник казацкий 'Tamariscifolia'
 11
40.9125
 21
24.625
 31
0.0
100
AcDbAttribute
  2
PORODA
 70
0
  0
ATTRIB
  5
A8C
330
17
100
AcDbEntity
  8
0
 60
1
100
AcDbText
 10
40.9125
 20
24.625
 30
0.0
 40
0.045
  1
Силовой кабель и кабель связи: норма 0.7 м, факт 1.5 м (СП 42.13330.2016, таблица 9.1; 743-ПП п. 3.6.3; 623-ПП п. 4.2.4)
 11
40.9125
 21
24.625
 31
0.0
100
AcDbAttribute
  2
NORMA
 70
0
  0
SEQEND
  5
A89
330
A88
100
AcDbEntity
  8
GREEN_AI_SHRUBS
  0
INSERT
  5
A8D
330
17
100
AcDbEntity
  8
GREEN_AI_SHRUBS
100
AcDbBlockReference
 66
1
  2
GREEN_AI_SHRUB
 10
42.625
 20
24.625
 30
0.0
 41
0.25
 42
0.25
 43
0.25
  0
ATTRIB
  5
A8F
330
17
100
AcDbEntity
  8
0
 60
1
100
AcDbText
 10
42.9125
 20
24.625
 30
0.0
 40
0.045
  1
S-0426
 11
42.9125
 21
24.625
 31
0.0
100
AcDbAttribute
  2
ID
 70
0
  0
ATTRIB
  5
A90
330
17
100
AcDbEntity
  8
0
 60
1
100
AcDbText
 10
42.9125
 20
24.625
 30
0.0
 40
0.045
  1
Можжевельник казацкий 'Tamariscifolia'
 11
42.9125
 21
24.625
 31
0.0
100
AcDbAttribute
  2
PORODA
 70
0
  0
ATTRIB
  5
A91
330
17
100
AcDbEntity
  8
0
 60
1
100
AcDbText
 10
42.9125
 20
24.625
 30
0.0
 40
0.045
  1
Силовой кабель и кабель связи: норма 0.7 м, факт 1.5 м (СП 42.13330.2016, таблица 9.1; 743-ПП п. 3.6.3; 623-ПП п. 4.2.4)
 11
42.9125
 21
24.625
 31
0.0
100
AcDbAttribute
  2
NORMA
 70
0
  0
SEQEND
  5
A8E
330
A8D
100
AcDbEntity
  8
GREEN_AI_SHRUBS
  0
INSERT
  5
A92
330
17
100
AcDbEntity
  8
GREEN_AI_SHRUBS
100
AcDbBlockReference
 66
1
  2
GREEN_AI_SHRUB
 10
44.625
 20
24.625
 30
0.0
 41
0.25
 42
0.25
 43
0.25
  0
ATTRIB
  5
A94
330
17
100
AcDbEntity
  8
0
 60
1
100
AcDbText
 10
44.9125
 20
24.625
 30
0.0
 40
0.045
  1
S-0427
 11
44.9125
 21
24.625
 31
0.0
100
AcDbAttribute
  2
ID
 70
0
  0
ATTRIB
  5
A95
330
17
100
AcDbEntity
  8
0
 60
1
100
AcDbText
 10
44.9125
 20
24.625
 30
0.0
 40
0.045
  1
Можжевельник казацкий 'Tamariscifolia'
 11
44.9125
 21
24.625
 31
0.0
100
AcDbAttribute
  2
PORODA
 70
0
  0
ATTRIB
  5
A96
330
17
100
AcDbEntity
  8
0
 60
1
100
AcDbText
 10
44.9125
 20
24.625
 30
0.0
 40
0.045
  1
Силовой кабель и кабель связи: норма 0.7 м, факт 1.5 м (СП 42.13330.2016, таблица 9.1; 743-ПП п. 3.6.3; 623-ПП п. 4.2.4)
 11
44.9125
 21
24.625
 31
0.0
100
AcDbAttribute
  2
NORMA
 70
0
  0
SEQEND
  5
A93
330
A92
100
AcDbEntity
  8
GREEN_AI_SHRUBS
  0
INSERT
  5
A97
330
17
100
AcDbEntity
  8
GREEN_AI_SHRUBS
100
AcDbBlockReference
 66
1
  2
GREEN_AI_SHRUB
 10
46.625
 20
24.625
 30
0.0
 41
0.25
 42
0.25
 43
0.25
  0
ATTRIB
  5
A99
330
17
100
AcDbEntity
  8
0
 60
1
100
AcDbText
 10
46.9125
 20
24.625
 30
0.0
 40
0.045
  1
S-0428
 11
46.9125
 21
24.625
 31
0.0
100
AcDbAttribute
  2
ID
 70
0
  0
ATTRIB
  5
A9A
330
17
100
AcDbEntity
  8
0
 60
1
100
AcDbText
 10
46.9125
 20
24.625
 30
0.0
 40
0.045
  1
Можжевельник казацкий 'Tamariscifolia'
 11
46.9125
 21
24.625
 31
0.0
100
AcDbAttribute
  2
PORODA
 70
0
  0
ATTRIB
  5
A9B
330
17
100
AcDbEntity
  8
0
 60
1
100
AcDbText
 10
46.9125
 20
24.625
 30
0.0
 40
0.045
  1
Силовой кабель и кабель связи: норма 0.7 м, факт 1.5 м (СП 42.13330.2016, таблица 9.1; 743-ПП п. 3.6.3; 623-ПП п. 4.2.4)
 11
46.9125
 21
24.625
 31
0.0
100
AcDbAttribute
  2
NORMA
 70
0
  0
SEQEND
  5
A98
330
A97
100
AcDbEntity
  8
GREEN_AI_SHRUBS
  0
INSERT
  5
A9C
330
17
100
AcDbEntity
  8
GREEN_AI_SHRUBS
100
AcDbBlockReference
 66
1
  2
GREEN_AI_SHRUB
 10
48.625
 20
24.625
 30
0.0
 41
0.25
 42
0.25
 43
0.25
  0
ATTRIB
  5
A9E
330
17
100
AcDbEntity
  8
0
 60
1
100
AcDbText
 10
48.9125
 20
24.625
 30
0.0
 40
0.045
  1
S-0429
 11
48.9125
 21
24.625
 31
0.0
100
AcDbAttribute
  2
ID
 70
0
  0
ATTRIB
  5
A9F
330
17
100
AcDbEntity
  8
0
 60
1
100
AcDbText
 10
48.9125
 20
24.625
 30
0.0
 40
0.045
  1
Можжевельник казацкий 'Tamariscifolia'
 11
48.9125
 21
24.625
 31
0.0
100
AcDbAttribute
  2
PORODA
 70
0
  0
ATTRIB
  5
AA0
330
17
100
AcDbEntity
  8
0
 60
1
100
AcDbText
 10
48.9125
 20
24.625
 30
0.0
 40
0.045
  1
Силовой кабель и кабель связи: норма 0.7 м, факт 1.5 м (СП 42.13330.2016, таблица 9.1; 743-ПП п. 3.6.3; 623-ПП п. 4.2.4)
 11
48.9125
 21
24.625
 31
0.0
100
AcDbAttribute
  2
NORMA
 70
0
  0
SEQEND
  5
A9D
330
A9C
100
AcDbEntity
  8
GREEN_AI_SHRUBS
  0
INSERT
  5
AA1
330
17
100
AcDbEntity
  8
GREEN_AI_SHRUBS
100
AcDbBlockReference
 66
1
  2
GREEN_AI_SHRUB
 10
50.625
 20
24.625
 30
0.0
 41
0.25
 42
0.25
 43
0.25
  0
ATTRIB
  5
AA3
330
17
100
AcDbEntity
  8
0
 60
1
100
AcDbText
 10
50.9125
 20
24.625
 30
0.0
 40
0.045
  1
S-0430
 11
50.9125
 21
24.625
 31
0.0
100
AcDbAttribute
  2
ID
 70
0
  0
ATTRIB
  5
AA4
330
17
100
AcDbEntity
  8
0
 60
1
100
AcDbText
 10
50.9125
 20
24.625
 30
0.0
 40
0.045
  1
Можжевельник казацкий 'Tamariscifolia'
 11
50.9125
 21
24.625
 31
0.0
100
AcDbAttribute
  2
PORODA
 70
0
  0
ATTRIB
  5
AA5
330
17
100
AcDbEntity
  8
0
 60
1
100
AcDbText
 10
50.9125
 20
24.625
 30
0.0
 40
0.045
  1
Силовой кабель и кабель связи: норма 0.7 м, факт 1.5 м (СП 42.13330.2016, таблица 9.1; 743-ПП п. 3.6.3; 623-ПП п. 4.2.4)
 11
50.9125
 21
24.625
 31
0.0
100
AcDbAttribute
  2
NORMA
 70
0
  0
SEQEND
  5
AA2
330
AA1
100
AcDbEntity
  8
GREEN_AI_SHRUBS
  0
INSERT
  5
AA6
330
17
100
AcDbEntity
  8
GREEN_AI_SHRUBS
100
AcDbBlockReference
 66
1
  2
GREEN_AI_SHRUB
 10
52.625
 20
24.625
 30
0.0
 41
0.25
 42
0.25
 43
0.25
  0
ATTRIB
  5
AA8
330
17
100
AcDbEntity
  8
0
 60
1
100
AcDbText
 10
52.9125
 20
24.625
 30
0.0
 40
0.045
  1
S-0431
 11
52.9125
 21
24.625
 31
0.0
100
AcDbAttribute
  2
ID
 70
0
  0
ATTRIB
  5
AA9
330
17
100
AcDbEntity
  8
0
 60
1
100
AcDbText
 10
52.9125
 20
24.625
 30
0.0
 40
0.045
  1
Можжевельник казацкий 'Tamariscifolia'
 11
52.9125
 21
24.625
 31
0.0
100
AcDbAttribute
  2
PORODA
 70
0
  0
ATTRIB
  5
AAA
330
17
100
AcDbEntity
  8
0
 60
1
100
AcDbText
 10
52.9125
 20
24.625
 30
0.0
 40
0.045
  1
Силовой кабель и кабель связи: норма 0.7 м, факт 1.5 м (СП 42.13330.2016, таблица 9.1; 743-ПП п. 3.6.3; 623-ПП п. 4.2.4)
 11
52.9125
 21
24.625
 31
0.0
100
AcDbAttribute
  2
NORMA
 70
0
  0
SEQEND
  5
AA7
330
AA6
100
AcDbEntity
  8
GREEN_AI_SHRUBS
  0
INSERT
  5
AAB
330
17
100
AcDbEntity
  8
GREEN_AI_SHRUBS
100
AcDbBlockReference
 66
1
  2
GREEN_AI_SHRUB
 10
54.625
 20
24.625
 30
0.0
 41
0.25
 42
0.25
 43
0.25
  0
ATTRIB
  5
AAD
330
17
100
AcDbEntity
  8
0
 60
1
100
AcDbText
 10
54.9125
 20
24.625
 30
0.0
 40
0.045
  1
S-0432
 11
54.9125
 21
24.625
 31
0.0
100
AcDbAttribute
  2
ID
 70
0
  0
ATTRIB
  5
AAE
330
17
100
AcDbEntity
  8
0
 60
1
100
AcDbText
 10
54.9125
 20
24.625
 30
0.0
 40
0.045
  1
Можжевельник казацкий 'Tamariscifolia'
 11
54.9125
 21
24.625
 31
0.0
100
AcDbAttribute
  2
PORODA
 70
0
  0
ATTRIB
  5
AAF
330
17
100
AcDbEntity
  8
0
 60
1
100
AcDbText
 10
54.9125
 20
24.625
 30
0.0
 40
0.045
  1
Силовой кабель и кабель связи: норма 0.7 м, факт 1.5 м (СП 42.13330.2016, таблица 9.1; 743-ПП п. 3.6.3; 623-ПП п. 4.2.4)
 11
54.9125
 21
24.625
 31
0.0
100
AcDbAttribute
  2
NORMA
 70
0
  0
SEQEND
  5
AAC
330
AAB
100
AcDbEntity
  8
GREEN_AI_SHRUBS
  0
INSERT
  5
AB0
330
17
100
AcDbEntity
  8
GREEN_AI_SHRUBS
100
AcDbBlockReference
 66
1
  2
GREEN_AI_SHRUB
 10
56.625
 20
24.625
 30
0.0
 41
0.25
 42
0.25
 43
0.25
  0
ATTRIB
  5
AB2
330
17
100
AcDbEntity
  8
0
 60
1
100
AcDbText
 10
56.9125
 20
24.625
 30
0.0
 40
0.045
  1
S-0433
 11
56.9125
 21
24.625
 31
0.0
100
AcDbAttribute
  2
ID
 70
0
  0
ATTRIB
  5
AB3
330
17
100
AcDbEntity
  8
0
 60
1
100
AcDbText
 10
56.9125
 20
24.625
 30
0.0
 40
0.045
  1
Можжевельник казацкий 'Tamariscifolia'
 11
56.9125
 21
24.625
 31
0.0
100
AcDbAttribute
  2
PORODA
 70
0
  0
ATTRIB
  5
AB4
330
17
100
AcDbEntity
  8
0
 60
1
100
AcDbText
 10
56.9125
 20
24.625
 30
0.0
 40
0.045
  1
Силовой кабель и кабель связи: норма 0.7 м, факт 1.5 м (СП 42.13330.2016, таблица 9.1; 743-ПП п. 3.6.3; 623-ПП п. 4.2.4)
 11
56.9125
 21
24.625
 31
0.0
100
AcDbAttribute
  2
NORMA
 70
0
  0
SEQEND
  5
AB1
330
AB0
100
AcDbEntity
  8
GREEN_AI_SHRUBS
  0
INSERT
  5
AB5
330
17
100
AcDbEntity
  8
GREEN_AI_SHRUBS
100
AcDbBlockReference
 66
1
  2
GREEN_AI_SHRUB
 10
58.625
 20
24.625
 30
0.0
 41
0.25
 42
0.25
 43
0.25
  0
ATTRIB
  5
AB7
330
17
100
AcDbEntity
  8
0
 60
1
100
AcDbText
 10
58.9125
 20
24.625
 30
0.0
 40
0.045
  1
S-0434
 11
58.9125
 21
24.625
 31
0.0
100
AcDbAttribute
  2
ID
 70
0
  0
ATTRIB
  5
AB8
330
17
100
AcDbEntity
  8
0
 60
1
100
AcDbText
 10
58.9125
 20
24.625
 30
0.0
 40
0.045
  1
Можжевельник казацкий 'Tamariscifolia'
 11
58.9125
 21
24.625
 31
0.0
100
AcDbAttribute
  2
PORODA
 70
0
  0
ATTRIB
  5
AB9
330
17
100
AcDbEntity
  8
0
 60
1
100
AcDbText
 10
58.9125
 20
24.625
 30
0.0
 40
0.045
  1
Силовой кабель и кабель связи: норма 0.7 м, факт 1.5 м (СП 42.13330.2016, таблица 9.1; 743-ПП п. 3.6.3; 623-ПП п. 4.2.4)
 11
58.9125
 21
24.625
 31
0.0
100
AcDbAttribute
  2
NORMA
 70
0
  0
SEQEND
  5
AB6
330
AB5
100
AcDbEntity
  8
GREEN_AI_SHRUBS
  0
INSERT
  5
ABA
330
17
100
AcDbEntity
  8
GREEN_AI_SHRUBS
100
AcDbBlockReference
 66
1
  2
GREEN_AI_SHRUB
 10
60.625
 20
24.625
 30
0.0
 41
0.25
 42
0.25
 43
0.25
  0
ATTRIB
  5
ABC
330
17
100
AcDbEntity
  8
0
 60
1
100
AcDbText
 10
60.9125
 20
24.625
 30
0.0
 40
0.045
  1
S-0435
 11
60.9125
 21
24.625
 31
0.0
100
AcDbAttribute
  2
ID
 70
0
  0
ATTRIB
  5
ABD
330
17
100
AcDbEntity
  8
0
 60
1
100
AcDbText
 10
60.9125
 20
24.625
 30
0.0
 40
0.045
  1
Можжевельник казацкий 'Tamariscifolia'
 11
60.9125
 21
24.625
 31
0.0
100
AcDbAttribute
  2
PORODA
 70
0
  0
ATTRIB
  5
ABE
330
17
100
AcDbEntity
  8
0
 60
1
100
AcDbText
 10
60.9125
 20
24.625
 30
0.0
 40
0.045
  1
Силовой кабель и кабель связи: норма 0.7 м, факт 1.5 м (СП 42.13330.2016, таблица 9.1; 743-ПП п. 3.6.3; 623-ПП п. 4.2.4)
 11
60.9125
 21
24.625
 31
0.0
100
AcDbAttribute
  2
NORMA
 70
0
  0
SEQEND
  5
ABB
330
ABA
100
AcDbEntity
  8
GREEN_AI_SHRUBS
  0
INSERT
  5
ABF
330
17
100
AcDbEntity
  8
GREEN_AI_SHRUBS
100
AcDbBlockReference
 66
1
  2
GREEN_AI_SHRUB
 10
62.625
 20
24.625
 30
0.0
 41
0.25
 42
0.25
 43
0.25
  0
ATTRIB
  5
AC1
330
17
100
AcDbEntity
  8
0
 60
1
100
AcDbText
 10
62.9125
 20
24.625
 30
0.0
 40
0.045
  1
S-0436
 11
62.9125
 21
24.625
 31
0.0
100
AcDbAttribute
  2
ID
 70
0
  0
ATTRIB
  5
AC2
330
17
100
AcDbEntity
  8
0
 60
1
100
AcDbText
 10
62.9125
 20
24.625
 30
0.0
 40
0.045
  1
Можжевельник казацкий 'Tamariscifolia'
 11
62.9125
 21
24.625
 31
0.0
100
AcDbAttribute
  2
PORODA
 70
0
  0
ATTRIB
  5
AC3
330
17
100
AcDbEntity
  8
0
 60
1
100
AcDbText
 10
62.9125
 20
24.625
 30
0.0
 40
0.045
  1
Силовой кабель и кабель связи: норма 0.7 м, факт 1.5 м (СП 42.13330.2016, таблица 9.1; 743-ПП п. 3.6.3; 623-ПП п. 4.2.4)
 11
62.9125
 21
24.625
 31
0.0
100
AcDbAttribute
  2
NORMA
 70
0
  0
SEQEND
  5
AC0
330
ABF
100
AcDbEntity
  8
GREEN_AI_SHRUBS
  0
INSERT
  5
AC4
330
17
100
AcDbEntity
  8
GREEN_AI_SHRUBS
100
AcDbBlockReference
 66
1
  2
GREEN_AI_SHRUB
 10
64.625
 20
24.625
 30
0.0
 41
0.25
 42
0.25
 43
0.25
  0
ATTRIB
  5
AC6
330
17
100
AcDbEntity
  8
0
 60
1
100
AcDbText
 10
64.9125
 20
24.625
 30
0.0
 40
0.045
  1
S-0437
 11
64.9125
 21
24.625
 31
0.0
100
AcDbAttribute
  2
ID
 70
0
  0
ATTRIB
  5
AC7
330
17
100
AcDbEntity
  8
0
 60
1
100
AcDbText
 10
64.9125
 20
24.625
 30
0.0
 40
0.045
  1
Можжевельник казацкий 'Tamariscifolia'
 11
64.9125
 21
24.625
 31
0.0
100
AcDbAttribute
  2
PORODA
 70
0
  0
ATTRIB
  5
AC8
330
17
100
AcDbEntity
  8
0
 60
1
100
AcDbText
 10
64.9125
 20
24.625
 30
0.0
 40
0.045
  1
Силовой кабель и кабель связи: норма 0.7 м, факт 1.5 м (СП 42.13330.2016, таблица 9.1; 743-ПП п. 3.6.3; 623-ПП п. 4.2.4)
 11
64.9125
 21
24.625
 31
0.0
100
AcDbAttribute
  2
NORMA
 70
0
  0
SEQEND
  5
AC5
330
AC4
100
AcDbEntity
  8
GREEN_AI_SHRUBS
  0
INSERT
  5
AC9
330
17
100
AcDbEntity
  8
GREEN_AI_SHRUBS
100
AcDbBlockReference
 66
1
  2
GREEN_AI_SHRUB
 10
66.625
 20
24.625
 30
0.0
 41
0.25
 42
0.25
 43
0.25
  0
ATTRIB
  5
ACB
330
17
100
AcDbEntity
  8
0
 60
1
100
AcDbText
 10
66.9125
 20
24.625
 30
0.0
 40
0.045
  1
S-0438
 11
66.9125
 21
24.625
 31
0.0
100
AcDbAttribute
  2
ID
 70
0
  0
ATTRIB
  5
ACC
330
17
100
AcDbEntity
  8
0
 60
1
100
AcDbText
 10
66.9125
 20
24.625
 30
0.0
 40
0.045
  1
Можжевельник казацкий 'Tamariscifolia'
 11
66.9125
 21
24.625
 31
0.0
100
AcDbAttribute
  2
PORODA
 70
0
  0
ATTRIB
  5
ACD
330
17
100
AcDbEntity
  8
0
 60
1
100
AcDbText
 10
66.9125
 20
24.625
 30
0.0
 40
0.045
  1
Силовой кабель и кабель связи: норма 0.7 м, факт 1.5 м (СП 42.13330.2016, таблица 9.1; 743-ПП п. 3.6.3; 623-ПП п. 4.2.4)
 11
66.9125
 21
24.625
 31
0.0
100
AcDbAttribute
  2
NORMA
 70
0
  0
SEQEND
  5
ACA
330
AC9
100
AcDbEntity
  8
GREEN_AI_SHRUBS
  0
INSERT
  5
ACE
330
17
100
AcDbEntity
  8
GREEN_AI_SHRUBS
100
AcDbBlockReference
 66
1
  2
GREEN_AI_SHRUB
 10
68.625
 20
24.625
 30
0.0
 41
0.25
 42
0.25
 43
0.25
  0
ATTRIB
  5
AD0
330
17
100
AcDbEntity
  8
0
 60
1
100
AcDbText
 10
68.9125
 20
24.625
 30
0.0
 40
0.045
  1
S-0439
 11
68.9125
 21
24.625
 31
0.0
100
AcDbAttribute
  2
ID
 70
0
  0
ATTRIB
  5
AD1
330
17
100
AcDbEntity
  8
0
 60
1
100
AcDbText
 10
68.9125
 20
24.625
 30
0.0
 40
0.045
  1
Можжевельник казацкий 'Tamariscifolia'
 11
68.9125
 21
24.625
 31
0.0
100
AcDbAttribute
  2
PORODA
 70
0
  0
ATTRIB
  5
AD2
330
17
100
AcDbEntity
  8
0
 60
1
100
AcDbText
 10
68.9125
 20
24.625
 30
0.0
 40
0.045
  1
Силовой кабель и кабель связи: норма 0.7 м, факт 1.5 м (СП 42.13330.2016, таблица 9.1; 743-ПП п. 3.6.3; 623-ПП п. 4.2.4)
 11
68.9125
 21
24.625
 31
0.0
100
AcDbAttribute
  2
NORMA
 70
0
  0
SEQEND
  5
ACF
330
ACE
100
AcDbEntity
  8
GREEN_AI_SHRUBS
  0
INSERT
  5
AD3
330
17
100
AcDbEntity
  8
GREEN_AI_SHRUBS
100
AcDbBlockReference
 66
1
  2
GREEN_AI_SHRUB
 10
70.625
 20
24.625
 30
0.0
 41
0.25
 42
0.25
 43
0.25
  0
ATTRIB
  5
AD5
330
17
100
AcDbEntity
  8
0
 60
1
100
AcDbText
 10
70.9125
 20
24.625
 30
0.0
 40
0.045
  1
S-0440
 11
70.9125
 21
24.625
 31
0.0
100
AcDbAttribute
  2
ID
 70
0
  0
ATTRIB
  5
AD6
330
17
100
AcDbEntity
  8
0
 60
1
100
AcDbText
 10
70.9125
 20
24.625
 30
0.0
 40
0.045
  1
Можжевельник казацкий 'Tamariscifolia'
 11
70.9125
 21
24.625
 31
0.0
100
AcDbAttribute
  2
PORODA
 70
0
  0
ATTRIB
  5
AD7
330
17
100
AcDbEntity
  8
0
 60
1
100
AcDbText
 10
70.9125
 20
24.625
 30
0.0
 40
0.045
  1
Силовой кабель и кабель связи: норма 0.7 м, факт 1.5 м (СП 42.13330.2016, таблица 9.1; 743-ПП п. 3.6.3; 623-ПП п. 4.2.4)
 11
70.9125
 21
24.625
 31
0.0
100
AcDbAttribute
  2
NORMA
 70
0
  0
SEQEND
  5
AD4
330
AD3
100
AcDbEntity
  8
GREEN_AI_SHRUBS
  0
INSERT
  5
AD8
330
17
100
AcDbEntity
  8
GREEN_AI_SHRUBS
100
AcDbBlockReference
 66
1
  2
GREEN_AI_SHRUB
 10
72.625
 20
24.625
 30
0.0
  0
ATTRIB
  5
ADA
330
17
100
AcDbEntity
  8
0
 60
1
100
AcDbText
 10
73.775
 20
24.625
 30
0.0
 40
0.18
  1
S-0441
 11
73.775
 21
24.625
 31
0.0
100
AcDbAttribute
  2
ID
 70
0
  0
ATTRIB
  5
ADB
330
17
100
AcDbEntity
  8
0
 60
1
100
AcDbText
 10
73.775
 20
24.625
 30
0.0
 40
0.18
  1
Сирень венгерская
 11
73.775
 21
24.625
 31
0.0
100
AcDbAttribute
  2
PORODA
 70
0
  0
ATTRIB
  5
ADC
330
17
100
AcDbEntity
  8
0
 60
1
100
AcDbText
 10
73.775
 20
24.625
 30
0.0
 40
0.18
  1
Силовой кабель и кабель связи: норма 0.7 м, факт 1.5 м (СП 42.13330.2016, таблица 9.1; 743-ПП п. 3.6.3; 623-ПП п. 4.2.4)
 11
73.775
 21
24.625
 31
0.0
100
AcDbAttribute
  2
NORMA
 70
0
  0
SEQEND
  5
AD9
330
AD8
100
AcDbEntity
  8
GREEN_AI_SHRUBS
  0
INSERT
  5
ADD
330
17
100
AcDbEntity
  8
GREEN_AI_SHRUBS
100
AcDbBlockReference
 66
1
  2
GREEN_AI_SHRUB
 10
74.625
 20
24.625
 30
0.0
  0
ATTRIB
  5
ADF
330
17
100
AcDbEntity
  8
0
 60
1
100
AcDbText
 10
75.775
 20
24.625
 30
0.0
 40
0.18
  1
S-0442
 11
75.775
 21
24.625
 31
0.0
100
AcDbAttribute
  2
ID
 70
0
  0
ATTRIB
  5
AE0
330
17
100
AcDbEntity
  8
0
 60
1
100
AcDbText
 10
75.775
 20
24.625
 30
0.0
 40
0.18
  1
Сирень венгерская
 11
75.775
 21
24.625
 31
0.0
100
AcDbAttribute
  2
PORODA
 70
0
  0
ATTRIB
  5
AE1
330
17
100
AcDbEntity
  8
0
 60
1
100
AcDbText
 10
75.775
 20
24.625
 30
0.0
 40
0.18
  1
Силовой кабель и кабель связи: норма 0.7 м, факт 1.5 м (СП 42.13330.2016, таблица 9.1; 743-ПП п. 3.6.3; 623-ПП п. 4.2.4)
 11
75.775
 21
24.625
 31
0.0
100
AcDbAttribute
  2
NORMA
 70
0
  0
SEQEND
  5
ADE
330
ADD
100
AcDbEntity
  8
GREEN_AI_SHRUBS
  0
INSERT
  5
AE2
330
17
100
AcDbEntity
  8
GREEN_AI_SHRUBS
100
AcDbBlockReference
 66
1
  2
GREEN_AI_SHRUB
 10
76.625
 20
24.625
 30
0.0
  0
ATTRIB
  5
AE4
330
17
100
AcDbEntity
  8
0
 60
1
100
AcDbText
 10
77.775
 20
24.625
 30
0.0
 40
0.18
  1
S-0443
 11
77.775
 21
24.625
 31
0.0
100
AcDbAttribute
  2
ID
 70
0
  0
ATTRIB
  5
AE5
330
17
100
AcDbEntity
  8
0
 60
1
100
AcDbText
 10
77.775
 20
24.625
 30
0.0
 40
0.18
  1
Сирень венгерская
 11
77.775
 21
24.625
 31
0.0
100
AcDbAttribute
  2
PORODA
 70
0
  0
ATTRIB
  5
AE6
330
17
100
AcDbEntity
  8
0
 60
1
100
AcDbText
 10
77.775
 20
24.625
 30
0.0
 40
0.18
  1
Силовой кабель и кабель связи: норма 0.7 м, факт 1.5 м (СП 42.13330.2016, таблица 9.1; 743-ПП п. 3.6.3; 623-ПП п. 4.2.4)
 11
77.775
 21
24.625
 31
0.0
100
AcDbAttribute
  2
NORMA
 70
0
  0
SEQEND
  5
AE3
330
AE2
100
AcDbEntity
  8
GREEN_AI_SHRUBS
  0
INSERT
  5
AE7
330
17
100
AcDbEntity
  8
GREEN_AI_SHRUBS
100
AcDbBlockReference
 66
1
  2
GREEN_AI_SHRUB
 10
82.125
 20
24.625
 30
0.0
  0
ATTRIB
  5
AE9
330
17
100
AcDbEntity
  8
0
 60
1
100
AcDbText
 10
83.275
 20
24.625
 30
0.0
 40
0.18
  1
S-0444
 11
83.275
 21
24.625
 31
0.0
100
AcDbAttribute
  2
ID
 70
0
  0
ATTRIB
  5
AEA
330
17
100
AcDbEntity
  8
0
 60
1
100
AcDbText
 10
83.275
 20
24.625
 30
0.0
 40
0.18
  1
Сирень венгерская
 11
83.275
 21
24.625
 31
0.0
100
AcDbAttribute
  2
PORODA
 70
0
  0
ATTRIB
  5
AEB
330
17
100
AcDbEntity
  8
0
 60
1
100
AcDbText
 10
83.275
 20
24.625
 30
0.0
 40
0.18
  1
Силовой кабель и кабель связи: норма 0.7 м, факт 1.5 м (СП 42.13330.2016, таблица 9.1; 743-ПП п. 3.6.3; 623-ПП п. 4.2.4)
 11
83.275
 21
24.625
 31
0.0
100
AcDbAttribute
  2
NORMA
 70
0
  0
SEQEND
  5
AE8
330
AE7
100
AcDbEntity
  8
GREEN_AI_SHRUBS
  0
INSERT
  5
AEC
330
17
100
AcDbEntity
  8
GREEN_AI_SHRUBS
100
AcDbBlockReference
 66
1
  2
GREEN_AI_SHRUB
 10
84.125
 20
24.625
 30
0.0
  0
ATTRIB
  5
AEE
330
17
100
AcDbEntity
  8
0
 60
1
100
AcDbText
 10
85.275
 20
24.625
 30
0.0
 40
0.18
  1
S-0445
 11
85.275
 21
24.625
 31
0.0
100
AcDbAttribute
  2
ID
 70
0
  0
ATTRIB
  5
AEF
330
17
100
AcDbEntity
  8
0
 60
1
100
AcDbText
 10
85.275
 20
24.625
 30
0.0
 40
0.18
  1
Сирень венгерская
 11
85.275
 21
24.625
 31
0.0
100
AcDbAttribute
  2
PORODA
 70
0
  0
ATTRIB
  5
AF0
330
17
100
AcDbEntity
  8
0
 60
1
100
AcDbText
 10
85.275
 20
24.625
 30
0.0
 40
0.18
  1
Силовой кабель и кабель связи: норма 0.7 м, факт 1.5 м (СП 42.13330.2016, таблица 9.1; 743-ПП п. 3.6.3; 623-ПП п. 4.2.4)
 11
85.275
 21
24.625
 31
0.0
100
AcDbAttribute
  2
NORMA
 70
0
  0
SEQEND
  5
AED
330
AEC
100
AcDbEntity
  8
GREEN_AI_SHRUBS
  0
INSERT
  5
AF1
330
17
100
AcDbEntity
  8
GREEN_AI_SHRUBS
100
AcDbBlockReference
 66
1
  2
GREEN_AI_SHRUB
 10
86.125
 20
24.625
 30
0.0
  0
ATTRIB
  5
AF3
330
17
100
AcDbEntity
  8
0
 60
1
100
AcDbText
 10
87.275
 20
24.625
 30
0.0
 40
0.18
  1
S-0446
 11
87.275
 21
24.625
 31
0.0
100
AcDbAttribute
  2
ID
 70
0
  0
ATTRIB
  5
AF4
330
17
100
AcDbEntity
  8
0
 60
1
100
AcDbText
 10
87.275
 20
24.625
 30
0.0
 40
0.18
  1
Сирень венгерская
 11
87.275
 21
24.625
 31
0.0
100
AcDbAttribute
  2
PORODA
 70
0
  0
ATTRIB
  5
AF5
330
17
100
AcDbEntity
  8
0
 60
1
100
AcDbText
 10
87.275
 20
24.625
 30
0.0
 40
0.18
  1
Силовой кабель и кабель связи: норма 0.7 м, факт 1.5 м (СП 42.13330.2016, таблица 9.1; 743-ПП п. 3.6.3; 623-ПП п. 4.2.4)
 11
87.275
 21
24.625
 31
0.0
100
AcDbAttribute
  2
NORMA
 70
0
  0
SEQEND
  5
AF2
330
AF1
100
AcDbEntity
  8
GREEN_AI_SHRUBS
  0
INSERT
  5
AF6
330
17
100
AcDbEntity
  8
GREEN_AI_SHRUBS
100
AcDbBlockReference
 66
1
  2
GREEN_AI_SHRUB
 10
88.125
 20
24.625
 30
0.0
  0
ATTRIB
  5
AF8
330
17
100
AcDbEntity
  8
0
 60
1
100
AcDbText
 10
89.275
 20
24.625
 30
0.0
 40
0.18
  1
S-0447
 11
89.275
 21
24.625
 31
0.0
100
AcDbAttribute
  2
ID
 70
0
  0
ATTRIB
  5
AF9
330
17
100
AcDbEntity
  8
0
 60
1
100
AcDbText
 10
89.275
 20
24.625
 30
0.0
 40
0.18
  1
Сирень венгерская
 11
89.275
 21
24.625
 31
0.0
100
AcDbAttribute
  2
PORODA
 70
0
  0
ATTRIB
  5
AFA
330
17
100
AcDbEntity
  8
0
 60
1
100
AcDbText
 10
89.275
 20
24.625
 30
0.0
 40
0.18
  1
Силовой кабель и кабель связи: норма 0.7 м, факт 1.5 м (СП 42.13330.2016, таблица 9.1; 743-ПП п. 3.6.3; 623-ПП п. 4.2.4)
 11
89.275
 21
24.625
 31
0.0
100
AcDbAttribute
  2
NORMA
 70
0
  0
SEQEND
  5
AF7
330
AF6
100
AcDbEntity
  8
GREEN_AI_SHRUBS
  0
INSERT
  5
AFB
330
17
100
AcDbEntity
  8
GREEN_AI_SHRUBS
100
AcDbBlockReference
 66
1
  2
GREEN_AI_SHRUB
 10
90.125
 20
24.625
 30
0.0
  0
ATTRIB
  5
AFD
330
17
100
AcDbEntity
  8
0
 60
1
100
AcDbText
 10
91.275
 20
24.625
 30
0.0
 40
0.18
  1
S-0448
 11
91.275
 21
24.625
 31
0.0
100
AcDbAttribute
  2
ID
 70
0
  0
ATTRIB
  5
AFE
330
17
100
AcDbEntity
  8
0
 60
1
100
AcDbText
 10
91.275
 20
24.625
 30
0.0
 40
0.18
  1
Сирень венгерская
 11
91.275
 21
24.625
 31
0.0
100
AcDbAttribute
  2
PORODA
 70
0
  0
ATTRIB
  5
AFF
330
17
100
AcDbEntity
  8
0
 60
1
100
AcDbText
 10
91.275
 20
24.625
 30
0.0
 40
0.18
  1
Силовой кабель и кабель связи: норма 0.7 м, факт 1.5 м (СП 42.13330.2016, таблица 9.1; 743-ПП п. 3.6.3; 623-ПП п. 4.2.4)
 11
91.275
 21
24.625
 31
0.0
100
AcDbAttribute
  2
NORMA
 70
0
  0
SEQEND
  5
AFC
330
AFB
100
AcDbEntity
  8
GREEN_AI_SHRUBS
  0
INSERT
  5
B00
330
17
100
AcDbEntity
  8
GREEN_AI_SHRUBS
100
AcDbBlockReference
 66
1
  2
GREEN_AI_SHRUB
 10
92.125
 20
24.625
 30
0.0
  0
ATTRIB
  5
B02
330
17
100
AcDbEntity
  8
0
 60
1
100
AcDbText
 10
93.275
 20
24.625
 30
0.0
 40
0.18
  1
S-0449
 11
93.275
 21
24.625
 31
0.0
100
AcDbAttribute
  2
ID
 70
0
  0
ATTRIB
  5
B03
330
17
100
AcDbEntity
  8
0
 60
1
100
AcDbText
 10
93.275
 20
24.625
 30
0.0
 40
0.18
  1
Сирень венгерская
 11
93.275
 21
24.625
 31
0.0
100
AcDbAttribute
  2
PORODA
 70
0
  0
ATTRIB
  5
B04
330
17
100
AcDbEntity
  8
0
 60
1
100
AcDbText
 10
93.275
 20
24.625
 30
0.0
 40
0.18
  1
Силовой кабель и кабель связи: норма 0.7 м, факт 1.5 м (СП 42.13330.2016, таблица 9.1; 743-ПП п. 3.6.3; 623-ПП п. 4.2.4)
 11
93.275
 21
24.625
 31
0.0
100
AcDbAttribute
  2
NORMA
 70
0
  0
SEQEND
  5
B01
330
B00
100
AcDbEntity
  8
GREEN_AI_SHRUBS
  0
INSERT
  5
B05
330
17
100
AcDbEntity
  8
GREEN_AI_SHRUBS
100
AcDbBlockReference
 66
1
  2
GREEN_AI_SHRUB
 10
94.125
 20
24.625
 30
0.0
  0
ATTRIB
  5
B07
330
17
100
AcDbEntity
  8
0
 60
1
100
AcDbText
 10
95.275
 20
24.625
 30
0.0
 40
0.18
  1
S-0450
 11
95.275
 21
24.625
 31
0.0
100
AcDbAttribute
  2
ID
 70
0
  0
ATTRIB
  5
B08
330
17
100
AcDbEntity
  8
0
 60
1
100
AcDbText
 10
95.275
 20
24.625
 30
0.0
 40
0.18
  1
Сирень венгерская
 11
95.275
 21
24.625
 31
0.0
100
AcDbAttribute
  2
PORODA
 70
0
  0
ATTRIB
  5
B09
330
17
100
AcDbEntity
  8
0
 60
1
100
AcDbText
 10
95.275
 20
24.625
 30
0.0
 40
0.18
  1
Силовой кабель и кабель связи: норма 0.7 м, факт 1.5 м (СП 42.13330.2016, таблица 9.1; 743-ПП п. 3.6.3; 623-ПП п. 4.2.4)
 11
95.275
 21
24.625
 31
0.0
100
AcDbAttribute
  2
NORMA
 70
0
  0
SEQEND
  5
B06
330
B05
100
AcDbEntity
  8
GREEN_AI_SHRUBS
  0
INSERT
  5
B0A
330
17
100
AcDbEntity
  8
GREEN_AI_SHRUBS
100
AcDbBlockReference
 66
1
  2
GREEN_AI_SHRUB
 10
96.125
 20
24.625
 30
0.0
  0
ATTRIB
  5
B0C
330
17
100
AcDbEntity
  8
0
 60
1
100
AcDbText
 10
97.275
 20
24.625
 30
0.0
 40
0.18
  1
S-0451
 11
97.275
 21
24.625
 31
0.0
100
AcDbAttribute
  2
ID
 70
0
  0
ATTRIB
  5
B0D
330
17
100
AcDbEntity
  8
0
 60
1
100
AcDbText
 10
97.275
 20
24.625
 30
0.0
 40
0.18
  1
Сирень венгерская
 11
97.275
 21
24.625
 31
0.0
100
AcDbAttribute
  2
PORODA
 70
0
  0
ATTRIB
  5
B0E
330
17
100
AcDbEntity
  8
0
 60
1
100
AcDbText
 10
97.275
 20
24.625
 30
0.0
 40
0.18
  1
Силовой кабель и кабель связи: норма 0.7 м, факт 1.5 м (СП 42.13330.2016, таблица 9.1; 743-ПП п. 3.6.3; 623-ПП п. 4.2.4)
 11
97.275
 21
24.625
 31
0.0
100
AcDbAttribute
  2
NORMA
 70
0
  0
SEQEND
  5
B0B
330
B0A
100
AcDbEntity
  8
GREEN_AI_SHRUBS
  0
INSERT
  5
B0F
330
17
100
AcDbEntity
  8
GREEN_AI_SHRUBS
100
AcDbBlockReference
 66
1
  2
GREEN_AI_SHRUB
 10
98.125
 20
24.625
 30
0.0
  0
ATTRIB
  5
B11
330
17
100
AcDbEntity
  8
0
 60
1
100
AcDbText
 10
99.275
 20
24.625
 30
0.0
 40
0.18
  1
S-0452
 11
99.275
 21
24.625
 31
0.0
100
AcDbAttribute
  2
ID
 70
0
  0
ATTRIB
  5
B12
330
17
100
AcDbEntity
  8
0
 60
1
100
AcDbText
 10
99.275
 20
24.625
 30
0.0
 40
0.18
  1
Сирень венгерская
 11
99.275
 21
24.625
 31
0.0
100
AcDbAttribute
  2
PORODA
 70
0
  0
ATTRIB
  5
B13
330
17
100
AcDbEntity
  8
0
 60
1
100
AcDbText
 10
99.275
 20
24.625
 30
0.0
 40
0.18
  1
Силовой кабель и кабель связи: норма 0.7 м, факт 1.5 м (СП 42.13330.2016, таблица 9.1; 743-ПП п. 3.6.3; 623-ПП п. 4.2.4)
 11
99.275
 21
24.625
 31
0.0
100
AcDbAttribute
  2
NORMA
 70
0
  0
SEQEND
  5
B10
330
B0F
100
AcDbEntity
  8
GREEN_AI_SHRUBS
  0
INSERT
  5
B14
330
17
100
AcDbEntity
  8
GREEN_AI_SHRUBS
100
AcDbBlockReference
 66
1
  2
GREEN_AI_SHRUB
 10
100.125
 20
24.625
 30
0.0
  0
ATTRIB
  5
B16
330
17
100
AcDbEntity
  8
0
 60
1
100
AcDbText
 10
101.275
 20
24.625
 30
0.0
 40
0.18
  1
S-0453
 11
101.275
 21
24.625
 31
0.0
100
AcDbAttribute
  2
ID
 70
0
  0
ATTRIB
  5
B17
330
17
100
AcDbEntity
  8
0
 60
1
100
AcDbText
 10
101.275
 20
24.625
 30
0.0
 40
0.18
  1
Сирень венгерская
 11
101.275
 21
24.625
 31
0.0
100
AcDbAttribute
  2
PORODA
 70
0
  0
ATTRIB
  5
B18
330
17
100
AcDbEntity
  8
0
 60
1
100
AcDbText
 10
101.275
 20
24.625
 30
0.0
 40
0.18
  1
Силовой кабель и кабель связи: норма 0.7 м, факт 1.5 м (СП 42.13330.2016, таблица 9.1; 743-ПП п. 3.6.3; 623-ПП п. 4.2.4)
 11
101.275
 21
24.625
 31
0.0
100
AcDbAttribute
  2
NORMA
 70
0
  0
SEQEND
  5
B15
330
B14
100
AcDbEntity
  8
GREEN_AI_SHRUBS
  0
INSERT
  5
B19
330
17
100
AcDbEntity
  8
GREEN_AI_SHRUBS
100
AcDbBlockReference
 66
1
  2
GREEN_AI_SHRUB
 10
102.125
 20
24.625
 30
0.0
  0
ATTRIB
  5
B1B
330
17
100
AcDbEntity
  8
0
 60
1
100
AcDbText
 10
103.275
 20
24.625
 30
0.0
 40
0.18
  1
S-0454
 11
103.275
 21
24.625
 31
0.0
100
AcDbAttribute
  2
ID
 70
0
  0
ATTRIB
  5
B1C
330
17
100
AcDbEntity
  8
0
 60
1
100
AcDbText
 10
103.275
 20
24.625
 30
0.0
 40
0.18
  1
Сирень венгерская
 11
103.275
 21
24.625
 31
0.0
100
AcDbAttribute
  2
PORODA
 70
0
  0
ATTRIB
  5
B1D
330
17
100
AcDbEntity
  8
0
 60
1
100
AcDbText
 10
103.275
 20
24.625
 30
0.0
 40
0.18
  1
Силовой кабель и кабель связи: норма 0.7 м, факт 1.5 м (СП 42.13330.2016, таблица 9.1; 743-ПП п. 3.6.3; 623-ПП п. 4.2.4)
 11
103.275
 21
24.625
 31
0.0
100
AcDbAttribute
  2
NORMA
 70
0
  0
SEQEND
  5
B1A
330
B19
100
AcDbEntity
  8
GREEN_AI_SHRUBS
  0
INSERT
  5
B1E
330
17
100
AcDbEntity
  8
GREEN_AI_SHRUBS
100
AcDbBlockReference
 66
1
  2
GREEN_AI_SHRUB
 10
104.125
 20
24.625
 30
0.0
  0
ATTRIB
  5
B20
330
17
100
AcDbEntity
  8
0
 60
1
100
AcDbText
 10
105.275
 20
24.625
 30
0.0
 40
0.18
  1
S-0455
 11
105.275
 21
24.625
 31
0.0
100
AcDbAttribute
  2
ID
 70
0
  0
ATTRIB
  5
B21
330
17
100
AcDbEntity
  8
0
 60
1
100
AcDbText
 10
105.275
 20
24.625
 30
0.0
 40
0.18
  1
Сирень венгерская
 11
105.275
 21
24.625
 31
0.0
100
AcDbAttribute
  2
PORODA
 70
0
  0
ATTRIB
  5
B22
330
17
100
AcDbEntity
  8
0
 60
1
100
AcDbText
 10
105.275
 20
24.625
 30
0.0
 40
0.18
  1
Силовой кабель и кабель связи: норма 0.7 м, факт 1.5 м (СП 42.13330.2016, таблица 9.1; 743-ПП п. 3.6.3; 623-ПП п. 4.2.4)
 11
105.275
 21
24.625
 31
0.0
100
AcDbAttribute
  2
NORMA
 70
0
  0
SEQEND
  5
B1F
330
B1E
100
AcDbEntity
  8
GREEN_AI_SHRUBS
  0
INSERT
  5
B23
330
17
100
AcDbEntity
  8
GREEN_AI_SHRUBS
100
AcDbBlockReference
 66
1
  2
GREEN_AI_SHRUB
 10
106.125
 20
24.625
 30
0.0
  0
ATTRIB
  5
B25
330
17
100
AcDbEntity
  8
0
 60
1
100
AcDbText
 10
107.275
 20
24.625
 30
0.0
 40
0.18
  1
S-0456
 11
107.275
 21
24.625
 31
0.0
100
AcDbAttribute
  2
ID
 70
0
  0
ATTRIB
  5
B26
330
17
100
AcDbEntity
  8
0
 60
1
100
AcDbText
 10
107.275
 20
24.625
 30
0.0
 40
0.18
  1
Сирень венгерская
 11
107.275
 21
24.625
 31
0.0
100
AcDbAttribute
  2
PORODA
 70
0
  0
ATTRIB
  5
B27
330
17
100
AcDbEntity
  8
0
 60
1
100
AcDbText
 10
107.275
 20
24.625
 30
0.0
 40
0.18
  1
Силовой кабель и кабель связи: норма 0.7 м, факт 1.5 м (СП 42.13330.2016, таблица 9.1; 743-ПП п. 3.6.3; 623-ПП п. 4.2.4)
 11
107.275
 21
24.625
 31
0.0
100
AcDbAttribute
  2
NORMA
 70
0
  0
SEQEND
  5
B24
330
B23
100
AcDbEntity
  8
GREEN_AI_SHRUBS
  0
INSERT
  5
B28
330
17
100
AcDbEntity
  8
GREEN_AI_SHRUBS
100
AcDbBlockReference
 66
1
  2
GREEN_AI_SHRUB
 10
108.125
 20
24.625
 30
0.0
  0
ATTRIB
  5
B2A
330
17
100
AcDbEntity
  8
0
 60
1
100
AcDbText
 10
109.275
 20
24.625
 30
0.0
 40
0.18
  1
S-0457
 11
109.275
 21
24.625
 31
0.0
100
AcDbAttribute
  2
ID
 70
0
  0
ATTRIB
  5
B2B
330
17
100
AcDbEntity
  8
0
 60
1
100
AcDbText
 10
109.275
 20
24.625
 30
0.0
 40
0.18
  1
Сирень венгерская
 11
109.275
 21
24.625
 31
0.0
100
AcDbAttribute
  2
PORODA
 70
0
  0
ATTRIB
  5
B2C
330
17
100
AcDbEntity
  8
0
 60
1
100
AcDbText
 10
109.275
 20
24.625
 30
0.0
 40
0.18
  1
Силовой кабель и кабель связи: норма 0.7 м, факт 1.5 м (СП 42.13330.2016, таблица 9.1; 743-ПП п. 3.6.3; 623-ПП п. 4.2.4)
 11
109.275
 21
24.625
 31
0.0
100
AcDbAttribute
  2
NORMA
 70
0
  0
SEQEND
  5
B29
330
B28
100
AcDbEntity
  8
GREEN_AI_SHRUBS
  0
INSERT
  5
B2D
330
17
100
AcDbEntity
  8
GREEN_AI_SHRUBS
100
AcDbBlockReference
 66
1
  2
GREEN_AI_SHRUB
 10
110.125
 20
24.625
 30
0.0
  0
ATTRIB
  5
B2F
330
17
100
AcDbEntity
  8
0
 60
1
100
AcDbText
 10
111.275
 20
24.625
 30
0.0
 40
0.18
  1
S-0458
 11
111.275
 21
24.625
 31
0.0
100
AcDbAttribute
  2
ID
 70
0
  0
ATTRIB
  5
B30
330
17
100
AcDbEntity
  8
0
 60
1
100
AcDbText
 10
111.275
 20
24.625
 30
0.0
 40
0.18
  1
Сирень венгерская
 11
111.275
 21
24.625
 31
0.0
100
AcDbAttribute
  2
PORODA
 70
0
  0
ATTRIB
  5
B31
330
17
100
AcDbEntity
  8
0
 60
1
100
AcDbText
 10
111.275
 20
24.625
 30
0.0
 40
0.18
  1
Силовой кабель и кабель связи: норма 0.7 м, факт 1.5 м (СП 42.13330.2016, таблица 9.1; 743-ПП п. 3.6.3; 623-ПП п. 4.2.4)
 11
111.275
 21
24.625
 31
0.0
100
AcDbAttribute
  2
NORMA
 70
0
  0
SEQEND
  5
B2E
330
B2D
100
AcDbEntity
  8
GREEN_AI_SHRUBS
  0
INSERT
  5
B32
330
17
100
AcDbEntity
  8
GREEN_AI_SHRUBS
100
AcDbBlockReference
 66
1
  2
GREEN_AI_SHRUB
 10
112.125
 20
24.625
 30
0.0
  0
ATTRIB
  5
B34
330
17
100
AcDbEntity
  8
0
 60
1
100
AcDbText
 10
113.275
 20
24.625
 30
0.0
 40
0.18
  1
S-0459
 11
113.275
 21
24.625
 31
0.0
100
AcDbAttribute
  2
ID
 70
0
  0
ATTRIB
  5
B35
330
17
100
AcDbEntity
  8
0
 60
1
100
AcDbText
 10
113.275
 20
24.625
 30
0.0
 40
0.18
  1
Сирень венгерская
 11
113.275
 21
24.625
 31
0.0
100
AcDbAttribute
  2
PORODA
 70
0
  0
ATTRIB
  5
B36
330
17
100
AcDbEntity
  8
0
 60
1
100
AcDbText
 10
113.275
 20
24.625
 30
0.0
 40
0.18
  1
Силовой кабель и кабель связи: норма 0.7 м, факт 1.5 м (СП 42.13330.2016, таблица 9.1; 743-ПП п. 3.6.3; 623-ПП п. 4.2.4)
 11
113.275
 21
24.625
 31
0.0
100
AcDbAttribute
  2
NORMA
 70
0
  0
SEQEND
  5
B33
330
B32
100
AcDbEntity
  8
GREEN_AI_SHRUBS
  0
INSERT
  5
B37
330
17
100
AcDbEntity
  8
GREEN_AI_SHRUBS
100
AcDbBlockReference
 66
1
  2
GREEN_AI_SHRUB
 10
114.125
 20
24.625
 30
0.0
  0
ATTRIB
  5
B39
330
17
100
AcDbEntity
  8
0
 60
1
100
AcDbText
 10
115.275
 20
24.625
 30
0.0
 40
0.18
  1
S-0460
 11
115.275
 21
24.625
 31
0.0
100
AcDbAttribute
  2
ID
 70
0
  0
ATTRIB
  5
B3A
330
17
100
AcDbEntity
  8
0
 60
1
100
AcDbText
 10
115.275
 20
24.625
 30
0.0
 40
0.18
  1
Сирень венгерская
 11
115.275
 21
24.625
 31
0.0
100
AcDbAttribute
  2
PORODA
 70
0
  0
ATTRIB
  5
B3B
330
17
100
AcDbEntity
  8
0
 60
1
100
AcDbText
 10
115.275
 20
24.625
 30
0.0
 40
0.18
  1
Силовой кабель и кабель связи: норма 0.7 м, факт 1.5 м (СП 42.13330.2016, таблица 9.1; 743-ПП п. 3.6.3; 623-ПП п. 4.2.4)
 11
115.275
 21
24.625
 31
0.0
100
AcDbAttribute
  2
NORMA
 70
0
  0
SEQEND
  5
B38
330
B37
100
AcDbEntity
  8
GREEN_AI_SHRUBS
  0
INSERT
  5
B3C
330
17
100
AcDbEntity
  8
GREEN_AI_SHRUBS
100
AcDbBlockReference
 66
1
  2
GREEN_AI_SHRUB
 10
116.125
 20
24.625
 30
0.0
  0
ATTRIB
  5
B3E
330
17
100
AcDbEntity
  8
0
 60
1
100
AcDbText
 10
117.275
 20
24.625
 30
0.0
 40
0.18
  1
S-0461
 11
117.275
 21
24.625
 31
0.0
100
AcDbAttribute
  2
ID
 70
0
  0
ATTRIB
  5
B3F
330
17
100
AcDbEntity
  8
0
 60
1
100
AcDbText
 10
117.275
 20
24.625
 30
0.0
 40
0.18
  1
Сирень венгерская
 11
117.275
 21
24.625
 31
0.0
100
AcDbAttribute
  2
PORODA
 70
0
  0
ATTRIB
  5
B40
330
17
100
AcDbEntity
  8
0
 60
1
100
AcDbText
 10
117.275
 20
24.625
 30
0.0
 40
0.18
  1
Силовой кабель и кабель связи: норма 0.7 м, факт 1.5 м (СП 42.13330.2016, таблица 9.1; 743-ПП п. 3.6.3; 623-ПП п. 4.2.4)
 11
117.275
 21
24.625
 31
0.0
100
AcDbAttribute
  2
NORMA
 70
0
  0
SEQEND
  5
B3D
330
B3C
100
AcDbEntity
  8
GREEN_AI_SHRUBS
  0
INSERT
  5
B41
330
17
100
AcDbEntity
  8
GREEN_AI_SHRUBS
100
AcDbBlockReference
 66
1
  2
GREEN_AI_SHRUB
 10
118.125
 20
24.625
 30
0.0
  0
ATTRIB
  5
B43
330
17
100
AcDbEntity
  8
0
 60
1
100
AcDbText
 10
119.275
 20
24.625
 30
0.0
 40
0.18
  1
S-0462
 11
119.275
 21
24.625
 31
0.0
100
AcDbAttribute
  2
ID
 70
0
  0
ATTRIB
  5
B44
330
17
100
AcDbEntity
  8
0
 60
1
100
AcDbText
 10
119.275
 20
24.625
 30
0.0
 40
0.18
  1
Сирень венгерская
 11
119.275
 21
24.625
 31
0.0
100
AcDbAttribute
  2
PORODA
 70
0
  0
ATTRIB
  5
B45
330
17
100
AcDbEntity
  8
0
 60
1
100
AcDbText
 10
119.275
 20
24.625
 30
0.0
 40
0.18
  1
Силовой кабель и кабель связи: норма 0.7 м, факт 1.5 м (СП 42.13330.2016, таблица 9.1; 743-ПП п. 3.6.3; 623-ПП п. 4.2.4)
 11
119.275
 21
24.625
 31
0.0
100
AcDbAttribute
  2
NORMA
 70
0
  0
SEQEND
  5
B42
330
B41
100
AcDbEntity
  8
GREEN_AI_SHRUBS
  0
INSERT
  5
B46
330
17
100
AcDbEntity
  8
GREEN_AI_SHRUBS
100
AcDbBlockReference
 66
1
  2
GREEN_AI_SHRUB
 10
0.625
 20
27.625
 30
0.0
  0
ATTRIB
  5
B48
330
17
100
AcDbEntity
  8
0
 60
1
100
AcDbText
 10
1.775
 20
27.625
 30
0.0
 40
0.18
  1
S-0463
 11
1.775
 21
27.625
 31
0.0
100
AcDbAttribute
  2
ID
 70
0
  0
ATTRIB
  5
B49
330
17
100
AcDbEntity
  8
0
 60
1
100
AcDbText
 10
1.775
 20
27.625
 30
0.0
 40
0.18
  1
Сирень венгерская
 11
1.775
 21
27.625
 31
0.0
100
AcDbAttribute
  2
PORODA
 70
0
  0
ATTRIB
  5
B4A
330
17
100
AcDbEntity
  8
0
 60
1
100
AcDbText
 10
1.775
 20
27.625
 30
0.0
 40
0.18
  1
Силовой кабель и кабель связи: норма 0.7 м, факт 1.5 м (СП 42.13330.2016, таблица 9.1; 743-ПП п. 3.6.3; 623-ПП п. 4.2.4)
 11
1.775
 21
27.625
 31
0.0
100
AcDbAttribute
  2
NORMA
 70
0
  0
SEQEND
  5
B47
330
B46
100
AcDbEntity
  8
GREEN_AI_SHRUBS
  0
INSERT
  5
B4B
330
17
100
AcDbEntity
  8
GREEN_AI_SHRUBS
100
AcDbBlockReference
 66
1
  2
GREEN_AI_SHRUB
 10
2.625
 20
27.625
 30
0.0
  0
ATTRIB
  5
B4D
330
17
100
AcDbEntity
  8
0
 60
1
100
AcDbText
 10
3.775
 20
27.625
 30
0.0
 40
0.18
  1
S-0464
 11
3.775
 21
27.625
 31
0.0
100
AcDbAttribute
  2
ID
 70
0
  0
ATTRIB
  5
B4E
330
17
100
AcDbEntity
  8
0
 60
1
100
AcDbText
 10
3.775
 20
27.625
 30
0.0
 40
0.18
  1
Сирень венгерская
 11
3.775
 21
27.625
 31
0.0
100
AcDbAttribute
  2
PORODA
 70
0
  0
ATTRIB
  5
B4F
330
17
100
AcDbEntity
  8
0
 60
1
100
AcDbText
 10
3.775
 20
27.625
 30
0.0
 40
0.18
  1
Силовой кабель и кабель связи: норма 0.7 м, факт 1.5 м (СП 42.13330.2016, таблица 9.1; 743-ПП п. 3.6.3; 623-ПП п. 4.2.4)
 11
3.775
 21
27.625
 31
0.0
100
AcDbAttribute
  2
NORMA
 70
0
  0
SEQEND
  5
B4C
330
B4B
100
AcDbEntity
  8
GREEN_AI_SHRUBS
  0
INSERT
  5
B50
330
17
100
AcDbEntity
  8
GREEN_AI_SHRUBS
100
AcDbBlockReference
 66
1
  2
GREEN_AI_SHRUB
 10
4.625
 20
27.625
 30
0.0
  0
ATTRIB
  5
B52
330
17
100
AcDbEntity
  8
0
 60
1
100
AcDbText
 10
5.775
 20
27.625
 30
0.0
 40
0.18
  1
S-0465
 11
5.775
 21
27.625
 31
0.0
100
AcDbAttribute
  2
ID
 70
0
  0
ATTRIB
  5
B53
330
17
100
AcDbEntity
  8
0
 60
1
100
AcDbText
 10
5.775
 20
27.625
 30
0.0
 40
0.18
  1
Сирень венгерская
 11
5.775
 21
27.625
 31
0.0
100
AcDbAttribute
  2
PORODA
 70
0
  0
ATTRIB
  5
B54
330
17
100
AcDbEntity
  8
0
 60
1
100
AcDbText
 10
5.775
 20
27.625
 30
0.0
 40
0.18
  1
Силовой кабель и кабель связи: норма 0.7 м, факт 1.5 м (СП 42.13330.2016, таблица 9.1; 743-ПП п. 3.6.3; 623-ПП п. 4.2.4)
 11
5.775
 21
27.625
 31
0.0
100
AcDbAttribute
  2
NORMA
 70
0
  0
SEQEND
  5
B51
330
B50
100
AcDbEntity
  8
GREEN_AI_SHRUBS
  0
INSERT
  5
B55
330
17
100
AcDbEntity
  8
GREEN_AI_SHRUBS
100
AcDbBlockReference
 66
1
  2
GREEN_AI_SHRUB
 10
6.625
 20
27.625
 30
0.0
  0
ATTRIB
  5
B57
330
17
100
AcDbEntity
  8
0
 60
1
100
AcDbText
 10
7.775
 20
27.625
 30
0.0
 40
0.18
  1
S-0466
 11
7.775
 21
27.625
 31
0.0
100
AcDbAttribute
  2
ID
 70
0
  0
ATTRIB
  5
B58
330
17
100
AcDbEntity
  8
0
 60
1
100
AcDbText
 10
7.775
 20
27.625
 30
0.0
 40
0.18
  1
Сирень венгерская
 11
7.775
 21
27.625
 31
0.0
100
AcDbAttribute
  2
PORODA
 70
0
  0
ATTRIB
  5
B59
330
17
100
AcDbEntity
  8
0
 60
1
100
AcDbText
 10
7.775
 20
27.625
 30
0.0
 40
0.18
  1
Силовой кабель и кабель связи: норма 0.7 м, факт 1.5 м (СП 42.13330.2016, таблица 9.1; 743-ПП п. 3.6.3; 623-ПП п. 4.2.4)
 11
7.775
 21
27.625
 31
0.0
100
AcDbAttribute
  2
NORMA
 70
0
  0
SEQEND
  5
B56
330
B55
100
AcDbEntity
  8
GREEN_AI_SHRUBS
  0
INSERT
  5
B5A
330
17
100
AcDbEntity
  8
GREEN_AI_SHRUBS
100
AcDbBlockReference
 66
1
  2
GREEN_AI_SHRUB
 10
8.625
 20
27.625
 30
0.0
  0
ATTRIB
  5
B5C
330
17
100
AcDbEntity
  8
0
 60
1
100
AcDbText
 10
9.775
 20
27.625
 30
0.0
 40
0.18
  1
S-0467
 11
9.775
 21
27.625
 31
0.0
100
AcDbAttribute
  2
ID
 70
0
  0
ATTRIB
  5
B5D
330
17
100
AcDbEntity
  8
0
 60
1
100
AcDbText
 10
9.775
 20
27.625
 30
0.0
 40
0.18
  1
Сирень венгерская
 11
9.775
 21
27.625
 31
0.0
100
AcDbAttribute
  2
PORODA
 70
0
  0
ATTRIB
  5
B5E
330
17
100
AcDbEntity
  8
0
 60
1
100
AcDbText
 10
9.775
 20
27.625
 30
0.0
 40
0.18
  1
Силовой кабель и кабель связи: норма 0.7 м, факт 1.5 м (СП 42.13330.2016, таблица 9.1; 743-ПП п. 3.6.3; 623-ПП п. 4.2.4)
 11
9.775
 21
27.625
 31
0.0
100
AcDbAttribute
  2
NORMA
 70
0
  0
SEQEND
  5
B5B
330
B5A
100
AcDbEntity
  8
GREEN_AI_SHRUBS
  0
INSERT
  5
B5F
330
17
100
AcDbEntity
  8
GREEN_AI_SHRUBS
100
AcDbBlockReference
 66
1
  2
GREEN_AI_SHRUB
 10
10.625
 20
27.625
 30
0.0
  0
ATTRIB
  5
B61
330
17
100
AcDbEntity
  8
0
 60
1
100
AcDbText
 10
11.775
 20
27.625
 30
0.0
 40
0.18
  1
S-0468
 11
11.775
 21
27.625
 31
0.0
100
AcDbAttribute
  2
ID
 70
0
  0
ATTRIB
  5
B62
330
17
100
AcDbEntity
  8
0
 60
1
100
AcDbText
 10
11.775
 20
27.625
 30
0.0
 40
0.18
  1
Сирень венгерская
 11
11.775
 21
27.625
 31
0.0
100
AcDbAttribute
  2
PORODA
 70
0
  0
ATTRIB
  5
B63
330
17
100
AcDbEntity
  8
0
 60
1
100
AcDbText
 10
11.775
 20
27.625
 30
0.0
 40
0.18
  1
Силовой кабель и кабель связи: норма 0.7 м, факт 1.5 м (СП 42.13330.2016, таблица 9.1; 743-ПП п. 3.6.3; 623-ПП п. 4.2.4)
 11
11.775
 21
27.625
 31
0.0
100
AcDbAttribute
  2
NORMA
 70
0
  0
SEQEND
  5
B60
330
B5F
100
AcDbEntity
  8
GREEN_AI_SHRUBS
  0
INSERT
  5
B64
330
17
100
AcDbEntity
  8
GREEN_AI_SHRUBS
100
AcDbBlockReference
 66
1
  2
GREEN_AI_SHRUB
 10
12.625
 20
27.625
 30
0.0
  0
ATTRIB
  5
B66
330
17
100
AcDbEntity
  8
0
 60
1
100
AcDbText
 10
13.775
 20
27.625
 30
0.0
 40
0.18
  1
S-0469
 11
13.775
 21
27.625
 31
0.0
100
AcDbAttribute
  2
ID
 70
0
  0
ATTRIB
  5
B67
330
17
100
AcDbEntity
  8
0
 60
1
100
AcDbText
 10
13.775
 20
27.625
 30
0.0
 40
0.18
  1
Сирень венгерская
 11
13.775
 21
27.625
 31
0.0
100
AcDbAttribute
  2
PORODA
 70
0
  0
ATTRIB
  5
B68
330
17
100
AcDbEntity
  8
0
 60
1
100
AcDbText
 10
13.775
 20
27.625
 30
0.0
 40
0.18
  1
Силовой кабель и кабель связи: норма 0.7 м, факт 1.5 м (СП 42.13330.2016, таблица 9.1; 743-ПП п. 3.6.3; 623-ПП п. 4.2.4)
 11
13.775
 21
27.625
 31
0.0
100
AcDbAttribute
  2
NORMA
 70
0
  0
SEQEND
  5
B65
330
B64
100
AcDbEntity
  8
GREEN_AI_SHRUBS
  0
INSERT
  5
B69
330
17
100
AcDbEntity
  8
GREEN_AI_SHRUBS
100
AcDbBlockReference
 66
1
  2
GREEN_AI_SHRUB
 10
14.625
 20
27.625
 30
0.0
  0
ATTRIB
  5
B6B
330
17
100
AcDbEntity
  8
0
 60
1
100
AcDbText
 10
15.775
 20
27.625
 30
0.0
 40
0.18
  1
S-0470
 11
15.775
 21
27.625
 31
0.0
100
AcDbAttribute
  2
ID
 70
0
  0
ATTRIB
  5
B6C
330
17
100
AcDbEntity
  8
0
 60
1
100
AcDbText
 10
15.775
 20
27.625
 30
0.0
 40
0.18
  1
Сирень венгерская
 11
15.775
 21
27.625
 31
0.0
100
AcDbAttribute
  2
PORODA
 70
0
  0
ATTRIB
  5
B6D
330
17
100
AcDbEntity
  8
0
 60
1
100
AcDbText
 10
15.775
 20
27.625
 30
0.0
 40
0.18
  1
Силовой кабель и кабель связи: норма 0.7 м, факт 1.5 м (СП 42.13330.2016, таблица 9.1; 743-ПП п. 3.6.3; 623-ПП п. 4.2.4)
 11
15.775
 21
27.625
 31
0.0
100
AcDbAttribute
  2
NORMA
 70
0
  0
SEQEND
  5
B6A
330
B69
100
AcDbEntity
  8
GREEN_AI_SHRUBS
  0
INSERT
  5
B6E
330
17
100
AcDbEntity
  8
GREEN_AI_SHRUBS
100
AcDbBlockReference
 66
1
  2
GREEN_AI_SHRUB
 10
16.625
 20
27.625
 30
0.0
  0
ATTRIB
  5
B70
330
17
100
AcDbEntity
  8
0
 60
1
100
AcDbText
 10
17.775
 20
27.625
 30
0.0
 40
0.18
  1
S-0471
 11
17.775
 21
27.625
 31
0.0
100
AcDbAttribute
  2
ID
 70
0
  0
ATTRIB
  5
B71
330
17
100
AcDbEntity
  8
0
 60
1
100
AcDbText
 10
17.775
 20
27.625
 30
0.0
 40
0.18
  1
Сирень венгерская
 11
17.775
 21
27.625
 31
0.0
100
AcDbAttribute
  2
PORODA
 70
0
  0
ATTRIB
  5
B72
330
17
100
AcDbEntity
  8
0
 60
1
100
AcDbText
 10
17.775
 20
27.625
 30
0.0
 40
0.18
  1
Силовой кабель и кабель связи: норма 0.7 м, факт 1.5 м (СП 42.13330.2016, таблица 9.1; 743-ПП п. 3.6.3; 623-ПП п. 4.2.4)
 11
17.775
 21
27.625
 31
0.0
100
AcDbAttribute
  2
NORMA
 70
0
  0
SEQEND
  5
B6F
330
B6E
100
AcDbEntity
  8
GREEN_AI_SHRUBS
  0
INSERT
  5
B73
330
17
100
AcDbEntity
  8
GREEN_AI_SHRUBS
100
AcDbBlockReference
 66
1
  2
GREEN_AI_SHRUB
 10
18.625
 20
27.625
 30
0.0
  0
ATTRIB
  5
B75
330
17
100
AcDbEntity
  8
0
 60
1
100
AcDbText
 10
19.775
 20
27.625
 30
0.0
 40
0.18
  1
S-0472
 11
19.775
 21
27.625
 31
0.0
100
AcDbAttribute
  2
ID
 70
0
  0
ATTRIB
  5
B76
330
17
100
AcDbEntity
  8
0
 60
1
100
AcDbText
 10
19.775
 20
27.625
 30
0.0
 40
0.18
  1
Сирень венгерская
 11
19.775
 21
27.625
 31
0.0
100
AcDbAttribute
  2
PORODA
 70
0
  0
ATTRIB
  5
B77
330
17
100
AcDbEntity
  8
0
 60
1
100
AcDbText
 10
19.775
 20
27.625
 30
0.0
 40
0.18
  1
Силовой кабель и кабель связи: норма 0.7 м, факт 1.5 м (СП 42.13330.2016, таблица 9.1; 743-ПП п. 3.6.3; 623-ПП п. 4.2.4)
 11
19.775
 21
27.625
 31
0.0
100
AcDbAttribute
  2
NORMA
 70
0
  0
SEQEND
  5
B74
330
B73
100
AcDbEntity
  8
GREEN_AI_SHRUBS
  0
INSERT
  5
B78
330
17
100
AcDbEntity
  8
GREEN_AI_SHRUBS
100
AcDbBlockReference
 66
1
  2
GREEN_AI_SHRUB
 10
20.625
 20
27.625
 30
0.0
  0
ATTRIB
  5
B7A
330
17
100
AcDbEntity
  8
0
 60
1
100
AcDbText
 10
21.775
 20
27.625
 30
0.0
 40
0.18
  1
S-0473
 11
21.775
 21
27.625
 31
0.0
100
AcDbAttribute
  2
ID
 70
0
  0
ATTRIB
  5
B7B
330
17
100
AcDbEntity
  8
0
 60
1
100
AcDbText
 10
21.775
 20
27.625
 30
0.0
 40
0.18
  1
Сирень венгерская
 11
21.775
 21
27.625
 31
0.0
100
AcDbAttribute
  2
PORODA
 70
0
  0
ATTRIB
  5
B7C
330
17
100
AcDbEntity
  8
0
 60
1
100
AcDbText
 10
21.775
 20
27.625
 30
0.0
 40
0.18
  1
Силовой кабель и кабель связи: норма 0.7 м, факт 1.5 м (СП 42.13330.2016, таблица 9.1; 743-ПП п. 3.6.3; 623-ПП п. 4.2.4)
 11
21.775
 21
27.625
 31
0.0
100
AcDbAttribute
  2
NORMA
 70
0
  0
SEQEND
  5
B79
330
B78
100
AcDbEntity
  8
GREEN_AI_SHRUBS
  0
INSERT
  5
B7D
330
17
100
AcDbEntity
  8
GREEN_AI_SHRUBS
100
AcDbBlockReference
 66
1
  2
GREEN_AI_SHRUB
 10
22.625
 20
27.625
 30
0.0
  0
ATTRIB
  5
B7F
330
17
100
AcDbEntity
  8
0
 60
1
100
AcDbText
 10
23.775
 20
27.625
 30
0.0
 40
0.18
  1
S-0474
 11
23.775
 21
27.625
 31
0.0
100
AcDbAttribute
  2
ID
 70
0
  0
ATTRIB
  5
B80
330
17
100
AcDbEntity
  8
0
 60
1
100
AcDbText
 10
23.775
 20
27.625
 30
0.0
 40
0.18
  1
Сирень венгерская
 11
23.775
 21
27.625
 31
0.0
100
AcDbAttribute
  2
PORODA
 70
0
  0
ATTRIB
  5
B81
330
17
100
AcDbEntity
  8
0
 60
1
100
AcDbText
 10
23.775
 20
27.625
 30
0.0
 40
0.18
  1
Силовой кабель и кабель связи: норма 0.7 м, факт 1.5 м (СП 42.13330.2016, таблица 9.1; 743-ПП п. 3.6.3; 623-ПП п. 4.2.4)
 11
23.775
 21
27.625
 31
0.0
100
AcDbAttribute
  2
NORMA
 70
0
  0
SEQEND
  5
B7E
330
B7D
100
AcDbEntity
  8
GREEN_AI_SHRUBS
  0
INSERT
  5
B82
330
17
100
AcDbEntity
  8
GREEN_AI_SHRUBS
100
AcDbBlockReference
 66
1
  2
GREEN_AI_SHRUB
 10
24.625
 20
27.625
 30
0.0
  0
ATTRIB
  5
B84
330
17
100
AcDbEntity
  8
0
 60
1
100
AcDbText
 10
25.775
 20
27.625
 30
0.0
 40
0.18
  1
S-0475
 11
25.775
 21
27.625
 31
0.0
100
AcDbAttribute
  2
ID
 70
0
  0
ATTRIB
  5
B85
330
17
100
AcDbEntity
  8
0
 60
1
100
AcDbText
 10
25.775
 20
27.625
 30
0.0
 40
0.18
  1
Сирень венгерская
 11
25.775
 21
27.625
 31
0.0
100
AcDbAttribute
  2
PORODA
 70
0
  0
ATTRIB
  5
B86
330
17
100
AcDbEntity
  8
0
 60
1
100
AcDbText
 10
25.775
 20
27.625
 30
0.0
 40
0.18
  1
Силовой кабель и кабель связи: норма 0.7 м, факт 1.5 м (СП 42.13330.2016, таблица 9.1; 743-ПП п. 3.6.3; 623-ПП п. 4.2.4)
 11
25.775
 21
27.625
 31
0.0
100
AcDbAttribute
  2
NORMA
 70
0
  0
SEQEND
  5
B83
330
B82
100
AcDbEntity
  8
GREEN_AI_SHRUBS
  0
INSERT
  5
B87
330
17
100
AcDbEntity
  8
GREEN_AI_SHRUBS
100
AcDbBlockReference
 66
1
  2
GREEN_AI_SHRUB
 10
26.625
 20
27.625
 30
0.0
  0
ATTRIB
  5
B89
330
17
100
AcDbEntity
  8
0
 60
1
100
AcDbText
 10
27.775
 20
27.625
 30
0.0
 40
0.18
  1
S-0476
 11
27.775
 21
27.625
 31
0.0
100
AcDbAttribute
  2
ID
 70
0
  0
ATTRIB
  5
B8A
330
17
100
AcDbEntity
  8
0
 60
1
100
AcDbText
 10
27.775
 20
27.625
 30
0.0
 40
0.18
  1
Сирень венгерская
 11
27.775
 21
27.625
 31
0.0
100
AcDbAttribute
  2
PORODA
 70
0
  0
ATTRIB
  5
B8B
330
17
100
AcDbEntity
  8
0
 60
1
100
AcDbText
 10
27.775
 20
27.625
 30
0.0
 40
0.18
  1
Силовой кабель и кабель связи: норма 0.7 м, факт 1.5 м (СП 42.13330.2016, таблица 9.1; 743-ПП п. 3.6.3; 623-ПП п. 4.2.4)
 11
27.775
 21
27.625
 31
0.0
100
AcDbAttribute
  2
NORMA
 70
0
  0
SEQEND
  5
B88
330
B87
100
AcDbEntity
  8
GREEN_AI_SHRUBS
  0
INSERT
  5
B8C
330
17
100
AcDbEntity
  8
GREEN_AI_SHRUBS
100
AcDbBlockReference
 66
1
  2
GREEN_AI_SHRUB
 10
28.625
 20
27.625
 30
0.0
  0
ATTRIB
  5
B8E
330
17
100
AcDbEntity
  8
0
 60
1
100
AcDbText
 10
29.775
 20
27.625
 30
0.0
 40
0.18
  1
S-0477
 11
29.775
 21
27.625
 31
0.0
100
AcDbAttribute
  2
ID
 70
0
  0
ATTRIB
  5
B8F
330
17
100
AcDbEntity
  8
0
 60
1
100
AcDbText
 10
29.775
 20
27.625
 30
0.0
 40
0.18
  1
Сирень венгерская
 11
29.775
 21
27.625
 31
0.0
100
AcDbAttribute
  2
PORODA
 70
0
  0
ATTRIB
  5
B90
330
17
100
AcDbEntity
  8
0
 60
1
100
AcDbText
 10
29.775
 20
27.625
 30
0.0
 40
0.18
  1
Силовой кабель и кабель связи: норма 0.7 м, факт 1.5 м (СП 42.13330.2016, таблица 9.1; 743-ПП п. 3.6.3; 623-ПП п. 4.2.4)
 11
29.775
 21
27.625
 31
0.0
100
AcDbAttribute
  2
NORMA
 70
0
  0
SEQEND
  5
B8D
330
B8C
100
AcDbEntity
  8
GREEN_AI_SHRUBS
  0
INSERT
  5
B91
330
17
100
AcDbEntity
  8
GREEN_AI_SHRUBS
100
AcDbBlockReference
 66
1
  2
GREEN_AI_SHRUB
 10
30.625
 20
27.625
 30
0.0
  0
ATTRIB
  5
B93
330
17
100
AcDbEntity
  8
0
 60
1
100
AcDbText
 10
31.775
 20
27.625
 30
0.0
 40
0.18
  1
S-0478
 11
31.775
 21
27.625
 31
0.0
100
AcDbAttribute
  2
ID
 70
0
  0
ATTRIB
  5
B94
330
17
100
AcDbEntity
  8
0
 60
1
100
AcDbText
 10
31.775
 20
27.625
 30
0.0
 40
0.18
  1
Сирень венгерская
 11
31.775
 21
27.625
 31
0.0
100
AcDbAttribute
  2
PORODA
 70
0
  0
ATTRIB
  5
B95
330
17
100
AcDbEntity
  8
0
 60
1
100
AcDbText
 10
31.775
 20
27.625
 30
0.0
 40
0.18
  1
Силовой кабель и кабель связи: норма 0.7 м, факт 1.5 м (СП 42.13330.2016, таблица 9.1; 743-ПП п. 3.6.3; 623-ПП п. 4.2.4)
 11
31.775
 21
27.625
 31
0.0
100
AcDbAttribute
  2
NORMA
 70
0
  0
SEQEND
  5
B92
330
B91
100
AcDbEntity
  8
GREEN_AI_SHRUBS
  0
INSERT
  5
B96
330
17
100
AcDbEntity
  8
GREEN_AI_SHRUBS
100
AcDbBlockReference
 66
1
  2
GREEN_AI_SHRUB
 10
32.625
 20
27.625
 30
0.0
  0
ATTRIB
  5
B98
330
17
100
AcDbEntity
  8
0
 60
1
100
AcDbText
 10
33.775
 20
27.625
 30
0.0
 40
0.18
  1
S-0479
 11
33.775
 21
27.625
 31
0.0
100
AcDbAttribute
  2
ID
 70
0
  0
ATTRIB
  5
B99
330
17
100
AcDbEntity
  8
0
 60
1
100
AcDbText
 10
33.775
 20
27.625
 30
0.0
 40
0.18
  1
Сирень венгерская
 11
33.775
 21
27.625
 31
0.0
100
AcDbAttribute
  2
PORODA
 70
0
  0
ATTRIB
  5
B9A
330
17
100
AcDbEntity
  8
0
 60
1
100
AcDbText
 10
33.775
 20
27.625
 30
0.0
 40
0.18
  1
Силовой кабель и кабель связи: норма 0.7 м, факт 1.5 м (СП 42.13330.2016, таблица 9.1; 743-ПП п. 3.6.3; 623-ПП п. 4.2.4)
 11
33.775
 21
27.625
 31
0.0
100
AcDbAttribute
  2
NORMA
 70
0
  0
SEQEND
  5
B97
330
B96
100
AcDbEntity
  8
GREEN_AI_SHRUBS
  0
INSERT
  5
B9B
330
17
100
AcDbEntity
  8
GREEN_AI_SHRUBS
100
AcDbBlockReference
 66
1
  2
GREEN_AI_SHRUB
 10
34.625
 20
27.625
 30
0.0
  0
ATTRIB
  5
B9D
330
17
100
AcDbEntity
  8
0
 60
1
100
AcDbText
 10
35.775
 20
27.625
 30
0.0
 40
0.18
  1
S-0480
 11
35.775
 21
27.625
 31
0.0
100
AcDbAttribute
  2
ID
 70
0
  0
ATTRIB
  5
B9E
330
17
100
AcDbEntity
  8
0
 60
1
100
AcDbText
 10
35.775
 20
27.625
 30
0.0
 40
0.18
  1
Сирень венгерская
 11
35.775
 21
27.625
 31
0.0
100
AcDbAttribute
  2
PORODA
 70
0
  0
ATTRIB
  5
B9F
330
17
100
AcDbEntity
  8
0
 60
1
100
AcDbText
 10
35.775
 20
27.625
 30
0.0
 40
0.18
  1
Силовой кабель и кабель связи: норма 0.7 м, факт 1.5 м (СП 42.13330.2016, таблица 9.1; 743-ПП п. 3.6.3; 623-ПП п. 4.2.4)
 11
35.775
 21
27.625
 31
0.0
100
AcDbAttribute
  2
NORMA
 70
0
  0
SEQEND
  5
B9C
330
B9B
100
AcDbEntity
  8
GREEN_AI_SHRUBS
  0
INSERT
  5
BA0
330
17
100
AcDbEntity
  8
GREEN_AI_SHRUBS
100
AcDbBlockReference
 66
1
  2
GREEN_AI_SHRUB
 10
36.625
 20
27.625
 30
0.0
 41
0.75
 42
0.75
 43
0.75
  0
ATTRIB
  5
BA2
330
17
100
AcDbEntity
  8
0
 60
1
100
AcDbText
 10
37.4875
 20
27.625
 30
0.0
 40
0.135
  1
S-0481
 11
37.4875
 21
27.625
 31
0.0
100
AcDbAttribute
  2
ID
 70
0
  0
ATTRIB
  5
BA3
330
17
100
AcDbEntity
  8
0
 60
1
100
AcDbText
 10
37.4875
 20
27.625
 30
0.0
 40
0.135
  1
Форзиция яйцевидная
 11
37.4875
 21
27.625
 31
0.0
100
AcDbAttribute
  2
PORODA
 70
0
  0
ATTRIB
  5
BA4
330
17
100
AcDbEntity
  8
0
 60
1
100
AcDbText
 10
37.4875
 20
27.625
 30
0.0
 40
0.135
  1
Силовой кабель и кабель связи: норма 0.7 м, факт 1.5 м (СП 42.13330.2016, таблица 9.1; 743-ПП п. 3.6.3; 623-ПП п. 4.2.4)
 11
37.4875
 21
27.625
 31
0.0
100
AcDbAttribute
  2
NORMA
 70
0
  0
SEQEND
  5
BA1
330
BA0
100
AcDbEntity
  8
GREEN_AI_SHRUBS
  0
INSERT
  5
BA5
330
17
100
AcDbEntity
  8
GREEN_AI_SHRUBS
100
AcDbBlockReference
 66
1
  2
GREEN_AI_SHRUB
 10
38.625
 20
27.625
 30
0.0
 41
0.75
 42
0.75
 43
0.75
  0
ATTRIB
  5
BA7
330
17
100
AcDbEntity
  8
0
 60
1
100
AcDbText
 10
39.4875
 20
27.625
 30
0.0
 40
0.135
  1
S-0482
 11
39.4875
 21
27.625
 31
0.0
100
AcDbAttribute
  2
ID
 70
0
  0
ATTRIB
  5
BA8
330
17
100
AcDbEntity
  8
0
 60
1
100
AcDbText
 10
39.4875
 20
27.625
 30
0.0
 40
0.135
  1
Форзиция яйцевидная
 11
39.4875
 21
27.625
 31
0.0
100
AcDbAttribute
  2
PORODA
 70
0
  0
ATTRIB
  5
BA9
330
17
100
AcDbEntity
  8
0
 60
1
100
AcDbText
 10
39.4875
 20
27.625
 30
0.0
 40
0.135
  1
Силовой кабель и кабель связи: норма 0.7 м, факт 1.5 м (СП 42.13330.2016, таблица 9.1; 743-ПП п. 3.6.3; 623-ПП п. 4.2.4)
 11
39.4875
 21
27.625
 31
0.0
100
AcDbAttribute
  2
NORMA
 70
0
  0
SEQEND
  5
BA6
330
BA5
100
AcDbEntity
  8
GREEN_AI_SHRUBS
  0
INSERT
  5
BAA
330
17
100
AcDbEntity
  8
GREEN_AI_SHRUBS
100
AcDbBlockReference
 66
1
  2
GREEN_AI_SHRUB
 10
40.625
 20
27.625
 30
0.0
 41
0.75
 42
0.75
 43
0.75
  0
ATTRIB
  5
BAC
330
17
100
AcDbEntity
  8
0
 60
1
100
AcDbText
 10
41.4875
 20
27.625
 30
0.0
 40
0.135
  1
S-0483
 11
41.4875
 21
27.625
 31
0.0
100
AcDbAttribute
  2
ID
 70
0
  0
ATTRIB
  5
BAD
330
17
100
AcDbEntity
  8
0
 60
1
100
AcDbText
 10
41.4875
 20
27.625
 30
0.0
 40
0.135
  1
Форзиция яйцевидная
 11
41.4875
 21
27.625
 31
0.0
100
AcDbAttribute
  2
PORODA
 70
0
  0
ATTRIB
  5
BAE
330
17
100
AcDbEntity
  8
0
 60
1
100
AcDbText
 10
41.4875
 20
27.625
 30
0.0
 40
0.135
  1
Силовой кабель и кабель связи: норма 0.7 м, факт 1.5 м (СП 42.13330.2016, таблица 9.1; 743-ПП п. 3.6.3; 623-ПП п. 4.2.4)
 11
41.4875
 21
27.625
 31
0.0
100
AcDbAttribute
  2
NORMA
 70
0
  0
SEQEND
  5
BAB
330
BAA
100
AcDbEntity
  8
GREEN_AI_SHRUBS
  0
INSERT
  5
BAF
330
17
100
AcDbEntity
  8
GREEN_AI_SHRUBS
100
AcDbBlockReference
 66
1
  2
GREEN_AI_SHRUB
 10
42.625
 20
27.625
 30
0.0
 41
0.75
 42
0.75
 43
0.75
  0
ATTRIB
  5
BB1
330
17
100
AcDbEntity
  8
0
 60
1
100
AcDbText
 10
43.4875
 20
27.625
 30
0.0
 40
0.135
  1
S-0484
 11
43.4875
 21
27.625
 31
0.0
100
AcDbAttribute
  2
ID
 70
0
  0
ATTRIB
  5
BB2
330
17
100
AcDbEntity
  8
0
 60
1
100
AcDbText
 10
43.4875
 20
27.625
 30
0.0
 40
0.135
  1
Форзиция яйцевидная
 11
43.4875
 21
27.625
 31
0.0
100
AcDbAttribute
  2
PORODA
 70
0
  0
ATTRIB
  5
BB3
330
17
100
AcDbEntity
  8
0
 60
1
100
AcDbText
 10
43.4875
 20
27.625
 30
0.0
 40
0.135
  1
Силовой кабель и кабель связи: норма 0.7 м, факт 1.5 м (СП 42.13330.2016, таблица 9.1; 743-ПП п. 3.6.3; 623-ПП п. 4.2.4)
 11
43.4875
 21
27.625
 31
0.0
100
AcDbAttribute
  2
NORMA
 70
0
  0
SEQEND
  5
BB0
330
BAF
100
AcDbEntity
  8
GREEN_AI_SHRUBS
  0
INSERT
  5
BB4
330
17
100
AcDbEntity
  8
GREEN_AI_SHRUBS
100
AcDbBlockReference
 66
1
  2
GREEN_AI_SHRUB
 10
44.625
 20
27.625
 30
0.0
 41
0.75
 42
0.75
 43
0.75
  0
ATTRIB
  5
BB6
330
17
100
AcDbEntity
  8
0
 60
1
100
AcDbText
 10
45.4875
 20
27.625
 30
0.0
 40
0.135
  1
S-0485
 11
45.4875
 21
27.625
 31
0.0
100
AcDbAttribute
  2
ID
 70
0
  0
ATTRIB
  5
BB7
330
17
100
AcDbEntity
  8
0
 60
1
100
AcDbText
 10
45.4875
 20
27.625
 30
0.0
 40
0.135
  1
Форзиция яйцевидная
 11
45.4875
 21
27.625
 31
0.0
100
AcDbAttribute
  2
PORODA
 70
0
  0
ATTRIB
  5
BB8
330
17
100
AcDbEntity
  8
0
 60
1
100
AcDbText
 10
45.4875
 20
27.625
 30
0.0
 40
0.135
  1
Силовой кабель и кабель связи: норма 0.7 м, факт 1.5 м (СП 42.13330.2016, таблица 9.1; 743-ПП п. 3.6.3; 623-ПП п. 4.2.4)
 11
45.4875
 21
27.625
 31
0.0
100
AcDbAttribute
  2
NORMA
 70
0
  0
SEQEND
  5
BB5
330
BB4
100
AcDbEntity
  8
GREEN_AI_SHRUBS
  0
INSERT
  5
BB9
330
17
100
AcDbEntity
  8
GREEN_AI_SHRUBS
100
AcDbBlockReference
 66
1
  2
GREEN_AI_SHRUB
 10
46.625
 20
27.625
 30
0.0
 41
0.75
 42
0.75
 43
0.75
  0
ATTRIB
  5
BBB
330
17
100
AcDbEntity
  8
0
 60
1
100
AcDbText
 10
47.4875
 20
27.625
 30
0.0
 40
0.135
  1
S-0486
 11
47.4875
 21
27.625
 31
0.0
100
AcDbAttribute
  2
ID
 70
0
  0
ATTRIB
  5
BBC
330
17
100
AcDbEntity
  8
0
 60
1
100
AcDbText
 10
47.4875
 20
27.625
 30
0.0
 40
0.135
  1
Форзиция яйцевидная
 11
47.4875
 21
27.625
 31
0.0
100
AcDbAttribute
  2
PORODA
 70
0
  0
ATTRIB
  5
BBD
330
17
100
AcDbEntity
  8
0
 60
1
100
AcDbText
 10
47.4875
 20
27.625
 30
0.0
 40
0.135
  1
Силовой кабель и кабель связи: норма 0.7 м, факт 1.5 м (СП 42.13330.2016, таблица 9.1; 743-ПП п. 3.6.3; 623-ПП п. 4.2.4)
 11
47.4875
 21
27.625
 31
0.0
100
AcDbAttribute
  2
NORMA
 70
0
  0
SEQEND
  5
BBA
330
BB9
100
AcDbEntity
  8
GREEN_AI_SHRUBS
  0
INSERT
  5
BBE
330
17
100
AcDbEntity
  8
GREEN_AI_SHRUBS
100
AcDbBlockReference
 66
1
  2
GREEN_AI_SHRUB
 10
48.625
 20
27.625
 30
0.0
 41
0.75
 42
0.75
 43
0.75
  0
ATTRIB
  5
BC0
330
17
100
AcDbEntity
  8
0
 60
1
100
AcDbText
 10
49.4875
 20
27.625
 30
0.0
 40
0.135
  1
S-0487
 11
49.4875
 21
27.625
 31
0.0
100
AcDbAttribute
  2
ID
 70
0
  0
ATTRIB
  5
BC1
330
17
100
AcDbEntity
  8
0
 60
1
100
AcDbText
 10
49.4875
 20
27.625
 30
0.0
 40
0.135
  1
Форзиция яйцевидная
 11
49.4875
 21
27.625
 31
0.0
100
AcDbAttribute
  2
PORODA
 70
0
  0
ATTRIB
  5
BC2
330
17
100
AcDbEntity
  8
0
 60
1
100
AcDbText
 10
49.4875
 20
27.625
 30
0.0
 40
0.135
  1
Силовой кабель и кабель связи: норма 0.7 м, факт 1.5 м (СП 42.13330.2016, таблица 9.1; 743-ПП п. 3.6.3; 623-ПП п. 4.2.4)
 11
49.4875
 21
27.625
 31
0.0
100
AcDbAttribute
  2
NORMA
 70
0
  0
SEQEND
  5
BBF
330
BBE
100
AcDbEntity
  8
GREEN_AI_SHRUBS
  0
INSERT
  5
BC3
330
17
100
AcDbEntity
  8
GREEN_AI_SHRUBS
100
AcDbBlockReference
 66
1
  2
GREEN_AI_SHRUB
 10
50.625
 20
27.625
 30
0.0
 41
0.75
 42
0.75
 43
0.75
  0
ATTRIB
  5
BC5
330
17
100
AcDbEntity
  8
0
 60
1
100
AcDbText
 10
51.4875
 20
27.625
 30
0.0
 40
0.135
  1
S-0488
 11
51.4875
 21
27.625
 31
0.0
100
AcDbAttribute
  2
ID
 70
0
  0
ATTRIB
  5
BC6
330
17
100
AcDbEntity
  8
0
 60
1
100
AcDbText
 10
51.4875
 20
27.625
 30
0.0
 40
0.135
  1
Форзиция яйцевидная
 11
51.4875
 21
27.625
 31
0.0
100
AcDbAttribute
  2
PORODA
 70
0
  0
ATTRIB
  5
BC7
330
17
100
AcDbEntity
  8
0
 60
1
100
AcDbText
 10
51.4875
 20
27.625
 30
0.0
 40
0.135
  1
Силовой кабель и кабель связи: норма 0.7 м, факт 1.5 м (СП 42.13330.2016, таблица 9.1; 743-ПП п. 3.6.3; 623-ПП п. 4.2.4)
 11
51.4875
 21
27.625
 31
0.0
100
AcDbAttribute
  2
NORMA
 70
0
  0
SEQEND
  5
BC4
330
BC3
100
AcDbEntity
  8
GREEN_AI_SHRUBS
  0
INSERT
  5
BC8
330
17
100
AcDbEntity
  8
GREEN_AI_SHRUBS
100
AcDbBlockReference
 66
1
  2
GREEN_AI_SHRUB
 10
52.625
 20
27.625
 30
0.0
 41
0.75
 42
0.75
 43
0.75
  0
ATTRIB
  5
BCA
330
17
100
AcDbEntity
  8
0
 60
1
100
AcDbText
 10
53.4875
 20
27.625
 30
0.0
 40
0.135
  1
S-0489
 11
53.4875
 21
27.625
 31
0.0
100
AcDbAttribute
  2
ID
 70
0
  0
ATTRIB
  5
BCB
330
17
100
AcDbEntity
  8
0
 60
1
100
AcDbText
 10
53.4875
 20
27.625
 30
0.0
 40
0.135
  1
Форзиция яйцевидная
 11
53.4875
 21
27.625
 31
0.0
100
AcDbAttribute
  2
PORODA
 70
0
  0
ATTRIB
  5
BCC
330
17
100
AcDbEntity
  8
0
 60
1
100
AcDbText
 10
53.4875
 20
27.625
 30
0.0
 40
0.135
  1
Силовой кабель и кабель связи: норма 0.7 м, факт 1.5 м (СП 42.13330.2016, таблица 9.1; 743-ПП п. 3.6.3; 623-ПП п. 4.2.4)
 11
53.4875
 21
27.625
 31
0.0
100
AcDbAttribute
  2
NORMA
 70
0
  0
SEQEND
  5
BC9
330
BC8
100
AcDbEntity
  8
GREEN_AI_SHRUBS
  0
INSERT
  5
BCD
330
17
100
AcDbEntity
  8
GREEN_AI_SHRUBS
100
AcDbBlockReference
 66
1
  2
GREEN_AI_SHRUB
 10
54.625
 20
27.625
 30
0.0
 41
0.75
 42
0.75
 43
0.75
  0
ATTRIB
  5
BCF
330
17
100
AcDbEntity
  8
0
 60
1
100
AcDbText
 10
55.4875
 20
27.625
 30
0.0
 40
0.135
  1
S-0490
 11
55.4875
 21
27.625
 31
0.0
100
AcDbAttribute
  2
ID
 70
0
  0
ATTRIB
  5
BD0
330
17
100
AcDbEntity
  8
0
 60
1
100
AcDbText
 10
55.4875
 20
27.625
 30
0.0
 40
0.135
  1
Форзиция яйцевидная
 11
55.4875
 21
27.625
 31
0.0
100
AcDbAttribute
  2
PORODA
 70
0
  0
ATTRIB
  5
BD1
330
17
100
AcDbEntity
  8
0
 60
1
100
AcDbText
 10
55.4875
 20
27.625
 30
0.0
 40
0.135
  1
Силовой кабель и кабель связи: норма 0.7 м, факт 1.5 м (СП 42.13330.2016, таблица 9.1; 743-ПП п. 3.6.3; 623-ПП п. 4.2.4)
 11
55.4875
 21
27.625
 31
0.0
100
AcDbAttribute
  2
NORMA
 70
0
  0
SEQEND
  5
BCE
330
BCD
100
AcDbEntity
  8
GREEN_AI_SHRUBS
  0
INSERT
  5
BD2
330
17
100
AcDbEntity
  8
GREEN_AI_SHRUBS
100
AcDbBlockReference
 66
1
  2
GREEN_AI_SHRUB
 10
56.625
 20
27.625
 30
0.0
 41
0.75
 42
0.75
 43
0.75
  0
ATTRIB
  5
BD4
330
17
100
AcDbEntity
  8
0
 60
1
100
AcDbText
 10
57.4875
 20
27.625
 30
0.0
 40
0.135
  1
S-0491
 11
57.4875
 21
27.625
 31
0.0
100
AcDbAttribute
  2
ID
 70
0
  0
ATTRIB
  5
BD5
330
17
100
AcDbEntity
  8
0
 60
1
100
AcDbText
 10
57.4875
 20
27.625
 30
0.0
 40
0.135
  1
Форзиция яйцевидная
 11
57.4875
 21
27.625
 31
0.0
100
AcDbAttribute
  2
PORODA
 70
0
  0
ATTRIB
  5
BD6
330
17
100
AcDbEntity
  8
0
 60
1
100
AcDbText
 10
57.4875
 20
27.625
 30
0.0
 40
0.135
  1
Силовой кабель и кабель связи: норма 0.7 м, факт 1.5 м (СП 42.13330.2016, таблица 9.1; 743-ПП п. 3.6.3; 623-ПП п. 4.2.4)
 11
57.4875
 21
27.625
 31
0.0
100
AcDbAttribute
  2
NORMA
 70
0
  0
SEQEND
  5
BD3
330
BD2
100
AcDbEntity
  8
GREEN_AI_SHRUBS
  0
INSERT
  5
BD7
330
17
100
AcDbEntity
  8
GREEN_AI_SHRUBS
100
AcDbBlockReference
 66
1
  2
GREEN_AI_SHRUB
 10
58.625
 20
27.625
 30
0.0
 41
0.75
 42
0.75
 43
0.75
  0
ATTRIB
  5
BD9
330
17
100
AcDbEntity
  8
0
 60
1
100
AcDbText
 10
59.4875
 20
27.625
 30
0.0
 40
0.135
  1
S-0492
 11
59.4875
 21
27.625
 31
0.0
100
AcDbAttribute
  2
ID
 70
0
  0
ATTRIB
  5
BDA
330
17
100
AcDbEntity
  8
0
 60
1
100
AcDbText
 10
59.4875
 20
27.625
 30
0.0
 40
0.135
  1
Форзиция яйцевидная
 11
59.4875
 21
27.625
 31
0.0
100
AcDbAttribute
  2
PORODA
 70
0
  0
ATTRIB
  5
BDB
330
17
100
AcDbEntity
  8
0
 60
1
100
AcDbText
 10
59.4875
 20
27.625
 30
0.0
 40
0.135
  1
Силовой кабель и кабель связи: норма 0.7 м, факт 1.5 м (СП 42.13330.2016, таблица 9.1; 743-ПП п. 3.6.3; 623-ПП п. 4.2.4)
 11
59.4875
 21
27.625
 31
0.0
100
AcDbAttribute
  2
NORMA
 70
0
  0
SEQEND
  5
BD8
330
BD7
100
AcDbEntity
  8
GREEN_AI_SHRUBS
  0
INSERT
  5
BDC
330
17
100
AcDbEntity
  8
GREEN_AI_SHRUBS
100
AcDbBlockReference
 66
1
  2
GREEN_AI_SHRUB
 10
60.625
 20
27.625
 30
0.0
 41
0.75
 42
0.75
 43
0.75
  0
ATTRIB
  5
BDE
330
17
100
AcDbEntity
  8
0
 60
1
100
AcDbText
 10
61.4875
 20
27.625
 30
0.0
 40
0.135
  1
S-0493
 11
61.4875
 21
27.625
 31
0.0
100
AcDbAttribute
  2
ID
 70
0
  0
ATTRIB
  5
BDF
330
17
100
AcDbEntity
  8
0
 60
1
100
AcDbText
 10
61.4875
 20
27.625
 30
0.0
 40
0.135
  1
Форзиция яйцевидная
 11
61.4875
 21
27.625
 31
0.0
100
AcDbAttribute
  2
PORODA
 70
0
  0
ATTRIB
  5
BE0
330
17
100
AcDbEntity
  8
0
 60
1
100
AcDbText
 10
61.4875
 20
27.625
 30
0.0
 40
0.135
  1
Силовой кабель и кабель связи: норма 0.7 м, факт 1.5 м (СП 42.13330.2016, таблица 9.1; 743-ПП п. 3.6.3; 623-ПП п. 4.2.4)
 11
61.4875
 21
27.625
 31
0.0
100
AcDbAttribute
  2
NORMA
 70
0
  0
SEQEND
  5
BDD
330
BDC
100
AcDbEntity
  8
GREEN_AI_SHRUBS
  0
INSERT
  5
BE1
330
17
100
AcDbEntity
  8
GREEN_AI_SHRUBS
100
AcDbBlockReference
 66
1
  2
GREEN_AI_SHRUB
 10
62.625
 20
27.625
 30
0.0
 41
0.75
 42
0.75
 43
0.75
  0
ATTRIB
  5
BE3
330
17
100
AcDbEntity
  8
0
 60
1
100
AcDbText
 10
63.4875
 20
27.625
 30
0.0
 40
0.135
  1
S-0494
 11
63.4875
 21
27.625
 31
0.0
100
AcDbAttribute
  2
ID
 70
0
  0
ATTRIB
  5
BE4
330
17
100
AcDbEntity
  8
0
 60
1
100
AcDbText
 10
63.4875
 20
27.625
 30
0.0
 40
0.135
  1
Форзиция яйцевидная
 11
63.4875
 21
27.625
 31
0.0
100
AcDbAttribute
  2
PORODA
 70
0
  0
ATTRIB
  5
BE5
330
17
100
AcDbEntity
  8
0
 60
1
100
AcDbText
 10
63.4875
 20
27.625
 30
0.0
 40
0.135
  1
Силовой кабель и кабель связи: норма 0.7 м, факт 1.5 м (СП 42.13330.2016, таблица 9.1; 743-ПП п. 3.6.3; 623-ПП п. 4.2.4)
 11
63.4875
 21
27.625
 31
0.0
100
AcDbAttribute
  2
NORMA
 70
0
  0
SEQEND
  5
BE2
330
BE1
100
AcDbEntity
  8
GREEN_AI_SHRUBS
  0
INSERT
  5
BE6
330
17
100
AcDbEntity
  8
GREEN_AI_SHRUBS
100
AcDbBlockReference
 66
1
  2
GREEN_AI_SHRUB
 10
64.625
 20
27.625
 30
0.0
 41
0.75
 42
0.75
 43
0.75
  0
ATTRIB
  5
BE8
330
17
100
AcDbEntity
  8
0
 60
1
100
AcDbText
 10
65.4875
 20
27.625
 30
0.0
 40
0.135
  1
S-0495
 11
65.4875
 21
27.625
 31
0.0
100
AcDbAttribute
  2
ID
 70
0
  0
ATTRIB
  5
BE9
330
17
100
AcDbEntity
  8
0
 60
1
100
AcDbText
 10
65.4875
 20
27.625
 30
0.0
 40
0.135
  1
Форзиция яйцевидная
 11
65.4875
 21
27.625
 31
0.0
100
AcDbAttribute
  2
PORODA
 70
0
  0
ATTRIB
  5
BEA
330
17
100
AcDbEntity
  8
0
 60
1
100
AcDbText
 10
65.4875
 20
27.625
 30
0.0
 40
0.135
  1
Силовой кабель и кабель связи: норма 0.7 м, факт 1.5 м (СП 42.13330.2016, таблица 9.1; 743-ПП п. 3.6.3; 623-ПП п. 4.2.4)
 11
65.4875
 21
27.625
 31
0.0
100
AcDbAttribute
  2
NORMA
 70
0
  0
SEQEND
  5
BE7
330
BE6
100
AcDbEntity
  8
GREEN_AI_SHRUBS
  0
INSERT
  5
BEB
330
17
100
AcDbEntity
  8
GREEN_AI_SHRUBS
100
AcDbBlockReference
 66
1
  2
GREEN_AI_SHRUB
 10
66.625
 20
27.625
 30
0.0
 41
0.75
 42
0.75
 43
0.75
  0
ATTRIB
  5
BED
330
17
100
AcDbEntity
  8
0
 60
1
100
AcDbText
 10
67.4875
 20
27.625
 30
0.0
 40
0.135
  1
S-0496
 11
67.4875
 21
27.625
 31
0.0
100
AcDbAttribute
  2
ID
 70
0
  0
ATTRIB
  5
BEE
330
17
100
AcDbEntity
  8
0
 60
1
100
AcDbText
 10
67.4875
 20
27.625
 30
0.0
 40
0.135
  1
Форзиция яйцевидная
 11
67.4875
 21
27.625
 31
0.0
100
AcDbAttribute
  2
PORODA
 70
0
  0
ATTRIB
  5
BEF
330
17
100
AcDbEntity
  8
0
 60
1
100
AcDbText
 10
67.4875
 20
27.625
 30
0.0
 40
0.135
  1
Силовой кабель и кабель связи: норма 0.7 м, факт 1.5 м (СП 42.13330.2016, таблица 9.1; 743-ПП п. 3.6.3; 623-ПП п. 4.2.4)
 11
67.4875
 21
27.625
 31
0.0
100
AcDbAttribute
  2
NORMA
 70
0
  0
SEQEND
  5
BEC
330
BEB
100
AcDbEntity
  8
GREEN_AI_SHRUBS
  0
INSERT
  5
BF0
330
17
100
AcDbEntity
  8
GREEN_AI_SHRUBS
100
AcDbBlockReference
 66
1
  2
GREEN_AI_SHRUB
 10
68.625
 20
27.625
 30
0.0
 41
0.75
 42
0.75
 43
0.75
  0
ATTRIB
  5
BF2
330
17
100
AcDbEntity
  8
0
 60
1
100
AcDbText
 10
69.4875
 20
27.625
 30
0.0
 40
0.135
  1
S-0497
 11
69.4875
 21
27.625
 31
0.0
100
AcDbAttribute
  2
ID
 70
0
  0
ATTRIB
  5
BF3
330
17
100
AcDbEntity
  8
0
 60
1
100
AcDbText
 10
69.4875
 20
27.625
 30
0.0
 40
0.135
  1
Форзиция яйцевидная
 11
69.4875
 21
27.625
 31
0.0
100
AcDbAttribute
  2
PORODA
 70
0
  0
ATTRIB
  5
BF4
330
17
100
AcDbEntity
  8
0
 60
1
100
AcDbText
 10
69.4875
 20
27.625
 30
0.0
 40
0.135
  1
Силовой кабель и кабель связи: норма 0.7 м, факт 1.5 м (СП 42.13330.2016, таблица 9.1; 743-ПП п. 3.6.3; 623-ПП п. 4.2.4)
 11
69.4875
 21
27.625
 31
0.0
100
AcDbAttribute
  2
NORMA
 70
0
  0
SEQEND
  5
BF1
330
BF0
100
AcDbEntity
  8
GREEN_AI_SHRUBS
  0
INSERT
  5
BF5
330
17
100
AcDbEntity
  8
GREEN_AI_SHRUBS
100
AcDbBlockReference
 66
1
  2
GREEN_AI_SHRUB
 10
70.625
 20
27.625
 30
0.0
 41
0.75
 42
0.75
 43
0.75
  0
ATTRIB
  5
BF7
330
17
100
AcDbEntity
  8
0
 60
1
100
AcDbText
 10
71.4875
 20
27.625
 30
0.0
 40
0.135
  1
S-0498
 11
71.4875
 21
27.625
 31
0.0
100
AcDbAttribute
  2
ID
 70
0
  0
ATTRIB
  5
BF8
330
17
100
AcDbEntity
  8
0
 60
1
100
AcDbText
 10
71.4875
 20
27.625
 30
0.0
 40
0.135
  1
Форзиция яйцевидная
 11
71.4875
 21
27.625
 31
0.0
100
AcDbAttribute
  2
PORODA
 70
0
  0
ATTRIB
  5
BF9
330
17
100
AcDbEntity
  8
0
 60
1
100
AcDbText
 10
71.4875
 20
27.625
 30
0.0
 40
0.135
  1
Силовой кабель и кабель связи: норма 0.7 м, факт 1.5 м (СП 42.13330.2016, таблица 9.1; 743-ПП п. 3.6.3; 623-ПП п. 4.2.4)
 11
71.4875
 21
27.625
 31
0.0
100
AcDbAttribute
  2
NORMA
 70
0
  0
SEQEND
  5
BF6
330
BF5
100
AcDbEntity
  8
GREEN_AI_SHRUBS
  0
INSERT
  5
BFA
330
17
100
AcDbEntity
  8
GREEN_AI_SHRUBS
100
AcDbBlockReference
 66
1
  2
GREEN_AI_SHRUB
 10
72.625
 20
27.625
 30
0.0
 41
0.75
 42
0.75
 43
0.75
  0
ATTRIB
  5
BFC
330
17
100
AcDbEntity
  8
0
 60
1
100
AcDbText
 10
73.4875
 20
27.625
 30
0.0
 40
0.135
  1
S-0499
 11
73.4875
 21
27.625
 31
0.0
100
AcDbAttribute
  2
ID
 70
0
  0
ATTRIB
  5
BFD
330
17
100
AcDbEntity
  8
0
 60
1
100
AcDbText
 10
73.4875
 20
27.625
 30
0.0
 40
0.135
  1
Форзиция яйцевидная
 11
73.4875
 21
27.625
 31
0.0
100
AcDbAttribute
  2
PORODA
 70
0
  0
ATTRIB
  5
BFE
330
17
100
AcDbEntity
  8
0
 60
1
100
AcDbText
 10
73.4875
 20
27.625
 30
0.0
 40
0.135
  1
Силовой кабель и кабель связи: норма 0.7 м, факт 1.5 м (СП 42.13330.2016, таблица 9.1; 743-ПП п. 3.6.3; 623-ПП п. 4.2.4)
 11
73.4875
 21
27.625
 31
0.0
100
AcDbAttribute
  2
NORMA
 70
0
  0
SEQEND
  5
BFB
330
BFA
100
AcDbEntity
  8
GREEN_AI_SHRUBS
  0
INSERT
  5
BFF
330
17
100
AcDbEntity
  8
GREEN_AI_SHRUBS
100
AcDbBlockReference
 66
1
  2
GREEN_AI_SHRUB
 10
74.625
 20
27.625
 30
0.0
 41
0.75
 42
0.75
 43
0.75
  0
ATTRIB
  5
C01
330
17
100
AcDbEntity
  8
0
 60
1
100
AcDbText
 10
75.4875
 20
27.625
 30
0.0
 40
0.135
  1
S-0500
 11
75.4875
 21
27.625
 31
0.0
100
AcDbAttribute
  2
ID
 70
0
  0
ATTRIB
  5
C02
330
17
100
AcDbEntity
  8
0
 60
1
100
AcDbText
 10
75.4875
 20
27.625
 30
0.0
 40
0.135
  1
Форзиция яйцевидная
 11
75.4875
 21
27.625
 31
0.0
100
AcDbAttribute
  2
PORODA
 70
0
  0
ATTRIB
  5
C03
330
17
100
AcDbEntity
  8
0
 60
1
100
AcDbText
 10
75.4875
 20
27.625
 30
0.0
 40
0.135
  1
Силовой кабель и кабель связи: норма 0.7 м, факт 1.5 м (СП 42.13330.2016, таблица 9.1; 743-ПП п. 3.6.3; 623-ПП п. 4.2.4)
 11
75.4875
 21
27.625
 31
0.0
100
AcDbAttribute
  2
NORMA
 70
0
  0
SEQEND
  5
C00
330
BFF
100
AcDbEntity
  8
GREEN_AI_SHRUBS
  0
INSERT
  5
C04
330
17
100
AcDbEntity
  8
GREEN_AI_SHRUBS
100
AcDbBlockReference
 66
1
  2
GREEN_AI_SHRUB
 10
76.625
 20
27.625
 30
0.0
 41
0.75
 42
0.75
 43
0.75
  0
ATTRIB
  5
C06
330
17
100
AcDbEntity
  8
0
 60
1
100
AcDbText
 10
77.4875
 20
27.625
 30
0.0
 40
0.135
  1
S-0501
 11
77.4875
 21
27.625
 31
0.0
100
AcDbAttribute
  2
ID
 70
0
  0
ATTRIB
  5
C07
330
17
100
AcDbEntity
  8
0
 60
1
100
AcDbText
 10
77.4875
 20
27.625
 30
0.0
 40
0.135
  1
Форзиция яйцевидная
 11
77.4875
 21
27.625
 31
0.0
100
AcDbAttribute
  2
PORODA
 70
0
  0
ATTRIB
  5
C08
330
17
100
AcDbEntity
  8
0
 60
1
100
AcDbText
 10
77.4875
 20
27.625
 30
0.0
 40
0.135
  1
Силовой кабель и кабель связи: норма 0.7 м, факт 1.5 м (СП 42.13330.2016, таблица 9.1; 743-ПП п. 3.6.3; 623-ПП п. 4.2.4)
 11
77.4875
 21
27.625
 31
0.0
100
AcDbAttribute
  2
NORMA
 70
0
  0
SEQEND
  5
C05
330
C04
100
AcDbEntity
  8
GREEN_AI_SHRUBS
  0
INSERT
  5
C09
330
17
100
AcDbEntity
  8
GREEN_AI_SHRUBS
100
AcDbBlockReference
 66
1
  2
GREEN_AI_SHRUB
 10
82.125
 20
27.625
 30
0.0
 41
0.75
 42
0.75
 43
0.75
  0
ATTRIB
  5
C0B
330
17
100
AcDbEntity
  8
0
 60
1
100
AcDbText
 10
82.9875
 20
27.625
 30
0.0
 40
0.135
  1
S-0502
 11
82.9875
 21
27.625
 31
0.0
100
AcDbAttribute
  2
ID
 70
0
  0
ATTRIB
  5
C0C
330
17
100
AcDbEntity
  8
0
 60
1
100
AcDbText
 10
82.9875
 20
27.625
 30
0.0
 40
0.135
  1
Форзиция яйцевидная
 11
82.9875
 21
27.625
 31
0.0
100
AcDbAttribute
  2
PORODA
 70
0
  0
ATTRIB
  5
C0D
330
17
100
AcDbEntity
  8
0
 60
1
100
AcDbText
 10
82.9875
 20
27.625
 30
0.0
 40
0.135
  1
Силовой кабель и кабель связи: норма 0.7 м, факт 1.5 м (СП 42.13330.2016, таблица 9.1; 743-ПП п. 3.6.3; 623-ПП п. 4.2.4)
 11
82.9875
 21
27.625
 31
0.0
100
AcDbAttribute
  2
NORMA
 70
0
  0
SEQEND
  5
C0A
330
C09
100
AcDbEntity
  8
GREEN_AI_SHRUBS
  0
INSERT
  5
C0E
330
17
100
AcDbEntity
  8
GREEN_AI_SHRUBS
100
AcDbBlockReference
 66
1
  2
GREEN_AI_SHRUB
 10
84.125
 20
27.625
 30
0.0
 41
0.75
 42
0.75
 43
0.75
  0
ATTRIB
  5
C10
330
17
100
AcDbEntity
  8
0
 60
1
100
AcDbText
 10
84.9875
 20
27.625
 30
0.0
 40
0.135
  1
S-0503
 11
84.9875
 21
27.625
 31
0.0
100
AcDbAttribute
  2
ID
 70
0
  0
ATTRIB
  5
C11
330
17
100
AcDbEntity
  8
0
 60
1
100
AcDbText
 10
84.9875
 20
27.625
 30
0.0
 40
0.135
  1
Форзиция яйцевидная
 11
84.9875
 21
27.625
 31
0.0
100
AcDbAttribute
  2
PORODA
 70
0
  0
ATTRIB
  5
C12
330
17
100
AcDbEntity
  8
0
 60
1
100
AcDbText
 10
84.9875
 20
27.625
 30
0.0
 40
0.135
  1
Силовой кабель и кабель связи: норма 0.7 м, факт 1.5 м (СП 42.13330.2016, таблица 9.1; 743-ПП п. 3.6.3; 623-ПП п. 4.2.4)
 11
84.9875
 21
27.625
 31
0.0
100
AcDbAttribute
  2
NORMA
 70
0
  0
SEQEND
  5
C0F
330
C0E
100
AcDbEntity
  8
GREEN_AI_SHRUBS
  0
INSERT
  5
C13
330
17
100
AcDbEntity
  8
GREEN_AI_SHRUBS
100
AcDbBlockReference
 66
1
  2
GREEN_AI_SHRUB
 10
86.125
 20
27.625
 30
0.0
 41
0.75
 42
0.75
 43
0.75
  0
ATTRIB
  5
C15
330
17
100
AcDbEntity
  8
0
 60
1
100
AcDbText
 10
86.9875
 20
27.625
 30
0.0
 40
0.135
  1
S-0504
 11
86.9875
 21
27.625
 31
0.0
100
AcDbAttribute
  2
ID
 70
0
  0
ATTRIB
  5
C16
330
17
100
AcDbEntity
  8
0
 60
1
100
AcDbText
 10
86.9875
 20
27.625
 30
0.0
 40
0.135
  1
Форзиция яйцевидная
 11
86.9875
 21
27.625
 31
0.0
100
AcDbAttribute
  2
PORODA
 70
0
  0
ATTRIB
  5
C17
330
17
100
AcDbEntity
  8
0
 60
1
100
AcDbText
 10
86.9875
 20
27.625
 30
0.0
 40
0.135
  1
Силовой кабель и кабель связи: норма 0.7 м, факт 1.5 м (СП 42.13330.2016, таблица 9.1; 743-ПП п. 3.6.3; 623-ПП п. 4.2.4)
 11
86.9875
 21
27.625
 31
0.0
100
AcDbAttribute
  2
NORMA
 70
0
  0
SEQEND
  5
C14
330
C13
100
AcDbEntity
  8
GREEN_AI_SHRUBS
  0
INSERT
  5
C18
330
17
100
AcDbEntity
  8
GREEN_AI_SHRUBS
100
AcDbBlockReference
 66
1
  2
GREEN_AI_SHRUB
 10
88.125
 20
27.625
 30
0.0
 41
0.75
 42
0.75
 43
0.75
  0
ATTRIB
  5
C1A
330
17
100
AcDbEntity
  8
0
 60
1
100
AcDbText
 10
88.9875
 20
27.625
 30
0.0
 40
0.135
  1
S-0505
 11
88.9875
 21
27.625
 31
0.0
100
AcDbAttribute
  2
ID
 70
0
  0
ATTRIB
  5
C1B
330
17
100
AcDbEntity
  8
0
 60
1
100
AcDbText
 10
88.9875
 20
27.625
 30
0.0
 40
0.135
  1
Форзиция яйцевидная
 11
88.9875
 21
27.625
 31
0.0
100
AcDbAttribute
  2
PORODA
 70
0
  0
ATTRIB
  5
C1C
330
17
100
AcDbEntity
  8
0
 60
1
100
AcDbText
 10
88.9875
 20
27.625
 30
0.0
 40
0.135
  1
Силовой кабель и кабель связи: норма 0.7 м, факт 1.5 м (СП 42.13330.2016, таблица 9.1; 743-ПП п. 3.6.3; 623-ПП п. 4.2.4)
 11
88.9875
 21
27.625
 31
0.0
100
AcDbAttribute
  2
NORMA
 70
0
  0
SEQEND
  5
C19
330
C18
100
AcDbEntity
  8
GREEN_AI_SHRUBS
  0
INSERT
  5
C1D
330
17
100
AcDbEntity
  8
GREEN_AI_SHRUBS
100
AcDbBlockReference
 66
1
  2
GREEN_AI_SHRUB
 10
90.125
 20
27.625
 30
0.0
 41
0.75
 42
0.75
 43
0.75
  0
ATTRIB
  5
C1F
330
17
100
AcDbEntity
  8
0
 60
1
100
AcDbText
 10
90.9875
 20
27.625
 30
0.0
 40
0.135
  1
S-0506
 11
90.9875
 21
27.625
 31
0.0
100
AcDbAttribute
  2
ID
 70
0
  0
ATTRIB
  5
C20
330
17
100
AcDbEntity
  8
0
 60
1
100
AcDbText
 10
90.9875
 20
27.625
 30
0.0
 40
0.135
  1
Форзиция яйцевидная
 11
90.9875
 21
27.625
 31
0.0
100
AcDbAttribute
  2
PORODA
 70
0
  0
ATTRIB
  5
C21
330
17
100
AcDbEntity
  8
0
 60
1
100
AcDbText
 10
90.9875
 20
27.625
 30
0.0
 40
0.135
  1
Силовой кабель и кабель связи: норма 0.7 м, факт 1.5 м (СП 42.13330.2016, таблица 9.1; 743-ПП п. 3.6.3; 623-ПП п. 4.2.4)
 11
90.9875
 21
27.625
 31
0.0
100
AcDbAttribute
  2
NORMA
 70
0
  0
SEQEND
  5
C1E
330
C1D
100
AcDbEntity
  8
GREEN_AI_SHRUBS
  0
INSERT
  5
C22
330
17
100
AcDbEntity
  8
GREEN_AI_SHRUBS
100
AcDbBlockReference
 66
1
  2
GREEN_AI_SHRUB
 10
92.125
 20
27.625
 30
0.0
 41
0.75
 42
0.75
 43
0.75
  0
ATTRIB
  5
C24
330
17
100
AcDbEntity
  8
0
 60
1
100
AcDbText
 10
92.9875
 20
27.625
 30
0.0
 40
0.135
  1
S-0507
 11
92.9875
 21
27.625
 31
0.0
100
AcDbAttribute
  2
ID
 70
0
  0
ATTRIB
  5
C25
330
17
100
AcDbEntity
  8
0
 60
1
100
AcDbText
 10
92.9875
 20
27.625
 30
0.0
 40
0.135
  1
Форзиция яйцевидная
 11
92.9875
 21
27.625
 31
0.0
100
AcDbAttribute
  2
PORODA
 70
0
  0
ATTRIB
  5
C26
330
17
100
AcDbEntity
  8
0
 60
1
100
AcDbText
 10
92.9875
 20
27.625
 30
0.0
 40
0.135
  1
Силовой кабель и кабель связи: норма 0.7 м, факт 1.5 м (СП 42.13330.2016, таблица 9.1; 743-ПП п. 3.6.3; 623-ПП п. 4.2.4)
 11
92.9875
 21
27.625
 31
0.0
100
AcDbAttribute
  2
NORMA
 70
0
  0
SEQEND
  5
C23
330
C22
100
AcDbEntity
  8
GREEN_AI_SHRUBS
  0
INSERT
  5
C27
330
17
100
AcDbEntity
  8
GREEN_AI_SHRUBS
100
AcDbBlockReference
 66
1
  2
GREEN_AI_SHRUB
 10
94.125
 20
27.625
 30
0.0
 41
0.75
 42
0.75
 43
0.75
  0
ATTRIB
  5
C29
330
17
100
AcDbEntity
  8
0
 60
1
100
AcDbText
 10
94.9875
 20
27.625
 30
0.0
 40
0.135
  1
S-0508
 11
94.9875
 21
27.625
 31
0.0
100
AcDbAttribute
  2
ID
 70
0
  0
ATTRIB
  5
C2A
330
17
100
AcDbEntity
  8
0
 60
1
100
AcDbText
 10
94.9875
 20
27.625
 30
0.0
 40
0.135
  1
Форзиция яйцевидная
 11
94.9875
 21
27.625
 31
0.0
100
AcDbAttribute
  2
PORODA
 70
0
  0
ATTRIB
  5
C2B
330
17
100
AcDbEntity
  8
0
 60
1
100
AcDbText
 10
94.9875
 20
27.625
 30
0.0
 40
0.135
  1
Силовой кабель и кабель связи: норма 0.7 м, факт 1.5 м (СП 42.13330.2016, таблица 9.1; 743-ПП п. 3.6.3; 623-ПП п. 4.2.4)
 11
94.9875
 21
27.625
 31
0.0
100
AcDbAttribute
  2
NORMA
 70
0
  0
SEQEND
  5
C28
330
C27
100
AcDbEntity
  8
GREEN_AI_SHRUBS
  0
INSERT
  5
C2C
330
17
100
AcDbEntity
  8
GREEN_AI_SHRUBS
100
AcDbBlockReference
 66
1
  2
GREEN_AI_SHRUB
 10
96.125
 20
27.625
 30
0.0
 41
0.75
 42
0.75
 43
0.75
  0
ATTRIB
  5
C2E
330
17
100
AcDbEntity
  8
0
 60
1
100
AcDbText
 10
96.9875
 20
27.625
 30
0.0
 40
0.135
  1
S-0509
 11
96.9875
 21
27.625
 31
0.0
100
AcDbAttribute
  2
ID
 70
0
  0
ATTRIB
  5
C2F
330
17
100
AcDbEntity
  8
0
 60
1
100
AcDbText
 10
96.9875
 20
27.625
 30
0.0
 40
0.135
  1
Форзиция яйцевидная
 11
96.9875
 21
27.625
 31
0.0
100
AcDbAttribute
  2
PORODA
 70
0
  0
ATTRIB
  5
C30
330
17
100
AcDbEntity
  8
0
 60
1
100
AcDbText
 10
96.9875
 20
27.625
 30
0.0
 40
0.135
  1
Силовой кабель и кабель связи: норма 0.7 м, факт 1.5 м (СП 42.13330.2016, таблица 9.1; 743-ПП п. 3.6.3; 623-ПП п. 4.2.4)
 11
96.9875
 21
27.625
 31
0.0
100
AcDbAttribute
  2
NORMA
 70
0
  0
SEQEND
  5
C2D
330
C2C
100
AcDbEntity
  8
GREEN_AI_SHRUBS
  0
INSERT
  5
C31
330
17
100
AcDbEntity
  8
GREEN_AI_SHRUBS
100
AcDbBlockReference
 66
1
  2
GREEN_AI_SHRUB
 10
98.125
 20
27.625
 30
0.0
 41
0.75
 42
0.75
 43
0.75
  0
ATTRIB
  5
C33
330
17
100
AcDbEntity
  8
0
 60
1
100
AcDbText
 10
98.9875
 20
27.625
 30
0.0
 40
0.135
  1
S-0510
 11
98.9875
 21
27.625
 31
0.0
100
AcDbAttribute
  2
ID
 70
0
  0
ATTRIB
  5
C34
330
17
100
AcDbEntity
  8
0
 60
1
100
AcDbText
 10
98.9875
 20
27.625
 30
0.0
 40
0.135
  1
Форзиция яйцевидная
 11
98.9875
 21
27.625
 31
0.0
100
AcDbAttribute
  2
PORODA
 70
0
  0
ATTRIB
  5
C35
330
17
100
AcDbEntity
  8
0
 60
1
100
AcDbText
 10
98.9875
 20
27.625
 30
0.0
 40
0.135
  1
Силовой кабель и кабель связи: норма 0.7 м, факт 1.5 м (СП 42.13330.2016, таблица 9.1; 743-ПП п. 3.6.3; 623-ПП п. 4.2.4)
 11
98.9875
 21
27.625
 31
0.0
100
AcDbAttribute
  2
NORMA
 70
0
  0
SEQEND
  5
C32
330
C31
100
AcDbEntity
  8
GREEN_AI_SHRUBS
  0
INSERT
  5
C36
330
17
100
AcDbEntity
  8
GREEN_AI_SHRUBS
100
AcDbBlockReference
 66
1
  2
GREEN_AI_SHRUB
 10
100.125
 20
27.625
 30
0.0
 41
0.75
 42
0.75
 43
0.75
  0
ATTRIB
  5
C38
330
17
100
AcDbEntity
  8
0
 60
1
100
AcDbText
 10
100.9875
 20
27.625
 30
0.0
 40
0.135
  1
S-0511
 11
100.9875
 21
27.625
 31
0.0
100
AcDbAttribute
  2
ID
 70
0
  0
ATTRIB
  5
C39
330
17
100
AcDbEntity
  8
0
 60
1
100
AcDbText
 10
100.9875
 20
27.625
 30
0.0
 40
0.135
  1
Форзиция яйцевидная
 11
100.9875
 21
27.625
 31
0.0
100
AcDbAttribute
  2
PORODA
 70
0
  0
ATTRIB
  5
C3A
330
17
100
AcDbEntity
  8
0
 60
1
100
AcDbText
 10
100.9875
 20
27.625
 30
0.0
 40
0.135
  1
Силовой кабель и кабель связи: норма 0.7 м, факт 1.5 м (СП 42.13330.2016, таблица 9.1; 743-ПП п. 3.6.3; 623-ПП п. 4.2.4)
 11
100.9875
 21
27.625
 31
0.0
100
AcDbAttribute
  2
NORMA
 70
0
  0
SEQEND
  5
C37
330
C36
100
AcDbEntity
  8
GREEN_AI_SHRUBS
  0
INSERT
  5
C3B
330
17
100
AcDbEntity
  8
GREEN_AI_SHRUBS
100
AcDbBlockReference
 66
1
  2
GREEN_AI_SHRUB
 10
102.125
 20
27.625
 30
0.0
 41
0.75
 42
0.75
 43
0.75
  0
ATTRIB
  5
C3D
330
17
100
AcDbEntity
  8
0
 60
1
100
AcDbText
 10
102.9875
 20
27.625
 30
0.0
 40
0.135
  1
S-0512
 11
102.9875
 21
27.625
 31
0.0
100
AcDbAttribute
  2
ID
 70
0
  0
ATTRIB
  5
C3E
330
17
100
AcDbEntity
  8
0
 60
1
100
AcDbText
 10
102.9875
 20
27.625
 30
0.0
 40
0.135
  1
Форзиция яйцевидная
 11
102.9875
 21
27.625
 31
0.0
100
AcDbAttribute
  2
PORODA
 70
0
  0
ATTRIB
  5
C3F
330
17
100
AcDbEntity
  8
0
 60
1
100
AcDbText
 10
102.9875
 20
27.625
 30
0.0
 40
0.135
  1
Силовой кабель и кабель связи: норма 0.7 м, факт 1.5 м (СП 42.13330.2016, таблица 9.1; 743-ПП п. 3.6.3; 623-ПП п. 4.2.4)
 11
102.9875
 21
27.625
 31
0.0
100
AcDbAttribute
  2
NORMA
 70
0
  0
SEQEND
  5
C3C
330
C3B
100
AcDbEntity
  8
GREEN_AI_SHRUBS
  0
INSERT
  5
C40
330
17
100
AcDbEntity
  8
GREEN_AI_SHRUBS
100
AcDbBlockReference
 66
1
  2
GREEN_AI_SHRUB
 10
104.125
 20
27.625
 30
0.0
 41
0.75
 42
0.75
 43
0.75
  0
ATTRIB
  5
C42
330
17
100
AcDbEntity
  8
0
 60
1
100
AcDbText
 10
104.9875
 20
27.625
 30
0.0
 40
0.135
  1
S-0513
 11
104.9875
 21
27.625
 31
0.0
100
AcDbAttribute
  2
ID
 70
0
  0
ATTRIB
  5
C43
330
17
100
AcDbEntity
  8
0
 60
1
100
AcDbText
 10
104.9875
 20
27.625
 30
0.0
 40
0.135
  1
Форзиция яйцевидная
 11
104.9875
 21
27.625
 31
0.0
100
AcDbAttribute
  2
PORODA
 70
0
  0
ATTRIB
  5
C44
330
17
100
AcDbEntity
  8
0
 60
1
100
AcDbText
 10
104.9875
 20
27.625
 30
0.0
 40
0.135
  1
Силовой кабель и кабель связи: норма 0.7 м, факт 1.5 м (СП 42.13330.2016, таблица 9.1; 743-ПП п. 3.6.3; 623-ПП п. 4.2.4)
 11
104.9875
 21
27.625
 31
0.0
100
AcDbAttribute
  2
NORMA
 70
0
  0
SEQEND
  5
C41
330
C40
100
AcDbEntity
  8
GREEN_AI_SHRUBS
  0
INSERT
  5
C45
330
17
100
AcDbEntity
  8
GREEN_AI_SHRUBS
100
AcDbBlockReference
 66
1
  2
GREEN_AI_SHRUB
 10
106.125
 20
27.625
 30
0.0
 41
0.75
 42
0.75
 43
0.75
  0
ATTRIB
  5
C47
330
17
100
AcDbEntity
  8
0
 60
1
100
AcDbText
 10
106.9875
 20
27.625
 30
0.0
 40
0.135
  1
S-0514
 11
106.9875
 21
27.625
 31
0.0
100
AcDbAttribute
  2
ID
 70
0
  0
ATTRIB
  5
C48
330
17
100
AcDbEntity
  8
0
 60
1
100
AcDbText
 10
106.9875
 20
27.625
 30
0.0
 40
0.135
  1
Форзиция яйцевидная
 11
106.9875
 21
27.625
 31
0.0
100
AcDbAttribute
  2
PORODA
 70
0
  0
ATTRIB
  5
C49
330
17
100
AcDbEntity
  8
0
 60
1
100
AcDbText
 10
106.9875
 20
27.625
 30
0.0
 40
0.135
  1
Силовой кабель и кабель связи: норма 0.7 м, факт 1.5 м (СП 42.13330.2016, таблица 9.1; 743-ПП п. 3.6.3; 623-ПП п. 4.2.4)
 11
106.9875
 21
27.625
 31
0.0
100
AcDbAttribute
  2
NORMA
 70
0
  0
SEQEND
  5
C46
330
C45
100
AcDbEntity
  8
GREEN_AI_SHRUBS
  0
INSERT
  5
C4A
330
17
100
AcDbEntity
  8
GREEN_AI_SHRUBS
100
AcDbBlockReference
 66
1
  2
GREEN_AI_SHRUB
 10
108.125
 20
27.625
 30
0.0
 41
0.75
 42
0.75
 43
0.75
  0
ATTRIB
  5
C4C
330
17
100
AcDbEntity
  8
0
 60
1
100
AcDbText
 10
108.9875
 20
27.625
 30
0.0
 40
0.135
  1
S-0515
 11
108.9875
 21
27.625
 31
0.0
100
AcDbAttribute
  2
ID
 70
0
  0
ATTRIB
  5
C4D
330
17
100
AcDbEntity
  8
0
 60
1
100
AcDbText
 10
108.9875
 20
27.625
 30
0.0
 40
0.135
  1
Форзиция яйцевидная
 11
108.9875
 21
27.625
 31
0.0
100
AcDbAttribute
  2
PORODA
 70
0
  0
ATTRIB
  5
C4E
330
17
100
AcDbEntity
  8
0
 60
1
100
AcDbText
 10
108.9875
 20
27.625
 30
0.0
 40
0.135
  1
Силовой кабель и кабель связи: норма 0.7 м, факт 1.5 м (СП 42.13330.2016, таблица 9.1; 743-ПП п. 3.6.3; 623-ПП п. 4.2.4)
 11
108.9875
 21
27.625
 31
0.0
100
AcDbAttribute
  2
NORMA
 70
0
  0
SEQEND
  5
C4B
330
C4A
100
AcDbEntity
  8
GREEN_AI_SHRUBS
  0
INSERT
  5
C4F
330
17
100
AcDbEntity
  8
GREEN_AI_SHRUBS
100
AcDbBlockReference
 66
1
  2
GREEN_AI_SHRUB
 10
110.125
 20
27.625
 30
0.0
 41
0.75
 42
0.75
 43
0.75
  0
ATTRIB
  5
C51
330
17
100
AcDbEntity
  8
0
 60
1
100
AcDbText
 10
110.9875
 20
27.625
 30
0.0
 40
0.135
  1
S-0516
 11
110.9875
 21
27.625
 31
0.0
100
AcDbAttribute
  2
ID
 70
0
  0
ATTRIB
  5
C52
330
17
100
AcDbEntity
  8
0
 60
1
100
AcDbText
 10
110.9875
 20
27.625
 30
0.0
 40
0.135
  1
Форзиция яйцевидная
 11
110.9875
 21
27.625
 31
0.0
100
AcDbAttribute
  2
PORODA
 70
0
  0
ATTRIB
  5
C53
330
17
100
AcDbEntity
  8
0
 60
1
100
AcDbText
 10
110.9875
 20
27.625
 30
0.0
 40
0.135
  1
Силовой кабель и кабель связи: норма 0.7 м, факт 1.5 м (СП 42.13330.2016, таблица 9.1; 743-ПП п. 3.6.3; 623-ПП п. 4.2.4)
 11
110.9875
 21
27.625
 31
0.0
100
AcDbAttribute
  2
NORMA
 70
0
  0
SEQEND
  5
C50
330
C4F
100
AcDbEntity
  8
GREEN_AI_SHRUBS
  0
INSERT
  5
C54
330
17
100
AcDbEntity
  8
GREEN_AI_SHRUBS
100
AcDbBlockReference
 66
1
  2
GREEN_AI_SHRUB
 10
112.125
 20
27.625
 30
0.0
 41
0.75
 42
0.75
 43
0.75
  0
ATTRIB
  5
C56
330
17
100
AcDbEntity
  8
0
 60
1
100
AcDbText
 10
112.9875
 20
27.625
 30
0.0
 40
0.135
  1
S-0517
 11
112.9875
 21
27.625
 31
0.0
100
AcDbAttribute
  2
ID
 70
0
  0
ATTRIB
  5
C57
330
17
100
AcDbEntity
  8
0
 60
1
100
AcDbText
 10
112.9875
 20
27.625
 30
0.0
 40
0.135
  1
Форзиция яйцевидная
 11
112.9875
 21
27.625
 31
0.0
100
AcDbAttribute
  2
PORODA
 70
0
  0
ATTRIB
  5
C58
330
17
100
AcDbEntity
  8
0
 60
1
100
AcDbText
 10
112.9875
 20
27.625
 30
0.0
 40
0.135
  1
Силовой кабель и кабель связи: норма 0.7 м, факт 1.5 м (СП 42.13330.2016, таблица 9.1; 743-ПП п. 3.6.3; 623-ПП п. 4.2.4)
 11
112.9875
 21
27.625
 31
0.0
100
AcDbAttribute
  2
NORMA
 70
0
  0
SEQEND
  5
C55
330
C54
100
AcDbEntity
  8
GREEN_AI_SHRUBS
  0
INSERT
  5
C59
330
17
100
AcDbEntity
  8
GREEN_AI_SHRUBS
100
AcDbBlockReference
 66
1
  2
GREEN_AI_SHRUB
 10
114.125
 20
27.625
 30
0.0
 41
0.75
 42
0.75
 43
0.75
  0
ATTRIB
  5
C5B
330
17
100
AcDbEntity
  8
0
 60
1
100
AcDbText
 10
114.9875
 20
27.625
 30
0.0
 40
0.135
  1
S-0518
 11
114.9875
 21
27.625
 31
0.0
100
AcDbAttribute
  2
ID
 70
0
  0
ATTRIB
  5
C5C
330
17
100
AcDbEntity
  8
0
 60
1
100
AcDbText
 10
114.9875
 20
27.625
 30
0.0
 40
0.135
  1
Форзиция яйцевидная
 11
114.9875
 21
27.625
 31
0.0
100
AcDbAttribute
  2
PORODA
 70
0
  0
ATTRIB
  5
C5D
330
17
100
AcDbEntity
  8
0
 60
1
100
AcDbText
 10
114.9875
 20
27.625
 30
0.0
 40
0.135
  1
Силовой кабель и кабель связи: норма 0.7 м, факт 1.5 м (СП 42.13330.2016, таблица 9.1; 743-ПП п. 3.6.3; 623-ПП п. 4.2.4)
 11
114.9875
 21
27.625
 31
0.0
100
AcDbAttribute
  2
NORMA
 70
0
  0
SEQEND
  5
C5A
330
C59
100
AcDbEntity
  8
GREEN_AI_SHRUBS
  0
INSERT
  5
C5E
330
17
100
AcDbEntity
  8
GREEN_AI_SHRUBS
100
AcDbBlockReference
 66
1
  2
GREEN_AI_SHRUB
 10
116.125
 20
27.625
 30
0.0
 41
0.75
 42
0.75
 43
0.75
  0
ATTRIB
  5
C60
330
17
100
AcDbEntity
  8
0
 60
1
100
AcDbText
 10
116.9875
 20
27.625
 30
0.0
 40
0.135
  1
S-0519
 11
116.9875
 21
27.625
 31
0.0
100
AcDbAttribute
  2
ID
 70
0
  0
ATTRIB
  5
C61
330
17
100
AcDbEntity
  8
0
 60
1
100
AcDbText
 10
116.9875
 20
27.625
 30
0.0
 40
0.135
  1
Форзиция яйцевидная
 11
116.9875
 21
27.625
 31
0.0
100
AcDbAttribute
  2
PORODA
 70
0
  0
ATTRIB
  5
C62
330
17
100
AcDbEntity
  8
0
 60
1
100
AcDbText
 10
116.9875
 20
27.625
 30
0.0
 40
0.135
  1
Силовой кабель и кабель связи: норма 0.7 м, факт 1.5 м (СП 42.13330.2016, таблица 9.1; 743-ПП п. 3.6.3; 623-ПП п. 4.2.4)
 11
116.9875
 21
27.625
 31
0.0
100
AcDbAttribute
  2
NORMA
 70
0
  0
SEQEND
  5
C5F
330
C5E
100
AcDbEntity
  8
GREEN_AI_SHRUBS
  0
INSERT
  5
C63
330
17
100
AcDbEntity
  8
GREEN_AI_SHRUBS
100
AcDbBlockReference
 66
1
  2
GREEN_AI_SHRUB
 10
118.125
 20
27.625
 30
0.0
 41
0.75
 42
0.75
 43
0.75
  0
ATTRIB
  5
C65
330
17
100
AcDbEntity
  8
0
 60
1
100
AcDbText
 10
118.9875
 20
27.625
 30
0.0
 40
0.135
  1
S-0520
 11
118.9875
 21
27.625
 31
0.0
100
AcDbAttribute
  2
ID
 70
0
  0
ATTRIB
  5
C66
330
17
100
AcDbEntity
  8
0
 60
1
100
AcDbText
 10
118.9875
 20
27.625
 30
0.0
 40
0.135
  1
Форзиция яйцевидная
 11
118.9875
 21
27.625
 31
0.0
100
AcDbAttribute
  2
PORODA
 70
0
  0
ATTRIB
  5
C67
330
17
100
AcDbEntity
  8
0
 60
1
100
AcDbText
 10
118.9875
 20
27.625
 30
0.0
 40
0.135
  1
Силовой кабель и кабель связи: норма 0.7 м, факт 1.5 м (СП 42.13330.2016, таблица 9.1; 743-ПП п. 3.6.3; 623-ПП п. 4.2.4)
 11
118.9875
 21
27.625
 31
0.0
100
AcDbAttribute
  2
NORMA
 70
0
  0
SEQEND
  5
C64
330
C63
100
AcDbEntity
  8
GREEN_AI_SHRUBS
  0
INSERT
  5
C68
330
17
100
AcDbEntity
  8
GREEN_AI_SHRUBS
100
AcDbBlockReference
 66
1
  2
GREEN_AI_SHRUB
 10
0.625
 20
32.125
 30
0.0
 41
0.6
 42
0.6
 43
0.6
  0
ATTRIB
  5
C6A
330
17
100
AcDbEntity
  8
0
 60
1
100
AcDbText
 10
1.315
 20
32.125
 30
0.0
 40
0.108
  1
S-0521
 11
1.315
 21
32.125
 31
0.0
100
AcDbAttribute
  2
ID
 70
0
  0
ATTRIB
  5
C6B
330
17
100
AcDbEntity
  8
0
 60
1
100
AcDbText
 10
1.315
 20
32.125
 30
0.0
 40
0.108
  1
Бирючина обыкновенная
 11
1.315
 21
32.125
 31
0.0
100
AcDbAttribute
  2
PORODA
 70
0
  0
ATTRIB
  5
C6C
330
17
100
AcDbEntity
  8
0
 60
1
100
AcDbText
 10
1.315
 20
32.125
 30
0.0
 40
0.108
  1
Водопровод, дренаж: норма 1.0 м, факт 2.0 м (СП 42.13330.2016, таблица 9.1; 743-ПП п. 3.6.3; 623-ПП п. 4.2.4)
 11
1.315
 21
32.125
 31
0.0
100
AcDbAttribute
  2
NORMA
 70
0
  0
SEQEND
  5
C69
330
C68
100
AcDbEntity
  8
GREEN_AI_SHRUBS
  0
INSERT
  5
C6D
330
17
100
AcDbEntity
  8
GREEN_AI_SHRUBS
100
AcDbBlockReference
 66
1
  2
GREEN_AI_SHRUB
 10
2.625
 20
32.125
 30
0.0
 41
0.6
 42
0.6
 43
0.6
  0
ATTRIB
  5
C6F
330
17
100
AcDbEntity
  8
0
 60
1
100
AcDbText
 10
3.315
 20
32.125
 30
0.0
 40
0.108
  1
S-0522
 11
3.315
 21
32.125
 31
0.0
100
AcDbAttribute
  2
ID
 70
0
  0
ATTRIB
  5
C70
330
17
100
AcDbEntity
  8
0
 60
1
100
AcDbText
 10
3.315
 20
32.125
 30
0.0
 40
0.108
  1
Бирючина обыкновенная
 11
3.315
 21
32.125
 31
0.0
100
AcDbAttribute
  2
PORODA
 70
0
  0
ATTRIB
  5
C71
330
17
100
AcDbEntity
  8
0
 60
1
100
AcDbText
 10
3.315
 20
32.125
 30
0.0
 40
0.108
  1
Водопровод, дренаж: норма 1.0 м, факт 2.0 м (СП 42.13330.2016, таблица 9.1; 743-ПП п. 3.6.3; 623-ПП п. 4.2.4)
 11
3.315
 21
32.125
 31
0.0
100
AcDbAttribute
  2
NORMA
 70
0
  0
SEQEND
  5
C6E
330
C6D
100
AcDbEntity
  8
GREEN_AI_SHRUBS
  0
INSERT
  5
C72
330
17
100
AcDbEntity
  8
GREEN_AI_SHRUBS
100
AcDbBlockReference
 66
1
  2
GREEN_AI_SHRUB
 10
4.625
 20
32.125
 30
0.0
 41
0.6
 42
0.6
 43
0.6
  0
ATTRIB
  5
C74
330
17
100
AcDbEntity
  8
0
 60
1
100
AcDbText
 10
5.3149999999999995
 20
32.125
 30
0.0
 40
0.108
  1
S-0523
 11
5.3149999999999995
 21
32.125
 31
0.0
100
AcDbAttribute
  2
ID
 70
0
  0
ATTRIB
  5
C75
330
17
100
AcDbEntity
  8
0
 60
1
100
AcDbText
 10
5.3149999999999995
 20
32.125
 30
0.0
 40
0.108
  1
Бирючина обыкновенная
 11
5.3149999999999995
 21
32.125
 31
0.0
100
AcDbAttribute
  2
PORODA
 70
0
  0
ATTRIB
  5
C76
330
17
100
AcDbEntity
  8
0
 60
1
100
AcDbText
 10
5.3149999999999995
 20
32.125
 30
0.0
 40
0.108
  1
Водопровод, дренаж: норма 1.0 м, факт 2.0 м (СП 42.13330.2016, таблица 9.1; 743-ПП п. 3.6.3; 623-ПП п. 4.2.4)
 11
5.3149999999999995
 21
32.125
 31
0.0
100
AcDbAttribute
  2
NORMA
 70
0
  0
SEQEND
  5
C73
330
C72
100
AcDbEntity
  8
GREEN_AI_SHRUBS
  0
INSERT
  5
C77
330
17
100
AcDbEntity
  8
GREEN_AI_SHRUBS
100
AcDbBlockReference
 66
1
  2
GREEN_AI_SHRUB
 10
6.625
 20
32.125
 30
0.0
 41
0.6
 42
0.6
 43
0.6
  0
ATTRIB
  5
C79
330
17
100
AcDbEntity
  8
0
 60
1
100
AcDbText
 10
7.3149999999999995
 20
32.125
 30
0.0
 40
0.108
  1
S-0524
 11
7.3149999999999995
 21
32.125
 31
0.0
100
AcDbAttribute
  2
ID
 70
0
  0
ATTRIB
  5
C7A
330
17
100
AcDbEntity
  8
0
 60
1
100
AcDbText
 10
7.3149999999999995
 20
32.125
 30
0.0
 40
0.108
  1
Бирючина обыкновенная
 11
7.3149999999999995
 21
32.125
 31
0.0
100
AcDbAttribute
  2
PORODA
 70
0
  0
ATTRIB
  5
C7B
330
17
100
AcDbEntity
  8
0
 60
1
100
AcDbText
 10
7.3149999999999995
 20
32.125
 30
0.0
 40
0.108
  1
Водопровод, дренаж: норма 1.0 м, факт 2.0 м (СП 42.13330.2016, таблица 9.1; 743-ПП п. 3.6.3; 623-ПП п. 4.2.4)
 11
7.3149999999999995
 21
32.125
 31
0.0
100
AcDbAttribute
  2
NORMA
 70
0
  0
SEQEND
  5
C78
330
C77
100
AcDbEntity
  8
GREEN_AI_SHRUBS
  0
INSERT
  5
C7C
330
17
100
AcDbEntity
  8
GREEN_AI_SHRUBS
100
AcDbBlockReference
 66
1
  2
GREEN_AI_SHRUB
 10
8.625
 20
32.125
 30
0.0
 41
0.6
 42
0.6
 43
0.6
  0
ATTRIB
  5
C7E
330
17
100
AcDbEntity
  8
0
 60
1
100
AcDbText
 10
9.315
 20
32.125
 30
0.0
 40
0.108
  1
S-0525
 11
9.315
 21
32.125
 31
0.0
100
AcDbAttribute
  2
ID
 70
0
  0
ATTRIB
  5
C7F
330
17
100
AcDbEntity
  8
0
 60
1
100
AcDbText
 10
9.315
 20
32.125
 30
0.0
 40
0.108
  1
Бирючина обыкновенная
 11
9.315
 21
32.125
 31
0.0
100
AcDbAttribute
  2
PORODA
 70
0
  0
ATTRIB
  5
C80
330
17
100
AcDbEntity
  8
0
 60
1
100
AcDbText
 10
9.315
 20
32.125
 30
0.0
 40
0.108
  1
Водопровод, дренаж: норма 1.0 м, факт 2.0 м (СП 42.13330.2016, таблица 9.1; 743-ПП п. 3.6.3; 623-ПП п. 4.2.4)
 11
9.315
 21
32.125
 31
0.0
100
AcDbAttribute
  2
NORMA
 70
0
  0
SEQEND
  5
C7D
330
C7C
100
AcDbEntity
  8
GREEN_AI_SHRUBS
  0
INSERT
  5
C81
330
17
100
AcDbEntity
  8
GREEN_AI_SHRUBS
100
AcDbBlockReference
 66
1
  2
GREEN_AI_SHRUB
 10
10.625
 20
32.125
 30
0.0
 41
0.6
 42
0.6
 43
0.6
  0
ATTRIB
  5
C83
330
17
100
AcDbEntity
  8
0
 60
1
100
AcDbText
 10
11.315
 20
32.125
 30
0.0
 40
0.108
  1
S-0526
 11
11.315
 21
32.125
 31
0.0
100
AcDbAttribute
  2
ID
 70
0
  0
ATTRIB
  5
C84
330
17
100
AcDbEntity
  8
0
 60
1
100
AcDbText
 10
11.315
 20
32.125
 30
0.0
 40
0.108
  1
Бирючина обыкновенная
 11
11.315
 21
32.125
 31
0.0
100
AcDbAttribute
  2
PORODA
 70
0
  0
ATTRIB
  5
C85
330
17
100
AcDbEntity
  8
0
 60
1
100
AcDbText
 10
11.315
 20
32.125
 30
0.0
 40
0.108
  1
Водопровод, дренаж: норма 1.0 м, факт 2.0 м (СП 42.13330.2016, таблица 9.1; 743-ПП п. 3.6.3; 623-ПП п. 4.2.4)
 11
11.315
 21
32.125
 31
0.0
100
AcDbAttribute
  2
NORMA
 70
0
  0
SEQEND
  5
C82
330
C81
100
AcDbEntity
  8
GREEN_AI_SHRUBS
  0
INSERT
  5
C86
330
17
100
AcDbEntity
  8
GREEN_AI_SHRUBS
100
AcDbBlockReference
 66
1
  2
GREEN_AI_SHRUB
 10
12.625
 20
32.125
 30
0.0
 41
0.6
 42
0.6
 43
0.6
  0
ATTRIB
  5
C88
330
17
100
AcDbEntity
  8
0
 60
1
100
AcDbText
 10
13.315
 20
32.125
 30
0.0
 40
0.108
  1
S-0527
 11
13.315
 21
32.125
 31
0.0
100
AcDbAttribute
  2
ID
 70
0
  0
ATTRIB
  5
C89
330
17
100
AcDbEntity
  8
0
 60
1
100
AcDbText
 10
13.315
 20
32.125
 30
0.0
 40
0.108
  1
Бирючина обыкновенная
 11
13.315
 21
32.125
 31
0.0
100
AcDbAttribute
  2
PORODA
 70
0
  0
ATTRIB
  5
C8A
330
17
100
AcDbEntity
  8
0
 60
1
100
AcDbText
 10
13.315
 20
32.125
 30
0.0
 40
0.108
  1
Водопровод, дренаж: норма 1.0 м, факт 2.0 м (СП 42.13330.2016, таблица 9.1; 743-ПП п. 3.6.3; 623-ПП п. 4.2.4)
 11
13.315
 21
32.125
 31
0.0
100
AcDbAttribute
  2
NORMA
 70
0
  0
SEQEND
  5
C87
330
C86
100
AcDbEntity
  8
GREEN_AI_SHRUBS
  0
INSERT
  5
C8B
330
17
100
AcDbEntity
  8
GREEN_AI_SHRUBS
100
AcDbBlockReference
 66
1
  2
GREEN_AI_SHRUB
 10
14.625
 20
32.125
 30
0.0
 41
0.6
 42
0.6
 43
0.6
  0
ATTRIB
  5
C8D
330
17
100
AcDbEntity
  8
0
 60
1
100
AcDbText
 10
15.315
 20
32.125
 30
0.0
 40
0.108
  1
S-0528
 11
15.315
 21
32.125
 31
0.0
100
AcDbAttribute
  2
ID
 70
0
  0
ATTRIB
  5
C8E
330
17
100
AcDbEntity
  8
0
 60
1
100
AcDbText
 10
15.315
 20
32.125
 30
0.0
 40
0.108
  1
Бирючина обыкновенная
 11
15.315
 21
32.125
 31
0.0
100
AcDbAttribute
  2
PORODA
 70
0
  0
ATTRIB
  5
C8F
330
17
100
AcDbEntity
  8
0
 60
1
100
AcDbText
 10
15.315
 20
32.125
 30
0.0
 40
0.108
  1
Водопровод, дренаж: норма 1.0 м, факт 2.0 м (СП 42.13330.2016, таблица 9.1; 743-ПП п. 3.6.3; 623-ПП п. 4.2.4)
 11
15.315
 21
32.125
 31
0.0
100
AcDbAttribute
  2
NORMA
 70
0
  0
SEQEND
  5
C8C
330
C8B
100
AcDbEntity
  8
GREEN_AI_SHRUBS
  0
INSERT
  5
C90
330
17
100
AcDbEntity
  8
GREEN_AI_SHRUBS
100
AcDbBlockReference
 66
1
  2
GREEN_AI_SHRUB
 10
16.625
 20
32.125
 30
0.0
 41
0.6
 42
0.6
 43
0.6
  0
ATTRIB
  5
C92
330
17
100
AcDbEntity
  8
0
 60
1
100
AcDbText
 10
17.315
 20
32.125
 30
0.0
 40
0.108
  1
S-0529
 11
17.315
 21
32.125
 31
0.0
100
AcDbAttribute
  2
ID
 70
0
  0
ATTRIB
  5
C93
330
17
100
AcDbEntity
  8
0
 60
1
100
AcDbText
 10
17.315
 20
32.125
 30
0.0
 40
0.108
  1
Бирючина обыкновенная
 11
17.315
 21
32.125
 31
0.0
100
AcDbAttribute
  2
PORODA
 70
0
  0
ATTRIB
  5
C94
330
17
100
AcDbEntity
  8
0
 60
1
100
AcDbText
 10
17.315
 20
32.125
 30
0.0
 40
0.108
  1
Водопровод, дренаж: норма 1.0 м, факт 2.0 м (СП 42.13330.2016, таблица 9.1; 743-ПП п. 3.6.3; 623-ПП п. 4.2.4)
 11
17.315
 21
32.125
 31
0.0
100
AcDbAttribute
  2
NORMA
 70
0
  0
SEQEND
  5
C91
330
C90
100
AcDbEntity
  8
GREEN_AI_SHRUBS
  0
INSERT
  5
C95
330
17
100
AcDbEntity
  8
GREEN_AI_SHRUBS
100
AcDbBlockReference
 66
1
  2
GREEN_AI_SHRUB
 10
18.625
 20
32.125
 30
0.0
 41
0.6
 42
0.6
 43
0.6
  0
ATTRIB
  5
C97
330
17
100
AcDbEntity
  8
0
 60
1
100
AcDbText
 10
19.315
 20
32.125
 30
0.0
 40
0.108
  1
S-0530
 11
19.315
 21
32.125
 31
0.0
100
AcDbAttribute
  2
ID
 70
0
  0
ATTRIB
  5
C98
330
17
100
AcDbEntity
  8
0
 60
1
100
AcDbText
 10
19.315
 20
32.125
 30
0.0
 40
0.108
  1
Бирючина обыкновенная
 11
19.315
 21
32.125
 31
0.0
100
AcDbAttribute
  2
PORODA
 70
0
  0
ATTRIB
  5
C99
330
17
100
AcDbEntity
  8
0
 60
1
100
AcDbText
 10
19.315
 20
32.125
 30
0.0
 40
0.108
  1
Водопровод, дренаж: норма 1.0 м, факт 2.0 м (СП 42.13330.2016, таблица 9.1; 743-ПП п. 3.6.3; 623-ПП п. 4.2.4)
 11
19.315
 21
32.125
 31
0.0
100
AcDbAttribute
  2
NORMA
 70
0
  0
SEQEND
  5
C96
330
C95
100
AcDbEntity
  8
GREEN_AI_SHRUBS
  0
INSERT
  5
C9A
330
17
100
AcDbEntity
  8
GREEN_AI_SHRUBS
100
AcDbBlockReference
 66
1
  2
GREEN_AI_SHRUB
 10
20.625
 20
32.125
 30
0.0
 41
0.6
 42
0.6
 43
0.6
  0
ATTRIB
  5
C9C
330
17
100
AcDbEntity
  8
0
 60
1
100
AcDbText
 10
21.315
 20
32.125
 30
0.0
 40
0.108
  1
S-0531
 11
21.315
 21
32.125
 31
0.0
100
AcDbAttribute
  2
ID
 70
0
  0
ATTRIB
  5
C9D
330
17
100
AcDbEntity
  8
0
 60
1
100
AcDbText
 10
21.315
 20
32.125
 30
0.0
 40
0.108
  1
Бирючина обыкновенная
 11
21.315
 21
32.125
 31
0.0
100
AcDbAttribute
  2
PORODA
 70
0
  0
ATTRIB
  5
C9E
330
17
100
AcDbEntity
  8
0
 60
1
100
AcDbText
 10
21.315
 20
32.125
 30
0.0
 40
0.108
  1
Водопровод, дренаж: норма 1.0 м, факт 2.0 м (СП 42.13330.2016, таблица 9.1; 743-ПП п. 3.6.3; 623-ПП п. 4.2.4)
 11
21.315
 21
32.125
 31
0.0
100
AcDbAttribute
  2
NORMA
 70
0
  0
SEQEND
  5
C9B
330
C9A
100
AcDbEntity
  8
GREEN_AI_SHRUBS
  0
INSERT
  5
C9F
330
17
100
AcDbEntity
  8
GREEN_AI_SHRUBS
100
AcDbBlockReference
 66
1
  2
GREEN_AI_SHRUB
 10
22.625
 20
32.125
 30
0.0
 41
0.6
 42
0.6
 43
0.6
  0
ATTRIB
  5
CA1
330
17
100
AcDbEntity
  8
0
 60
1
100
AcDbText
 10
23.315
 20
32.125
 30
0.0
 40
0.108
  1
S-0532
 11
23.315
 21
32.125
 31
0.0
100
AcDbAttribute
  2
ID
 70
0
  0
ATTRIB
  5
CA2
330
17
100
AcDbEntity
  8
0
 60
1
100
AcDbText
 10
23.315
 20
32.125
 30
0.0
 40
0.108
  1
Бирючина обыкновенная
 11
23.315
 21
32.125
 31
0.0
100
AcDbAttribute
  2
PORODA
 70
0
  0
ATTRIB
  5
CA3
330
17
100
AcDbEntity
  8
0
 60
1
100
AcDbText
 10
23.315
 20
32.125
 30
0.0
 40
0.108
  1
Водопровод, дренаж: норма 1.0 м, факт 2.0 м (СП 42.13330.2016, таблица 9.1; 743-ПП п. 3.6.3; 623-ПП п. 4.2.4)
 11
23.315
 21
32.125
 31
0.0
100
AcDbAttribute
  2
NORMA
 70
0
  0
SEQEND
  5
CA0
330
C9F
100
AcDbEntity
  8
GREEN_AI_SHRUBS
  0
INSERT
  5
CA4
330
17
100
AcDbEntity
  8
GREEN_AI_SHRUBS
100
AcDbBlockReference
 66
1
  2
GREEN_AI_SHRUB
 10
24.625
 20
32.125
 30
0.0
 41
0.6
 42
0.6
 43
0.6
  0
ATTRIB
  5
CA6
330
17
100
AcDbEntity
  8
0
 60
1
100
AcDbText
 10
25.315
 20
32.125
 30
0.0
 40
0.108
  1
S-0533
 11
25.315
 21
32.125
 31
0.0
100
AcDbAttribute
  2
ID
 70
0
  0
ATTRIB
  5
CA7
330
17
100
AcDbEntity
  8
0
 60
1
100
AcDbText
 10
25.315
 20
32.125
 30
0.0
 40
0.108
  1
Бирючина обыкновенная
 11
25.315
 21
32.125
 31
0.0
100
AcDbAttribute
  2
PORODA
 70
0
  0
ATTRIB
  5
CA8
330
17
100
AcDbEntity
  8
0
 60
1
100
AcDbText
 10
25.315
 20
32.125
 30
0.0
 40
0.108
  1
Водопровод, дренаж: норма 1.0 м, факт 2.0 м (СП 42.13330.2016, таблица 9.1; 743-ПП п. 3.6.3; 623-ПП п. 4.2.4)
 11
25.315
 21
32.125
 31
0.0
100
AcDbAttribute
  2
NORMA
 70
0
  0
SEQEND
  5
CA5
330
CA4
100
AcDbEntity
  8
GREEN_AI_SHRUBS
  0
INSERT
  5
CA9
330
17
100
AcDbEntity
  8
GREEN_AI_SHRUBS
100
AcDbBlockReference
 66
1
  2
GREEN_AI_SHRUB
 10
26.625
 20
32.125
 30
0.0
 41
0.6
 42
0.6
 43
0.6
  0
ATTRIB
  5
CAB
330
17
100
AcDbEntity
  8
0
 60
1
100
AcDbText
 10
27.315
 20
32.125
 30
0.0
 40
0.108
  1
S-0534
 11
27.315
 21
32.125
 31
0.0
100
AcDbAttribute
  2
ID
 70
0
  0
ATTRIB
  5
CAC
330
17
100
AcDbEntity
  8
0
 60
1
100
AcDbText
 10
27.315
 20
32.125
 30
0.0
 40
0.108
  1
Бирючина обыкновенная
 11
27.315
 21
32.125
 31
0.0
100
AcDbAttribute
  2
PORODA
 70
0
  0
ATTRIB
  5
CAD
330
17
100
AcDbEntity
  8
0
 60
1
100
AcDbText
 10
27.315
 20
32.125
 30
0.0
 40
0.108
  1
Водопровод, дренаж: норма 1.0 м, факт 2.0 м (СП 42.13330.2016, таблица 9.1; 743-ПП п. 3.6.3; 623-ПП п. 4.2.4)
 11
27.315
 21
32.125
 31
0.0
100
AcDbAttribute
  2
NORMA
 70
0
  0
SEQEND
  5
CAA
330
CA9
100
AcDbEntity
  8
GREEN_AI_SHRUBS
  0
INSERT
  5
CAE
330
17
100
AcDbEntity
  8
GREEN_AI_SHRUBS
100
AcDbBlockReference
 66
1
  2
GREEN_AI_SHRUB
 10
28.625
 20
32.125
 30
0.0
 41
0.6
 42
0.6
 43
0.6
  0
ATTRIB
  5
CB0
330
17
100
AcDbEntity
  8
0
 60
1
100
AcDbText
 10
29.315
 20
32.125
 30
0.0
 40
0.108
  1
S-0535
 11
29.315
 21
32.125
 31
0.0
100
AcDbAttribute
  2
ID
 70
0
  0
ATTRIB
  5
CB1
330
17
100
AcDbEntity
  8
0
 60
1
100
AcDbText
 10
29.315
 20
32.125
 30
0.0
 40
0.108
  1
Бирючина обыкновенная
 11
29.315
 21
32.125
 31
0.0
100
AcDbAttribute
  2
PORODA
 70
0
  0
ATTRIB
  5
CB2
330
17
100
AcDbEntity
  8
0
 60
1
100
AcDbText
 10
29.315
 20
32.125
 30
0.0
 40
0.108
  1
Водопровод, дренаж: норма 1.0 м, факт 2.0 м (СП 42.13330.2016, таблица 9.1; 743-ПП п. 3.6.3; 623-ПП п. 4.2.4)
 11
29.315
 21
32.125
 31
0.0
100
AcDbAttribute
  2
NORMA
 70
0
  0
SEQEND
  5
CAF
330
CAE
100
AcDbEntity
  8
GREEN_AI_SHRUBS
  0
INSERT
  5
CB3
330
17
100
AcDbEntity
  8
GREEN_AI_SHRUBS
100
AcDbBlockReference
 66
1
  2
GREEN_AI_SHRUB
 10
30.625
 20
32.125
 30
0.0
 41
0.6
 42
0.6
 43
0.6
  0
ATTRIB
  5
CB5
330
17
100
AcDbEntity
  8
0
 60
1
100
AcDbText
 10
31.315
 20
32.125
 30
0.0
 40
0.108
  1
S-0536
 11
31.315
 21
32.125
 31
0.0
100
AcDbAttribute
  2
ID
 70
0
  0
ATTRIB
  5
CB6
330
17
100
AcDbEntity
  8
0
 60
1
100
AcDbText
 10
31.315
 20
32.125
 30
0.0
 40
0.108
  1
Бирючина обыкновенная
 11
31.315
 21
32.125
 31
0.0
100
AcDbAttribute
  2
PORODA
 70
0
  0
ATTRIB
  5
CB7
330
17
100
AcDbEntity
  8
0
 60
1
100
AcDbText
 10
31.315
 20
32.125
 30
0.0
 40
0.108
  1
Водопровод, дренаж: норма 1.0 м, факт 2.0 м (СП 42.13330.2016, таблица 9.1; 743-ПП п. 3.6.3; 623-ПП п. 4.2.4)
 11
31.315
 21
32.125
 31
0.0
100
AcDbAttribute
  2
NORMA
 70
0
  0
SEQEND
  5
CB4
330
CB3
100
AcDbEntity
  8
GREEN_AI_SHRUBS
  0
INSERT
  5
CB8
330
17
100
AcDbEntity
  8
GREEN_AI_SHRUBS
100
AcDbBlockReference
 66
1
  2
GREEN_AI_SHRUB
 10
32.625
 20
32.125
 30
0.0
 41
0.6
 42
0.6
 43
0.6
  0
ATTRIB
  5
CBA
330
17
100
AcDbEntity
  8
0
 60
1
100
AcDbText
 10
33.315
 20
32.125
 30
0.0
 40
0.108
  1
S-0537
 11
33.315
 21
32.125
 31
0.0
100
AcDbAttribute
  2
ID
 70
0
  0
ATTRIB
  5
CBB
330
17
100
AcDbEntity
  8
0
 60
1
100
AcDbText
 10
33.315
 20
32.125
 30
0.0
 40
0.108
  1
Бирючина обыкновенная
 11
33.315
 21
32.125
 31
0.0
100
AcDbAttribute
  2
PORODA
 70
0
  0
ATTRIB
  5
CBC
330
17
100
AcDbEntity
  8
0
 60
1
100
AcDbText
 10
33.315
 20
32.125
 30
0.0
 40
0.108
  1
Водопровод, дренаж: норма 1.0 м, факт 2.0 м (СП 42.13330.2016, таблица 9.1; 743-ПП п. 3.6.3; 623-ПП п. 4.2.4)
 11
33.315
 21
32.125
 31
0.0
100
AcDbAttribute
  2
NORMA
 70
0
  0
SEQEND
  5
CB9
330
CB8
100
AcDbEntity
  8
GREEN_AI_SHRUBS
  0
INSERT
  5
CBD
330
17
100
AcDbEntity
  8
GREEN_AI_SHRUBS
100
AcDbBlockReference
 66
1
  2
GREEN_AI_SHRUB
 10
34.625
 20
32.125
 30
0.0
 41
0.6
 42
0.6
 43
0.6
  0
ATTRIB
  5
CBF
330
17
100
AcDbEntity
  8
0
 60
1
100
AcDbText
 10
35.315
 20
32.125
 30
0.0
 40
0.108
  1
S-0538
 11
35.315
 21
32.125
 31
0.0
100
AcDbAttribute
  2
ID
 70
0
  0
ATTRIB
  5
CC0
330
17
100
AcDbEntity
  8
0
 60
1
100
AcDbText
 10
35.315
 20
32.125
 30
0.0
 40
0.108
  1
Бирючина обыкновенная
 11
35.315
 21
32.125
 31
0.0
100
AcDbAttribute
  2
PORODA
 70
0
  0
ATTRIB
  5
CC1
330
17
100
AcDbEntity
  8
0
 60
1
100
AcDbText
 10
35.315
 20
32.125
 30
0.0
 40
0.108
  1
Водопровод, дренаж: норма 1.0 м, факт 2.0 м (СП 42.13330.2016, таблица 9.1; 743-ПП п. 3.6.3; 623-ПП п. 4.2.4)
 11
35.315
 21
32.125
 31
0.0
100
AcDbAttribute
  2
NORMA
 70
0
  0
SEQEND
  5
CBE
330
CBD
100
AcDbEntity
  8
GREEN_AI_SHRUBS
  0
INSERT
  5
CC2
330
17
100
AcDbEntity
  8
GREEN_AI_SHRUBS
100
AcDbBlockReference
 66
1
  2
GREEN_AI_SHRUB
 10
36.625
 20
32.125
 30
0.0
 41
0.6
 42
0.6
 43
0.6
  0
ATTRIB
  5
CC4
330
17
100
AcDbEntity
  8
0
 60
1
100
AcDbText
 10
37.315
 20
32.125
 30
0.0
 40
0.108
  1
S-0539
 11
37.315
 21
32.125
 31
0.0
100
AcDbAttribute
  2
ID
 70
0
  0
ATTRIB
  5
CC5
330
17
100
AcDbEntity
  8
0
 60
1
100
AcDbText
 10
37.315
 20
32.125
 30
0.0
 40
0.108
  1
Бирючина обыкновенная
 11
37.315
 21
32.125
 31
0.0
100
AcDbAttribute
  2
PORODA
 70
0
  0
ATTRIB
  5
CC6
330
17
100
AcDbEntity
  8
0
 60
1
100
AcDbText
 10
37.315
 20
32.125
 30
0.0
 40
0.108
  1
Водопровод, дренаж: норма 1.0 м, факт 2.0 м (СП 42.13330.2016, таблица 9.1; 743-ПП п. 3.6.3; 623-ПП п. 4.2.4)
 11
37.315
 21
32.125
 31
0.0
100
AcDbAttribute
  2
NORMA
 70
0
  0
SEQEND
  5
CC3
330
CC2
100
AcDbEntity
  8
GREEN_AI_SHRUBS
  0
INSERT
  5
CC7
330
17
100
AcDbEntity
  8
GREEN_AI_SHRUBS
100
AcDbBlockReference
 66
1
  2
GREEN_AI_SHRUB
 10
38.625
 20
32.125
 30
0.0
 41
0.6
 42
0.6
 43
0.6
  0
ATTRIB
  5
CC9
330
17
100
AcDbEntity
  8
0
 60
1
100
AcDbText
 10
39.315
 20
32.125
 30
0.0
 40
0.108
  1
S-0540
 11
39.315
 21
32.125
 31
0.0
100
AcDbAttribute
  2
ID
 70
0
  0
ATTRIB
  5
CCA
330
17
100
AcDbEntity
  8
0
 60
1
100
AcDbText
 10
39.315
 20
32.125
 30
0.0
 40
0.108
  1
Бирючина обыкновенная
 11
39.315
 21
32.125
 31
0.0
100
AcDbAttribute
  2
PORODA
 70
0
  0
ATTRIB
  5
CCB
330
17
100
AcDbEntity
  8
0
 60
1
100
AcDbText
 10
39.315
 20
32.125
 30
0.0
 40
0.108
  1
Водопровод, дренаж: норма 1.0 м, факт 2.0 м (СП 42.13330.2016, таблица 9.1; 743-ПП п. 3.6.3; 623-ПП п. 4.2.4)
 11
39.315
 21
32.125
 31
0.0
100
AcDbAttribute
  2
NORMA
 70
0
  0
SEQEND
  5
CC8
330
CC7
100
AcDbEntity
  8
GREEN_AI_SHRUBS
  0
INSERT
  5
CCC
330
17
100
AcDbEntity
  8
GREEN_AI_SHRUBS
100
AcDbBlockReference
 66
1
  2
GREEN_AI_SHRUB
 10
40.625
 20
32.125
 30
0.0
 41
0.6
 42
0.6
 43
0.6
  0
ATTRIB
  5
CCE
330
17
100
AcDbEntity
  8
0
 60
1
100
AcDbText
 10
41.315
 20
32.125
 30
0.0
 40
0.108
  1
S-0541
 11
41.315
 21
32.125
 31
0.0
100
AcDbAttribute
  2
ID
 70
0
  0
ATTRIB
  5
CCF
330
17
100
AcDbEntity
  8
0
 60
1
100
AcDbText
 10
41.315
 20
32.125
 30
0.0
 40
0.108
  1
Бирючина обыкновенная
 11
41.315
 21
32.125
 31
0.0
100
AcDbAttribute
  2
PORODA
 70
0
  0
ATTRIB
  5
CD0
330
17
100
AcDbEntity
  8
0
 60
1
100
AcDbText
 10
41.315
 20
32.125
 30
0.0
 40
0.108
  1
Водопровод, дренаж: норма 1.0 м, факт 2.0 м (СП 42.13330.2016, таблица 9.1; 743-ПП п. 3.6.3; 623-ПП п. 4.2.4)
 11
41.315
 21
32.125
 31
0.0
100
AcDbAttribute
  2
NORMA
 70
0
  0
SEQEND
  5
CCD
330
CCC
100
AcDbEntity
  8
GREEN_AI_SHRUBS
  0
INSERT
  5
CD1
330
17
100
AcDbEntity
  8
GREEN_AI_SHRUBS
100
AcDbBlockReference
 66
1
  2
GREEN_AI_SHRUB
 10
42.625
 20
32.125
 30
0.0
 41
0.6
 42
0.6
 43
0.6
  0
ATTRIB
  5
CD3
330
17
100
AcDbEntity
  8
0
 60
1
100
AcDbText
 10
43.315
 20
32.125
 30
0.0
 40
0.108
  1
S-0542
 11
43.315
 21
32.125
 31
0.0
100
AcDbAttribute
  2
ID
 70
0
  0
ATTRIB
  5
CD4
330
17
100
AcDbEntity
  8
0
 60
1
100
AcDbText
 10
43.315
 20
32.125
 30
0.0
 40
0.108
  1
Бирючина обыкновенная
 11
43.315
 21
32.125
 31
0.0
100
AcDbAttribute
  2
PORODA
 70
0
  0
ATTRIB
  5
CD5
330
17
100
AcDbEntity
  8
0
 60
1
100
AcDbText
 10
43.315
 20
32.125
 30
0.0
 40
0.108
  1
Водопровод, дренаж: норма 1.0 м, факт 2.0 м (СП 42.13330.2016, таблица 9.1; 743-ПП п. 3.6.3; 623-ПП п. 4.2.4)
 11
43.315
 21
32.125
 31
0.0
100
AcDbAttribute
  2
NORMA
 70
0
  0
SEQEND
  5
CD2
330
CD1
100
AcDbEntity
  8
GREEN_AI_SHRUBS
  0
INSERT
  5
CD6
330
17
100
AcDbEntity
  8
GREEN_AI_SHRUBS
100
AcDbBlockReference
 66
1
  2
GREEN_AI_SHRUB
 10
44.625
 20
32.125
 30
0.0
 41
0.6
 42
0.6
 43
0.6
  0
ATTRIB
  5
CD8
330
17
100
AcDbEntity
  8
0
 60
1
100
AcDbText
 10
45.315
 20
32.125
 30
0.0
 40
0.108
  1
S-0543
 11
45.315
 21
32.125
 31
0.0
100
AcDbAttribute
  2
ID
 70
0
  0
ATTRIB
  5
CD9
330
17
100
AcDbEntity
  8
0
 60
1
100
AcDbText
 10
45.315
 20
32.125
 30
0.0
 40
0.108
  1
Бирючина обыкновенная
 11
45.315
 21
32.125
 31
0.0
100
AcDbAttribute
  2
PORODA
 70
0
  0
ATTRIB
  5
CDA
330
17
100
AcDbEntity
  8
0
 60
1
100
AcDbText
 10
45.315
 20
32.125
 30
0.0
 40
0.108
  1
Водопровод, дренаж: норма 1.0 м, факт 2.0 м (СП 42.13330.2016, таблица 9.1; 743-ПП п. 3.6.3; 623-ПП п. 4.2.4)
 11
45.315
 21
32.125
 31
0.0
100
AcDbAttribute
  2
NORMA
 70
0
  0
SEQEND
  5
CD7
330
CD6
100
AcDbEntity
  8
GREEN_AI_SHRUBS
  0
INSERT
  5
CDB
330
17
100
AcDbEntity
  8
GREEN_AI_SHRUBS
100
AcDbBlockReference
 66
1
  2
GREEN_AI_SHRUB
 10
46.625
 20
32.125
 30
0.0
 41
0.6
 42
0.6
 43
0.6
  0
ATTRIB
  5
CDD
330
17
100
AcDbEntity
  8
0
 60
1
100
AcDbText
 10
47.315
 20
32.125
 30
0.0
 40
0.108
  1
S-0544
 11
47.315
 21
32.125
 31
0.0
100
AcDbAttribute
  2
ID
 70
0
  0
ATTRIB
  5
CDE
330
17
100
AcDbEntity
  8
0
 60
1
100
AcDbText
 10
47.315
 20
32.125
 30
0.0
 40
0.108
  1
Бирючина обыкновенная
 11
47.315
 21
32.125
 31
0.0
100
AcDbAttribute
  2
PORODA
 70
0
  0
ATTRIB
  5
CDF
330
17
100
AcDbEntity
  8
0
 60
1
100
AcDbText
 10
47.315
 20
32.125
 30
0.0
 40
0.108
  1
Водопровод, дренаж: норма 1.0 м, факт 2.0 м (СП 42.13330.2016, таблица 9.1; 743-ПП п. 3.6.3; 623-ПП п. 4.2.4)
 11
47.315
 21
32.125
 31
0.0
100
AcDbAttribute
  2
NORMA
 70
0
  0
SEQEND
  5
CDC
330
CDB
100
AcDbEntity
  8
GREEN_AI_SHRUBS
  0
INSERT
  5
CE0
330
17
100
AcDbEntity
  8
GREEN_AI_SHRUBS
100
AcDbBlockReference
 66
1
  2
GREEN_AI_SHRUB
 10
48.625
 20
32.125
 30
0.0
 41
0.6
 42
0.6
 43
0.6
  0
ATTRIB
  5
CE2
330
17
100
AcDbEntity
  8
0
 60
1
100
AcDbText
 10
49.315
 20
32.125
 30
0.0
 40
0.108
  1
S-0545
 11
49.315
 21
32.125
 31
0.0
100
AcDbAttribute
  2
ID
 70
0
  0
ATTRIB
  5
CE3
330
17
100
AcDbEntity
  8
0
 60
1
100
AcDbText
 10
49.315
 20
32.125
 30
0.0
 40
0.108
  1
Бирючина обыкновенная
 11
49.315
 21
32.125
 31
0.0
100
AcDbAttribute
  2
PORODA
 70
0
  0
ATTRIB
  5
CE4
330
17
100
AcDbEntity
  8
0
 60
1
100
AcDbText
 10
49.315
 20
32.125
 30
0.0
 40
0.108
  1
Водопровод, дренаж: норма 1.0 м, факт 2.0 м (СП 42.13330.2016, таблица 9.1; 743-ПП п. 3.6.3; 623-ПП п. 4.2.4)
 11
49.315
 21
32.125
 31
0.0
100
AcDbAttribute
  2
NORMA
 70
0
  0
SEQEND
  5
CE1
330
CE0
100
AcDbEntity
  8
GREEN_AI_SHRUBS
  0
INSERT
  5
CE5
330
17
100
AcDbEntity
  8
GREEN_AI_SHRUBS
100
AcDbBlockReference
 66
1
  2
GREEN_AI_SHRUB
 10
50.625
 20
32.125
 30
0.0
 41
0.6
 42
0.6
 43
0.6
  0
ATTRIB
  5
CE7
330
17
100
AcDbEntity
  8
0
 60
1
100
AcDbText
 10
51.315
 20
32.125
 30
0.0
 40
0.108
  1
S-0546
 11
51.315
 21
32.125
 31
0.0
100
AcDbAttribute
  2
ID
 70
0
  0
ATTRIB
  5
CE8
330
17
100
AcDbEntity
  8
0
 60
1
100
AcDbText
 10
51.315
 20
32.125
 30
0.0
 40
0.108
  1
Бирючина обыкновенная
 11
51.315
 21
32.125
 31
0.0
100
AcDbAttribute
  2
PORODA
 70
0
  0
ATTRIB
  5
CE9
330
17
100
AcDbEntity
  8
0
 60
1
100
AcDbText
 10
51.315
 20
32.125
 30
0.0
 40
0.108
  1
Водопровод, дренаж: норма 1.0 м, факт 2.0 м (СП 42.13330.2016, таблица 9.1; 743-ПП п. 3.6.3; 623-ПП п. 4.2.4)
 11
51.315
 21
32.125
 31
0.0
100
AcDbAttribute
  2
NORMA
 70
0
  0
SEQEND
  5
CE6
330
CE5
100
AcDbEntity
  8
GREEN_AI_SHRUBS
  0
INSERT
  5
CEA
330
17
100
AcDbEntity
  8
GREEN_AI_SHRUBS
100
AcDbBlockReference
 66
1
  2
GREEN_AI_SHRUB
 10
52.625
 20
32.125
 30
0.0
 41
0.6
 42
0.6
 43
0.6
  0
ATTRIB
  5
CEC
330
17
100
AcDbEntity
  8
0
 60
1
100
AcDbText
 10
53.315
 20
32.125
 30
0.0
 40
0.108
  1
S-0547
 11
53.315
 21
32.125
 31
0.0
100
AcDbAttribute
  2
ID
 70
0
  0
ATTRIB
  5
CED
330
17
100
AcDbEntity
  8
0
 60
1
100
AcDbText
 10
53.315
 20
32.125
 30
0.0
 40
0.108
  1
Бирючина обыкновенная
 11
53.315
 21
32.125
 31
0.0
100
AcDbAttribute
  2
PORODA
 70
0
  0
ATTRIB
  5
CEE
330
17
100
AcDbEntity
  8
0
 60
1
100
AcDbText
 10
53.315
 20
32.125
 30
0.0
 40
0.108
  1
Водопровод, дренаж: норма 1.0 м, факт 2.0 м (СП 42.13330.2016, таблица 9.1; 743-ПП п. 3.6.3; 623-ПП п. 4.2.4)
 11
53.315
 21
32.125
 31
0.0
100
AcDbAttribute
  2
NORMA
 70
0
  0
SEQEND
  5
CEB
330
CEA
100
AcDbEntity
  8
GREEN_AI_SHRUBS
  0
INSERT
  5
CEF
330
17
100
AcDbEntity
  8
GREEN_AI_SHRUBS
100
AcDbBlockReference
 66
1
  2
GREEN_AI_SHRUB
 10
54.625
 20
32.125
 30
0.0
 41
0.6
 42
0.6
 43
0.6
  0
ATTRIB
  5
CF1
330
17
100
AcDbEntity
  8
0
 60
1
100
AcDbText
 10
55.315
 20
32.125
 30
0.0
 40
0.108
  1
S-0548
 11
55.315
 21
32.125
 31
0.0
100
AcDbAttribute
  2
ID
 70
0
  0
ATTRIB
  5
CF2
330
17
100
AcDbEntity
  8
0
 60
1
100
AcDbText
 10
55.315
 20
32.125
 30
0.0
 40
0.108
  1
Бирючина обыкновенная
 11
55.315
 21
32.125
 31
0.0
100
AcDbAttribute
  2
PORODA
 70
0
  0
ATTRIB
  5
CF3
330
17
100
AcDbEntity
  8
0
 60
1
100
AcDbText
 10
55.315
 20
32.125
 30
0.0
 40
0.108
  1
Водопровод, дренаж: норма 1.0 м, факт 2.0 м (СП 42.13330.2016, таблица 9.1; 743-ПП п. 3.6.3; 623-ПП п. 4.2.4)
 11
55.315
 21
32.125
 31
0.0
100
AcDbAttribute
  2
NORMA
 70
0
  0
SEQEND
  5
CF0
330
CEF
100
AcDbEntity
  8
GREEN_AI_SHRUBS
  0
INSERT
  5
CF4
330
17
100
AcDbEntity
  8
GREEN_AI_SHRUBS
100
AcDbBlockReference
 66
1
  2
GREEN_AI_SHRUB
 10
56.625
 20
32.125
 30
0.0
 41
0.6
 42
0.6
 43
0.6
  0
ATTRIB
  5
CF6
330
17
100
AcDbEntity
  8
0
 60
1
100
AcDbText
 10
57.315
 20
32.125
 30
0.0
 40
0.108
  1
S-0549
 11
57.315
 21
32.125
 31
0.0
100
AcDbAttribute
  2
ID
 70
0
  0
ATTRIB
  5
CF7
330
17
100
AcDbEntity
  8
0
 60
1
100
AcDbText
 10
57.315
 20
32.125
 30
0.0
 40
0.108
  1
Бирючина обыкновенная
 11
57.315
 21
32.125
 31
0.0
100
AcDbAttribute
  2
PORODA
 70
0
  0
ATTRIB
  5
CF8
330
17
100
AcDbEntity
  8
0
 60
1
100
AcDbText
 10
57.315
 20
32.125
 30
0.0
 40
0.108
  1
Водопровод, дренаж: норма 1.0 м, факт 2.0 м (СП 42.13330.2016, таблица 9.1; 743-ПП п. 3.6.3; 623-ПП п. 4.2.4)
 11
57.315
 21
32.125
 31
0.0
100
AcDbAttribute
  2
NORMA
 70
0
  0
SEQEND
  5
CF5
330
CF4
100
AcDbEntity
  8
GREEN_AI_SHRUBS
  0
INSERT
  5
CF9
330
17
100
AcDbEntity
  8
GREEN_AI_SHRUBS
100
AcDbBlockReference
 66
1
  2
GREEN_AI_SHRUB
 10
58.625
 20
32.125
 30
0.0
 41
0.6
 42
0.6
 43
0.6
  0
ATTRIB
  5
CFB
330
17
100
AcDbEntity
  8
0
 60
1
100
AcDbText
 10
59.315
 20
32.125
 30
0.0
 40
0.108
  1
S-0550
 11
59.315
 21
32.125
 31
0.0
100
AcDbAttribute
  2
ID
 70
0
  0
ATTRIB
  5
CFC
330
17
100
AcDbEntity
  8
0
 60
1
100
AcDbText
 10
59.315
 20
32.125
 30
0.0
 40
0.108
  1
Бирючина обыкновенная
 11
59.315
 21
32.125
 31
0.0
100
AcDbAttribute
  2
PORODA
 70
0
  0
ATTRIB
  5
CFD
330
17
100
AcDbEntity
  8
0
 60
1
100
AcDbText
 10
59.315
 20
32.125
 30
0.0
 40
0.108
  1
Водопровод, дренаж: норма 1.0 м, факт 2.0 м (СП 42.13330.2016, таблица 9.1; 743-ПП п. 3.6.3; 623-ПП п. 4.2.4)
 11
59.315
 21
32.125
 31
0.0
100
AcDbAttribute
  2
NORMA
 70
0
  0
SEQEND
  5
CFA
330
CF9
100
AcDbEntity
  8
GREEN_AI_SHRUBS
  0
INSERT
  5
CFE
330
17
100
AcDbEntity
  8
GREEN_AI_SHRUBS
100
AcDbBlockReference
 66
1
  2
GREEN_AI_SHRUB
 10
60.625
 20
32.125
 30
0.0
 41
0.6
 42
0.6
 43
0.6
  0
ATTRIB
  5
D00
330
17
100
AcDbEntity
  8
0
 60
1
100
AcDbText
 10
61.315
 20
32.125
 30
0.0
 40
0.108
  1
S-0551
 11
61.315
 21
32.125
 31
0.0
100
AcDbAttribute
  2
ID
 70
0
  0
ATTRIB
  5
D01
330
17
100
AcDbEntity
  8
0
 60
1
100
AcDbText
 10
61.315
 20
32.125
 30
0.0
 40
0.108
  1
Бирючина обыкновенная
 11
61.315
 21
32.125
 31
0.0
100
AcDbAttribute
  2
PORODA
 70
0
  0
ATTRIB
  5
D02
330
17
100
AcDbEntity
  8
0
 60
1
100
AcDbText
 10
61.315
 20
32.125
 30
0.0
 40
0.108
  1
Водопровод, дренаж: норма 1.0 м, факт 2.0 м (СП 42.13330.2016, таблица 9.1; 743-ПП п. 3.6.3; 623-ПП п. 4.2.4)
 11
61.315
 21
32.125
 31
0.0
100
AcDbAttribute
  2
NORMA
 70
0
  0
SEQEND
  5
CFF
330
CFE
100
AcDbEntity
  8
GREEN_AI_SHRUBS
  0
INSERT
  5
D03
330
17
100
AcDbEntity
  8
GREEN_AI_SHRUBS
100
AcDbBlockReference
 66
1
  2
GREEN_AI_SHRUB
 10
62.625
 20
32.125
 30
0.0
 41
0.6
 42
0.6
 43
0.6
  0
ATTRIB
  5
D05
330
17
100
AcDbEntity
  8
0
 60
1
100
AcDbText
 10
63.315
 20
32.125
 30
0.0
 40
0.108
  1
S-0552
 11
63.315
 21
32.125
 31
0.0
100
AcDbAttribute
  2
ID
 70
0
  0
ATTRIB
  5
D06
330
17
100
AcDbEntity
  8
0
 60
1
100
AcDbText
 10
63.315
 20
32.125
 30
0.0
 40
0.108
  1
Бирючина обыкновенная
 11
63.315
 21
32.125
 31
0.0
100
AcDbAttribute
  2
PORODA
 70
0
  0
ATTRIB
  5
D07
330
17
100
AcDbEntity
  8
0
 60
1
100
AcDbText
 10
63.315
 20
32.125
 30
0.0
 40
0.108
  1
Водопровод, дренаж: норма 1.0 м, факт 2.0 м (СП 42.13330.2016, таблица 9.1; 743-ПП п. 3.6.3; 623-ПП п. 4.2.4)
 11
63.315
 21
32.125
 31
0.0
100
AcDbAttribute
  2
NORMA
 70
0
  0
SEQEND
  5
D04
330
D03
100
AcDbEntity
  8
GREEN_AI_SHRUBS
  0
INSERT
  5
D08
330
17
100
AcDbEntity
  8
GREEN_AI_SHRUBS
100
AcDbBlockReference
 66
1
  2
GREEN_AI_SHRUB
 10
64.625
 20
32.125
 30
0.0
 41
0.6
 42
0.6
 43
0.6
  0
ATTRIB
  5
D0A
330
17
100
AcDbEntity
  8
0
 60
1
100
AcDbText
 10
65.315
 20
32.125
 30
0.0
 40
0.108
  1
S-0553
 11
65.315
 21
32.125
 31
0.0
100
AcDbAttribute
  2
ID
 70
0
  0
ATTRIB
  5
D0B
330
17
100
AcDbEntity
  8
0
 60
1
100
AcDbText
 10
65.315
 20
32.125
 30
0.0
 40
0.108
  1
Бирючина обыкновенная
 11
65.315
 21
32.125
 31
0.0
100
AcDbAttribute
  2
PORODA
 70
0
  0
ATTRIB
  5
D0C
330
17
100
AcDbEntity
  8
0
 60
1
100
AcDbText
 10
65.315
 20
32.125
 30
0.0
 40
0.108
  1
Водопровод, дренаж: норма 1.0 м, факт 2.0 м (СП 42.13330.2016, таблица 9.1; 743-ПП п. 3.6.3; 623-ПП п. 4.2.4)
 11
65.315
 21
32.125
 31
0.0
100
AcDbAttribute
  2
NORMA
 70
0
  0
SEQEND
  5
D09
330
D08
100
AcDbEntity
  8
GREEN_AI_SHRUBS
  0
INSERT
  5
D0D
330
17
100
AcDbEntity
  8
GREEN_AI_SHRUBS
100
AcDbBlockReference
 66
1
  2
GREEN_AI_SHRUB
 10
66.625
 20
32.125
 30
0.0
 41
0.6
 42
0.6
 43
0.6
  0
ATTRIB
  5
D0F
330
17
100
AcDbEntity
  8
0
 60
1
100
AcDbText
 10
67.315
 20
32.125
 30
0.0
 40
0.108
  1
S-0554
 11
67.315
 21
32.125
 31
0.0
100
AcDbAttribute
  2
ID
 70
0
  0
ATTRIB
  5
D10
330
17
100
AcDbEntity
  8
0
 60
1
100
AcDbText
 10
67.315
 20
32.125
 30
0.0
 40
0.108
  1
Бирючина обыкновенная
 11
67.315
 21
32.125
 31
0.0
100
AcDbAttribute
  2
PORODA
 70
0
  0
ATTRIB
  5
D11
330
17
100
AcDbEntity
  8
0
 60
1
100
AcDbText
 10
67.315
 20
32.125
 30
0.0
 40
0.108
  1
Водопровод, дренаж: норма 1.0 м, факт 2.0 м (СП 42.13330.2016, таблица 9.1; 743-ПП п. 3.6.3; 623-ПП п. 4.2.4)
 11
67.315
 21
32.125
 31
0.0
100
AcDbAttribute
  2
NORMA
 70
0
  0
SEQEND
  5
D0E
330
D0D
100
AcDbEntity
  8
GREEN_AI_SHRUBS
  0
INSERT
  5
D12
330
17
100
AcDbEntity
  8
GREEN_AI_SHRUBS
100
AcDbBlockReference
 66
1
  2
GREEN_AI_SHRUB
 10
68.625
 20
32.125
 30
0.0
 41
0.6
 42
0.6
 43
0.6
  0
ATTRIB
  5
D14
330
17
100
AcDbEntity
  8
0
 60
1
100
AcDbText
 10
69.315
 20
32.125
 30
0.0
 40
0.108
  1
S-0555
 11
69.315
 21
32.125
 31
0.0
100
AcDbAttribute
  2
ID
 70
0
  0
ATTRIB
  5
D15
330
17
100
AcDbEntity
  8
0
 60
1
100
AcDbText
 10
69.315
 20
32.125
 30
0.0
 40
0.108
  1
Бирючина обыкновенная
 11
69.315
 21
32.125
 31
0.0
100
AcDbAttribute
  2
PORODA
 70
0
  0
ATTRIB
  5
D16
330
17
100
AcDbEntity
  8
0
 60
1
100
AcDbText
 10
69.315
 20
32.125
 30
0.0
 40
0.108
  1
Водопровод, дренаж: норма 1.0 м, факт 2.0 м (СП 42.13330.2016, таблица 9.1; 743-ПП п. 3.6.3; 623-ПП п. 4.2.4)
 11
69.315
 21
32.125
 31
0.0
100
AcDbAttribute
  2
NORMA
 70
0
  0
SEQEND
  5
D13
330
D12
100
AcDbEntity
  8
GREEN_AI_SHRUBS
  0
INSERT
  5
D17
330
17
100
AcDbEntity
  8
GREEN_AI_SHRUBS
100
AcDbBlockReference
 66
1
  2
GREEN_AI_SHRUB
 10
70.625
 20
32.125
 30
0.0
 41
0.6
 42
0.6
 43
0.6
  0
ATTRIB
  5
D19
330
17
100
AcDbEntity
  8
0
 60
1
100
AcDbText
 10
71.315
 20
32.125
 30
0.0
 40
0.108
  1
S-0556
 11
71.315
 21
32.125
 31
0.0
100
AcDbAttribute
  2
ID
 70
0
  0
ATTRIB
  5
D1A
330
17
100
AcDbEntity
  8
0
 60
1
100
AcDbText
 10
71.315
 20
32.125
 30
0.0
 40
0.108
  1
Бирючина обыкновенная
 11
71.315
 21
32.125
 31
0.0
100
AcDbAttribute
  2
PORODA
 70
0
  0
ATTRIB
  5
D1B
330
17
100
AcDbEntity
  8
0
 60
1
100
AcDbText
 10
71.315
 20
32.125
 30
0.0
 40
0.108
  1
Водопровод, дренаж: норма 1.0 м, факт 2.0 м (СП 42.13330.2016, таблица 9.1; 743-ПП п. 3.6.3; 623-ПП п. 4.2.4)
 11
71.315
 21
32.125
 31
0.0
100
AcDbAttribute
  2
NORMA
 70
0
  0
SEQEND
  5
D18
330
D17
100
AcDbEntity
  8
GREEN_AI_SHRUBS
  0
INSERT
  5
D1C
330
17
100
AcDbEntity
  8
GREEN_AI_SHRUBS
100
AcDbBlockReference
 66
1
  2
GREEN_AI_SHRUB
 10
72.625
 20
32.125
 30
0.0
 41
0.6
 42
0.6
 43
0.6
  0
ATTRIB
  5
D1E
330
17
100
AcDbEntity
  8
0
 60
1
100
AcDbText
 10
73.315
 20
32.125
 30
0.0
 40
0.108
  1
S-0557
 11
73.315
 21
32.125
 31
0.0
100
AcDbAttribute
  2
ID
 70
0
  0
ATTRIB
  5
D1F
330
17
100
AcDbEntity
  8
0
 60
1
100
AcDbText
 10
73.315
 20
32.125
 30
0.0
 40
0.108
  1
Бирючина обыкновенная
 11
73.315
 21
32.125
 31
0.0
100
AcDbAttribute
  2
PORODA
 70
0
  0
ATTRIB
  5
D20
330
17
100
AcDbEntity
  8
0
 60
1
100
AcDbText
 10
73.315
 20
32.125
 30
0.0
 40
0.108
  1
Водопровод, дренаж: норма 1.0 м, факт 2.0 м (СП 42.13330.2016, таблица 9.1; 743-ПП п. 3.6.3; 623-ПП п. 4.2.4)
 11
73.315
 21
32.125
 31
0.0
100
AcDbAttribute
  2
NORMA
 70
0
  0
SEQEND
  5
D1D
330
D1C
100
AcDbEntity
  8
GREEN_AI_SHRUBS
  0
INSERT
  5
D21
330
17
100
AcDbEntity
  8
GREEN_AI_SHRUBS
100
AcDbBlockReference
 66
1
  2
GREEN_AI_SHRUB
 10
74.625
 20
32.125
 30
0.0
 41
0.6
 42
0.6
 43
0.6
  0
ATTRIB
  5
D23
330
17
100
AcDbEntity
  8
0
 60
1
100
AcDbText
 10
75.315
 20
32.125
 30
0.0
 40
0.108
  1
S-0558
 11
75.315
 21
32.125
 31
0.0
100
AcDbAttribute
  2
ID
 70
0
  0
ATTRIB
  5
D24
330
17
100
AcDbEntity
  8
0
 60
1
100
AcDbText
 10
75.315
 20
32.125
 30
0.0
 40
0.108
  1
Бирючина обыкновенная
 11
75.315
 21
32.125
 31
0.0
100
AcDbAttribute
  2
PORODA
 70
0
  0
ATTRIB
  5
D25
330
17
100
AcDbEntity
  8
0
 60
1
100
AcDbText
 10
75.315
 20
32.125
 30
0.0
 40
0.108
  1
Водопровод, дренаж: норма 1.0 м, факт 2.0 м (СП 42.13330.2016, таблица 9.1; 743-ПП п. 3.6.3; 623-ПП п. 4.2.4)
 11
75.315
 21
32.125
 31
0.0
100
AcDbAttribute
  2
NORMA
 70
0
  0
SEQEND
  5
D22
330
D21
100
AcDbEntity
  8
GREEN_AI_SHRUBS
  0
INSERT
  5
D26
330
17
100
AcDbEntity
  8
GREEN_AI_SHRUBS
100
AcDbBlockReference
 66
1
  2
GREEN_AI_SHRUB
 10
76.625
 20
32.125
 30
0.0
 41
0.6
 42
0.6
 43
0.6
  0
ATTRIB
  5
D28
330
17
100
AcDbEntity
  8
0
 60
1
100
AcDbText
 10
77.315
 20
32.125
 30
0.0
 40
0.108
  1
S-0559
 11
77.315
 21
32.125
 31
0.0
100
AcDbAttribute
  2
ID
 70
0
  0
ATTRIB
  5
D29
330
17
100
AcDbEntity
  8
0
 60
1
100
AcDbText
 10
77.315
 20
32.125
 30
0.0
 40
0.108
  1
Бирючина обыкновенная
 11
77.315
 21
32.125
 31
0.0
100
AcDbAttribute
  2
PORODA
 70
0
  0
ATTRIB
  5
D2A
330
17
100
AcDbEntity
  8
0
 60
1
100
AcDbText
 10
77.315
 20
32.125
 30
0.0
 40
0.108
  1
Водопровод, дренаж: норма 1.0 м, факт 2.0 м (СП 42.13330.2016, таблица 9.1; 743-ПП п. 3.6.3; 623-ПП п. 4.2.4)
 11
77.315
 21
32.125
 31
0.0
100
AcDbAttribute
  2
NORMA
 70
0
  0
SEQEND
  5
D27
330
D26
100
AcDbEntity
  8
GREEN_AI_SHRUBS
  0
INSERT
  5
D2B
330
17
100
AcDbEntity
  8
GREEN_AI_SHRUBS
100
AcDbBlockReference
 66
1
  2
GREEN_AI_SHRUB
 10
82.125
 20
32.125
 30
0.0
 41
0.6
 42
0.6
 43
0.6
  0
ATTRIB
  5
D2D
330
17
100
AcDbEntity
  8
0
 60
1
100
AcDbText
 10
82.815
 20
32.125
 30
0.0
 40
0.108
  1
S-0560
 11
82.815
 21
32.125
 31
0.0
100
AcDbAttribute
  2
ID
 70
0
  0
ATTRIB
  5
D2E
330
17
100
AcDbEntity
  8
0
 60
1
100
AcDbText
 10
82.815
 20
32.125
 30
0.0
 40
0.108
  1
Бирючина обыкновенная
 11
82.815
 21
32.125
 31
0.0
100
AcDbAttribute
  2
PORODA
 70
0
  0
ATTRIB
  5
D2F
330
17
100
AcDbEntity
  8
0
 60
1
100
AcDbText
 10
82.815
 20
32.125
 30
0.0
 40
0.108
  1
Водопровод, дренаж: норма 1.0 м, факт 2.0 м (СП 42.13330.2016, таблица 9.1; 743-ПП п. 3.6.3; 623-ПП п. 4.2.4)
 11
82.815
 21
32.125
 31
0.0
100
AcDbAttribute
  2
NORMA
 70
0
  0
SEQEND
  5
D2C
330
D2B
100
AcDbEntity
  8
GREEN_AI_SHRUBS
  0
INSERT
  5
D30
330
17
100
AcDbEntity
  8
GREEN_AI_SHRUBS
100
AcDbBlockReference
 66
1
  2
GREEN_AI_SHRUB
 10
84.125
 20
32.125
 30
0.0
  0
ATTRIB
  5
D32
330
17
100
AcDbEntity
  8
0
 60
1
100
AcDbText
 10
85.275
 20
32.125
 30
0.0
 40
0.18
  1
S-0561
 11
85.275
 21
32.125
 31
0.0
100
AcDbAttribute
  2
ID
 70
0
  0
ATTRIB
  5
D33
330
17
100
AcDbEntity
  8
0
 60
1
100
AcDbText
 10
85.275
 20
32.125
 30
0.0
 40
0.18
  1
Калина обыкновенная
 11
85.275
 21
32.125
 31
0.0
100
AcDbAttribute
  2
PORODA
 70
0
  0
ATTRIB
  5
D34
330
17
100
AcDbEntity
  8
0
 60
1
100
AcDbText
 10
85.275
 20
32.125
 30
0.0
 40
0.18
  1
Водопровод, дренаж: норма 1.0 м, факт 2.0 м (СП 42.13330.2016, таблица 9.1; 743-ПП п. 3.6.3; 623-ПП п. 4.2.4)
 11
85.275
 21
32.125
 31
0.0
100
AcDbAttribute
  2
NORMA
 70
0
  0
SEQEND
  5
D31
330
D30
100
AcDbEntity
  8
GREEN_AI_SHRUBS
  0
INSERT
  5
D35
330
17
100
AcDbEntity
  8
GREEN_AI_SHRUBS
100
AcDbBlockReference
 66
1
  2
GREEN_AI_SHRUB
 10
86.125
 20
32.125
 30
0.0
  0
ATTRIB
  5
D37
330
17
100
AcDbEntity
  8
0
 60
1
100
AcDbText
 10
87.275
 20
32.125
 30
0.0
 40
0.18
  1
S-0562
 11
87.275
 21
32.125
 31
0.0
100
AcDbAttribute
  2
ID
 70
0
  0
ATTRIB
  5
D38
330
17
100
AcDbEntity
  8
0
 60
1
100
AcDbText
 10
87.275
 20
32.125
 30
0.0
 40
0.18
  1
Калина обыкновенная
 11
87.275
 21
32.125
 31
0.0
100
AcDbAttribute
  2
PORODA
 70
0
  0
ATTRIB
  5
D39
330
17
100
AcDbEntity
  8
0
 60
1
100
AcDbText
 10
87.275
 20
32.125
 30
0.0
 40
0.18
  1
Водопровод, дренаж: норма 1.0 м, факт 2.0 м (СП 42.13330.2016, таблица 9.1; 743-ПП п. 3.6.3; 623-ПП п. 4.2.4)
 11
87.275
 21
32.125
 31
0.0
100
AcDbAttribute
  2
NORMA
 70
0
  0
SEQEND
  5
D36
330
D35
100
AcDbEntity
  8
GREEN_AI_SHRUBS
  0
INSERT
  5
D3A
330
17
100
AcDbEntity
  8
GREEN_AI_SHRUBS
100
AcDbBlockReference
 66
1
  2
GREEN_AI_SHRUB
 10
88.125
 20
32.125
 30
0.0
  0
ATTRIB
  5
D3C
330
17
100
AcDbEntity
  8
0
 60
1
100
AcDbText
 10
89.275
 20
32.125
 30
0.0
 40
0.18
  1
S-0563
 11
89.275
 21
32.125
 31
0.0
100
AcDbAttribute
  2
ID
 70
0
  0
ATTRIB
  5
D3D
330
17
100
AcDbEntity
  8
0
 60
1
100
AcDbText
 10
89.275
 20
32.125
 30
0.0
 40
0.18
  1
Калина обыкновенная
 11
89.275
 21
32.125
 31
0.0
100
AcDbAttribute
  2
PORODA
 70
0
  0
ATTRIB
  5
D3E
330
17
100
AcDbEntity
  8
0
 60
1
100
AcDbText
 10
89.275
 20
32.125
 30
0.0
 40
0.18
  1
Водопровод, дренаж: норма 1.0 м, факт 2.0 м (СП 42.13330.2016, таблица 9.1; 743-ПП п. 3.6.3; 623-ПП п. 4.2.4)
 11
89.275
 21
32.125
 31
0.0
100
AcDbAttribute
  2
NORMA
 70
0
  0
SEQEND
  5
D3B
330
D3A
100
AcDbEntity
  8
GREEN_AI_SHRUBS
  0
INSERT
  5
D3F
330
17
100
AcDbEntity
  8
GREEN_AI_SHRUBS
100
AcDbBlockReference
 66
1
  2
GREEN_AI_SHRUB
 10
90.125
 20
32.125
 30
0.0
  0
ATTRIB
  5
D41
330
17
100
AcDbEntity
  8
0
 60
1
100
AcDbText
 10
91.275
 20
32.125
 30
0.0
 40
0.18
  1
S-0564
 11
91.275
 21
32.125
 31
0.0
100
AcDbAttribute
  2
ID
 70
0
  0
ATTRIB
  5
D42
330
17
100
AcDbEntity
  8
0
 60
1
100
AcDbText
 10
91.275
 20
32.125
 30
0.0
 40
0.18
  1
Калина обыкновенная
 11
91.275
 21
32.125
 31
0.0
100
AcDbAttribute
  2
PORODA
 70
0
  0
ATTRIB
  5
D43
330
17
100
AcDbEntity
  8
0
 60
1
100
AcDbText
 10
91.275
 20
32.125
 30
0.0
 40
0.18
  1
Водопровод, дренаж: норма 1.0 м, факт 2.0 м (СП 42.13330.2016, таблица 9.1; 743-ПП п. 3.6.3; 623-ПП п. 4.2.4)
 11
91.275
 21
32.125
 31
0.0
100
AcDbAttribute
  2
NORMA
 70
0
  0
SEQEND
  5
D40
330
D3F
100
AcDbEntity
  8
GREEN_AI_SHRUBS
  0
INSERT
  5
D44
330
17
100
AcDbEntity
  8
GREEN_AI_SHRUBS
100
AcDbBlockReference
 66
1
  2
GREEN_AI_SHRUB
 10
92.125
 20
32.125
 30
0.0
  0
ATTRIB
  5
D46
330
17
100
AcDbEntity
  8
0
 60
1
100
AcDbText
 10
93.275
 20
32.125
 30
0.0
 40
0.18
  1
S-0565
 11
93.275
 21
32.125
 31
0.0
100
AcDbAttribute
  2
ID
 70
0
  0
ATTRIB
  5
D47
330
17
100
AcDbEntity
  8
0
 60
1
100
AcDbText
 10
93.275
 20
32.125
 30
0.0
 40
0.18
  1
Калина обыкновенная
 11
93.275
 21
32.125
 31
0.0
100
AcDbAttribute
  2
PORODA
 70
0
  0
ATTRIB
  5
D48
330
17
100
AcDbEntity
  8
0
 60
1
100
AcDbText
 10
93.275
 20
32.125
 30
0.0
 40
0.18
  1
Водопровод, дренаж: норма 1.0 м, факт 2.0 м (СП 42.13330.2016, таблица 9.1; 743-ПП п. 3.6.3; 623-ПП п. 4.2.4)
 11
93.275
 21
32.125
 31
0.0
100
AcDbAttribute
  2
NORMA
 70
0
  0
SEQEND
  5
D45
330
D44
100
AcDbEntity
  8
GREEN_AI_SHRUBS
  0
INSERT
  5
D49
330
17
100
AcDbEntity
  8
GREEN_AI_SHRUBS
100
AcDbBlockReference
 66
1
  2
GREEN_AI_SHRUB
 10
94.125
 20
32.125
 30
0.0
  0
ATTRIB
  5
D4B
330
17
100
AcDbEntity
  8
0
 60
1
100
AcDbText
 10
95.275
 20
32.125
 30
0.0
 40
0.18
  1
S-0566
 11
95.275
 21
32.125
 31
0.0
100
AcDbAttribute
  2
ID
 70
0
  0
ATTRIB
  5
D4C
330
17
100
AcDbEntity
  8
0
 60
1
100
AcDbText
 10
95.275
 20
32.125
 30
0.0
 40
0.18
  1
Калина обыкновенная
 11
95.275
 21
32.125
 31
0.0
100
AcDbAttribute
  2
PORODA
 70
0
  0
ATTRIB
  5
D4D
330
17
100
AcDbEntity
  8
0
 60
1
100
AcDbText
 10
95.275
 20
32.125
 30
0.0
 40
0.18
  1
Водопровод, дренаж: норма 1.0 м, факт 2.0 м (СП 42.13330.2016, таблица 9.1; 743-ПП п. 3.6.3; 623-ПП п. 4.2.4)
 11
95.275
 21
32.125
 31
0.0
100
AcDbAttribute
  2
NORMA
 70
0
  0
SEQEND
  5
D4A
330
D49
100
AcDbEntity
  8
GREEN_AI_SHRUBS
  0
INSERT
  5
D4E
330
17
100
AcDbEntity
  8
GREEN_AI_SHRUBS
100
AcDbBlockReference
 66
1
  2
GREEN_AI_SHRUB
 10
96.125
 20
32.125
 30
0.0
  0
ATTRIB
  5
D50
330
17
100
AcDbEntity
  8
0
 60
1
100
AcDbText
 10
97.275
 20
32.125
 30
0.0
 40
0.18
  1
S-0567
 11
97.275
 21
32.125
 31
0.0
100
AcDbAttribute
  2
ID
 70
0
  0
ATTRIB
  5
D51
330
17
100
AcDbEntity
  8
0
 60
1
100
AcDbText
 10
97.275
 20
32.125
 30
0.0
 40
0.18
  1
Калина обыкновенная
 11
97.275
 21
32.125
 31
0.0
100
AcDbAttribute
  2
PORODA
 70
0
  0
ATTRIB
  5
D52
330
17
100
AcDbEntity
  8
0
 60
1
100
AcDbText
 10
97.275
 20
32.125
 30
0.0
 40
0.18
  1
Водопровод, дренаж: норма 1.0 м, факт 2.0 м (СП 42.13330.2016, таблица 9.1; 743-ПП п. 3.6.3; 623-ПП п. 4.2.4)
 11
97.275
 21
32.125
 31
0.0
100
AcDbAttribute
  2
NORMA
 70
0
  0
SEQEND
  5
D4F
330
D4E
100
AcDbEntity
  8
GREEN_AI_SHRUBS
  0
INSERT
  5
D53
330
17
100
AcDbEntity
  8
GREEN_AI_SHRUBS
100
AcDbBlockReference
 66
1
  2
GREEN_AI_SHRUB
 10
98.125
 20
32.125
 30
0.0
  0
ATTRIB
  5
D55
330
17
100
AcDbEntity
  8
0
 60
1
100
AcDbText
 10
99.275
 20
32.125
 30
0.0
 40
0.18
  1
S-0568
 11
99.275
 21
32.125
 31
0.0
100
AcDbAttribute
  2
ID
 70
0
  0
ATTRIB
  5
D56
330
17
100
AcDbEntity
  8
0
 60
1
100
AcDbText
 10
99.275
 20
32.125
 30
0.0
 40
0.18
  1
Калина обыкновенная
 11
99.275
 21
32.125
 31
0.0
100
AcDbAttribute
  2
PORODA
 70
0
  0
ATTRIB
  5
D57
330
17
100
AcDbEntity
  8
0
 60
1
100
AcDbText
 10
99.275
 20
32.125
 30
0.0
 40
0.18
  1
Водопровод, дренаж: норма 1.0 м, факт 2.0 м (СП 42.13330.2016, таблица 9.1; 743-ПП п. 3.6.3; 623-ПП п. 4.2.4)
 11
99.275
 21
32.125
 31
0.0
100
AcDbAttribute
  2
NORMA
 70
0
  0
SEQEND
  5
D54
330
D53
100
AcDbEntity
  8
GREEN_AI_SHRUBS
  0
INSERT
  5
D58
330
17
100
AcDbEntity
  8
GREEN_AI_SHRUBS
100
AcDbBlockReference
 66
1
  2
GREEN_AI_SHRUB
 10
100.125
 20
32.125
 30
0.0
  0
ATTRIB
  5
D5A
330
17
100
AcDbEntity
  8
0
 60
1
100
AcDbText
 10
101.275
 20
32.125
 30
0.0
 40
0.18
  1
S-0569
 11
101.275
 21
32.125
 31
0.0
100
AcDbAttribute
  2
ID
 70
0
  0
ATTRIB
  5
D5B
330
17
100
AcDbEntity
  8
0
 60
1
100
AcDbText
 10
101.275
 20
32.125
 30
0.0
 40
0.18
  1
Калина обыкновенная
 11
101.275
 21
32.125
 31
0.0
100
AcDbAttribute
  2
PORODA
 70
0
  0
ATTRIB
  5
D5C
330
17
100
AcDbEntity
  8
0
 60
1
100
AcDbText
 10
101.275
 20
32.125
 30
0.0
 40
0.18
  1
Водопровод, дренаж: норма 1.0 м, факт 2.0 м (СП 42.13330.2016, таблица 9.1; 743-ПП п. 3.6.3; 623-ПП п. 4.2.4)
 11
101.275
 21
32.125
 31
0.0
100
AcDbAttribute
  2
NORMA
 70
0
  0
SEQEND
  5
D59
330
D58
100
AcDbEntity
  8
GREEN_AI_SHRUBS
  0
INSERT
  5
D5D
330
17
100
AcDbEntity
  8
GREEN_AI_SHRUBS
100
AcDbBlockReference
 66
1
  2
GREEN_AI_SHRUB
 10
102.125
 20
32.125
 30
0.0
  0
ATTRIB
  5
D5F
330
17
100
AcDbEntity
  8
0
 60
1
100
AcDbText
 10
103.275
 20
32.125
 30
0.0
 40
0.18
  1
S-0570
 11
103.275
 21
32.125
 31
0.0
100
AcDbAttribute
  2
ID
 70
0
  0
ATTRIB
  5
D60
330
17
100
AcDbEntity
  8
0
 60
1
100
AcDbText
 10
103.275
 20
32.125
 30
0.0
 40
0.18
  1
Калина обыкновенная
 11
103.275
 21
32.125
 31
0.0
100
AcDbAttribute
  2
PORODA
 70
0
  0
ATTRIB
  5
D61
330
17
100
AcDbEntity
  8
0
 60
1
100
AcDbText
 10
103.275
 20
32.125
 30
0.0
 40
0.18
  1
Водопровод, дренаж: норма 1.0 м, факт 2.0 м (СП 42.13330.2016, таблица 9.1; 743-ПП п. 3.6.3; 623-ПП п. 4.2.4)
 11
103.275
 21
32.125
 31
0.0
100
AcDbAttribute
  2
NORMA
 70
0
  0
SEQEND
  5
D5E
330
D5D
100
AcDbEntity
  8
GREEN_AI_SHRUBS
  0
INSERT
  5
D62
330
17
100
AcDbEntity
  8
GREEN_AI_SHRUBS
100
AcDbBlockReference
 66
1
  2
GREEN_AI_SHRUB
 10
104.125
 20
32.125
 30
0.0
  0
ATTRIB
  5
D64
330
17
100
AcDbEntity
  8
0
 60
1
100
AcDbText
 10
105.275
 20
32.125
 30
0.0
 40
0.18
  1
S-0571
 11
105.275
 21
32.125
 31
0.0
100
AcDbAttribute
  2
ID
 70
0
  0
ATTRIB
  5
D65
330
17
100
AcDbEntity
  8
0
 60
1
100
AcDbText
 10
105.275
 20
32.125
 30
0.0
 40
0.18
  1
Калина обыкновенная
 11
105.275
 21
32.125
 31
0.0
100
AcDbAttribute
  2
PORODA
 70
0
  0
ATTRIB
  5
D66
330
17
100
AcDbEntity
  8
0
 60
1
100
AcDbText
 10
105.275
 20
32.125
 30
0.0
 40
0.18
  1
Водопровод, дренаж: норма 1.0 м, факт 2.0 м (СП 42.13330.2016, таблица 9.1; 743-ПП п. 3.6.3; 623-ПП п. 4.2.4)
 11
105.275
 21
32.125
 31
0.0
100
AcDbAttribute
  2
NORMA
 70
0
  0
SEQEND
  5
D63
330
D62
100
AcDbEntity
  8
GREEN_AI_SHRUBS
  0
INSERT
  5
D67
330
17
100
AcDbEntity
  8
GREEN_AI_SHRUBS
100
AcDbBlockReference
 66
1
  2
GREEN_AI_SHRUB
 10
106.125
 20
32.125
 30
0.0
  0
ATTRIB
  5
D69
330
17
100
AcDbEntity
  8
0
 60
1
100
AcDbText
 10
107.275
 20
32.125
 30
0.0
 40
0.18
  1
S-0572
 11
107.275
 21
32.125
 31
0.0
100
AcDbAttribute
  2
ID
 70
0
  0
ATTRIB
  5
D6A
330
17
100
AcDbEntity
  8
0
 60
1
100
AcDbText
 10
107.275
 20
32.125
 30
0.0
 40
0.18
  1
Калина обыкновенная
 11
107.275
 21
32.125
 31
0.0
100
AcDbAttribute
  2
PORODA
 70
0
  0
ATTRIB
  5
D6B
330
17
100
AcDbEntity
  8
0
 60
1
100
AcDbText
 10
107.275
 20
32.125
 30
0.0
 40
0.18
  1
Водопровод, дренаж: норма 1.0 м, факт 2.0 м (СП 42.13330.2016, таблица 9.1; 743-ПП п. 3.6.3; 623-ПП п. 4.2.4)
 11
107.275
 21
32.125
 31
0.0
100
AcDbAttribute
  2
NORMA
 70
0
  0
SEQEND
  5
D68
330
D67
100
AcDbEntity
  8
GREEN_AI_SHRUBS
  0
INSERT
  5
D6C
330
17
100
AcDbEntity
  8
GREEN_AI_SHRUBS
100
AcDbBlockReference
 66
1
  2
GREEN_AI_SHRUB
 10
108.125
 20
32.125
 30
0.0
  0
ATTRIB
  5
D6E
330
17
100
AcDbEntity
  8
0
 60
1
100
AcDbText
 10
109.275
 20
32.125
 30
0.0
 40
0.18
  1
S-0573
 11
109.275
 21
32.125
 31
0.0
100
AcDbAttribute
  2
ID
 70
0
  0
ATTRIB
  5
D6F
330
17
100
AcDbEntity
  8
0
 60
1
100
AcDbText
 10
109.275
 20
32.125
 30
0.0
 40
0.18
  1
Калина обыкновенная
 11
109.275
 21
32.125
 31
0.0
100
AcDbAttribute
  2
PORODA
 70
0
  0
ATTRIB
  5
D70
330
17
100
AcDbEntity
  8
0
 60
1
100
AcDbText
 10
109.275
 20
32.125
 30
0.0
 40
0.18
  1
Водопровод, дренаж: норма 1.0 м, факт 2.0 м (СП 42.13330.2016, таблица 9.1; 743-ПП п. 3.6.3; 623-ПП п. 4.2.4)
 11
109.275
 21
32.125
 31
0.0
100
AcDbAttribute
  2
NORMA
 70
0
  0
SEQEND
  5
D6D
330
D6C
100
AcDbEntity
  8
GREEN_AI_SHRUBS
  0
INSERT
  5
D71
330
17
100
AcDbEntity
  8
GREEN_AI_SHRUBS
100
AcDbBlockReference
 66
1
  2
GREEN_AI_SHRUB
 10
110.125
 20
32.125
 30
0.0
  0
ATTRIB
  5
D73
330
17
100
AcDbEntity
  8
0
 60
1
100
AcDbText
 10
111.275
 20
32.125
 30
0.0
 40
0.18
  1
S-0574
 11
111.275
 21
32.125
 31
0.0
100
AcDbAttribute
  2
ID
 70
0
  0
ATTRIB
  5
D74
330
17
100
AcDbEntity
  8
0
 60
1
100
AcDbText
 10
111.275
 20
32.125
 30
0.0
 40
0.18
  1
Калина обыкновенная
 11
111.275
 21
32.125
 31
0.0
100
AcDbAttribute
  2
PORODA
 70
0
  0
ATTRIB
  5
D75
330
17
100
AcDbEntity
  8
0
 60
1
100
AcDbText
 10
111.275
 20
32.125
 30
0.0
 40
0.18
  1
Водопровод, дренаж: норма 1.0 м, факт 2.0 м (СП 42.13330.2016, таблица 9.1; 743-ПП п. 3.6.3; 623-ПП п. 4.2.4)
 11
111.275
 21
32.125
 31
0.0
100
AcDbAttribute
  2
NORMA
 70
0
  0
SEQEND
  5
D72
330
D71
100
AcDbEntity
  8
GREEN_AI_SHRUBS
  0
INSERT
  5
D76
330
17
100
AcDbEntity
  8
GREEN_AI_SHRUBS
100
AcDbBlockReference
 66
1
  2
GREEN_AI_SHRUB
 10
112.125
 20
32.125
 30
0.0
  0
ATTRIB
  5
D78
330
17
100
AcDbEntity
  8
0
 60
1
100
AcDbText
 10
113.275
 20
32.125
 30
0.0
 40
0.18
  1
S-0575
 11
113.275
 21
32.125
 31
0.0
100
AcDbAttribute
  2
ID
 70
0
  0
ATTRIB
  5
D79
330
17
100
AcDbEntity
  8
0
 60
1
100
AcDbText
 10
113.275
 20
32.125
 30
0.0
 40
0.18
  1
Калина обыкновенная
 11
113.275
 21
32.125
 31
0.0
100
AcDbAttribute
  2
PORODA
 70
0
  0
ATTRIB
  5
D7A
330
17
100
AcDbEntity
  8
0
 60
1
100
AcDbText
 10
113.275
 20
32.125
 30
0.0
 40
0.18
  1
Водопровод, дренаж: норма 1.0 м, факт 2.0 м (СП 42.13330.2016, таблица 9.1; 743-ПП п. 3.6.3; 623-ПП п. 4.2.4)
 11
113.275
 21
32.125
 31
0.0
100
AcDbAttribute
  2
NORMA
 70
0
  0
SEQEND
  5
D77
330
D76
100
AcDbEntity
  8
GREEN_AI_SHRUBS
  0
INSERT
  5
D7B
330
17
100
AcDbEntity
  8
GREEN_AI_SHRUBS
100
AcDbBlockReference
 66
1
  2
GREEN_AI_SHRUB
 10
114.125
 20
32.125
 30
0.0
  0
ATTRIB
  5
D7D
330
17
100
AcDbEntity
  8
0
 60
1
100
AcDbText
 10
115.275
 20
32.125
 30
0.0
 40
0.18
  1
S-0576
 11
115.275
 21
32.125
 31
0.0
100
AcDbAttribute
  2
ID
 70
0
  0
ATTRIB
  5
D7E
330
17
100
AcDbEntity
  8
0
 60
1
100
AcDbText
 10
115.275
 20
32.125
 30
0.0
 40
0.18
  1
Калина обыкновенная
 11
115.275
 21
32.125
 31
0.0
100
AcDbAttribute
  2
PORODA
 70
0
  0
ATTRIB
  5
D7F
330
17
100
AcDbEntity
  8
0
 60
1
100
AcDbText
 10
115.275
 20
32.125
 30
0.0
 40
0.18
  1
Водопровод, дренаж: норма 1.0 м, факт 2.0 м (СП 42.13330.2016, таблица 9.1; 743-ПП п. 3.6.3; 623-ПП п. 4.2.4)
 11
115.275
 21
32.125
 31
0.0
100
AcDbAttribute
  2
NORMA
 70
0
  0
SEQEND
  5
D7C
330
D7B
100
AcDbEntity
  8
GREEN_AI_SHRUBS
  0
INSERT
  5
D80
330
17
100
AcDbEntity
  8
GREEN_AI_SHRUBS
100
AcDbBlockReference
 66
1
  2
GREEN_AI_SHRUB
 10
116.125
 20
32.125
 30
0.0
  0
ATTRIB
  5
D82
330
17
100
AcDbEntity
  8
0
 60
1
100
AcDbText
 10
117.275
 20
32.125
 30
0.0
 40
0.18
  1
S-0577
 11
117.275
 21
32.125
 31
0.0
100
AcDbAttribute
  2
ID
 70
0
  0
ATTRIB
  5
D83
330
17
100
AcDbEntity
  8
0
 60
1
100
AcDbText
 10
117.275
 20
32.125
 30
0.0
 40
0.18
  1
Калина обыкновенная
 11
117.275
 21
32.125
 31
0.0
100
AcDbAttribute
  2
PORODA
 70
0
  0
ATTRIB
  5
D84
330
17
100
AcDbEntity
  8
0
 60
1
100
AcDbText
 10
117.275
 20
32.125
 30
0.0
 40
0.18
  1
Водопровод, дренаж: норма 1.0 м, факт 2.0 м (СП 42.13330.2016, таблица 9.1; 743-ПП п. 3.6.3; 623-ПП п. 4.2.4)
 11
117.275
 21
32.125
 31
0.0
100
AcDbAttribute
  2
NORMA
 70
0
  0
SEQEND
  5
D81
330
D80
100
AcDbEntity
  8
GREEN_AI_SHRUBS
  0
INSERT
  5
D85
330
17
100
AcDbEntity
  8
GREEN_AI_SHRUBS
100
AcDbBlockReference
 66
1
  2
GREEN_AI_SHRUB
 10
118.125
 20
32.125
 30
0.0
  0
ATTRIB
  5
D87
330
17
100
AcDbEntity
  8
0
 60
1
100
AcDbText
 10
119.275
 20
32.125
 30
0.0
 40
0.18
  1
S-0578
 11
119.275
 21
32.125
 31
0.0
100
AcDbAttribute
  2
ID
 70
0
  0
ATTRIB
  5
D88
330
17
100
AcDbEntity
  8
0
 60
1
100
AcDbText
 10
119.275
 20
32.125
 30
0.0
 40
0.18
  1
Калина обыкновенная
 11
119.275
 21
32.125
 31
0.0
100
AcDbAttribute
  2
PORODA
 70
0
  0
ATTRIB
  5
D89
330
17
100
AcDbEntity
  8
0
 60
1
100
AcDbText
 10
119.275
 20
32.125
 30
0.0
 40
0.18
  1
Водопровод, дренаж: норма 1.0 м, факт 2.0 м (СП 42.13330.2016, таблица 9.1; 743-ПП п. 3.6.3; 623-ПП п. 4.2.4)
 11
119.275
 21
32.125
 31
0.0
100
AcDbAttribute
  2
NORMA
 70
0
  0
SEQEND
  5
D86
330
D85
100
AcDbEntity
  8
GREEN_AI_SHRUBS
  0
INSERT
  5
D8A
330
17
100
AcDbEntity
  8
GREEN_AI_SHRUBS
100
AcDbBlockReference
 66
1
  2
GREEN_AI_SHRUB
 10
78.125
 20
33.125
 30
0.0
  0
ATTRIB
  5
D8C
330
17
100
AcDbEntity
  8
0
 60
1
100
AcDbText
 10
79.275
 20
33.125
 30
0.0
 40
0.18
  1
S-0579
 11
79.275
 21
33.125
 31
0.0
100
AcDbAttribute
  2
ID
 70
0
  0
ATTRIB
  5
D8D
330
17
100
AcDbEntity
  8
0
 60
1
100
AcDbText
 10
79.275
 20
33.125
 30
0.0
 40
0.18
  1
Калина обыкновенная
 11
79.275
 21
33.125
 31
0.0
100
AcDbAttribute
  2
PORODA
 70
0
  0
ATTRIB
  5
D8E
330
17
100
AcDbEntity
  8
0
 60
1
100
AcDbText
 10
79.275
 20
33.125
 30
0.0
 40
0.18
  1
Канализация: норма 1.0 м, факт 2.0 м (СП 42.13330.2016, таблица 9.1; 743-ПП п. 3.6.3; 623-ПП п. 4.2.4)
 11
79.275
 21
33.125
 31
0.0
100
AcDbAttribute
  2
NORMA
 70
0
  0
SEQEND
  5
D8B
330
D8A
100
AcDbEntity
  8
GREEN_AI_SHRUBS
  0
INSERT
  5
D8F
330
17
100
AcDbEntity
  8
GREEN_AI_SHRUBS
100
AcDbBlockReference
 66
1
  2
GREEN_AI_SHRUB
 10
103.125
 20
33.625
 30
0.0
  0
ATTRIB
  5
D91
330
17
100
AcDbEntity
  8
0
 60
1
100
AcDbText
 10
104.275
 20
33.625
 30
0.0
 40
0.18
  1
S-0580
 11
104.275
 21
33.625
 31
0.0
100
AcDbAttribute
  2
ID
 70
0
  0
ATTRIB
  5
D92
330
17
100
AcDbEntity
  8
0
 60
1
100
AcDbText
 10
104.275
 20
33.625
 30
0.0
 40
0.18
  1
Калина обыкновенная
 11
104.275
 21
33.625
 31
0.0
100
AcDbAttribute
  2
PORODA
 70
0
  0
ATTRIB
  5
D93
330
17
100
AcDbEntity
  8
0
 60
1
100
AcDbText
 10
104.275
 20
33.625
 30
0.0
 40
0.18
  1
Водопровод, дренаж: норма 1.0 м, факт 3.5 м (СП 42.13330.2016, таблица 9.1; 743-ПП п. 3.6.3; 623-ПП п. 4.2.4)
 11
104.275
 21
33.625
 31
0.0
100
AcDbAttribute
  2
NORMA
 70
0
  0
SEQEND
  5
D90
330
D8F
100
AcDbEntity
  8
GREEN_AI_SHRUBS
  0
INSERT
  5
D94
330
17
100
AcDbEntity
  8
GREEN_AI_SHRUBS
100
AcDbBlockReference
 66
1
  2
GREEN_AI_SHRUB
 10
105.125
 20
33.625
 30
0.0
  0
ATTRIB
  5
D96
330
17
100
AcDbEntity
  8
0
 60
1
100
AcDbText
 10
106.275
 20
33.625
 30
0.0
 40
0.18
  1
S-0581
 11
106.275
 21
33.625
 31
0.0
100
AcDbAttribute
  2
ID
 70
0
  0
ATTRIB
  5
D97
330
17
100
AcDbEntity
  8
0
 60
1
100
AcDbText
 10
106.275
 20
33.625
 30
0.0
 40
0.18
  1
Калина обыкновенная
 11
106.275
 21
33.625
 31
0.0
100
AcDbAttribute
  2
PORODA
 70
0
  0
ATTRIB
  5
D98
330
17
100
AcDbEntity
  8
0
 60
1
100
AcDbText
 10
106.275
 20
33.625
 30
0.0
 40
0.18
  1
Водопровод, дренаж: норма 1.0 м, факт 3.5 м (СП 42.13330.2016, таблица 9.1; 743-ПП п. 3.6.3; 623-ПП п. 4.2.4)
 11
106.275
 21
33.625
 31
0.0
100
AcDbAttribute
  2
NORMA
 70
0
  0
SEQEND
  5
D95
330
D94
100
AcDbEntity
  8
GREEN_AI_SHRUBS
  0
INSERT
  5
D99
330
17
100
AcDbEntity
  8
GREEN_AI_SHRUBS
100
AcDbBlockReference
 66
1
  2
GREEN_AI_SHRUB
 10
107.125
 20
33.625
 30
0.0
  0
ATTRIB
  5
D9B
330
17
100
AcDbEntity
  8
0
 60
1
100
AcDbText
 10
108.275
 20
33.625
 30
0.0
 40
0.18
  1
S-0582
 11
108.275
 21
33.625
 31
0.0
100
AcDbAttribute
  2
ID
 70
0
  0
ATTRIB
  5
D9C
330
17
100
AcDbEntity
  8
0
 60
1
100
AcDbText
 10
108.275
 20
33.625
 30
0.0
 40
0.18
  1
Калина обыкновенная
 11
108.275
 21
33.625
 31
0.0
100
AcDbAttribute
  2
PORODA
 70
0
  0
ATTRIB
  5
D9D
330
17
100
AcDbEntity
  8
0
 60
1
100
AcDbText
 10
108.275
 20
33.625
 30
0.0
 40
0.18
  1
Водопровод, дренаж: норма 1.0 м, факт 3.5 м (СП 42.13330.2016, таблица 9.1; 743-ПП п. 3.6.3; 623-ПП п. 4.2.4)
 11
108.275
 21
33.625
 31
0.0
100
AcDbAttribute
  2
NORMA
 70
0
  0
SEQEND
  5
D9A
330
D99
100
AcDbEntity
  8
GREEN_AI_SHRUBS
  0
INSERT
  5
D9E
330
17
100
AcDbEntity
  8
GREEN_AI_SHRUBS
100
AcDbBlockReference
 66
1
  2
GREEN_AI_SHRUB
 10
62.125
 20
33.875
 30
0.0
  0
ATTRIB
  5
DA0
330
17
100
AcDbEntity
  8
0
 60
1
100
AcDbText
 10
63.275
 20
33.875
 30
0.0
 40
0.18
  1
S-0583
 11
63.275
 21
33.875
 31
0.0
100
AcDbAttribute
  2
ID
 70
0
  0
ATTRIB
  5
DA1
330
17
100
AcDbEntity
  8
0
 60
1
100
AcDbText
 10
63.275
 20
33.875
 30
0.0
 40
0.18
  1
Калина обыкновенная
 11
63.275
 21
33.875
 31
0.0
100
AcDbAttribute
  2
PORODA
 70
0
  0
ATTRIB
  5
DA2
330
17
100
AcDbEntity
  8
0
 60
1
100
AcDbText
 10
63.275
 20
33.875
 30
0.0
 40
0.18
  1
Газопровод: норма 1.0 м, факт 2.02 м (СП 42.13330.2016, таблица 9.1; 743-ПП п. 3.6.3; 623-ПП п. 4.2.4)
 11
63.275
 21
33.875
 31
0.0
100
AcDbAttribute
  2
NORMA
 70
0
  0
SEQEND
  5
D9F
330
D9E
100
AcDbEntity
  8
GREEN_AI_SHRUBS
  0
INSERT
  5
DA3
330
17
100
AcDbEntity
  8
GREEN_AI_SHRUBS
100
AcDbBlockReference
 66
1
  2
GREEN_AI_SHRUB
 10
82.125
 20
34.125
 30
0.0
  0
ATTRIB
  5
DA5
330
17
100
AcDbEntity
  8
0
 60
1
100
AcDbText
 10
83.275
 20
34.125
 30
0.0
 40
0.18
  1
S-0584
 11
83.275
 21
34.125
 31
0.0
100
AcDbAttribute
  2
ID
 70
0
  0
ATTRIB
  5
DA6
330
17
100
AcDbEntity
  8
0
 60
1
100
AcDbText
 10
83.275
 20
34.125
 30
0.0
 40
0.18
  1
Калина обыкновенная
 11
83.275
 21
34.125
 31
0.0
100
AcDbAttribute
  2
PORODA
 70
0
  0
ATTRIB
  5
DA7
330
17
100
AcDbEntity
  8
0
 60
1
100
AcDbText
 10
83.275
 20
34.125
 30
0.0
 40
0.18
  1
Канализация: норма 1.0 м, факт 2.0 м (СП 42.13330.2016, таблица 9.1; 743-ПП п. 3.6.3; 623-ПП п. 4.2.4)
 11
83.275
 21
34.125
 31
0.0
100
AcDbAttribute
  2
NORMA
 70
0
  0
SEQEND
  5
DA4
330
DA3
100
AcDbEntity
  8
GREEN_AI_SHRUBS
  0
INSERT
  5
DA8
330
17
100
AcDbEntity
  8
GREEN_AI_SHRUBS
100
AcDbBlockReference
 66
1
  2
GREEN_AI_SHRUB
 10
78.125
 20
35.125
 30
0.0
  0
ATTRIB
  5
DAA
330
17
100
AcDbEntity
  8
0
 60
1
100
AcDbText
 10
79.275
 20
35.125
 30
0.0
 40
0.18
  1
S-0585
 11
79.275
 21
35.125
 31
0.0
100
AcDbAttribute
  2
ID
 70
0
  0
ATTRIB
  5
DAB
330
17
100
AcDbEntity
  8
0
 60
1
100
AcDbText
 10
79.275
 20
35.125
 30
0.0
 40
0.18
  1
Калина обыкновенная
 11
79.275
 21
35.125
 31
0.0
100
AcDbAttribute
  2
PORODA
 70
0
  0
ATTRIB
  5
DAC
330
17
100
AcDbEntity
  8
0
 60
1
100
AcDbText
 10
79.275
 20
35.125
 30
0.0
 40
0.18
  1
Канализация: норма 1.0 м, факт 2.0 м (СП 42.13330.2016, таблица 9.1; 743-ПП п. 3.6.3; 623-ПП п. 4.2.4)
 11
79.275
 21
35.125
 31
0.0
100
AcDbAttribute
  2
NORMA
 70
0
  0
SEQEND
  5
DA9
330
DA8
100
AcDbEntity
  8
GREEN_AI_SHRUBS
  0
INSERT
  5
DAD
330
17
100
AcDbEntity
  8
GREEN_AI_SHRUBS
100
AcDbBlockReference
 66
1
  2
GREEN_AI_SHRUB
 10
62.125
 20
35.875
 30
0.0
  0
ATTRIB
  5
DAF
330
17
100
AcDbEntity
  8
0
 60
1
100
AcDbText
 10
63.275
 20
35.875
 30
0.0
 40
0.18
  1
S-0586
 11
63.275
 21
35.875
 31
0.0
100
AcDbAttribute
  2
ID
 70
0
  0
ATTRIB
  5
DB0
330
17
100
AcDbEntity
  8
0
 60
1
100
AcDbText
 10
63.275
 20
35.875
 30
0.0
 40
0.18
  1
Калина обыкновенная
 11
63.275
 21
35.875
 31
0.0
100
AcDbAttribute
  2
PORODA
 70
0
  0
ATTRIB
  5
DB1
330
17
100
AcDbEntity
  8
0
 60
1
100
AcDbText
 10
63.275
 20
35.875
 30
0.0
 40
0.18
  1
Газопровод: норма 1.0 м, факт 2.0 м (СП 42.13330.2016, таблица 9.1; 743-ПП п. 3.6.3; 623-ПП п. 4.2.4)
 11
63.275
 21
35.875
 31
0.0
100
AcDbAttribute
  2
NORMA
 70
0
  0
SEQEND
  5
DAE
330
DAD
100
AcDbEntity
  8
GREEN_AI_SHRUBS
  0
INSERT
  5
DB2
330
17
100
AcDbEntity
  8
GREEN_AI_SHRUBS
100
AcDbBlockReference
 66
1
  2
GREEN_AI_SHRUB
 10
0.625
 20
36.125
 30
0.0
  0
ATTRIB
  5
DB4
330
17
100
AcDbEntity
  8
0
 60
1
100
AcDbText
 10
1.775
 20
36.125
 30
0.0
 40
0.18
  1
S-0587
 11
1.775
 21
36.125
 31
0.0
100
AcDbAttribute
  2
ID
 70
0
  0
ATTRIB
  5
DB5
330
17
100
AcDbEntity
  8
0
 60
1
100
AcDbText
 10
1.775
 20
36.125
 30
0.0
 40
0.18
  1
Калина обыкновенная
 11
1.775
 21
36.125
 31
0.0
100
AcDbAttribute
  2
PORODA
 70
0
  0
ATTRIB
  5
DB6
330
17
100
AcDbEntity
  8
0
 60
1
100
AcDbText
 10
1.775
 20
36.125
 30
0.0
 40
0.18
  1
Газопровод: норма 1.0 м, факт 2.0 м (СП 42.13330.2016, таблица 9.1; 743-ПП п. 3.6.3; 623-ПП п. 4.2.4)
 11
1.775
 21
36.125
 31
0.0
100
AcDbAttribute
  2
NORMA
 70
0
  0
SEQEND
  5
DB3
330
DB2
100
AcDbEntity
  8
GREEN_AI_SHRUBS
  0
INSERT
  5
DB7
330
17
100
AcDbEntity
  8
GREEN_AI_SHRUBS
100
AcDbBlockReference
 66
1
  2
GREEN_AI_SHRUB
 10
2.625
 20
36.125
 30
0.0
  0
ATTRIB
  5
DB9
330
17
100
AcDbEntity
  8
0
 60
1
100
AcDbText
 10
3.775
 20
36.125
 30
0.0
 40
0.18
  1
S-0588
 11
3.775
 21
36.125
 31
0.0
100
AcDbAttribute
  2
ID
 70
0
  0
ATTRIB
  5
DBA
330
17
100
AcDbEntity
  8
0
 60
1
100
AcDbText
 10
3.775
 20
36.125
 30
0.0
 40
0.18
  1
Калина обыкновенная
 11
3.775
 21
36.125
 31
0.0
100
AcDbAttribute
  2
PORODA
 70
0
  0
ATTRIB
  5
DBB
330
17
100
AcDbEntity
  8
0
 60
1
100
AcDbText
 10
3.775
 20
36.125
 30
0.0
 40
0.18
  1
Газопровод: норма 1.0 м, факт 2.0 м (СП 42.13330.2016, таблица 9.1; 743-ПП п. 3.6.3; 623-ПП п. 4.2.4)
 11
3.775
 21
36.125
 31
0.0
100
AcDbAttribute
  2
NORMA
 70
0
  0
SEQEND
  5
DB8
330
DB7
100
AcDbEntity
  8
GREEN_AI_SHRUBS
  0
INSERT
  5
DBC
330
17
100
AcDbEntity
  8
GREEN_AI_SHRUBS
100
AcDbBlockReference
 66
1
  2
GREEN_AI_SHRUB
 10
4.625
 20
36.125
 30
0.0
  0
ATTRIB
  5
DBE
330
17
100
AcDbEntity
  8
0
 60
1
100
AcDbText
 10
5.775
 20
36.125
 30
0.0
 40
0.18
  1
S-0589
 11
5.775
 21
36.125
 31
0.0
100
AcDbAttribute
  2
ID
 70
0
  0
ATTRIB
  5
DBF
330
17
100
AcDbEntity
  8
0
 60
1
100
AcDbText
 10
5.775
 20
36.125
 30
0.0
 40
0.18
  1
Калина обыкновенная
 11
5.775
 21
36.125
 31
0.0
100
AcDbAttribute
  2
PORODA
 70
0
  0
ATTRIB
  5
DC0
330
17
100
AcDbEntity
  8
0
 60
1
100
AcDbText
 10
5.775
 20
36.125
 30
0.0
 40
0.18
  1
Газопровод: норма 1.0 м, факт 2.0 м (СП 42.13330.2016, таблица 9.1; 743-ПП п. 3.6.3; 623-ПП п. 4.2.4)
 11
5.775
 21
36.125
 31
0.0
100
AcDbAttribute
  2
NORMA
 70
0
  0
SEQEND
  5
DBD
330
DBC
100
AcDbEntity
  8
GREEN_AI_SHRUBS
  0
INSERT
  5
DC1
330
17
100
AcDbEntity
  8
GREEN_AI_SHRUBS
100
AcDbBlockReference
 66
1
  2
GREEN_AI_SHRUB
 10
6.625
 20
36.125
 30
0.0
  0
ATTRIB
  5
DC3
330
17
100
AcDbEntity
  8
0
 60
1
100
AcDbText
 10
7.775
 20
36.125
 30
0.0
 40
0.18
  1
S-0590
 11
7.775
 21
36.125
 31
0.0
100
AcDbAttribute
  2
ID
 70
0
  0
ATTRIB
  5
DC4
330
17
100
AcDbEntity
  8
0
 60
1
100
AcDbText
 10
7.775
 20
36.125
 30
0.0
 40
0.18
  1
Калина обыкновенная
 11
7.775
 21
36.125
 31
0.0
100
AcDbAttribute
  2
PORODA
 70
0
  0
ATTRIB
  5
DC5
330
17
100
AcDbEntity
  8
0
 60
1
100
AcDbText
 10
7.775
 20
36.125
 30
0.0
 40
0.18
  1
Газопровод: норма 1.0 м, факт 2.0 м (СП 42.13330.2016, таблица 9.1; 743-ПП п. 3.6.3; 623-ПП п. 4.2.4)
 11
7.775
 21
36.125
 31
0.0
100
AcDbAttribute
  2
NORMA
 70
0
  0
SEQEND
  5
DC2
330
DC1
100
AcDbEntity
  8
GREEN_AI_SHRUBS
  0
INSERT
  5
DC6
330
17
100
AcDbEntity
  8
GREEN_AI_SHRUBS
100
AcDbBlockReference
 66
1
  2
GREEN_AI_SHRUB
 10
8.625
 20
36.125
 30
0.0
  0
ATTRIB
  5
DC8
330
17
100
AcDbEntity
  8
0
 60
1
100
AcDbText
 10
9.775
 20
36.125
 30
0.0
 40
0.18
  1
S-0591
 11
9.775
 21
36.125
 31
0.0
100
AcDbAttribute
  2
ID
 70
0
  0
ATTRIB
  5
DC9
330
17
100
AcDbEntity
  8
0
 60
1
100
AcDbText
 10
9.775
 20
36.125
 30
0.0
 40
0.18
  1
Калина обыкновенная
 11
9.775
 21
36.125
 31
0.0
100
AcDbAttribute
  2
PORODA
 70
0
  0
ATTRIB
  5
DCA
330
17
100
AcDbEntity
  8
0
 60
1
100
AcDbText
 10
9.775
 20
36.125
 30
0.0
 40
0.18
  1
Газопровод: норма 1.0 м, факт 2.0 м (СП 42.13330.2016, таблица 9.1; 743-ПП п. 3.6.3; 623-ПП п. 4.2.4)
 11
9.775
 21
36.125
 31
0.0
100
AcDbAttribute
  2
NORMA
 70
0
  0
SEQEND
  5
DC7
330
DC6
100
AcDbEntity
  8
GREEN_AI_SHRUBS
  0
INSERT
  5
DCB
330
17
100
AcDbEntity
  8
GREEN_AI_SHRUBS
100
AcDbBlockReference
 66
1
  2
GREEN_AI_SHRUB
 10
10.625
 20
36.125
 30
0.0
  0
ATTRIB
  5
DCD
330
17
100
AcDbEntity
  8
0
 60
1
100
AcDbText
 10
11.775
 20
36.125
 30
0.0
 40
0.18
  1
S-0592
 11
11.775
 21
36.125
 31
0.0
100
AcDbAttribute
  2
ID
 70
0
  0
ATTRIB
  5
DCE
330
17
100
AcDbEntity
  8
0
 60
1
100
AcDbText
 10
11.775
 20
36.125
 30
0.0
 40
0.18
  1
Калина обыкновенная
 11
11.775
 21
36.125
 31
0.0
100
AcDbAttribute
  2
PORODA
 70
0
  0
ATTRIB
  5
DCF
330
17
100
AcDbEntity
  8
0
 60
1
100
AcDbText
 10
11.775
 20
36.125
 30
0.0
 40
0.18
  1
Газопровод: норма 1.0 м, факт 2.0 м (СП 42.13330.2016, таблица 9.1; 743-ПП п. 3.6.3; 623-ПП п. 4.2.4)
 11
11.775
 21
36.125
 31
0.0
100
AcDbAttribute
  2
NORMA
 70
0
  0
SEQEND
  5
DCC
330
DCB
100
AcDbEntity
  8
GREEN_AI_SHRUBS
  0
INSERT
  5
DD0
330
17
100
AcDbEntity
  8
GREEN_AI_SHRUBS
100
AcDbBlockReference
 66
1
  2
GREEN_AI_SHRUB
 10
12.625
 20
36.125
 30
0.0
  0
ATTRIB
  5
DD2
330
17
100
AcDbEntity
  8
0
 60
1
100
AcDbText
 10
13.775
 20
36.125
 30
0.0
 40
0.18
  1
S-0593
 11
13.775
 21
36.125
 31
0.0
100
AcDbAttribute
  2
ID
 70
0
  0
ATTRIB
  5
DD3
330
17
100
AcDbEntity
  8
0
 60
1
100
AcDbText
 10
13.775
 20
36.125
 30
0.0
 40
0.18
  1
Калина обыкновенная
 11
13.775
 21
36.125
 31
0.0
100
AcDbAttribute
  2
PORODA
 70
0
  0
ATTRIB
  5
DD4
330
17
100
AcDbEntity
  8
0
 60
1
100
AcDbText
 10
13.775
 20
36.125
 30
0.0
 40
0.18
  1
Газопровод: норма 1.0 м, факт 2.0 м (СП 42.13330.2016, таблица 9.1; 743-ПП п. 3.6.3; 623-ПП п. 4.2.4)
 11
13.775
 21
36.125
 31
0.0
100
AcDbAttribute
  2
NORMA
 70
0
  0
SEQEND
  5
DD1
330
DD0
100
AcDbEntity
  8
GREEN_AI_SHRUBS
  0
INSERT
  5
DD5
330
17
100
AcDbEntity
  8
GREEN_AI_SHRUBS
100
AcDbBlockReference
 66
1
  2
GREEN_AI_SHRUB
 10
14.625
 20
36.125
 30
0.0
  0
ATTRIB
  5
DD7
330
17
100
AcDbEntity
  8
0
 60
1
100
AcDbText
 10
15.775
 20
36.125
 30
0.0
 40
0.18
  1
S-0594
 11
15.775
 21
36.125
 31
0.0
100
AcDbAttribute
  2
ID
 70
0
  0
ATTRIB
  5
DD8
330
17
100
AcDbEntity
  8
0
 60
1
100
AcDbText
 10
15.775
 20
36.125
 30
0.0
 40
0.18
  1
Калина обыкновенная
 11
15.775
 21
36.125
 31
0.0
100
AcDbAttribute
  2
PORODA
 70
0
  0
ATTRIB
  5
DD9
330
17
100
AcDbEntity
  8
0
 60
1
100
AcDbText
 10
15.775
 20
36.125
 30
0.0
 40
0.18
  1
Газопровод: норма 1.0 м, факт 2.0 м (СП 42.13330.2016, таблица 9.1; 743-ПП п. 3.6.3; 623-ПП п. 4.2.4)
 11
15.775
 21
36.125
 31
0.0
100
AcDbAttribute
  2
NORMA
 70
0
  0
SEQEND
  5
DD6
330
DD5
100
AcDbEntity
  8
GREEN_AI_SHRUBS
  0
INSERT
  5
DDA
330
17
100
AcDbEntity
  8
GREEN_AI_SHRUBS
100
AcDbBlockReference
 66
1
  2
GREEN_AI_SHRUB
 10
16.625
 20
36.125
 30
0.0
  0
ATTRIB
  5
DDC
330
17
100
AcDbEntity
  8
0
 60
1
100
AcDbText
 10
17.775
 20
36.125
 30
0.0
 40
0.18
  1
S-0595
 11
17.775
 21
36.125
 31
0.0
100
AcDbAttribute
  2
ID
 70
0
  0
ATTRIB
  5
DDD
330
17
100
AcDbEntity
  8
0
 60
1
100
AcDbText
 10
17.775
 20
36.125
 30
0.0
 40
0.18
  1
Калина обыкновенная
 11
17.775
 21
36.125
 31
0.0
100
AcDbAttribute
  2
PORODA
 70
0
  0
ATTRIB
  5
DDE
330
17
100
AcDbEntity
  8
0
 60
1
100
AcDbText
 10
17.775
 20
36.125
 30
0.0
 40
0.18
  1
Газопровод: норма 1.0 м, факт 2.0 м (СП 42.13330.2016, таблица 9.1; 743-ПП п. 3.6.3; 623-ПП п. 4.2.4)
 11
17.775
 21
36.125
 31
0.0
100
AcDbAttribute
  2
NORMA
 70
0
  0
SEQEND
  5
DDB
330
DDA
100
AcDbEntity
  8
GREEN_AI_SHRUBS
  0
INSERT
  5
DDF
330
17
100
AcDbEntity
  8
GREEN_AI_SHRUBS
100
AcDbBlockReference
 66
1
  2
GREEN_AI_SHRUB
 10
18.625
 20
36.125
 30
0.0
  0
ATTRIB
  5
DE1
330
17
100
AcDbEntity
  8
0
 60
1
100
AcDbText
 10
19.775
 20
36.125
 30
0.0
 40
0.18
  1
S-0596
 11
19.775
 21
36.125
 31
0.0
100
AcDbAttribute
  2
ID
 70
0
  0
ATTRIB
  5
DE2
330
17
100
AcDbEntity
  8
0
 60
1
100
AcDbText
 10
19.775
 20
36.125
 30
0.0
 40
0.18
  1
Калина обыкновенная
 11
19.775
 21
36.125
 31
0.0
100
AcDbAttribute
  2
PORODA
 70
0
  0
ATTRIB
  5
DE3
330
17
100
AcDbEntity
  8
0
 60
1
100
AcDbText
 10
19.775
 20
36.125
 30
0.0
 40
0.18
  1
Газопровод: норма 1.0 м, факт 2.0 м (СП 42.13330.2016, таблица 9.1; 743-ПП п. 3.6.3; 623-ПП п. 4.2.4)
 11
19.775
 21
36.125
 31
0.0
100
AcDbAttribute
  2
NORMA
 70
0
  0
SEQEND
  5
DE0
330
DDF
100
AcDbEntity
  8
GREEN_AI_SHRUBS
  0
INSERT
  5
DE4
330
17
100
AcDbEntity
  8
GREEN_AI_SHRUBS
100
AcDbBlockReference
 66
1
  2
GREEN_AI_SHRUB
 10
20.625
 20
36.125
 30
0.0
  0
ATTRIB
  5
DE6
330
17
100
AcDbEntity
  8
0
 60
1
100
AcDbText
 10
21.775
 20
36.125
 30
0.0
 40
0.18
  1
S-0597
 11
21.775
 21
36.125
 31
0.0
100
AcDbAttribute
  2
ID
 70
0
  0
ATTRIB
  5
DE7
330
17
100
AcDbEntity
  8
0
 60
1
100
AcDbText
 10
21.775
 20
36.125
 30
0.0
 40
0.18
  1
Калина обыкновенная
 11
21.775
 21
36.125
 31
0.0
100
AcDbAttribute
  2
PORODA
 70
0
  0
ATTRIB
  5
DE8
330
17
100
AcDbEntity
  8
0
 60
1
100
AcDbText
 10
21.775
 20
36.125
 30
0.0
 40
0.18
  1
Газопровод: норма 1.0 м, факт 2.0 м (СП 42.13330.2016, таблица 9.1; 743-ПП п. 3.6.3; 623-ПП п. 4.2.4)
 11
21.775
 21
36.125
 31
0.0
100
AcDbAttribute
  2
NORMA
 70
0
  0
SEQEND
  5
DE5
330
DE4
100
AcDbEntity
  8
GREEN_AI_SHRUBS
  0
INSERT
  5
DE9
330
17
100
AcDbEntity
  8
GREEN_AI_SHRUBS
100
AcDbBlockReference
 66
1
  2
GREEN_AI_SHRUB
 10
22.625
 20
36.125
 30
0.0
  0
ATTRIB
  5
DEB
330
17
100
AcDbEntity
  8
0
 60
1
100
AcDbText
 10
23.775
 20
36.125
 30
0.0
 40
0.18
  1
S-0598
 11
23.775
 21
36.125
 31
0.0
100
AcDbAttribute
  2
ID
 70
0
  0
ATTRIB
  5
DEC
330
17
100
AcDbEntity
  8
0
 60
1
100
AcDbText
 10
23.775
 20
36.125
 30
0.0
 40
0.18
  1
Калина обыкновенная
 11
23.775
 21
36.125
 31
0.0
100
AcDbAttribute
  2
PORODA
 70
0
  0
ATTRIB
  5
DED
330
17
100
AcDbEntity
  8
0
 60
1
100
AcDbText
 10
23.775
 20
36.125
 30
0.0
 40
0.18
  1
Газопровод: норма 1.0 м, факт 2.0 м (СП 42.13330.2016, таблица 9.1; 743-ПП п. 3.6.3; 623-ПП п. 4.2.4)
 11
23.775
 21
36.125
 31
0.0
100
AcDbAttribute
  2
NORMA
 70
0
  0
SEQEND
  5
DEA
330
DE9
100
AcDbEntity
  8
GREEN_AI_SHRUBS
  0
INSERT
  5
DEE
330
17
100
AcDbEntity
  8
GREEN_AI_SHRUBS
100
AcDbBlockReference
 66
1
  2
GREEN_AI_SHRUB
 10
24.625
 20
36.125
 30
0.0
  0
ATTRIB
  5
DF0
330
17
100
AcDbEntity
  8
0
 60
1
100
AcDbText
 10
25.775
 20
36.125
 30
0.0
 40
0.18
  1
S-0599
 11
25.775
 21
36.125
 31
0.0
100
AcDbAttribute
  2
ID
 70
0
  0
ATTRIB
  5
DF1
330
17
100
AcDbEntity
  8
0
 60
1
100
AcDbText
 10
25.775
 20
36.125
 30
0.0
 40
0.18
  1
Калина обыкновенная
 11
25.775
 21
36.125
 31
0.0
100
AcDbAttribute
  2
PORODA
 70
0
  0
ATTRIB
  5
DF2
330
17
100
AcDbEntity
  8
0
 60
1
100
AcDbText
 10
25.775
 20
36.125
 30
0.0
 40
0.18
  1
Газопровод: норма 1.0 м, факт 2.0 м (СП 42.13330.2016, таблица 9.1; 743-ПП п. 3.6.3; 623-ПП п. 4.2.4)
 11
25.775
 21
36.125
 31
0.0
100
AcDbAttribute
  2
NORMA
 70
0
  0
SEQEND
  5
DEF
330
DEE
100
AcDbEntity
  8
GREEN_AI_SHRUBS
  0
INSERT
  5
DF3
330
17
100
AcDbEntity
  8
GREEN_AI_SHRUBS
100
AcDbBlockReference
 66
1
  2
GREEN_AI_SHRUB
 10
26.625
 20
36.125
 30
0.0
  0
ATTRIB
  5
DF5
330
17
100
AcDbEntity
  8
0
 60
1
100
AcDbText
 10
27.775
 20
36.125
 30
0.0
 40
0.18
  1
S-0600
 11
27.775
 21
36.125
 31
0.0
100
AcDbAttribute
  2
ID
 70
0
  0
ATTRIB
  5
DF6
330
17
100
AcDbEntity
  8
0
 60
1
100
AcDbText
 10
27.775
 20
36.125
 30
0.0
 40
0.18
  1
Калина обыкновенная
 11
27.775
 21
36.125
 31
0.0
100
AcDbAttribute
  2
PORODA
 70
0
  0
ATTRIB
  5
DF7
330
17
100
AcDbEntity
  8
0
 60
1
100
AcDbText
 10
27.775
 20
36.125
 30
0.0
 40
0.18
  1
Газопровод: норма 1.0 м, факт 2.0 м (СП 42.13330.2016, таблица 9.1; 743-ПП п. 3.6.3; 623-ПП п. 4.2.4)
 11
27.775
 21
36.125
 31
0.0
100
AcDbAttribute
  2
NORMA
 70
0
  0
SEQEND
  5
DF4
330
DF3
100
AcDbEntity
  8
GREEN_AI_SHRUBS
  0
INSERT
  5
DF8
330
17
100
AcDbEntity
  8
GREEN_AI_SHRUBS
100
AcDbBlockReference
 66
1
  2
GREEN_AI_SHRUB
 10
28.625
 20
36.125
 30
0.0
  0
ATTRIB
  5
DFA
330
17
100
AcDbEntity
  8
0
 60
1
100
AcDbText
 10
29.775
 20
36.125
 30
0.0
 40
0.18
  1
S-0601
 11
29.775
 21
36.125
 31
0.0
100
AcDbAttribute
  2
ID
 70
0
  0
ATTRIB
  5
DFB
330
17
100
AcDbEntity
  8
0
 60
1
100
AcDbText
 10
29.775
 20
36.125
 30
0.0
 40
0.18
  1
Бузина красная
 11
29.775
 21
36.125
 31
0.0
100
AcDbAttribute
  2
PORODA
 70
0
  0
ATTRIB
  5
DFC
330
17
100
AcDbEntity
  8
0
 60
1
100
AcDbText
 10
29.775
 20
36.125
 30
0.0
 40
0.18
  1
Газопровод: норма 1.0 м, факт 2.0 м (СП 42.13330.2016, таблица 9.1; 743-ПП п. 3.6.3; 623-ПП п. 4.2.4)
 11
29.775
 21
36.125
 31
0.0
100
AcDbAttribute
  2
NORMA
 70
0
  0
SEQEND
  5
DF9
330
DF8
100
AcDbEntity
  8
GREEN_AI_SHRUBS
  0
INSERT
  5
DFD
330
17
100
AcDbEntity
  8
GREEN_AI_SHRUBS
100
AcDbBlockReference
 66
1
  2
GREEN_AI_SHRUB
 10
30.625
 20
36.125
 30
0.0
  0
ATTRIB
  5
DFF
330
17
100
AcDbEntity
  8
0
 60
1
100
AcDbText
 10
31.775
 20
36.125
 30
0.0
 40
0.18
  1
S-0602
 11
31.775
 21
36.125
 31
0.0
100
AcDbAttribute
  2
ID
 70
0
  0
ATTRIB
  5
E00
330
17
100
AcDbEntity
  8
0
 60
1
100
AcDbText
 10
31.775
 20
36.125
 30
0.0
 40
0.18
  1
Бузина красная
 11
31.775
 21
36.125
 31
0.0
100
AcDbAttribute
  2
PORODA
 70
0
  0
ATTRIB
  5
E01
330
17
100
AcDbEntity
  8
0
 60
1
100
AcDbText
 10
31.775
 20
36.125
 30
0.0
 40
0.18
  1
Газопровод: норма 1.0 м, факт 2.0 м (СП 42.13330.2016, таблица 9.1; 743-ПП п. 3.6.3; 623-ПП п. 4.2.4)
 11
31.775
 21
36.125
 31
0.0
100
AcDbAttribute
  2
NORMA
 70
0
  0
SEQEND
  5
DFE
330
DFD
100
AcDbEntity
  8
GREEN_AI_SHRUBS
  0
INSERT
  5
E02
330
17
100
AcDbEntity
  8
GREEN_AI_SHRUBS
100
AcDbBlockReference
 66
1
  2
GREEN_AI_SHRUB
 10
32.625
 20
36.125
 30
0.0
  0
ATTRIB
  5
E04
330
17
100
AcDbEntity
  8
0
 60
1
100
AcDbText
 10
33.775
 20
36.125
 30
0.0
 40
0.18
  1
S-0603
 11
33.775
 21
36.125
 31
0.0
100
AcDbAttribute
  2
ID
 70
0
  0
ATTRIB
  5
E05
330
17
100
AcDbEntity
  8
0
 60
1
100
AcDbText
 10
33.775
 20
36.125
 30
0.0
 40
0.18
  1
Бузина красная
 11
33.775
 21
36.125
 31
0.0
100
AcDbAttribute
  2
PORODA
 70
0
  0
ATTRIB
  5
E06
330
17
100
AcDbEntity
  8
0
 60
1
100
AcDbText
 10
33.775
 20
36.125
 30
0.0
 40
0.18
  1
Газопровод: норма 1.0 м, факт 2.0 м (СП 42.13330.2016, таблица 9.1; 743-ПП п. 3.6.3; 623-ПП п. 4.2.4)
 11
33.775
 21
36.125
 31
0.0
100
AcDbAttribute
  2
NORMA
 70
0
  0
SEQEND
  5
E03
330
E02
100
AcDbEntity
  8
GREEN_AI_SHRUBS
  0
INSERT
  5
E07
330
17
100
AcDbEntity
  8
GREEN_AI_SHRUBS
100
AcDbBlockReference
 66
1
  2
GREEN_AI_SHRUB
 10
34.625
 20
36.125
 30
0.0
  0
ATTRIB
  5
E09
330
17
100
AcDbEntity
  8
0
 60
1
100
AcDbText
 10
35.775
 20
36.125
 30
0.0
 40
0.18
  1
S-0604
 11
35.775
 21
36.125
 31
0.0
100
AcDbAttribute
  2
ID
 70
0
  0
ATTRIB
  5
E0A
330
17
100
AcDbEntity
  8
0
 60
1
100
AcDbText
 10
35.775
 20
36.125
 30
0.0
 40
0.18
  1
Бузина красная
 11
35.775
 21
36.125
 31
0.0
100
AcDbAttribute
  2
PORODA
 70
0
  0
ATTRIB
  5
E0B
330
17
100
AcDbEntity
  8
0
 60
1
100
AcDbText
 10
35.775
 20
36.125
 30
0.0
 40
0.18
  1
Газопровод: норма 1.0 м, факт 2.0 м (СП 42.13330.2016, таблица 9.1; 743-ПП п. 3.6.3; 623-ПП п. 4.2.4)
 11
35.775
 21
36.125
 31
0.0
100
AcDbAttribute
  2
NORMA
 70
0
  0
SEQEND
  5
E08
330
E07
100
AcDbEntity
  8
GREEN_AI_SHRUBS
  0
INSERT
  5
E0C
330
17
100
AcDbEntity
  8
GREEN_AI_SHRUBS
100
AcDbBlockReference
 66
1
  2
GREEN_AI_SHRUB
 10
36.625
 20
36.125
 30
0.0
  0
ATTRIB
  5
E0E
330
17
100
AcDbEntity
  8
0
 60
1
100
AcDbText
 10
37.775
 20
36.125
 30
0.0
 40
0.18
  1
S-0605
 11
37.775
 21
36.125
 31
0.0
100
AcDbAttribute
  2
ID
 70
0
  0
ATTRIB
  5
E0F
330
17
100
AcDbEntity
  8
0
 60
1
100
AcDbText
 10
37.775
 20
36.125
 30
0.0
 40
0.18
  1
Бузина красная
 11
37.775
 21
36.125
 31
0.0
100
AcDbAttribute
  2
PORODA
 70
0
  0
ATTRIB
  5
E10
330
17
100
AcDbEntity
  8
0
 60
1
100
AcDbText
 10
37.775
 20
36.125
 30
0.0
 40
0.18
  1
Газопровод: норма 1.0 м, факт 2.0 м (СП 42.13330.2016, таблица 9.1; 743-ПП п. 3.6.3; 623-ПП п. 4.2.4)
 11
37.775
 21
36.125
 31
0.0
100
AcDbAttribute
  2
NORMA
 70
0
  0
SEQEND
  5
E0D
330
E0C
100
AcDbEntity
  8
GREEN_AI_SHRUBS
  0
INSERT
  5
E11
330
17
100
AcDbEntity
  8
GREEN_AI_SHRUBS
100
AcDbBlockReference
 66
1
  2
GREEN_AI_SHRUB
 10
38.625
 20
36.125
 30
0.0
  0
ATTRIB
  5
E13
330
17
100
AcDbEntity
  8
0
 60
1
100
AcDbText
 10
39.775
 20
36.125
 30
0.0
 40
0.18
  1
S-0606
 11
39.775
 21
36.125
 31
0.0
100
AcDbAttribute
  2
ID
 70
0
  0
ATTRIB
  5
E14
330
17
100
AcDbEntity
  8
0
 60
1
100
AcDbText
 10
39.775
 20
36.125
 30
0.0
 40
0.18
  1
Бузина красная
 11
39.775
 21
36.125
 31
0.0
100
AcDbAttribute
  2
PORODA
 70
0
  0
ATTRIB
  5
E15
330
17
100
AcDbEntity
  8
0
 60
1
100
AcDbText
 10
39.775
 20
36.125
 30
0.0
 40
0.18
  1
Газопровод: норма 1.0 м, факт 2.0 м (СП 42.13330.2016, таблица 9.1; 743-ПП п. 3.6.3; 623-ПП п. 4.2.4)
 11
39.775
 21
36.125
 31
0.0
100
AcDbAttribute
  2
NORMA
 70
0
  0
SEQEND
  5
E12
330
E11
100
AcDbEntity
  8
GREEN_AI_SHRUBS
  0
INSERT
  5
E16
330
17
100
AcDbEntity
  8
GREEN_AI_SHRUBS
100
AcDbBlockReference
 66
1
  2
GREEN_AI_SHRUB
 10
40.625
 20
36.125
 30
0.0
  0
ATTRIB
  5
E18
330
17
100
AcDbEntity
  8
0
 60
1
100
AcDbText
 10
41.775
 20
36.125
 30
0.0
 40
0.18
  1
S-0607
 11
41.775
 21
36.125
 31
0.0
100
AcDbAttribute
  2
ID
 70
0
  0
ATTRIB
  5
E19
330
17
100
AcDbEntity
  8
0
 60
1
100
AcDbText
 10
41.775
 20
36.125
 30
0.0
 40
0.18
  1
Бузина красная
 11
41.775
 21
36.125
 31
0.0
100
AcDbAttribute
  2
PORODA
 70
0
  0
ATTRIB
  5
E1A
330
17
100
AcDbEntity
  8
0
 60
1
100
AcDbText
 10
41.775
 20
36.125
 30
0.0
 40
0.18
  1
Газопровод: норма 1.0 м, факт 2.0 м (СП 42.13330.2016, таблица 9.1; 743-ПП п. 3.6.3; 623-ПП п. 4.2.4)
 11
41.775
 21
36.125
 31
0.0
100
AcDbAttribute
  2
NORMA
 70
0
  0
SEQEND
  5
E17
330
E16
100
AcDbEntity
  8
GREEN_AI_SHRUBS
  0
INSERT
  5
E1B
330
17
100
AcDbEntity
  8
GREEN_AI_SHRUBS
100
AcDbBlockReference
 66
1
  2
GREEN_AI_SHRUB
 10
42.625
 20
36.125
 30
0.0
  0
ATTRIB
  5
E1D
330
17
100
AcDbEntity
  8
0
 60
1
100
AcDbText
 10
43.775
 20
36.125
 30
0.0
 40
0.18
  1
S-0608
 11
43.775
 21
36.125
 31
0.0
100
AcDbAttribute
  2
ID
 70
0
  0
ATTRIB
  5
E1E
330
17
100
AcDbEntity
  8
0
 60
1
100
AcDbText
 10
43.775
 20
36.125
 30
0.0
 40
0.18
  1
Бузина красная
 11
43.775
 21
36.125
 31
0.0
100
AcDbAttribute
  2
PORODA
 70
0
  0
ATTRIB
  5
E1F
330
17
100
AcDbEntity
  8
0
 60
1
100
AcDbText
 10
43.775
 20
36.125
 30
0.0
 40
0.18
  1
Газопровод: норма 1.0 м, факт 2.0 м (СП 42.13330.2016, таблица 9.1; 743-ПП п. 3.6.3; 623-ПП п. 4.2.4)
 11
43.775
 21
36.125
 31
0.0
100
AcDbAttribute
  2
NORMA
 70
0
  0
SEQEND
  5
E1C
330
E1B
100
AcDbEntity
  8
GREEN_AI_SHRUBS
  0
INSERT
  5
E20
330
17
100
AcDbEntity
  8
GREEN_AI_SHRUBS
100
AcDbBlockReference
 66
1
  2
GREEN_AI_SHRUB
 10
44.625
 20
36.125
 30
0.0
  0
ATTRIB
  5
E22
330
17
100
AcDbEntity
  8
0
 60
1
100
AcDbText
 10
45.775
 20
36.125
 30
0.0
 40
0.18
  1
S-0609
 11
45.775
 21
36.125
 31
0.0
100
AcDbAttribute
  2
ID
 70
0
  0
ATTRIB
  5
E23
330
17
100
AcDbEntity
  8
0
 60
1
100
AcDbText
 10
45.775
 20
36.125
 30
0.0
 40
0.18
  1
Бузина красная
 11
45.775
 21
36.125
 31
0.0
100
AcDbAttribute
  2
PORODA
 70
0
  0
ATTRIB
  5
E24
330
17
100
AcDbEntity
  8
0
 60
1
100
AcDbText
 10
45.775
 20
36.125
 30
0.0
 40
0.18
  1
Газопровод: норма 1.0 м, факт 2.0 м (СП 42.13330.2016, таблица 9.1; 743-ПП п. 3.6.3; 623-ПП п. 4.2.4)
 11
45.775
 21
36.125
 31
0.0
100
AcDbAttribute
  2
NORMA
 70
0
  0
SEQEND
  5
E21
330
E20
100
AcDbEntity
  8
GREEN_AI_SHRUBS
  0
INSERT
  5
E25
330
17
100
AcDbEntity
  8
GREEN_AI_SHRUBS
100
AcDbBlockReference
 66
1
  2
GREEN_AI_SHRUB
 10
46.625
 20
36.125
 30
0.0
  0
ATTRIB
  5
E27
330
17
100
AcDbEntity
  8
0
 60
1
100
AcDbText
 10
47.775
 20
36.125
 30
0.0
 40
0.18
  1
S-0610
 11
47.775
 21
36.125
 31
0.0
100
AcDbAttribute
  2
ID
 70
0
  0
ATTRIB
  5
E28
330
17
100
AcDbEntity
  8
0
 60
1
100
AcDbText
 10
47.775
 20
36.125
 30
0.0
 40
0.18
  1
Бузина красная
 11
47.775
 21
36.125
 31
0.0
100
AcDbAttribute
  2
PORODA
 70
0
  0
ATTRIB
  5
E29
330
17
100
AcDbEntity
  8
0
 60
1
100
AcDbText
 10
47.775
 20
36.125
 30
0.0
 40
0.18
  1
Газопровод: норма 1.0 м, факт 2.0 м (СП 42.13330.2016, таблица 9.1; 743-ПП п. 3.6.3; 623-ПП п. 4.2.4)
 11
47.775
 21
36.125
 31
0.0
100
AcDbAttribute
  2
NORMA
 70
0
  0
SEQEND
  5
E26
330
E25
100
AcDbEntity
  8
GREEN_AI_SHRUBS
  0
INSERT
  5
E2A
330
17
100
AcDbEntity
  8
GREEN_AI_SHRUBS
100
AcDbBlockReference
 66
1
  2
GREEN_AI_SHRUB
 10
48.625
 20
36.125
 30
0.0
  0
ATTRIB
  5
E2C
330
17
100
AcDbEntity
  8
0
 60
1
100
AcDbText
 10
49.775
 20
36.125
 30
0.0
 40
0.18
  1
S-0611
 11
49.775
 21
36.125
 31
0.0
100
AcDbAttribute
  2
ID
 70
0
  0
ATTRIB
  5
E2D
330
17
100
AcDbEntity
  8
0
 60
1
100
AcDbText
 10
49.775
 20
36.125
 30
0.0
 40
0.18
  1
Бузина красная
 11
49.775
 21
36.125
 31
0.0
100
AcDbAttribute
  2
PORODA
 70
0
  0
ATTRIB
  5
E2E
330
17
100
AcDbEntity
  8
0
 60
1
100
AcDbText
 10
49.775
 20
36.125
 30
0.0
 40
0.18
  1
Газопровод: норма 1.0 м, факт 2.0 м (СП 42.13330.2016, таблица 9.1; 743-ПП п. 3.6.3; 623-ПП п. 4.2.4)
 11
49.775
 21
36.125
 31
0.0
100
AcDbAttribute
  2
NORMA
 70
0
  0
SEQEND
  5
E2B
330
E2A
100
AcDbEntity
  8
GREEN_AI_SHRUBS
  0
INSERT
  5
E2F
330
17
100
AcDbEntity
  8
GREEN_AI_SHRUBS
100
AcDbBlockReference
 66
1
  2
GREEN_AI_SHRUB
 10
50.625
 20
36.125
 30
0.0
  0
ATTRIB
  5
E31
330
17
100
AcDbEntity
  8
0
 60
1
100
AcDbText
 10
51.775
 20
36.125
 30
0.0
 40
0.18
  1
S-0612
 11
51.775
 21
36.125
 31
0.0
100
AcDbAttribute
  2
ID
 70
0
  0
ATTRIB
  5
E32
330
17
100
AcDbEntity
  8
0
 60
1
100
AcDbText
 10
51.775
 20
36.125
 30
0.0
 40
0.18
  1
Бузина красная
 11
51.775
 21
36.125
 31
0.0
100
AcDbAttribute
  2
PORODA
 70
0
  0
ATTRIB
  5
E33
330
17
100
AcDbEntity
  8
0
 60
1
100
AcDbText
 10
51.775
 20
36.125
 30
0.0
 40
0.18
  1
Газопровод: норма 1.0 м, факт 2.0 м (СП 42.13330.2016, таблица 9.1; 743-ПП п. 3.6.3; 623-ПП п. 4.2.4)
 11
51.775
 21
36.125
 31
0.0
100
AcDbAttribute
  2
NORMA
 70
0
  0
SEQEND
  5
E30
330
E2F
100
AcDbEntity
  8
GREEN_AI_SHRUBS
  0
INSERT
  5
E34
330
17
100
AcDbEntity
  8
GREEN_AI_SHRUBS
100
AcDbBlockReference
 66
1
  2
GREEN_AI_SHRUB
 10
52.625
 20
36.125
 30
0.0
  0
ATTRIB
  5
E36
330
17
100
AcDbEntity
  8
0
 60
1
100
AcDbText
 10
53.775
 20
36.125
 30
0.0
 40
0.18
  1
S-0613
 11
53.775
 21
36.125
 31
0.0
100
AcDbAttribute
  2
ID
 70
0
  0
ATTRIB
  5
E37
330
17
100
AcDbEntity
  8
0
 60
1
100
AcDbText
 10
53.775
 20
36.125
 30
0.0
 40
0.18
  1
Бузина красная
 11
53.775
 21
36.125
 31
0.0
100
AcDbAttribute
  2
PORODA
 70
0
  0
ATTRIB
  5
E38
330
17
100
AcDbEntity
  8
0
 60
1
100
AcDbText
 10
53.775
 20
36.125
 30
0.0
 40
0.18
  1
Газопровод: норма 1.0 м, факт 2.0 м (СП 42.13330.2016, таблица 9.1; 743-ПП п. 3.6.3; 623-ПП п. 4.2.4)
 11
53.775
 21
36.125
 31
0.0
100
AcDbAttribute
  2
NORMA
 70
0
  0
SEQEND
  5
E35
330
E34
100
AcDbEntity
  8
GREEN_AI_SHRUBS
  0
INSERT
  5
E39
330
17
100
AcDbEntity
  8
GREEN_AI_SHRUBS
100
AcDbBlockReference
 66
1
  2
GREEN_AI_SHRUB
 10
56.875
 20
36.125
 30
0.0
  0
ATTRIB
  5
E3B
330
17
100
AcDbEntity
  8
0
 60
1
100
AcDbText
 10
58.025
 20
36.125
 30
0.0
 40
0.18
  1
S-0614
 11
58.025
 21
36.125
 31
0.0
100
AcDbAttribute
  2
ID
 70
0
  0
ATTRIB
  5
E3C
330
17
100
AcDbEntity
  8
0
 60
1
100
AcDbText
 10
58.025
 20
36.125
 30
0.0
 40
0.18
  1
Бузина красная
 11
58.025
 21
36.125
 31
0.0
100
AcDbAttribute
  2
PORODA
 70
0
  0
ATTRIB
  5
E3D
330
17
100
AcDbEntity
  8
0
 60
1
100
AcDbText
 10
58.025
 20
36.125
 30
0.0
 40
0.18
  1
Газопровод: норма 1.0 м, факт 2.0 м (СП 42.13330.2016, таблица 9.1; 743-ПП п. 3.6.3; 623-ПП п. 4.2.4)
 11
58.025
 21
36.125
 31
0.0
100
AcDbAttribute
  2
NORMA
 70
0
  0
SEQEND
  5
E3A
330
E39
100
AcDbEntity
  8
GREEN_AI_SHRUBS
  0
INSERT
  5
E3E
330
17
100
AcDbEntity
  8
GREEN_AI_SHRUBS
100
AcDbBlockReference
 66
1
  2
GREEN_AI_SHRUB
 10
82.125
 20
36.125
 30
0.0
  0
ATTRIB
  5
E40
330
17
100
AcDbEntity
  8
0
 60
1
100
AcDbText
 10
83.275
 20
36.125
 30
0.0
 40
0.18
  1
S-0615
 11
83.275
 21
36.125
 31
0.0
100
AcDbAttribute
  2
ID
 70
0
  0
ATTRIB
  5
E41
330
17
100
AcDbEntity
  8
0
 60
1
100
AcDbText
 10
83.275
 20
36.125
 30
0.0
 40
0.18
  1
Бузина красная
 11
83.275
 21
36.125
 31
0.0
100
AcDbAttribute
  2
PORODA
 70
0
  0
ATTRIB
  5
E42
330
17
100
AcDbEntity
  8
0
 60
1
100
AcDbText
 10
83.275
 20
36.125
 30
0.0
 40
0.18
  1
Канализация: норма 1.0 м, факт 2.0 м (СП 42.13330.2016, таблица 9.1; 743-ПП п. 3.6.3; 623-ПП п. 4.2.4)
 11
83.275
 21
36.125
 31
0.0
100
AcDbAttribute
  2
NORMA
 70
0
  0
SEQEND
  5
E3F
330
E3E
100
AcDbEntity
  8
GREEN_AI_SHRUBS
  0
INSERT
  5
E43
330
17
100
AcDbEntity
  8
GREEN_AI_SHRUBS
100
AcDbBlockReference
 66
1
  2
GREEN_AI_SHRUB
 10
54.375
 20
36.875
 30
0.0
  0
ATTRIB
  5
E45
330
17
100
AcDbEntity
  8
0
 60
1
100
AcDbText
 10
55.525
 20
36.875
 30
0.0
 40
0.18
  1
S-0616
 11
55.525
 21
36.875
 31
0.0
100
AcDbAttribute
  2
ID
 70
0
  0
ATTRIB
  5
E46
330
17
100
AcDbEntity
  8
0
 60
1
100
AcDbText
 10
55.525
 20
36.875
 30
0.0
 40
0.18
  1
Бузина красная
 11
55.525
 21
36.875
 31
0.0
100
AcDbAttribute
  2
PORODA
 70
0
  0
ATTRIB
  5
E47
330
17
100
AcDbEntity
  8
0
 60
1
100
AcDbText
 10
55.525
 20
36.875
 30
0.0
 40
0.18
  1
Существующее сохраняемое дерево (от ствола): норма 1.0 м, факт 1.9 м (Проектное допущение, смыкание крон, сохранение насаждений по ППМ № 743-ПП)
 11
55.525
 21
36.875
 31
0.0
100
AcDbAttribute
  2
NORMA
 70
0
  0
SEQEND
  5
E44
330
E43
100
AcDbEntity
  8
GREEN_AI_SHRUBS
  0
INSERT
  5
E48
330
17
100
AcDbEntity
  8
GREEN_AI_SHRUBS
100
AcDbBlockReference
 66
1
  2
GREEN_AI_SHRUB
 10
78.125
 20
37.125
 30
0.0
  0
ATTRIB
  5
E4A
330
17
100
AcDbEntity
  8
0
 60
1
100
AcDbText
 10
79.275
 20
37.125
 30
0.0
 40
0.18
  1
S-0617
 11
79.275
 21
37.125
 31
0.0
100
AcDbAttribute
  2
ID
 70
0
  0
ATTRIB
  5
E4B
330
17
100
AcDbEntity
  8
0
 60
1
100
AcDbText
 10
79.275
 20
37.125
 30
0.0
 40
0.18
  1
Бузина красная
 11
79.275
 21
37.125
 31
0.0
100
AcDbAttribute
  2
PORODA
 70
0
  0
ATTRIB
  5
E4C
330
17
100
AcDbEntity
  8
0
 60
1
100
AcDbText
 10
79.275
 20
37.125
 30
0.0
 40
0.18
  1
Канализация: норма 1.0 м, факт 2.0 м (СП 42.13330.2016, таблица 9.1; 743-ПП п. 3.6.3; 623-ПП п. 4.2.4)
 11
79.275
 21
37.125
 31
0.0
100
AcDbAttribute
  2
NORMA
 70
0
  0
SEQEND
  5
E49
330
E48
100
AcDbEntity
  8
GREEN_AI_SHRUBS
  0
INSERT
  5
E4D
330
17
100
AcDbEntity
  8
GREEN_AI_SHRUBS
100
AcDbBlockReference
 66
1
  2
GREEN_AI_SHRUB
 10
5.625
 20
37.625
 30
0.0
  0
ATTRIB
  5
E4F
330
17
100
AcDbEntity
  8
0
 60
1
100
AcDbText
 10
6.775
 20
37.625
 30
0.0
 40
0.18
  1
S-0618
 11
6.775
 21
37.625
 31
0.0
100
AcDbAttribute
  2
ID
 70
0
  0
ATTRIB
  5
E50
330
17
100
AcDbEntity
  8
0
 60
1
100
AcDbText
 10
6.775
 20
37.625
 30
0.0
 40
0.18
  1
Бузина красная
 11
6.775
 21
37.625
 31
0.0
100
AcDbAttribute
  2
PORODA
 70
0
  0
ATTRIB
  5
E51
330
17
100
AcDbEntity
  8
0
 60
1
100
AcDbText
 10
6.775
 20
37.625
 30
0.0
 40
0.18
  1
Газопровод: норма 1.0 м, факт 3.5 м (СП 42.13330.2016, таблица 9.1; 743-ПП п. 3.6.3; 623-ПП п. 4.2.4)
 11
6.775
 21
37.625
 31
0.0
100
AcDbAttribute
  2
NORMA
 70
0
  0
SEQEND
  5
E4E
330
E4D
100
AcDbEntity
  8
GREEN_AI_SHRUBS
  0
INSERT
  5
E52
330
17
100
AcDbEntity
  8
GREEN_AI_SHRUBS
100
AcDbBlockReference
 66
1
  2
GREEN_AI_SHRUB
 10
7.625
 20
37.625
 30
0.0
  0
ATTRIB
  5
E54
330
17
100
AcDbEntity
  8
0
 60
1
100
AcDbText
 10
8.775
 20
37.625
 30
0.0
 40
0.18
  1
S-0619
 11
8.775
 21
37.625
 31
0.0
100
AcDbAttribute
  2
ID
 70
0
  0
ATTRIB
  5
E55
330
17
100
AcDbEntity
  8
0
 60
1
100
AcDbText
 10
8.775
 20
37.625
 30
0.0
 40
0.18
  1
Бузина красная
 11
8.775
 21
37.625
 31
0.0
100
AcDbAttribute
  2
PORODA
 70
0
  0
ATTRIB
  5
E56
330
17
100
AcDbEntity
  8
0
 60
1
100
AcDbText
 10
8.775
 20
37.625
 30
0.0
 40
0.18
  1
Наружная стена здания и сооружения: норма 1.5 м, факт 3.54 м (СП 42.13330.2016, таблица 9.1; 743-ПП п. 3.6.3; 623-ПП п. 4.2.4)
 11
8.775
 21
37.625
 31
0.0
100
AcDbAttribute
  2
NORMA
 70
0
  0
SEQEND
  5
E53
330
E52
100
AcDbEntity
  8
GREEN_AI_SHRUBS
  0
INSERT
  5
E57
330
17
100
AcDbEntity
  8
GREEN_AI_SHRUBS
100
AcDbBlockReference
 66
1
  2
GREEN_AI_SHRUB
 10
9.625
 20
37.625
 30
0.0
  0
ATTRIB
  5
E59
330
17
100
AcDbEntity
  8
0
 60
1
100
AcDbText
 10
10.775
 20
37.625
 30
0.0
 40
0.18
  1
S-0620
 11
10.775
 21
37.625
 31
0.0
100
AcDbAttribute
  2
ID
 70
0
  0
ATTRIB
  5
E5A
330
17
100
AcDbEntity
  8
0
 60
1
100
AcDbText
 10
10.775
 20
37.625
 30
0.0
 40
0.18
  1
Бузина красная
 11
10.775
 21
37.625
 31
0.0
100
AcDbAttribute
  2
PORODA
 70
0
  0
ATTRIB
  5
E5B
330
17
100
AcDbEntity
  8
0
 60
1
100
AcDbText
 10
10.775
 20
37.625
 30
0.0
 40
0.18
  1
Наружная стена здания и сооружения: норма 1.5 м, факт 2.55 м (СП 42.13330.2016, таблица 9.1; 743-ПП п. 3.6.3; 623-ПП п. 4.2.4)
 11
10.775
 21
37.625
 31
0.0
100
AcDbAttribute
  2
NORMA
 70
0
  0
SEQEND
  5
E58
330
E57
100
AcDbEntity
  8
GREEN_AI_SHRUBS
  0
INSERT
  5
E5C
330
17
100
AcDbEntity
  8
GREEN_AI_SHRUBS
100
AcDbBlockReference
 66
1
  2
GREEN_AI_SHRUB
 10
11.625
 20
37.625
 30
0.0
  0
ATTRIB
  5
E5E
330
17
100
AcDbEntity
  8
0
 60
1
100
AcDbText
 10
12.775
 20
37.625
 30
0.0
 40
0.18
  1
S-0621
 11
12.775
 21
37.625
 31
0.0
100
AcDbAttribute
  2
ID
 70
0
  0
ATTRIB
  5
E5F
330
17
100
AcDbEntity
  8
0
 60
1
100
AcDbText
 10
12.775
 20
37.625
 30
0.0
 40
0.18
  1
Бузина красная
 11
12.775
 21
37.625
 31
0.0
100
AcDbAttribute
  2
PORODA
 70
0
  0
ATTRIB
  5
E60
330
17
100
AcDbEntity
  8
0
 60
1
100
AcDbText
 10
12.775
 20
37.625
 30
0.0
 40
0.18
  1
Наружная стена здания и сооружения: норма 1.5 м, факт 2.5 м (СП 42.13330.2016, таблица 9.1; 743-ПП п. 3.6.3; 623-ПП п. 4.2.4)
 11
12.775
 21
37.625
 31
0.0
100
AcDbAttribute
  2
NORMA
 70
0
  0
SEQEND
  5
E5D
330
E5C
100
AcDbEntity
  8
GREEN_AI_SHRUBS
  0
INSERT
  5
E61
330
17
100
AcDbEntity
  8
GREEN_AI_SHRUBS
100
AcDbBlockReference
 66
1
  2
GREEN_AI_SHRUB
 10
13.625
 20
37.625
 30
0.0
  0
ATTRIB
  5
E63
330
17
100
AcDbEntity
  8
0
 60
1
100
AcDbText
 10
14.775
 20
37.625
 30
0.0
 40
0.18
  1
S-0622
 11
14.775
 21
37.625
 31
0.0
100
AcDbAttribute
  2
ID
 70
0
  0
ATTRIB
  5
E64
330
17
100
AcDbEntity
  8
0
 60
1
100
AcDbText
 10
14.775
 20
37.625
 30
0.0
 40
0.18
  1
Бузина красная
 11
14.775
 21
37.625
 31
0.0
100
AcDbAttribute
  2
PORODA
 70
0
  0
ATTRIB
  5
E65
330
17
100
AcDbEntity
  8
0
 60
1
100
AcDbText
 10
14.775
 20
37.625
 30
0.0
 40
0.18
  1
Наружная стена здания и сооружения: норма 1.5 м, факт 2.5 м (СП 42.13330.2016, таблица 9.1; 743-ПП п. 3.6.3; 623-ПП п. 4.2.4)
 11
14.775
 21
37.625
 31
0.0
100
AcDbAttribute
  2
NORMA
 70
0
  0
SEQEND
  5
E62
330
E61
100
AcDbEntity
  8
GREEN_AI_SHRUBS
  0
INSERT
  5
E66
330
17
100
AcDbEntity
  8
GREEN_AI_SHRUBS
100
AcDbBlockReference
 66
1
  2
GREEN_AI_SHRUB
 10
15.625
 20
37.625
 30
0.0
  0
ATTRIB
  5
E68
330
17
100
AcDbEntity
  8
0
 60
1
100
AcDbText
 10
16.775
 20
37.625
 30
0.0
 40
0.18
  1
S-0623
 11
16.775
 21
37.625
 31
0.0
100
AcDbAttribute
  2
ID
 70
0
  0
ATTRIB
  5
E69
330
17
100
AcDbEntity
  8
0
 60
1
100
AcDbText
 10
16.775
 20
37.625
 30
0.0
 40
0.18
  1
Бузина красная
 11
16.775
 21
37.625
 31
0.0
100
AcDbAttribute
  2
PORODA
 70
0
  0
ATTRIB
  5
E6A
330
17
100
AcDbEntity
  8
0
 60
1
100
AcDbText
 10
16.775
 20
37.625
 30
0.0
 40
0.18
  1
Наружная стена здания и сооружения: норма 1.5 м, факт 2.5 м (СП 42.13330.2016, таблица 9.1; 743-ПП п. 3.6.3; 623-ПП п. 4.2.4)
 11
16.775
 21
37.625
 31
0.0
100
AcDbAttribute
  2
NORMA
 70
0
  0
SEQEND
  5
E67
330
E66
100
AcDbEntity
  8
GREEN_AI_SHRUBS
  0
INSERT
  5
E6B
330
17
100
AcDbEntity
  8
GREEN_AI_SHRUBS
100
AcDbBlockReference
 66
1
  2
GREEN_AI_SHRUB
 10
17.625
 20
37.625
 30
0.0
  0
ATTRIB
  5
E6D
330
17
100
AcDbEntity
  8
0
 60
1
100
AcDbText
 10
18.775
 20
37.625
 30
0.0
 40
0.18
  1
S-0624
 11
18.775
 21
37.625
 31
0.0
100
AcDbAttribute
  2
ID
 70
0
  0
ATTRIB
  5
E6E
330
17
100
AcDbEntity
  8
0
 60
1
100
AcDbText
 10
18.775
 20
37.625
 30
0.0
 40
0.18
  1
Бузина красная
 11
18.775
 21
37.625
 31
0.0
100
AcDbAttribute
  2
PORODA
 70
0
  0
ATTRIB
  5
E6F
330
17
100
AcDbEntity
  8
0
 60
1
100
AcDbText
 10
18.775
 20
37.625
 30
0.0
 40
0.18
  1
Наружная стена здания и сооружения: норма 1.5 м, факт 2.5 м (СП 42.13330.2016, таблица 9.1; 743-ПП п. 3.6.3; 623-ПП п. 4.2.4)
 11
18.775
 21
37.625
 31
0.0
100
AcDbAttribute
  2
NORMA
 70
0
  0
SEQEND
  5
E6C
330
E6B
100
AcDbEntity
  8
GREEN_AI_SHRUBS
  0
INSERT
  5
E70
330
17
100
AcDbEntity
  8
GREEN_AI_SHRUBS
100
AcDbBlockReference
 66
1
  2
GREEN_AI_SHRUB
 10
19.625
 20
37.625
 30
0.0
  0
ATTRIB
  5
E72
330
17
100
AcDbEntity
  8
0
 60
1
100
AcDbText
 10
20.775
 20
37.625
 30
0.0
 40
0.18
  1
S-0625
 11
20.775
 21
37.625
 31
0.0
100
AcDbAttribute
  2
ID
 70
0
  0
ATTRIB
  5
E73
330
17
100
AcDbEntity
  8
0
 60
1
100
AcDbText
 10
20.775
 20
37.625
 30
0.0
 40
0.18
  1
Бузина красная
 11
20.775
 21
37.625
 31
0.0
100
AcDbAttribute
  2
PORODA
 70
0
  0
ATTRIB
  5
E74
330
17
100
AcDbEntity
  8
0
 60
1
100
AcDbText
 10
20.775
 20
37.625
 30
0.0
 40
0.18
  1
Наружная стена здания и сооружения: норма 1.5 м, факт 2.5 м (СП 42.13330.2016, таблица 9.1; 743-ПП п. 3.6.3; 623-ПП п. 4.2.4)
 11
20.775
 21
37.625
 31
0.0
100
AcDbAttribute
  2
NORMA
 70
0
  0
SEQEND
  5
E71
330
E70
100
AcDbEntity
  8
GREEN_AI_SHRUBS
  0
INSERT
  5
E75
330
17
100
AcDbEntity
  8
GREEN_AI_SHRUBS
100
AcDbBlockReference
 66
1
  2
GREEN_AI_SHRUB
 10
21.625
 20
37.625
 30
0.0
  0
ATTRIB
  5
E77
330
17
100
AcDbEntity
  8
0
 60
1
100
AcDbText
 10
22.775
 20
37.625
 30
0.0
 40
0.18
  1
S-0626
 11
22.775
 21
37.625
 31
0.0
100
AcDbAttribute
  2
ID
 70
0
  0
ATTRIB
  5
E78
330
17
100
AcDbEntity
  8
0
 60
1
100
AcDbText
 10
22.775
 20
37.625
 30
0.0
 40
0.18
  1
Бузина красная
 11
22.775
 21
37.625
 31
0.0
100
AcDbAttribute
  2
PORODA
 70
0
  0
ATTRIB
  5
E79
330
17
100
AcDbEntity
  8
0
 60
1
100
AcDbText
 10
22.775
 20
37.625
 30
0.0
 40
0.18
  1
Наружная стена здания и сооружения: норма 1.5 м, факт 2.5 м (СП 42.13330.2016, таблица 9.1; 743-ПП п. 3.6.3; 623-ПП п. 4.2.4)
 11
22.775
 21
37.625
 31
0.0
100
AcDbAttribute
  2
NORMA
 70
0
  0
SEQEND
  5
E76
330
E75
100
AcDbEntity
  8
GREEN_AI_SHRUBS
  0
INSERT
  5
E7A
330
17
100
AcDbEntity
  8
GREEN_AI_SHRUBS
100
AcDbBlockReference
 66
1
  2
GREEN_AI_SHRUB
 10
23.625
 20
37.625
 30
0.0
  0
ATTRIB
  5
E7C
330
17
100
AcDbEntity
  8
0
 60
1
100
AcDbText
 10
24.775
 20
37.625
 30
0.0
 40
0.18
  1
S-0627
 11
24.775
 21
37.625
 31
0.0
100
AcDbAttribute
  2
ID
 70
0
  0
ATTRIB
  5
E7D
330
17
100
AcDbEntity
  8
0
 60
1
100
AcDbText
 10
24.775
 20
37.625
 30
0.0
 40
0.18
  1
Бузина красная
 11
24.775
 21
37.625
 31
0.0
100
AcDbAttribute
  2
PORODA
 70
0
  0
ATTRIB
  5
E7E
330
17
100
AcDbEntity
  8
0
 60
1
100
AcDbText
 10
24.775
 20
37.625
 30
0.0
 40
0.18
  1
Наружная стена здания и сооружения: норма 1.5 м, факт 2.5 м (СП 42.13330.2016, таблица 9.1; 743-ПП п. 3.6.3; 623-ПП п. 4.2.4)
 11
24.775
 21
37.625
 31
0.0
100
AcDbAttribute
  2
NORMA
 70
0
  0
SEQEND
  5
E7B
330
E7A
100
AcDbEntity
  8
GREEN_AI_SHRUBS
  0
INSERT
  5
E7F
330
17
100
AcDbEntity
  8
GREEN_AI_SHRUBS
100
AcDbBlockReference
 66
1
  2
GREEN_AI_SHRUB
 10
25.625
 20
37.625
 30
0.0
  0
ATTRIB
  5
E81
330
17
100
AcDbEntity
  8
0
 60
1
100
AcDbText
 10
26.775
 20
37.625
 30
0.0
 40
0.18
  1
S-0628
 11
26.775
 21
37.625
 31
0.0
100
AcDbAttribute
  2
ID
 70
0
  0
ATTRIB
  5
E82
330
17
100
AcDbEntity
  8
0
 60
1
100
AcDbText
 10
26.775
 20
37.625
 30
0.0
 40
0.18
  1
Бузина красная
 11
26.775
 21
37.625
 31
0.0
100
AcDbAttribute
  2
PORODA
 70
0
  0
ATTRIB
  5
E83
330
17
100
AcDbEntity
  8
0
 60
1
100
AcDbText
 10
26.775
 20
37.625
 30
0.0
 40
0.18
  1
Наружная стена здания и сооружения: норма 1.5 м, факт 2.5 м (СП 42.13330.2016, таблица 9.1; 743-ПП п. 3.6.3; 623-ПП п. 4.2.4)
 11
26.775
 21
37.625
 31
0.0
100
AcDbAttribute
  2
NORMA
 70
0
  0
SEQEND
  5
E80
330
E7F
100
AcDbEntity
  8
GREEN_AI_SHRUBS
  0
INSERT
  5
E84
330
17
100
AcDbEntity
  8
GREEN_AI_SHRUBS
100
AcDbBlockReference
 66
1
  2
GREEN_AI_SHRUB
 10
27.625
 20
37.625
 30
0.0
  0
ATTRIB
  5
E86
330
17
100
AcDbEntity
  8
0
 60
1
100
AcDbText
 10
28.775
 20
37.625
 30
0.0
 40
0.18
  1
S-0629
 11
28.775
 21
37.625
 31
0.0
100
AcDbAttribute
  2
ID
 70
0
  0
ATTRIB
  5
E87
330
17
100
AcDbEntity
  8
0
 60
1
100
AcDbText
 10
28.775
 20
37.625
 30
0.0
 40
0.18
  1
Бузина красная
 11
28.775
 21
37.625
 31
0.0
100
AcDbAttribute
  2
PORODA
 70
0
  0
ATTRIB
  5
E88
330
17
100
AcDbEntity
  8
0
 60
1
100
AcDbText
 10
28.775
 20
37.625
 30
0.0
 40
0.18
  1
Наружная стена здания и сооружения: норма 1.5 м, факт 2.5 м (СП 42.13330.2016, таблица 9.1; 743-ПП п. 3.6.3; 623-ПП п. 4.2.4)
 11
28.775
 21
37.625
 31
0.0
100
AcDbAttribute
  2
NORMA
 70
0
  0
SEQEND
  5
E85
330
E84
100
AcDbEntity
  8
GREEN_AI_SHRUBS
  0
INSERT
  5
E89
330
17
100
AcDbEntity
  8
GREEN_AI_SHRUBS
100
AcDbBlockReference
 66
1
  2
GREEN_AI_SHRUB
 10
29.625
 20
37.625
 30
0.0
  0
ATTRIB
  5
E8B
330
17
100
AcDbEntity
  8
0
 60
1
100
AcDbText
 10
30.775
 20
37.625
 30
0.0
 40
0.18
  1
S-0630
 11
30.775
 21
37.625
 31
0.0
100
AcDbAttribute
  2
ID
 70
0
  0
ATTRIB
  5
E8C
330
17
100
AcDbEntity
  8
0
 60
1
100
AcDbText
 10
30.775
 20
37.625
 30
0.0
 40
0.18
  1
Бузина красная
 11
30.775
 21
37.625
 31
0.0
100
AcDbAttribute
  2
PORODA
 70
0
  0
ATTRIB
  5
E8D
330
17
100
AcDbEntity
  8
0
 60
1
100
AcDbText
 10
30.775
 20
37.625
 30
0.0
 40
0.18
  1
Наружная стена здания и сооружения: норма 1.5 м, факт 2.5 м (СП 42.13330.2016, таблица 9.1; 743-ПП п. 3.6.3; 623-ПП п. 4.2.4)
 11
30.775
 21
37.625
 31
0.0
100
AcDbAttribute
  2
NORMA
 70
0
  0
SEQEND
  5
E8A
330
E89
100
AcDbEntity
  8
GREEN_AI_SHRUBS
  0
INSERT
  5
E8E
330
17
100
AcDbEntity
  8
GREEN_AI_SHRUBS
100
AcDbBlockReference
 66
1
  2
GREEN_AI_SHRUB
 10
31.625
 20
37.625
 30
0.0
  0
ATTRIB
  5
E90
330
17
100
AcDbEntity
  8
0
 60
1
100
AcDbText
 10
32.775
 20
37.625
 30
0.0
 40
0.18
  1
S-0631
 11
32.775
 21
37.625
 31
0.0
100
AcDbAttribute
  2
ID
 70
0
  0
ATTRIB
  5
E91
330
17
100
AcDbEntity
  8
0
 60
1
100
AcDbText
 10
32.775
 20
37.625
 30
0.0
 40
0.18
  1
Бузина красная
 11
32.775
 21
37.625
 31
0.0
100
AcDbAttribute
  2
PORODA
 70
0
  0
ATTRIB
  5
E92
330
17
100
AcDbEntity
  8
0
 60
1
100
AcDbText
 10
32.775
 20
37.625
 30
0.0
 40
0.18
  1
Наружная стена здания и сооружения: норма 1.5 м, факт 2.5 м (СП 42.13330.2016, таблица 9.1; 743-ПП п. 3.6.3; 623-ПП п. 4.2.4)
 11
32.775
 21
37.625
 31
0.0
100
AcDbAttribute
  2
NORMA
 70
0
  0
SEQEND
  5
E8F
330
E8E
100
AcDbEntity
  8
GREEN_AI_SHRUBS
  0
INSERT
  5
E93
330
17
100
AcDbEntity
  8
GREEN_AI_SHRUBS
100
AcDbBlockReference
 66
1
  2
GREEN_AI_SHRUB
 10
33.625
 20
37.625
 30
0.0
  0
ATTRIB
  5
E95
330
17
100
AcDbEntity
  8
0
 60
1
100
AcDbText
 10
34.775
 20
37.625
 30
0.0
 40
0.18
  1
S-0632
 11
34.775
 21
37.625
 31
0.0
100
AcDbAttribute
  2
ID
 70
0
  0
ATTRIB
  5
E96
330
17
100
AcDbEntity
  8
0
 60
1
100
AcDbText
 10
34.775
 20
37.625
 30
0.0
 40
0.18
  1
Бузина красная
 11
34.775
 21
37.625
 31
0.0
100
AcDbAttribute
  2
PORODA
 70
0
  0
ATTRIB
  5
E97
330
17
100
AcDbEntity
  8
0
 60
1
100
AcDbText
 10
34.775
 20
37.625
 30
0.0
 40
0.18
  1
Наружная стена здания и сооружения: норма 1.5 м, факт 2.5 м (СП 42.13330.2016, таблица 9.1; 743-ПП п. 3.6.3; 623-ПП п. 4.2.4)
 11
34.775
 21
37.625
 31
0.0
100
AcDbAttribute
  2
NORMA
 70
0
  0
SEQEND
  5
E94
330
E93
100
AcDbEntity
  8
GREEN_AI_SHRUBS
  0
INSERT
  5
E98
330
17
100
AcDbEntity
  8
GREEN_AI_SHRUBS
100
AcDbBlockReference
 66
1
  2
GREEN_AI_SHRUB
 10
35.625
 20
37.625
 30
0.0
  0
ATTRIB
  5
E9A
330
17
100
AcDbEntity
  8
0
 60
1
100
AcDbText
 10
36.775
 20
37.625
 30
0.0
 40
0.18
  1
S-0633
 11
36.775
 21
37.625
 31
0.0
100
AcDbAttribute
  2
ID
 70
0
  0
ATTRIB
  5
E9B
330
17
100
AcDbEntity
  8
0
 60
1
100
AcDbText
 10
36.775
 20
37.625
 30
0.0
 40
0.18
  1
Бузина красная
 11
36.775
 21
37.625
 31
0.0
100
AcDbAttribute
  2
PORODA
 70
0
  0
ATTRIB
  5
E9C
330
17
100
AcDbEntity
  8
0
 60
1
100
AcDbText
 10
36.775
 20
37.625
 30
0.0
 40
0.18
  1
Наружная стена здания и сооружения: норма 1.5 м, факт 2.5 м (СП 42.13330.2016, таблица 9.1; 743-ПП п. 3.6.3; 623-ПП п. 4.2.4)
 11
36.775
 21
37.625
 31
0.0
100
AcDbAttribute
  2
NORMA
 70
0
  0
SEQEND
  5
E99
330
E98
100
AcDbEntity
  8
GREEN_AI_SHRUBS
  0
INSERT
  5
E9D
330
17
100
AcDbEntity
  8
GREEN_AI_SHRUBS
100
AcDbBlockReference
 66
1
  2
GREEN_AI_SHRUB
 10
37.625
 20
37.625
 30
0.0
  0
ATTRIB
  5
E9F
330
17
100
AcDbEntity
  8
0
 60
1
100
AcDbText
 10
38.775
 20
37.625
 30
0.0
 40
0.18
  1
S-0634
 11
38.775
 21
37.625
 31
0.0
100
AcDbAttribute
  2
ID
 70
0
  0
ATTRIB
  5
EA0
330
17
100
AcDbEntity
  8
0
 60
1
100
AcDbText
 10
38.775
 20
37.625
 30
0.0
 40
0.18
  1
Бузина красная
 11
38.775
 21
37.625
 31
0.0
100
AcDbAttribute
  2
PORODA
 70
0
  0
ATTRIB
  5
EA1
330
17
100
AcDbEntity
  8
0
 60
1
100
AcDbText
 10
38.775
 20
37.625
 30
0.0
 40
0.18
  1
Наружная стена здания и сооружения: норма 1.5 м, факт 2.5 м (СП 42.13330.2016, таблица 9.1; 743-ПП п. 3.6.3; 623-ПП п. 4.2.4)
 11
38.775
 21
37.625
 31
0.0
100
AcDbAttribute
  2
NORMA
 70
0
  0
SEQEND
  5
E9E
330
E9D
100
AcDbEntity
  8
GREEN_AI_SHRUBS
  0
INSERT
  5
EA2
330
17
100
AcDbEntity
  8
GREEN_AI_SHRUBS
100
AcDbBlockReference
 66
1
  2
GREEN_AI_SHRUB
 10
39.625
 20
37.625
 30
0.0
  0
ATTRIB
  5
EA4
330
17
100
AcDbEntity
  8
0
 60
1
100
AcDbText
 10
40.775
 20
37.625
 30
0.0
 40
0.18
  1
S-0635
 11
40.775
 21
37.625
 31
0.0
100
AcDbAttribute
  2
ID
 70
0
  0
ATTRIB
  5
EA5
330
17
100
AcDbEntity
  8
0
 60
1
100
AcDbText
 10
40.775
 20
37.625
 30
0.0
 40
0.18
  1
Бузина красная
 11
40.775
 21
37.625
 31
0.0
100
AcDbAttribute
  2
PORODA
 70
0
  0
ATTRIB
  5
EA6
330
17
100
AcDbEntity
  8
0
 60
1
100
AcDbText
 10
40.775
 20
37.625
 30
0.0
 40
0.18
  1
Наружная стена здания и сооружения: норма 1.5 м, факт 2.5 м (СП 42.13330.2016, таблица 9.1; 743-ПП п. 3.6.3; 623-ПП п. 4.2.4)
 11
40.775
 21
37.625
 31
0.0
100
AcDbAttribute
  2
NORMA
 70
0
  0
SEQEND
  5
EA3
330
EA2
100
AcDbEntity
  8
GREEN_AI_SHRUBS
  0
INSERT
  5
EA7
330
17
100
AcDbEntity
  8
GREEN_AI_SHRUBS
100
AcDbBlockReference
 66
1
  2
GREEN_AI_SHRUB
 10
41.625
 20
37.625
 30
0.0
  0
ATTRIB
  5
EA9
330
17
100
AcDbEntity
  8
0
 60
1
100
AcDbText
 10
42.775
 20
37.625
 30
0.0
 40
0.18
  1
S-0636
 11
42.775
 21
37.625
 31
0.0
100
AcDbAttribute
  2
ID
 70
0
  0
ATTRIB
  5
EAA
330
17
100
AcDbEntity
  8
0
 60
1
100
AcDbText
 10
42.775
 20
37.625
 30
0.0
 40
0.18
  1
Бузина красная
 11
42.775
 21
37.625
 31
0.0
100
AcDbAttribute
  2
PORODA
 70
0
  0
ATTRIB
  5
EAB
330
17
100
AcDbEntity
  8
0
 60
1
100
AcDbText
 10
42.775
 20
37.625
 30
0.0
 40
0.18
  1
Наружная стена здания и сооружения: норма 1.5 м, факт 2.5 м (СП 42.13330.2016, таблица 9.1; 743-ПП п. 3.6.3; 623-ПП п. 4.2.4)
 11
42.775
 21
37.625
 31
0.0
100
AcDbAttribute
  2
NORMA
 70
0
  0
SEQEND
  5
EA8
330
EA7
100
AcDbEntity
  8
GREEN_AI_SHRUBS
  0
INSERT
  5
EAC
330
17
100
AcDbEntity
  8
GREEN_AI_SHRUBS
100
AcDbBlockReference
 66
1
  2
GREEN_AI_SHRUB
 10
43.625
 20
37.625
 30
0.0
  0
ATTRIB
  5
EAE
330
17
100
AcDbEntity
  8
0
 60
1
100
AcDbText
 10
44.775
 20
37.625
 30
0.0
 40
0.18
  1
S-0637
 11
44.775
 21
37.625
 31
0.0
100
AcDbAttribute
  2
ID
 70
0
  0
ATTRIB
  5
EAF
330
17
100
AcDbEntity
  8
0
 60
1
100
AcDbText
 10
44.775
 20
37.625
 30
0.0
 40
0.18
  1
Бузина красная
 11
44.775
 21
37.625
 31
0.0
100
AcDbAttribute
  2
PORODA
 70
0
  0
ATTRIB
  5
EB0
330
17
100
AcDbEntity
  8
0
 60
1
100
AcDbText
 10
44.775
 20
37.625
 30
0.0
 40
0.18
  1
Наружная стена здания и сооружения: норма 1.5 м, факт 2.5 м (СП 42.13330.2016, таблица 9.1; 743-ПП п. 3.6.3; 623-ПП п. 4.2.4)
 11
44.775
 21
37.625
 31
0.0
100
AcDbAttribute
  2
NORMA
 70
0
  0
SEQEND
  5
EAD
330
EAC
100
AcDbEntity
  8
GREEN_AI_SHRUBS
  0
INSERT
  5
EB1
330
17
100
AcDbEntity
  8
GREEN_AI_SHRUBS
100
AcDbBlockReference
 66
1
  2
GREEN_AI_SHRUB
 10
45.625
 20
37.625
 30
0.0
  0
ATTRIB
  5
EB3
330
17
100
AcDbEntity
  8
0
 60
1
100
AcDbText
 10
46.775
 20
37.625
 30
0.0
 40
0.18
  1
S-0638
 11
46.775
 21
37.625
 31
0.0
100
AcDbAttribute
  2
ID
 70
0
  0
ATTRIB
  5
EB4
330
17
100
AcDbEntity
  8
0
 60
1
100
AcDbText
 10
46.775
 20
37.625
 30
0.0
 40
0.18
  1
Бузина красная
 11
46.775
 21
37.625
 31
0.0
100
AcDbAttribute
  2
PORODA
 70
0
  0
ATTRIB
  5
EB5
330
17
100
AcDbEntity
  8
0
 60
1
100
AcDbText
 10
46.775
 20
37.625
 30
0.0
 40
0.18
  1
Наружная стена здания и сооружения: норма 1.5 м, факт 2.55 м (СП 42.13330.2016, таблица 9.1; 743-ПП п. 3.6.3; 623-ПП п. 4.2.4)
 11
46.775
 21
37.625
 31
0.0
100
AcDbAttribute
  2
NORMA
 70
0
  0
SEQEND
  5
EB2
330
EB1
100
AcDbEntity
  8
GREEN_AI_SHRUBS
  0
INSERT
  5
EB6
330
17
100
AcDbEntity
  8
GREEN_AI_SHRUBS
100
AcDbBlockReference
 66
1
  2
GREEN_AI_SHRUB
 10
47.625
 20
37.625
 30
0.0
  0
ATTRIB
  5
EB8
330
17
100
AcDbEntity
  8
0
 60
1
100
AcDbText
 10
48.775
 20
37.625
 30
0.0
 40
0.18
  1
S-0639
 11
48.775
 21
37.625
 31
0.0
100
AcDbAttribute
  2
ID
 70
0
  0
ATTRIB
  5
EB9
330
17
100
AcDbEntity
  8
0
 60
1
100
AcDbText
 10
48.775
 20
37.625
 30
0.0
 40
0.18
  1
Бузина красная
 11
48.775
 21
37.625
 31
0.0
100
AcDbAttribute
  2
PORODA
 70
0
  0
ATTRIB
  5
EBA
330
17
100
AcDbEntity
  8
0
 60
1
100
AcDbText
 10
48.775
 20
37.625
 30
0.0
 40
0.18
  1
Наружная стена здания и сооружения: норма 1.5 м, факт 3.54 м (СП 42.13330.2016, таблица 9.1; 743-ПП п. 3.6.3; 623-ПП п. 4.2.4)
 11
48.775
 21
37.625
 31
0.0
100
AcDbAttribute
  2
NORMA
 70
0
  0
SEQEND
  5
EB7
330
EB6
100
AcDbEntity
  8
GREEN_AI_SHRUBS
  0
INSERT
  5
EBB
330
17
100
AcDbEntity
  8
GREEN_AI_SHRUBS
100
AcDbBlockReference
 66
1
  2
GREEN_AI_SHRUB
 10
49.625
 20
37.625
 30
0.0
  0
ATTRIB
  5
EBD
330
17
100
AcDbEntity
  8
0
 60
1
100
AcDbText
 10
50.775
 20
37.625
 30
0.0
 40
0.18
  1
S-0640
 11
50.775
 21
37.625
 31
0.0
100
AcDbAttribute
  2
ID
 70
0
  0
ATTRIB
  5
EBE
330
17
100
AcDbEntity
  8
0
 60
1
100
AcDbText
 10
50.775
 20
37.625
 30
0.0
 40
0.18
  1
Бузина красная
 11
50.775
 21
37.625
 31
0.0
100
AcDbAttribute
  2
PORODA
 70
0
  0
ATTRIB
  5
EBF
330
17
100
AcDbEntity
  8
0
 60
1
100
AcDbText
 10
50.775
 20
37.625
 30
0.0
 40
0.18
  1
Газопровод: норма 1.0 м, факт 3.5 м (СП 42.13330.2016, таблица 9.1; 743-ПП п. 3.6.3; 623-ПП п. 4.2.4)
 11
50.775
 21
37.625
 31
0.0
100
AcDbAttribute
  2
NORMA
 70
0
  0
SEQEND
  5
EBC
330
EBB
100
AcDbEntity
  8
GREEN_AI_SHRUBS
  0
INSERT
  5
EC0
330
17
100
AcDbEntity
  8
GREEN_AI_SHRUBS
100
AcDbBlockReference
 66
1
  2
GREEN_AI_SHRUB
 10
51.625
 20
37.625
 30
0.0
 41
0.75
 42
0.75
 43
0.75
  0
ATTRIB
  5
EC2
330
17
100
AcDbEntity
  8
0
 60
1
100
AcDbText
 10
52.4875
 20
37.625
 30
0.0
 40
0.135
  1
S-0641
 11
52.4875
 21
37.625
 31
0.0
100
AcDbAttribute
  2
ID
 70
0
  0
ATTRIB
  5
EC3
330
17
100
AcDbEntity
  8
0
 60
1
100
AcDbText
 10
52.4875
 20
37.625
 30
0.0
 40
0.135
  1
Гортензия метельчатая
 11
52.4875
 21
37.625
 31
0.0
100
AcDbAttribute
  2
PORODA
 70
0
  0
ATTRIB
  5
EC4
330
17
100
AcDbEntity
  8
0
 60
1
100
AcDbText
 10
52.4875
 20
37.625
 30
0.0
 40
0.135
  1
Газопровод: норма 1.0 м, факт 3.5 м (СП 42.13330.2016, таблица 9.1; 743-ПП п. 3.6.3; 623-ПП п. 4.2.4)
 11
52.4875
 21
37.625
 31
0.0
100
AcDbAttribute
  2
NORMA
 70
0
  0
SEQEND
  5
EC1
330
EC0
100
AcDbEntity
  8
GREEN_AI_SHRUBS
  0
INSERT
  5
EC5
330
17
100
AcDbEntity
  8
GREEN_AI_SHRUBS
100
AcDbBlockReference
 66
1
  2
GREEN_AI_SHRUB
 10
57.875
 20
37.625
 30
0.0
 41
0.75
 42
0.75
 43
0.75
  0
ATTRIB
  5
EC7
330
17
100
AcDbEntity
  8
0
 60
1
100
AcDbText
 10
58.7375
 20
37.625
 30
0.0
 40
0.135
  1
S-0642
 11
58.7375
 21
37.625
 31
0.0
100
AcDbAttribute
  2
ID
 70
0
  0
ATTRIB
  5
EC8
330
17
100
AcDbEntity
  8
0
 60
1
100
AcDbText
 10
58.7375
 20
37.625
 30
0.0
 40
0.135
  1
Гортензия метельчатая
 11
58.7375
 21
37.625
 31
0.0
100
AcDbAttribute
  2
PORODA
 70
0
  0
ATTRIB
  5
EC9
330
17
100
AcDbEntity
  8
0
 60
1
100
AcDbText
 10
58.7375
 20
37.625
 30
0.0
 40
0.135
  1
Газопровод: норма 1.0 м, факт 2.25 м (СП 42.13330.2016, таблица 9.1; 743-ПП п. 3.6.3; 623-ПП п. 4.2.4)
 11
58.7375
 21
37.625
 31
0.0
100
AcDbAttribute
  2
NORMA
 70
0
  0
SEQEND
  5
EC6
330
EC5
100
AcDbEntity
  8
GREEN_AI_SHRUBS
  0
INSERT
  5
ECA
330
17
100
AcDbEntity
  8
GREEN_AI_SHRUBS
100
AcDbBlockReference
 66
1
  2
GREEN_AI_SHRUB
 10
55.875
 20
37.875
 30
0.0
 41
0.75
 42
0.75
 43
0.75
  0
ATTRIB
  5
ECC
330
17
100
AcDbEntity
  8
0
 60
1
100
AcDbText
 10
56.7375
 20
37.875
 30
0.0
 40
0.135
  1
S-0643
 11
56.7375
 21
37.875
 31
0.0
100
AcDbAttribute
  2
ID
 70
0
  0
ATTRIB
  5
ECD
330
17
100
AcDbEntity
  8
0
 60
1
100
AcDbText
 10
56.7375
 20
37.875
 30
0.0
 40
0.135
  1
Гортензия метельчатая
 11
56.7375
 21
37.875
 31
0.0
100
AcDbAttribute
  2
PORODA
 70
0
  0
ATTRIB
  5
ECE
330
17
100
AcDbEntity
  8
0
 60
1
100
AcDbText
 10
56.7375
 20
37.875
 30
0.0
 40
0.135
  1
Существующее сохраняемое дерево (от ствола): норма 1.0 м, факт 2.85 м (Проектное допущение, смыкание крон, сохранение насаждений по ППМ № 743-ПП)
 11
56.7375
 21
37.875
 31
0.0
100
AcDbAttribute
  2
NORMA
 70
0
  0
SEQEND
  5
ECB
330
ECA
100
AcDbEntity
  8
GREEN_AI_SHRUBS
  0
INSERT
  5
ECF
330
17
100
AcDbEntity
  8
GREEN_AI_SHRUBS
100
AcDbBlockReference
 66
1
  2
GREEN_AI_SHRUB
 10
62.125
 20
37.875
 30
0.0
 41
0.75
 42
0.75
 43
0.75
  0
ATTRIB
  5
ED1
330
17
100
AcDbEntity
  8
0
 60
1
100
AcDbText
 10
62.9875
 20
37.875
 30
0.0
 40
0.135
  1
S-0644
 11
62.9875
 21
37.875
 31
0.0
100
AcDbAttribute
  2
ID
 70
0
  0
ATTRIB
  5
ED2
330
17
100
AcDbEntity
  8
0
 60
1
100
AcDbText
 10
62.9875
 20
37.875
 30
0.0
 40
0.135
  1
Гортензия метельчатая
 11
62.9875
 21
37.875
 31
0.0
100
AcDbAttribute
  2
PORODA
 70
0
  0
ATTRIB
  5
ED3
330
17
100
AcDbEntity
  8
0
 60
1
100
AcDbText
 10
62.9875
 20
37.875
 30
0.0
 40
0.135
  1
Газопровод: норма 1.0 м, факт 2.0 м (СП 42.13330.2016, таблица 9.1; 743-ПП п. 3.6.3; 623-ПП п. 4.2.4)
 11
62.9875
 21
37.875
 31
0.0
100
AcDbAttribute
  2
NORMA
 70
0
  0
SEQEND
  5
ED0
330
ECF
100
AcDbEntity
  8
GREEN_AI_SHRUBS
  0
INSERT
  5
ED4
330
17
100
AcDbEntity
  8
GREEN_AI_SHRUBS
100
AcDbBlockReference
 66
1
  2
GREEN_AI_SHRUB
 10
82.125
 20
38.125
 30
0.0
 41
0.75
 42
0.75
 43
0.75
  0
ATTRIB
  5
ED6
330
17
100
AcDbEntity
  8
0
 60
1
100
AcDbText
 10
82.9875
 20
38.125
 30
0.0
 40
0.135
  1
S-0645
 11
82.9875
 21
38.125
 31
0.0
100
AcDbAttribute
  2
ID
 70
0
  0
ATTRIB
  5
ED7
330
17
100
AcDbEntity
  8
0
 60
1
100
AcDbText
 10
82.9875
 20
38.125
 30
0.0
 40
0.135
  1
Гортензия метельчатая
 11
82.9875
 21
38.125
 31
0.0
100
AcDbAttribute
  2
PORODA
 70
0
  0
ATTRIB
  5
ED8
330
17
100
AcDbEntity
  8
0
 60
1
100
AcDbText
 10
82.9875
 20
38.125
 30
0.0
 40
0.135
  1
Канализация: норма 1.0 м, факт 2.0 м (СП 42.13330.2016, таблица 9.1; 743-ПП п. 3.6.3; 623-ПП п. 4.2.4)
 11
82.9875
 21
38.125
 31
0.0
100
AcDbAttribute
  2
NORMA
 70
0
  0
SEQEND
  5
ED5
330
ED4
100
AcDbEntity
  8
GREEN_AI_SHRUBS
  0
INSERT
  5
ED9
330
17
100
AcDbEntity
  8
GREEN_AI_SHRUBS
100
AcDbBlockReference
 66
1
  2
GREEN_AI_SHRUB
 10
53.375
 20
38.375
 30
0.0
 41
0.75
 42
0.75
 43
0.75
  0
ATTRIB
  5
EDB
330
17
100
AcDbEntity
  8
0
 60
1
100
AcDbText
 10
54.2375
 20
38.375
 30
0.0
 40
0.135
  1
S-0646
 11
54.2375
 21
38.375
 31
0.0
100
AcDbAttribute
  2
ID
 70
0
  0
ATTRIB
  5
EDC
330
17
100
AcDbEntity
  8
0
 60
1
100
AcDbText
 10
54.2375
 20
38.375
 30
0.0
 40
0.135
  1
Гортензия метельчатая
 11
54.2375
 21
38.375
 31
0.0
100
AcDbAttribute
  2
PORODA
 70
0
  0
ATTRIB
  5
EDD
330
17
100
AcDbEntity
  8
0
 60
1
100
AcDbText
 10
54.2375
 20
38.375
 30
0.0
 40
0.135
  1
Существующее сохраняемое дерево (от ствола): норма 1.0 м, факт 3.69 м (Проектное допущение, смыкание крон, сохранение насаждений по ППМ № 743-ПП)
 11
54.2375
 21
38.375
 31
0.0
100
AcDbAttribute
  2
NORMA
 70
0
  0
SEQEND
  5
EDA
330
ED9
100
AcDbEntity
  8
GREEN_AI_SHRUBS
  0
INSERT
  5
EDE
330
17
100
AcDbEntity
  8
GREEN_AI_SHRUBS
100
AcDbBlockReference
 66
1
  2
GREEN_AI_SHRUB
 10
6.625
 20
39.125
 30
0.0
 41
0.75
 42
0.75
 43
0.75
  0
ATTRIB
  5
EE0
330
17
100
AcDbEntity
  8
0
 60
1
100
AcDbText
 10
7.4875
 20
39.125
 30
0.0
 40
0.135
  1
S-0647
 11
7.4875
 21
39.125
 31
0.0
100
AcDbAttribute
  2
ID
 70
0
  0
ATTRIB
  5
EE1
330
17
100
AcDbEntity
  8
0
 60
1
100
AcDbText
 10
7.4875
 20
39.125
 30
0.0
 40
0.135
  1
Гортензия метельчатая
 11
7.4875
 21
39.125
 31
0.0
100
AcDbAttribute
  2
PORODA
 70
0
  0
ATTRIB
  5
EE2
330
17
100
AcDbEntity
  8
0
 60
1
100
AcDbText
 10
7.4875
 20
39.125
 30
0.0
 40
0.135
  1
Наружная стена здания и сооружения: норма 1.5 м, факт 3.64 м (СП 42.13330.2016, таблица 9.1; 743-ПП п. 3.6.3; 623-ПП п. 4.2.4)
 11
7.4875
 21
39.125
 31
0.0
100
AcDbAttribute
  2
NORMA
 70
0
  0
SEQEND
  5
EDF
330
EDE
100
AcDbEntity
  8
GREEN_AI_SHRUBS
  0
INSERT
  5
EE3
330
17
100
AcDbEntity
  8
GREEN_AI_SHRUBS
100
AcDbBlockReference
 66
1
  2
GREEN_AI_SHRUB
 10
48.625
 20
39.125
 30
0.0
 41
0.75
 42
0.75
 43
0.75
  0
ATTRIB
  5
EE5
330
17
100
AcDbEntity
  8
0
 60
1
100
AcDbText
 10
49.4875
 20
39.125
 30
0.0
 40
0.135
  1
S-0648
 11
49.4875
 21
39.125
 31
0.0
100
AcDbAttribute
  2
ID
 70
0
  0
ATTRIB
  5
EE6
330
17
100
AcDbEntity
  8
0
 60
1
100
AcDbText
 10
49.4875
 20
39.125
 30
0.0
 40
0.135
  1
Гортензия метельчатая
 11
49.4875
 21
39.125
 31
0.0
100
AcDbAttribute
  2
PORODA
 70
0
  0
ATTRIB
  5
EE7
330
17
100
AcDbEntity
  8
0
 60
1
100
AcDbText
 10
49.4875
 20
39.125
 30
0.0
 40
0.135
  1
Наружная стена здания и сооружения: норма 1.5 м, факт 3.64 м (СП 42.13330.2016, таблица 9.1; 743-ПП п. 3.6.3; 623-ПП п. 4.2.4)
 11
49.4875
 21
39.125
 31
0.0
100
AcDbAttribute
  2
NORMA
 70
0
  0
SEQEND
  5
EE4
330
EE3
100
AcDbEntity
  8
GREEN_AI_SHRUBS
  0
INSERT
  5
EE8
330
17
100
AcDbEntity
  8
GREEN_AI_SHRUBS
100
AcDbBlockReference
 66
1
  2
GREEN_AI_SHRUB
 10
78.125
 20
39.125
 30
0.0
 41
0.75
 42
0.75
 43
0.75
  0
ATTRIB
  5
EEA
330
17
100
AcDbEntity
  8
0
 60
1
100
AcDbText
 10
78.9875
 20
39.125
 30
0.0
 40
0.135
  1
S-0649
 11
78.9875
 21
39.125
 31
0.0
100
AcDbAttribute
  2
ID
 70
0
  0
ATTRIB
  5
EEB
330
17
100
AcDbEntity
  8
0
 60
1
100
AcDbText
 10
78.9875
 20
39.125
 30
0.0
 40
0.135
  1
Гортензия метельчатая
 11
78.9875
 21
39.125
 31
0.0
100
AcDbAttribute
  2
PORODA
 70
0
  0
ATTRIB
  5
EEC
330
17
100
AcDbEntity
  8
0
 60
1
100
AcDbText
 10
78.9875
 20
39.125
 30
0.0
 40
0.135
  1
Канализация: норма 1.0 м, факт 2.0 м (СП 42.13330.2016, таблица 9.1; 743-ПП п. 3.6.3; 623-ПП п. 4.2.4)
 11
78.9875
 21
39.125
 31
0.0
100
AcDbAttribute
  2
NORMA
 70
0
  0
SEQEND
  5
EE9
330
EE8
100
AcDbEntity
  8
GREEN_AI_SHRUBS
  0
INSERT
  5
EED
330
17
100
AcDbEntity
  8
GREEN_AI_SHRUBS
100
AcDbBlockReference
 66
1
  2
GREEN_AI_SHRUB
 10
54.875
 20
39.375
 30
0.0
 41
0.75
 42
0.75
 43
0.75
  0
ATTRIB
  5
EEF
330
17
100
AcDbEntity
  8
0
 60
1
100
AcDbText
 10
55.7375
 20
39.375
 30
0.0
 40
0.135
  1
S-0650
 11
55.7375
 21
39.375
 31
0.0
100
AcDbAttribute
  2
ID
 70
0
  0
ATTRIB
  5
EF0
330
17
100
AcDbEntity
  8
0
 60
1
100
AcDbText
 10
55.7375
 20
39.375
 30
0.0
 40
0.135
  1
Гортензия метельчатая
 11
55.7375
 21
39.375
 31
0.0
100
AcDbAttribute
  2
PORODA
 70
0
  0
ATTRIB
  5
EF1
330
17
100
AcDbEntity
  8
0
 60
1
100
AcDbText
 10
55.7375
 20
39.375
 30
0.0
 40
0.135
  1
Существующее сохраняемое дерево (от ствола): норма 1.0 м, факт 4.26 м (Проектное допущение, смыкание крон, сохранение насаждений по ППМ № 743-ПП)
 11
55.7375
 21
39.375
 31
0.0
100
AcDbAttribute
  2
NORMA
 70
0
  0
SEQEND
  5
EEE
330
EED
100
AcDbEntity
  8
GREEN_AI_SHRUBS
  0
INSERT
  5
EF2
330
17
100
AcDbEntity
  8
GREEN_AI_SHRUBS
100
AcDbBlockReference
 66
1
  2
GREEN_AI_SHRUB
 10
4.625
 20
39.625
 30
0.0
 41
0.75
 42
0.75
 43
0.75
  0
ATTRIB
  5
EF4
330
17
100
AcDbEntity
  8
0
 60
1
100
AcDbText
 10
5.4875
 20
39.625
 30
0.0
 40
0.135
  1
S-0651
 11
5.4875
 21
39.625
 31
0.0
100
AcDbAttribute
  2
ID
 70
0
  0
ATTRIB
  5
EF5
330
17
100
AcDbEntity
  8
0
 60
1
100
AcDbText
 10
5.4875
 20
39.625
 30
0.0
 40
0.135
  1
Гортензия метельчатая
 11
5.4875
 21
39.625
 31
0.0
100
AcDbAttribute
  2
PORODA
 70
0
  0
ATTRIB
  5
EF6
330
17
100
AcDbEntity
  8
0
 60
1
100
AcDbText
 10
5.4875
 20
39.625
 30
0.0
 40
0.135
  1
Наружная стена здания и сооружения: норма 1.5 м, факт 5.52 м (СП 42.13330.2016, таблица 9.1; 743-ПП п. 3.6.3; 623-ПП п. 4.2.4)
 11
5.4875
 21
39.625
 31
0.0
100
AcDbAttribute
  2
NORMA
 70
0
  0
SEQEND
  5
EF3
330
EF2
100
AcDbEntity
  8
GREEN_AI_SHRUBS
  0
INSERT
  5
EF7
330
17
100
AcDbEntity
  8
GREEN_AI_SHRUBS
100
AcDbBlockReference
 66
1
  2
GREEN_AI_SHRUB
 10
50.375
 20
39.625
 30
0.0
 41
0.75
 42
0.75
 43
0.75
  0
ATTRIB
  5
EF9
330
17
100
AcDbEntity
  8
0
 60
1
100
AcDbText
 10
51.2375
 20
39.625
 30
0.0
 40
0.135
  1
S-0652
 11
51.2375
 21
39.625
 31
0.0
100
AcDbAttribute
  2
ID
 70
0
  0
ATTRIB
  5
EFA
330
17
100
AcDbEntity
  8
0
 60
1
100
AcDbText
 10
51.2375
 20
39.625
 30
0.0
 40
0.135
  1
Гортензия метельчатая
 11
51.2375
 21
39.625
 31
0.0
100
AcDbAttribute
  2
PORODA
 70
0
  0
ATTRIB
  5
EFB
330
17
100
AcDbEntity
  8
0
 60
1
100
AcDbText
 10
51.2375
 20
39.625
 30
0.0
 40
0.135
  1
Наружная стена здания и сооружения: норма 1.5 м, факт 5.27 м (СП 42.13330.2016, таблица 9.1; 743-ПП п. 3.6.3; 623-ПП п. 4.2.4)
 11
51.2375
 21
39.625
 31
0.0
100
AcDbAttribute
  2
NORMA
 70
0
  0
SEQEND
  5
EF8
330
EF7
100
AcDbEntity
  8
GREEN_AI_SHRUBS
  0
INSERT
  5
EFC
330
17
100
AcDbEntity
  8
GREEN_AI_SHRUBS
100
AcDbBlockReference
 66
1
  2
GREEN_AI_SHRUB
 10
58.125
 20
39.625
 30
0.0
 41
0.75
 42
0.75
 43
0.75
  0
ATTRIB
  5
EFE
330
17
100
AcDbEntity
  8
0
 60
1
100
AcDbText
 10
58.9875
 20
39.625
 30
0.0
 40
0.135
  1
S-0653
 11
58.9875
 21
39.625
 31
0.0
100
AcDbAttribute
  2
ID
 70
0
  0
ATTRIB
  5
EFF
330
17
100
AcDbEntity
  8
0
 60
1
100
AcDbText
 10
58.9875
 20
39.625
 30
0.0
 40
0.135
  1
Гортензия метельчатая
 11
58.9875
 21
39.625
 31
0.0
100
AcDbAttribute
  2
PORODA
 70
0
  0
ATTRIB
  5
F00
330
17
100
AcDbEntity
  8
0
 60
1
100
AcDbText
 10
58.9875
 20
39.625
 30
0.0
 40
0.135
  1
Газопровод: норма 1.0 м, факт 2.0 м (СП 42.13330.2016, таблица 9.1; 743-ПП п. 3.6.3; 623-ПП п. 4.2.4)
 11
58.9875
 21
39.625
 31
0.0
100
AcDbAttribute
  2
NORMA
 70
0
  0
SEQEND
  5
EFD
330
EFC
100
AcDbEntity
  8
GREEN_AI_SHRUBS
  0
INSERT
  5
F01
330
17
100
AcDbEntity
  8
GREEN_AI_SHRUBS
100
AcDbBlockReference
 66
1
  2
GREEN_AI_SHRUB
 10
62.125
 20
39.875
 30
0.0
 41
0.75
 42
0.75
 43
0.75
  0
ATTRIB
  5
F03
330
17
100
AcDbEntity
  8
0
 60
1
100
AcDbText
 10
62.9875
 20
39.875
 30
0.0
 40
0.135
  1
S-0654
 11
62.9875
 21
39.875
 31
0.0
100
AcDbAttribute
  2
ID
 70
0
  0
ATTRIB
  5
F04
330
17
100
AcDbEntity
  8
0
 60
1
100
AcDbText
 10
62.9875
 20
39.875
 30
0.0
 40
0.135
  1
Гортензия метельчатая
 11
62.9875
 21
39.875
 31
0.0
100
AcDbAttribute
  2
PORODA
 70
0
  0
ATTRIB
  5
F05
330
17
100
AcDbEntity
  8
0
 60
1
100
AcDbText
 10
62.9875
 20
39.875
 30
0.0
 40
0.135
  1
Газопровод: норма 1.0 м, факт 2.0 м (СП 42.13330.2016, таблица 9.1; 743-ПП п. 3.6.3; 623-ПП п. 4.2.4)
 11
62.9875
 21
39.875
 31
0.0
100
AcDbAttribute
  2
NORMA
 70
0
  0
SEQEND
  5
F02
330
F01
100
AcDbEntity
  8
GREEN_AI_SHRUBS
  0
INSERT
  5
F06
330
17
100
AcDbEntity
  8
GREEN_AI_SHRUBS
100
AcDbBlockReference
 66
1
  2
GREEN_AI_SHRUB
 10
82.125
 20
40.125
 30
0.0
 41
0.75
 42
0.75
 43
0.75
  0
ATTRIB
  5
F08
330
17
100
AcDbEntity
  8
0
 60
1
100
AcDbText
 10
82.9875
 20
40.125
 30
0.0
 40
0.135
  1
S-0655
 11
82.9875
 21
40.125
 31
0.0
100
AcDbAttribute
  2
ID
 70
0
  0
ATTRIB
  5
F09
330
17
100
AcDbEntity
  8
0
 60
1
100
AcDbText
 10
82.9875
 20
40.125
 30
0.0
 40
0.135
  1
Гортензия метельчатая
 11
82.9875
 21
40.125
 31
0.0
100
AcDbAttribute
  2
PORODA
 70
0
  0
ATTRIB
  5
F0A
330
17
100
AcDbEntity
  8
0
 60
1
100
AcDbText
 10
82.9875
 20
40.125
 30
0.0
 40
0.135
  1
Канализация: норма 1.0 м, факт 2.0 м (СП 42.13330.2016, таблица 9.1; 743-ПП п. 3.6.3; 623-ПП п. 4.2.4)
 11
82.9875
 21
40.125
 31
0.0
100
AcDbAttribute
  2
NORMA
 70
0
  0
SEQEND
  5
F07
330
F06
100
AcDbEntity
  8
GREEN_AI_SHRUBS
  0
INSERT
  5
F0B
330
17
100
AcDbEntity
  8
GREEN_AI_SHRUBS
100
AcDbBlockReference
 66
1
  2
GREEN_AI_SHRUB
 10
7.625
 20
40.625
 30
0.0
 41
0.75
 42
0.75
 43
0.75
  0
ATTRIB
  5
F0D
330
17
100
AcDbEntity
  8
0
 60
1
100
AcDbText
 10
8.4875
 20
40.625
 30
0.0
 40
0.135
  1
S-0656
 11
8.4875
 21
40.625
 31
0.0
100
AcDbAttribute
  2
ID
 70
0
  0
ATTRIB
  5
F0E
330
17
100
AcDbEntity
  8
0
 60
1
100
AcDbText
 10
8.4875
 20
40.625
 30
0.0
 40
0.135
  1
Гортензия метельчатая
 11
8.4875
 21
40.625
 31
0.0
100
AcDbAttribute
  2
PORODA
 70
0
  0
ATTRIB
  5
F0F
330
17
100
AcDbEntity
  8
0
 60
1
100
AcDbText
 10
8.4875
 20
40.625
 30
0.0
 40
0.135
  1
Наружная стена здания и сооружения: норма 1.5 м, факт 2.5 м (СП 42.13330.2016, таблица 9.1; 743-ПП п. 3.6.3; 623-ПП п. 4.2.4)
 11
8.4875
 21
40.625
 31
0.0
100
AcDbAttribute
  2
NORMA
 70
0
  0
SEQEND
  5
F0C
330
F0B
100
AcDbEntity
  8
GREEN_AI_SHRUBS
  0
INSERT
  5
F10
330
17
100
AcDbEntity
  8
GREEN_AI_SHRUBS
100
AcDbBlockReference
 66
1
  2
GREEN_AI_SHRUB
 10
47.625
 20
40.625
 30
0.0
 41
0.75
 42
0.75
 43
0.75
  0
ATTRIB
  5
F12
330
17
100
AcDbEntity
  8
0
 60
1
100
AcDbText
 10
48.4875
 20
40.625
 30
0.0
 40
0.135
  1
S-0657
 11
48.4875
 21
40.625
 31
0.0
100
AcDbAttribute
  2
ID
 70
0
  0
ATTRIB
  5
F13
330
17
100
AcDbEntity
  8
0
 60
1
100
AcDbText
 10
48.4875
 20
40.625
 30
0.0
 40
0.135
  1
Гортензия метельчатая
 11
48.4875
 21
40.625
 31
0.0
100
AcDbAttribute
  2
PORODA
 70
0
  0
ATTRIB
  5
F14
330
17
100
AcDbEntity
  8
0
 60
1
100
AcDbText
 10
48.4875
 20
40.625
 30
0.0
 40
0.135
  1
Наружная стена здания и сооружения: норма 1.5 м, факт 2.5 м (СП 42.13330.2016, таблица 9.1; 743-ПП п. 3.6.3; 623-ПП п. 4.2.4)
 11
48.4875
 21
40.625
 31
0.0
100
AcDbAttribute
  2
NORMA
 70
0
  0
SEQEND
  5
F11
330
F10
100
AcDbEntity
  8
GREEN_AI_SHRUBS
  0
INSERT
  5
F15
330
17
100
AcDbEntity
  8
GREEN_AI_SHRUBS
100
AcDbBlockReference
 66
1
  2
GREEN_AI_SHRUB
 10
94.625
 20
40.625
 30
0.0
 41
0.75
 42
0.75
 43
0.75
  0
ATTRIB
  5
F17
330
17
100
AcDbEntity
  8
0
 60
1
100
AcDbText
 10
95.4875
 20
40.625
 30
0.0
 40
0.135
  1
S-0658
 11
95.4875
 21
40.625
 31
0.0
100
AcDbAttribute
  2
ID
 70
0
  0
ATTRIB
  5
F18
330
17
100
AcDbEntity
  8
0
 60
1
100
AcDbText
 10
95.4875
 20
40.625
 30
0.0
 40
0.135
  1
Гортензия метельчатая
 11
95.4875
 21
40.625
 31
0.0
100
AcDbAttribute
  2
PORODA
 70
0
  0
ATTRIB
  5
F19
330
17
100
AcDbEntity
  8
0
 60
1
100
AcDbText
 10
95.4875
 20
40.625
 30
0.0
 40
0.135
  1
Существующее сохраняемое дерево (от ствола): норма 1.0 м, факт 4.53 м (Проектное допущение, смыкание крон, сохранение насаждений по ППМ № 743-ПП)
 11
95.4875
 21
40.625
 31
0.0
100
AcDbAttribute
  2
NORMA
 70
0
  0
SEQEND
  5
F16
330
F15
100
AcDbEntity
  8
GREEN_AI_SHRUBS
  0
INSERT
  5
F1A
330
17
100
AcDbEntity
  8
GREEN_AI_SHRUBS
100
AcDbBlockReference
 66
1
  2
GREEN_AI_SHRUB
 10
96.625
 20
40.875
 30
0.0
 41
0.75
 42
0.75
 43
0.75
  0
ATTRIB
  5
F1C
330
17
100
AcDbEntity
  8
0
 60
1
100
AcDbText
 10
97.4875
 20
40.875
 30
0.0
 40
0.135
  1
S-0659
 11
97.4875
 21
40.875
 31
0.0
100
AcDbAttribute
  2
ID
 70
0
  0
ATTRIB
  5
F1D
330
17
100
AcDbEntity
  8
0
 60
1
100
AcDbText
 10
97.4875
 20
40.875
 30
0.0
 40
0.135
  1
Гортензия метельчатая
 11
97.4875
 21
40.875
 31
0.0
100
AcDbAttribute
  2
PORODA
 70
0
  0
ATTRIB
  5
F1E
330
17
100
AcDbEntity
  8
0
 60
1
100
AcDbText
 10
97.4875
 20
40.875
 30
0.0
 40
0.135
  1
Существующее сохраняемое дерево (от ствола): норма 1.0 м, факт 4.51 м (Проектное допущение, смыкание крон, сохранение насаждений по ППМ № 743-ПП)
 11
97.4875
 21
40.875
 31
0.0
100
AcDbAttribute
  2
NORMA
 70
0
  0
SEQEND
  5
F1B
330
F1A
100
AcDbEntity
  8
GREEN_AI_SHRUBS
  0
INSERT
  5
F1F
330
17
100
AcDbEntity
  8
GREEN_AI_SHRUBS
100
AcDbBlockReference
 66
1
  2
GREEN_AI_SHRUB
 10
5.625
 20
41.125
 30
0.0
 41
0.75
 42
0.75
 43
0.75
  0
ATTRIB
  5
F21
330
17
100
AcDbEntity
  8
0
 60
1
100
AcDbText
 10
6.4875
 20
41.125
 30
0.0
 40
0.135
  1
S-0660
 11
6.4875
 21
41.125
 31
0.0
100
AcDbAttribute
  2
ID
 70
0
  0
ATTRIB
  5
F22
330
17
100
AcDbEntity
  8
0
 60
1
100
AcDbText
 10
6.4875
 20
41.125
 30
0.0
 40
0.135
  1
Гортензия метельчатая
 11
6.4875
 21
41.125
 31
0.0
100
AcDbAttribute
  2
PORODA
 70
0
  0
ATTRIB
  5
F23
330
17
100
AcDbEntity
  8
0
 60
1
100
AcDbText
 10
6.4875
 20
41.125
 30
0.0
 40
0.135
  1
Наружная стена здания и сооружения: норма 1.5 м, факт 4.5 м (СП 42.13330.2016, таблица 9.1; 743-ПП п. 3.6.3; 623-ПП п. 4.2.4)
 11
6.4875
 21
41.125
 31
0.0
100
AcDbAttribute
  2
NORMA
 70
0
  0
SEQEND
  5
F20
330
F1F
100
AcDbEntity
  8
GREEN_AI_SHRUBS
  0
INSERT
  5
F24
330
17
100
AcDbEntity
  8
GREEN_AI_SHRUBS
100
AcDbBlockReference
 66
1
  2
GREEN_AI_SHRUB
 10
49.375
 20
41.125
 30
0.0
 41
0.75
 42
0.75
 43
0.75
  0
ATTRIB
  5
F26
330
17
100
AcDbEntity
  8
0
 60
1
100
AcDbText
 10
50.2375
 20
41.125
 30
0.0
 40
0.135
  1
S-0661
 11
50.2375
 21
41.125
 31
0.0
100
AcDbAttribute
  2
ID
 70
0
  0
ATTRIB
  5
F27
330
17
100
AcDbEntity
  8
0
 60
1
100
AcDbText
 10
50.2375
 20
41.125
 30
0.0
 40
0.135
  1
Гортензия метельчатая
 11
50.2375
 21
41.125
 31
0.0
100
AcDbAttribute
  2
PORODA
 70
0
  0
ATTRIB
  5
F28
330
17
100
AcDbEntity
  8
0
 60
1
100
AcDbText
 10
50.2375
 20
41.125
 30
0.0
 40
0.135
  1
Наружная стена здания и сооружения: норма 1.5 м, факт 4.25 м (СП 42.13330.2016, таблица 9.1; 743-ПП п. 3.6.3; 623-ПП п. 4.2.4)
 11
50.2375
 21
41.125
 31
0.0
100
AcDbAttribute
  2
NORMA
 70
0
  0
SEQEND
  5
F25
330
F24
100
AcDbEntity
  8
GREEN_AI_SHRUBS
  0
INSERT
  5
F29
330
17
100
AcDbEntity
  8
GREEN_AI_SHRUBS
100
AcDbBlockReference
 66
1
  2
GREEN_AI_SHRUB
 10
78.125
 20
41.125
 30
0.0
 41
0.75
 42
0.75
 43
0.75
  0
ATTRIB
  5
F2B
330
17
100
AcDbEntity
  8
0
 60
1
100
AcDbText
 10
78.9875
 20
41.125
 30
0.0
 40
0.135
  1
S-0662
 11
78.9875
 21
41.125
 31
0.0
100
AcDbAttribute
  2
ID
 70
0
  0
ATTRIB
  5
F2C
330
17
100
AcDbEntity
  8
0
 60
1
100
AcDbText
 10
78.9875
 20
41.125
 30
0.0
 40
0.135
  1
Гортензия метельчатая
 11
78.9875
 21
41.125
 31
0.0
100
AcDbAttribute
  2
PORODA
 70
0
  0
ATTRIB
  5
F2D
330
17
100
AcDbEntity
  8
0
 60
1
100
AcDbText
 10
78.9875
 20
41.125
 30
0.0
 40
0.135
  1
Канализация: норма 1.0 м, факт 2.0 м (СП 42.13330.2016, таблица 9.1; 743-ПП п. 3.6.3; 623-ПП п. 4.2.4)
 11
78.9875
 21
41.125
 31
0.0
100
AcDbAttribute
  2
NORMA
 70
0
  0
SEQEND
  5
F2A
330
F29
100
AcDbEntity
  8
GREEN_AI_SHRUBS
  0
INSERT
  5
F2E
330
17
100
AcDbEntity
  8
GREEN_AI_SHRUBS
100
AcDbBlockReference
 66
1
  2
GREEN_AI_SHRUB
 10
92.875
 20
41.375
 30
0.0
 41
0.75
 42
0.75
 43
0.75
  0
ATTRIB
  5
F30
330
17
100
AcDbEntity
  8
0
 60
1
100
AcDbText
 10
93.7375
 20
41.375
 30
0.0
 40
0.135
  1
S-0663
 11
93.7375
 21
41.375
 31
0.0
100
AcDbAttribute
  2
ID
 70
0
  0
ATTRIB
  5
F31
330
17
100
AcDbEntity
  8
0
 60
1
100
AcDbText
 10
93.7375
 20
41.375
 30
0.0
 40
0.135
  1
Гортензия метельчатая
 11
93.7375
 21
41.375
 31
0.0
100
AcDbAttribute
  2
PORODA
 70
0
  0
ATTRIB
  5
F32
330
17
100
AcDbEntity
  8
0
 60
1
100
AcDbText
 10
93.7375
 20
41.375
 30
0.0
 40
0.135
  1
Существующее сохраняемое дерево (от ствола): норма 1.0 м, факт 4.37 м (Проектное допущение, смыкание крон, сохранение насаждений по ППМ № 743-ПП)
 11
93.7375
 21
41.375
 31
0.0
100
AcDbAttribute
  2
NORMA
 70
0
  0
SEQEND
  5
F2F
330
F2E
100
AcDbEntity
  8
GREEN_AI_SHRUBS
  0
INSERT
  5
F33
330
17
100
AcDbEntity
  8
GREEN_AI_SHRUBS
100
AcDbBlockReference
 66
1
  2
GREEN_AI_SHRUB
 10
58.125
 20
41.625
 30
0.0
 41
0.75
 42
0.75
 43
0.75
  0
ATTRIB
  5
F35
330
17
100
AcDbEntity
  8
0
 60
1
100
AcDbText
 10
58.9875
 20
41.625
 30
0.0
 40
0.135
  1
S-0664
 11
58.9875
 21
41.625
 31
0.0
100
AcDbAttribute
  2
ID
 70
0
  0
ATTRIB
  5
F36
330
17
100
AcDbEntity
  8
0
 60
1
100
AcDbText
 10
58.9875
 20
41.625
 30
0.0
 40
0.135
  1
Гортензия метельчатая
 11
58.9875
 21
41.625
 31
0.0
100
AcDbAttribute
  2
PORODA
 70
0
  0
ATTRIB
  5
F37
330
17
100
AcDbEntity
  8
0
 60
1
100
AcDbText
 10
58.9875
 20
41.625
 30
0.0
 40
0.135
  1
Газопровод: норма 1.0 м, факт 2.0 м (СП 42.13330.2016, таблица 9.1; 743-ПП п. 3.6.3; 623-ПП п. 4.2.4)
 11
58.9875
 21
41.625
 31
0.0
100
AcDbAttribute
  2
NORMA
 70
0
  0
SEQEND
  5
F34
330
F33
100
AcDbEntity
  8
GREEN_AI_SHRUBS
  0
INSERT
  5
F38
330
17
100
AcDbEntity
  8
GREEN_AI_SHRUBS
100
AcDbBlockReference
 66
1
  2
GREEN_AI_SHRUB
 10
62.125
 20
41.875
 30
0.0
 41
0.75
 42
0.75
 43
0.75
  0
ATTRIB
  5
F3A
330
17
100
AcDbEntity
  8
0
 60
1
100
AcDbText
 10
62.9875
 20
41.875
 30
0.0
 40
0.135
  1
S-0665
 11
62.9875
 21
41.875
 31
0.0
100
AcDbAttribute
  2
ID
 70
0
  0
ATTRIB
  5
F3B
330
17
100
AcDbEntity
  8
0
 60
1
100
AcDbText
 10
62.9875
 20
41.875
 30
0.0
 40
0.135
  1
Гортензия метельчатая
 11
62.9875
 21
41.875
 31
0.0
100
AcDbAttribute
  2
PORODA
 70
0
  0
ATTRIB
  5
F3C
330
17
100
AcDbEntity
  8
0
 60
1
100
AcDbText
 10
62.9875
 20
41.875
 30
0.0
 40
0.135
  1
Газопровод: норма 1.0 м, факт 2.0 м (СП 42.13330.2016, таблица 9.1; 743-ПП п. 3.6.3; 623-ПП п. 4.2.4)
 11
62.9875
 21
41.875
 31
0.0
100
AcDbAttribute
  2
NORMA
 70
0
  0
SEQEND
  5
F39
330
F38
100
AcDbEntity
  8
GREEN_AI_SHRUBS
  0
INSERT
  5
F3D
330
17
100
AcDbEntity
  8
GREEN_AI_SHRUBS
100
AcDbBlockReference
 66
1
  2
GREEN_AI_SHRUB
 10
98.125
 20
41.875
 30
0.0
 41
0.75
 42
0.75
 43
0.75
  0
ATTRIB
  5
F3F
330
17
100
AcDbEntity
  8
0
 60
1
100
AcDbText
 10
98.9875
 20
41.875
 30
0.0
 40
0.135
  1
S-0666
 11
98.9875
 21
41.875
 31
0.0
100
AcDbAttribute
  2
ID
 70
0
  0
ATTRIB
  5
F40
330
17
100
AcDbEntity
  8
0
 60
1
100
AcDbText
 10
98.9875
 20
41.875
 30
0.0
 40
0.135
  1
Гортензия метельчатая
 11
98.9875
 21
41.875
 31
0.0
100
AcDbAttribute
  2
PORODA
 70
0
  0
ATTRIB
  5
F41
330
17
100
AcDbEntity
  8
0
 60
1
100
AcDbText
 10
98.9875
 20
41.875
 30
0.0
 40
0.135
  1
Существующее сохраняемое дерево (от ствола): норма 1.0 м, факт 4.42 м (Проектное допущение, смыкание крон, сохранение насаждений по ППМ № 743-ПП)
 11
98.9875
 21
41.875
 31
0.0
100
AcDbAttribute
  2
NORMA
 70
0
  0
SEQEND
  5
F3E
330
F3D
100
AcDbEntity
  8
GREEN_AI_SHRUBS
  0
INSERT
  5
F42
330
17
100
AcDbEntity
  8
GREEN_AI_SHRUBS
100
AcDbBlockReference
 66
1
  2
GREEN_AI_SHRUB
 10
82.125
 20
42.125
 30
0.0
 41
0.75
 42
0.75
 43
0.75
  0
ATTRIB
  5
F44
330
17
100
AcDbEntity
  8
0
 60
1
100
AcDbText
 10
82.9875
 20
42.125
 30
0.0
 40
0.135
  1
S-0667
 11
82.9875
 21
42.125
 31
0.0
100
AcDbAttribute
  2
ID
 70
0
  0
ATTRIB
  5
F45
330
17
100
AcDbEntity
  8
0
 60
1
100
AcDbText
 10
82.9875
 20
42.125
 30
0.0
 40
0.135
  1
Гортензия метельчатая
 11
82.9875
 21
42.125
 31
0.0
100
AcDbAttribute
  2
PORODA
 70
0
  0
ATTRIB
  5
F46
330
17
100
AcDbEntity
  8
0
 60
1
100
AcDbText
 10
82.9875
 20
42.125
 30
0.0
 40
0.135
  1
Канализация: норма 1.0 м, факт 2.0 м (СП 42.13330.2016, таблица 9.1; 743-ПП п. 3.6.3; 623-ПП п. 4.2.4)
 11
82.9875
 21
42.125
 31
0.0
100
AcDbAttribute
  2
NORMA
 70
0
  0
SEQEND
  5
F43
330
F42
100
AcDbEntity
  8
GREEN_AI_SHRUBS
  0
INSERT
  5
F47
330
17
100
AcDbEntity
  8
GREEN_AI_SHRUBS
100
AcDbBlockReference
 66
1
  2
GREEN_AI_SHRUB
 10
7.125
 20
42.375
 30
0.0
 41
0.75
 42
0.75
 43
0.75
  0
ATTRIB
  5
F49
330
17
100
AcDbEntity
  8
0
 60
1
100
AcDbText
 10
7.9875
 20
42.375
 30
0.0
 40
0.135
  1
S-0668
 11
7.9875
 21
42.375
 31
0.0
100
AcDbAttribute
  2
ID
 70
0
  0
ATTRIB
  5
F4A
330
17
100
AcDbEntity
  8
0
 60
1
100
AcDbText
 10
7.9875
 20
42.375
 30
0.0
 40
0.135
  1
Гортензия метельчатая
 11
7.9875
 21
42.375
 31
0.0
100
AcDbAttribute
  2
PORODA
 70
0
  0
ATTRIB
  5
F4B
330
17
100
AcDbEntity
  8
0
 60
1
100
AcDbText
 10
7.9875
 20
42.375
 30
0.0
 40
0.135
  1
Наружная стена здания и сооружения: норма 1.5 м, факт 3.0 м (СП 42.13330.2016, таблица 9.1; 743-ПП п. 3.6.3; 623-ПП п. 4.2.4)
 11
7.9875
 21
42.375
 31
0.0
100
AcDbAttribute
  2
NORMA
 70
0
  0
SEQEND
  5
F48
330
F47
100
AcDbEntity
  8
GREEN_AI_SHRUBS
  0
INSERT
  5
F4C
330
17
100
AcDbEntity
  8
GREEN_AI_SHRUBS
100
AcDbBlockReference
 66
1
  2
GREEN_AI_SHRUB
 10
95.125
 20
42.375
 30
0.0
 41
0.75
 42
0.75
 43
0.75
  0
ATTRIB
  5
F4E
330
17
100
AcDbEntity
  8
0
 60
1
100
AcDbText
 10
95.9875
 20
42.375
 30
0.0
 40
0.135
  1
S-0669
 11
95.9875
 21
42.375
 31
0.0
100
AcDbAttribute
  2
ID
 70
0
  0
ATTRIB
  5
F4F
330
17
100
AcDbEntity
  8
0
 60
1
100
AcDbText
 10
95.9875
 20
42.375
 30
0.0
 40
0.135
  1
Гортензия метельчатая
 11
95.9875
 21
42.375
 31
0.0
100
AcDbAttribute
  2
PORODA
 70
0
  0
ATTRIB
  5
F50
330
17
100
AcDbEntity
  8
0
 60
1
100
AcDbText
 10
95.9875
 20
42.375
 30
0.0
 40
0.135
  1
Существующее сохраняемое дерево (от ствола): норма 1.0 м, факт 2.75 м (Проектное допущение, смыкание крон, сохранение насаждений по ППМ № 743-ПП)
 11
95.9875
 21
42.375
 31
0.0
100
AcDbAttribute
  2
NORMA
 70
0
  0
SEQEND
  5
F4D
330
F4C
100
AcDbEntity
  8
GREEN_AI_SHRUBS
  0
INSERT
  5
F51
330
17
100
AcDbEntity
  8
GREEN_AI_SHRUBS
100
AcDbBlockReference
 66
1
  2
GREEN_AI_SHRUB
 10
4.625
 20
42.625
 30
0.0
 41
0.75
 42
0.75
 43
0.75
  0
ATTRIB
  5
F53
330
17
100
AcDbEntity
  8
0
 60
1
100
AcDbText
 10
5.4875
 20
42.625
 30
0.0
 40
0.135
  1
S-0670
 11
5.4875
 21
42.625
 31
0.0
100
AcDbAttribute
  2
ID
 70
0
  0
ATTRIB
  5
F54
330
17
100
AcDbEntity
  8
0
 60
1
100
AcDbText
 10
5.4875
 20
42.625
 30
0.0
 40
0.135
  1
Гортензия метельчатая
 11
5.4875
 21
42.625
 31
0.0
100
AcDbAttribute
  2
PORODA
 70
0
  0
ATTRIB
  5
F55
330
17
100
AcDbEntity
  8
0
 60
1
100
AcDbText
 10
5.4875
 20
42.625
 30
0.0
 40
0.135
  1
Наружная стена здания и сооружения: норма 1.5 м, факт 5.5 м (СП 42.13330.2016, таблица 9.1; 743-ПП п. 3.6.3; 623-ПП п. 4.2.4)
 11
5.4875
 21
42.625
 31
0.0
100
AcDbAttribute
  2
NORMA
 70
0
  0
SEQEND
  5
F52
330
F51
100
AcDbEntity
  8
GREEN_AI_SHRUBS
  0
INSERT
  5
F56
330
17
100
AcDbEntity
  8
GREEN_AI_SHRUBS
100
AcDbBlockReference
 66
1
  2
GREEN_AI_SHRUB
 10
47.625
 20
42.625
 30
0.0
 41
0.75
 42
0.75
 43
0.75
  0
ATTRIB
  5
F58
330
17
100
AcDbEntity
  8
0
 60
1
100
AcDbText
 10
48.4875
 20
42.625
 30
0.0
 40
0.135
  1
S-0671
 11
48.4875
 21
42.625
 31
0.0
100
AcDbAttribute
  2
ID
 70
0
  0
ATTRIB
  5
F59
330
17
100
AcDbEntity
  8
0
 60
1
100
AcDbText
 10
48.4875
 20
42.625
 30
0.0
 40
0.135
  1
Гортензия метельчатая
 11
48.4875
 21
42.625
 31
0.0
100
AcDbAttribute
  2
PORODA
 70
0
  0
ATTRIB
  5
F5A
330
17
100
AcDbEntity
  8
0
 60
1
100
AcDbText
 10
48.4875
 20
42.625
 30
0.0
 40
0.135
  1
Наружная стена здания и сооружения: норма 1.5 м, факт 2.5 м (СП 42.13330.2016, таблица 9.1; 743-ПП п. 3.6.3; 623-ПП п. 4.2.4)
 11
48.4875
 21
42.625
 31
0.0
100
AcDbAttribute
  2
NORMA
 70
0
  0
SEQEND
  5
F57
330
F56
100
AcDbEntity
  8
GREEN_AI_SHRUBS
  0
INSERT
  5
F5B
330
17
100
AcDbEntity
  8
GREEN_AI_SHRUBS
100
AcDbBlockReference
 66
1
  2
GREEN_AI_SHRUB
 10
50.375
 20
42.625
 30
0.0
 41
0.75
 42
0.75
 43
0.75
  0
ATTRIB
  5
F5D
330
17
100
AcDbEntity
  8
0
 60
1
100
AcDbText
 10
51.2375
 20
42.625
 30
0.0
 40
0.135
  1
S-0672
 11
51.2375
 21
42.625
 31
0.0
100
AcDbAttribute
  2
ID
 70
0
  0
ATTRIB
  5
F5E
330
17
100
AcDbEntity
  8
0
 60
1
100
AcDbText
 10
51.2375
 20
42.625
 30
0.0
 40
0.135
  1
Гортензия метельчатая
 11
51.2375
 21
42.625
 31
0.0
100
AcDbAttribute
  2
PORODA
 70
0
  0
ATTRIB
  5
F5F
330
17
100
AcDbEntity
  8
0
 60
1
100
AcDbText
 10
51.2375
 20
42.625
 30
0.0
 40
0.135
  1
Наружная стена здания и сооружения: норма 1.5 м, факт 5.25 м (СП 42.13330.2016, таблица 9.1; 743-ПП п. 3.6.3; 623-ПП п. 4.2.4)
 11
51.2375
 21
42.625
 31
0.0
100
AcDbAttribute
  2
NORMA
 70
0
  0
SEQEND
  5
F5C
330
F5B
100
AcDbEntity
  8
GREEN_AI_SHRUBS
  0
INSERT
  5
F60
330
17
100
AcDbEntity
  8
GREEN_AI_SHRUBS
100
AcDbBlockReference
 66
1
  2
GREEN_AI_SHRUB
 10
91.375
 20
42.875
 30
0.0
 41
0.75
 42
0.75
 43
0.75
  0
ATTRIB
  5
F62
330
17
100
AcDbEntity
  8
0
 60
1
100
AcDbText
 10
92.2375
 20
42.875
 30
0.0
 40
0.135
  1
S-0673
 11
92.2375
 21
42.875
 31
0.0
100
AcDbAttribute
  2
ID
 70
0
  0
ATTRIB
  5
F63
330
17
100
AcDbEntity
  8
0
 60
1
100
AcDbText
 10
92.2375
 20
42.875
 30
0.0
 40
0.135
  1
Гортензия метельчатая
 11
92.2375
 21
42.875
 31
0.0
100
AcDbAttribute
  2
PORODA
 70
0
  0
ATTRIB
  5
F64
330
17
100
AcDbEntity
  8
0
 60
1
100
AcDbText
 10
92.2375
 20
42.875
 30
0.0
 40
0.135
  1
Существующее сохраняемое дерево (от ствола): норма 1.0 м, факт 4.37 м (Проектное допущение, смыкание крон, сохранение насаждений по ППМ № 743-ПП)
 11
92.2375
 21
42.875
 31
0.0
100
AcDbAttribute
  2
NORMA
 70
0
  0
SEQEND
  5
F61
330
F60
100
AcDbEntity
  8
GREEN_AI_SHRUBS
  0
INSERT
  5
F65
330
17
100
AcDbEntity
  8
GREEN_AI_SHRUBS
100
AcDbBlockReference
 66
1
  2
GREEN_AI_SHRUB
 10
78.125
 20
43.125
 30
0.0
 41
0.75
 42
0.75
 43
0.75
  0
ATTRIB
  5
F67
330
17
100
AcDbEntity
  8
0
 60
1
100
AcDbText
 10
78.9875
 20
43.125
 30
0.0
 40
0.135
  1
S-0674
 11
78.9875
 21
43.125
 31
0.0
100
AcDbAttribute
  2
ID
 70
0
  0
ATTRIB
  5
F68
330
17
100
AcDbEntity
  8
0
 60
1
100
AcDbText
 10
78.9875
 20
43.125
 30
0.0
 40
0.135
  1
Гортензия метельчатая
 11
78.9875
 21
43.125
 31
0.0
100
AcDbAttribute
  2
PORODA
 70
0
  0
ATTRIB
  5
F69
330
17
100
AcDbEntity
  8
0
 60
1
100
AcDbText
 10
78.9875
 20
43.125
 30
0.0
 40
0.135
  1
Канализация: норма 1.0 м, факт 2.0 м (СП 42.13330.2016, таблица 9.1; 743-ПП п. 3.6.3; 623-ПП п. 4.2.4)
 11
78.9875
 21
43.125
 31
0.0
100
AcDbAttribute
  2
NORMA
 70
0
  0
SEQEND
  5
F66
330
F65
100
AcDbEntity
  8
GREEN_AI_SHRUBS
  0
INSERT
  5
F6A
330
17
100
AcDbEntity
  8
GREEN_AI_SHRUBS
100
AcDbBlockReference
 66
1
  2
GREEN_AI_SHRUB
 10
93.375
 20
43.125
 30
0.0
 41
0.75
 42
0.75
 43
0.75
  0
ATTRIB
  5
F6C
330
17
100
AcDbEntity
  8
0
 60
1
100
AcDbText
 10
94.2375
 20
43.125
 30
0.0
 40
0.135
  1
S-0675
 11
94.2375
 21
43.125
 31
0.0
100
AcDbAttribute
  2
ID
 70
0
  0
ATTRIB
  5
F6D
330
17
100
AcDbEntity
  8
0
 60
1
100
AcDbText
 10
94.2375
 20
43.125
 30
0.0
 40
0.135
  1
Гортензия метельчатая
 11
94.2375
 21
43.125
 31
0.0
100
AcDbAttribute
  2
PORODA
 70
0
  0
ATTRIB
  5
F6E
330
17
100
AcDbEntity
  8
0
 60
1
100
AcDbText
 10
94.2375
 20
43.125
 30
0.0
 40
0.135
  1
Существующее сохраняемое дерево (от ствола): норма 1.0 м, факт 2.66 м (Проектное допущение, смыкание крон, сохранение насаждений по ППМ № 743-ПП)
 11
94.2375
 21
43.125
 31
0.0
100
AcDbAttribute
  2
NORMA
 70
0
  0
SEQEND
  5
F6B
330
F6A
100
AcDbEntity
  8
GREEN_AI_SHRUBS
  0
INSERT
  5
F6F
330
17
100
AcDbEntity
  8
GREEN_AI_SHRUBS
100
AcDbBlockReference
 66
1
  2
GREEN_AI_SHRUB
 10
96.625
 20
43.375
 30
0.0
 41
0.75
 42
0.75
 43
0.75
  0
ATTRIB
  5
F71
330
17
100
AcDbEntity
  8
0
 60
1
100
AcDbText
 10
97.4875
 20
43.375
 30
0.0
 40
0.135
  1
S-0676
 11
97.4875
 21
43.375
 31
0.0
100
AcDbAttribute
  2
ID
 70
0
  0
ATTRIB
  5
F72
330
17
100
AcDbEntity
  8
0
 60
1
100
AcDbText
 10
97.4875
 20
43.375
 30
0.0
 40
0.135
  1
Гортензия метельчатая
 11
97.4875
 21
43.375
 31
0.0
100
AcDbAttribute
  2
PORODA
 70
0
  0
ATTRIB
  5
F73
330
17
100
AcDbEntity
  8
0
 60
1
100
AcDbText
 10
97.4875
 20
43.375
 30
0.0
 40
0.135
  1
Существующее сохраняемое дерево (от ствола): норма 1.0 м, факт 2.3 м (Проектное допущение, смыкание крон, сохранение насаждений по ППМ № 743-ПП)
 11
97.4875
 21
43.375
 31
0.0
100
AcDbAttribute
  2
NORMA
 70
0
  0
SEQEND
  5
F70
330
F6F
100
AcDbEntity
  8
GREEN_AI_SHRUBS
  0
INSERT
  5
F74
330
17
100
AcDbEntity
  8
GREEN_AI_SHRUBS
100
AcDbBlockReference
 66
1
  2
GREEN_AI_SHRUB
 10
99.125
 20
43.375
 30
0.0
 41
0.75
 42
0.75
 43
0.75
  0
ATTRIB
  5
F76
330
17
100
AcDbEntity
  8
0
 60
1
100
AcDbText
 10
99.9875
 20
43.375
 30
0.0
 40
0.135
  1
S-0677
 11
99.9875
 21
43.375
 31
0.0
100
AcDbAttribute
  2
ID
 70
0
  0
ATTRIB
  5
F77
330
17
100
AcDbEntity
  8
0
 60
1
100
AcDbText
 10
99.9875
 20
43.375
 30
0.0
 40
0.135
  1
Гортензия метельчатая
 11
99.9875
 21
43.375
 31
0.0
100
AcDbAttribute
  2
PORODA
 70
0
  0
ATTRIB
  5
F78
330
17
100
AcDbEntity
  8
0
 60
1
100
AcDbText
 10
99.9875
 20
43.375
 30
0.0
 40
0.135
  1
Существующее сохраняемое дерево (от ствола): норма 1.0 м, факт 4.37 м (Проектное допущение, смыкание крон, сохранение насаждений по ППМ № 743-ПП)
 11
99.9875
 21
43.375
 31
0.0
100
AcDbAttribute
  2
NORMA
 70
0
  0
SEQEND
  5
F75
330
F74
100
AcDbEntity
  8
GREEN_AI_SHRUBS
  0
INSERT
  5
F79
330
17
100
AcDbEntity
  8
GREEN_AI_SHRUBS
100
AcDbBlockReference
 66
1
  2
GREEN_AI_SHRUB
 10
58.125
 20
43.625
 30
0.0
 41
0.75
 42
0.75
 43
0.75
  0
ATTRIB
  5
F7B
330
17
100
AcDbEntity
  8
0
 60
1
100
AcDbText
 10
58.9875
 20
43.625
 30
0.0
 40
0.135
  1
S-0678
 11
58.9875
 21
43.625
 31
0.0
100
AcDbAttribute
  2
ID
 70
0
  0
ATTRIB
  5
F7C
330
17
100
AcDbEntity
  8
0
 60
1
100
AcDbText
 10
58.9875
 20
43.625
 30
0.0
 40
0.135
  1
Гортензия метельчатая
 11
58.9875
 21
43.625
 31
0.0
100
AcDbAttribute
  2
PORODA
 70
0
  0
ATTRIB
  5
F7D
330
17
100
AcDbEntity
  8
0
 60
1
100
AcDbText
 10
58.9875
 20
43.625
 30
0.0
 40
0.135
  1
Газопровод: норма 1.0 м, факт 2.0 м (СП 42.13330.2016, таблица 9.1; 743-ПП п. 3.6.3; 623-ПП п. 4.2.4)
 11
58.9875
 21
43.625
 31
0.0
100
AcDbAttribute
  2
NORMA
 70
0
  0
SEQEND
  5
F7A
330
F79
100
AcDbEntity
  8
GREEN_AI_SHRUBS
  0
INSERT
  5
F7E
330
17
100
AcDbEntity
  8
GREEN_AI_SHRUBS
100
AcDbBlockReference
 66
1
  2
GREEN_AI_SHRUB
 10
6.125
 20
43.875
 30
0.0
 41
0.75
 42
0.75
 43
0.75
  0
ATTRIB
  5
F80
330
17
100
AcDbEntity
  8
0
 60
1
100
AcDbText
 10
6.9875
 20
43.875
 30
0.0
 40
0.135
  1
S-0679
 11
6.9875
 21
43.875
 31
0.0
100
AcDbAttribute
  2
ID
 70
0
  0
ATTRIB
  5
F81
330
17
100
AcDbEntity
  8
0
 60
1
100
AcDbText
 10
6.9875
 20
43.875
 30
0.0
 40
0.135
  1
Гортензия метельчатая
 11
6.9875
 21
43.875
 31
0.0
100
AcDbAttribute
  2
PORODA
 70
0
  0
ATTRIB
  5
F82
330
17
100
AcDbEntity
  8
0
 60
1
100
AcDbText
 10
6.9875
 20
43.875
 30
0.0
 40
0.135
  1
Наружная стена здания и сооружения: норма 1.5 м, факт 4.0 м (СП 42.13330.2016, таблица 9.1; 743-ПП п. 3.6.3; 623-ПП п. 4.2.4)
 11
6.9875
 21
43.875
 31
0.0
100
AcDbAttribute
  2
NORMA
 70
0
  0
SEQEND
  5
F7F
330
F7E
100
AcDbEntity
  8
GREEN_AI_SHRUBS
  0
INSERT
  5
F83
330
17
100
AcDbEntity
  8
GREEN_AI_SHRUBS
100
AcDbBlockReference
 66
1
  2
GREEN_AI_SHRUB
 10
62.125
 20
43.875
 30
0.0
 41
0.75
 42
0.75
 43
0.75
  0
ATTRIB
  5
F85
330
17
100
AcDbEntity
  8
0
 60
1
100
AcDbText
 10
62.9875
 20
43.875
 30
0.0
 40
0.135
  1
S-0680
 11
62.9875
 21
43.875
 31
0.0
100
AcDbAttribute
  2
ID
 70
0
  0
ATTRIB
  5
F86
330
17
100
AcDbEntity
  8
0
 60
1
100
AcDbText
 10
62.9875
 20
43.875
 30
0.0
 40
0.135
  1
Гортензия метельчатая
 11
62.9875
 21
43.875
 31
0.0
100
AcDbAttribute
  2
PORODA
 70
0
  0
ATTRIB
  5
F87
330
17
100
AcDbEntity
  8
0
 60
1
100
AcDbText
 10
62.9875
 20
43.875
 30
0.0
 40
0.135
  1
Газопровод: норма 1.0 м, факт 2.0 м (СП 42.13330.2016, таблица 9.1; 743-ПП п. 3.6.3; 623-ПП п. 4.2.4)
 11
62.9875
 21
43.875
 31
0.0
100
AcDbAttribute
  2
NORMA
 70
0
  0
SEQEND
  5
F84
330
F83
100
AcDbEntity
  8
GREEN_AI_SHRUBS
  0
INSERT
  5
F88
330
17
100
AcDbEntity
  8
GREEN_AI_SHRUBS
100
AcDbBlockReference
 66
1
  2
GREEN_AI_SHRUB
 10
48.625
 20
44.125
 30
0.0
  0
ATTRIB
  5
F8A
330
17
100
AcDbEntity
  8
0
 60
1
100
AcDbText
 10
49.775
 20
44.125
 30
0.0
 40
0.18
  1
S-0681
 11
49.775
 21
44.125
 31
0.0
100
AcDbAttribute
  2
ID
 70
0
  0
ATTRIB
  5
F8B
330
17
100
AcDbEntity
  8
0
 60
1
100
AcDbText
 10
49.775
 20
44.125
 30
0.0
 40
0.18
  1
Чубушник венечный
 11
49.775
 21
44.125
 31
0.0
100
AcDbAttribute
  2
PORODA
 70
0
  0
ATTRIB
  5
F8C
330
17
100
AcDbEntity
  8
0
 60
1
100
AcDbText
 10
49.775
 20
44.125
 30
0.0
 40
0.18
  1
Наружная стена здания и сооружения: норма 1.5 м, факт 3.5 м (СП 42.13330.2016, таблица 9.1; 743-ПП п. 3.6.3; 623-ПП п. 4.2.4)
 11
49.775
 21
44.125
 31
0.0
100
AcDbAttribute
  2
NORMA
 70
0
  0
SEQEND
  5
F89
330
F88
100
AcDbEntity
  8
GREEN_AI_SHRUBS
  0
INSERT
  5
F8D
330
17
100
AcDbEntity
  8
GREEN_AI_SHRUBS
100
AcDbBlockReference
 66
1
  2
GREEN_AI_SHRUB
 10
82.125
 20
44.125
 30
0.0
  0
ATTRIB
  5
F8F
330
17
100
AcDbEntity
  8
0
 60
1
100
AcDbText
 10
83.275
 20
44.125
 30
0.0
 40
0.18
  1
S-0682
 11
83.275
 21
44.125
 31
0.0
100
AcDbAttribute
  2
ID
 70
0
  0
ATTRIB
  5
F90
330
17
100
AcDbEntity
  8
0
 60
1
100
AcDbText
 10
83.275
 20
44.125
 30
0.0
 40
0.18
  1
Чубушник венечный
 11
83.275
 21
44.125
 31
0.0
100
AcDbAttribute
  2
PORODA
 70
0
  0
ATTRIB
  5
F91
330
17
100
AcDbEntity
  8
0
 60
1
100
AcDbText
 10
83.275
 20
44.125
 30
0.0
 40
0.18
  1
Канализация: норма 1.0 м, факт 2.0 м (СП 42.13330.2016, таблица 9.1; 743-ПП п. 3.6.3; 623-ПП п. 4.2.4)
 11
83.275
 21
44.125
 31
0.0
100
AcDbAttribute
  2
NORMA
 70
0
  0
SEQEND
  5
F8E
330
F8D
100
AcDbEntity
  8
GREEN_AI_SHRUBS
  0
INSERT
  5
F92
330
17
100
AcDbEntity
  8
GREEN_AI_SHRUBS
100
AcDbBlockReference
 66
1
  2
GREEN_AI_SHRUB
 10
50.375
 20
44.625
 30
0.0
  0
ATTRIB
  5
F94
330
17
100
AcDbEntity
  8
0
 60
1
100
AcDbText
 10
51.525
 20
44.625
 30
0.0
 40
0.18
  1
S-0683
 11
51.525
 21
44.625
 31
0.0
100
AcDbAttribute
  2
ID
 70
0
  0
ATTRIB
  5
F95
330
17
100
AcDbEntity
  8
0
 60
1
100
AcDbText
 10
51.525
 20
44.625
 30
0.0
 40
0.18
  1
Чубушник венечный
 11
51.525
 21
44.625
 31
0.0
100
AcDbAttribute
  2
PORODA
 70
0
  0
ATTRIB
  5
F96
330
17
100
AcDbEntity
  8
0
 60
1
100
AcDbText
 10
51.525
 20
44.625
 30
0.0
 40
0.18
  1
Наружная стена здания и сооружения: норма 1.5 м, факт 5.25 м (СП 42.13330.2016, таблица 9.1; 743-ПП п. 3.6.3; 623-ПП п. 4.2.4)
 11
51.525
 21
44.625
 31
0.0
100
AcDbAttribute
  2
NORMA
 70
0
  0
SEQEND
  5
F93
330
F92
100
AcDbEntity
  8
GREEN_AI_SHRUBS
  0
INSERT
  5
F97
330
17
100
AcDbEntity
  8
GREEN_AI_SHRUBS
100
AcDbBlockReference
 66
1
  2
GREEN_AI_SHRUB
 10
90.625
 20
44.625
 30
0.0
  0
ATTRIB
  5
F99
330
17
100
AcDbEntity
  8
0
 60
1
100
AcDbText
 10
91.775
 20
44.625
 30
0.0
 40
0.18
  1
S-0684
 11
91.775
 21
44.625
 31
0.0
100
AcDbAttribute
  2
ID
 70
0
  0
ATTRIB
  5
F9A
330
17
100
AcDbEntity
  8
0
 60
1
100
AcDbText
 10
91.775
 20
44.625
 30
0.0
 40
0.18
  1
Чубушник венечный
 11
91.775
 21
44.625
 31
0.0
100
AcDbAttribute
  2
PORODA
 70
0
  0
ATTRIB
  5
F9B
330
17
100
AcDbEntity
  8
0
 60
1
100
AcDbText
 10
91.775
 20
44.625
 30
0.0
 40
0.18
  1
Существующее сохраняемое дерево (от ствола): норма 1.0 м, факт 4.53 м (Проектное допущение, смыкание крон, сохранение насаждений по ППМ № 743-ПП)
 11
91.775
 21
44.625
 31
0.0
100
AcDbAttribute
  2
NORMA
 70
0
  0
SEQEND
  5
F98
330
F97
100
AcDbEntity
  8
GREEN_AI_SHRUBS
  0
INSERT
  5
F9C
330
17
100
AcDbEntity
  8
GREEN_AI_SHRUBS
100
AcDbBlockReference
 66
1
  2
GREEN_AI_SHRUB
 10
4.625
 20
44.875
 30
0.0
  0
ATTRIB
  5
F9E
330
17
100
AcDbEntity
  8
0
 60
1
100
AcDbText
 10
5.775
 20
44.875
 30
0.0
 40
0.18
  1
S-0685
 11
5.775
 21
44.875
 31
0.0
100
AcDbAttribute
  2
ID
 70
0
  0
ATTRIB
  5
F9F
330
17
100
AcDbEntity
  8
0
 60
1
100
AcDbText
 10
5.775
 20
44.875
 30
0.0
 40
0.18
  1
Чубушник венечный
 11
5.775
 21
44.875
 31
0.0
100
AcDbAttribute
  2
PORODA
 70
0
  0
ATTRIB
  5
FA0
330
17
100
AcDbEntity
  8
0
 60
1
100
AcDbText
 10
5.775
 20
44.875
 30
0.0
 40
0.18
  1
Наружная стена здания и сооружения: норма 1.5 м, факт 5.5 м (СП 42.13330.2016, таблица 9.1; 743-ПП п. 3.6.3; 623-ПП п. 4.2.4)
 11
5.775
 21
44.875
 31
0.0
100
AcDbAttribute
  2
NORMA
 70
0
  0
SEQEND
  5
F9D
330
F9C
100
AcDbEntity
  8
GREEN_AI_SHRUBS
  0
INSERT
  5
FA1
330
17
100
AcDbEntity
  8
GREEN_AI_SHRUBS
100
AcDbBlockReference
 66
1
  2
GREEN_AI_SHRUB
 10
7.625
 20
44.875
 30
0.0
  0
ATTRIB
  5
FA3
330
17
100
AcDbEntity
  8
0
 60
1
100
AcDbText
 10
8.775
 20
44.875
 30
0.0
 40
0.18
  1
S-0686
 11
8.775
 21
44.875
 31
0.0
100
AcDbAttribute
  2
ID
 70
0
  0
ATTRIB
  5
FA4
330
17
100
AcDbEntity
  8
0
 60
1
100
AcDbText
 10
8.775
 20
44.875
 30
0.0
 40
0.18
  1
Чубушник венечный
 11
8.775
 21
44.875
 31
0.0
100
AcDbAttribute
  2
PORODA
 70
0
  0
ATTRIB
  5
FA5
330
17
100
AcDbEntity
  8
0
 60
1
100
AcDbText
 10
8.775
 20
44.875
 30
0.0
 40
0.18
  1
Наружная стена здания и сооружения: норма 1.5 м, факт 2.5 м (СП 42.13330.2016, таблица 9.1; 743-ПП п. 3.6.3; 623-ПП п. 4.2.4)
 11
8.775
 21
44.875
 31
0.0
100
AcDbAttribute
  2
NORMA
 70
0
  0
SEQEND
  5
FA2
330
FA1
100
AcDbEntity
  8
GREEN_AI_SHRUBS
  0
INSERT
  5
FA6
330
17
100
AcDbEntity
  8
GREEN_AI_SHRUBS
100
AcDbBlockReference
 66
1
  2
GREEN_AI_SHRUB
 10
92.625
 20
44.875
 30
0.0
  0
ATTRIB
  5
FA8
330
17
100
AcDbEntity
  8
0
 60
1
100
AcDbText
 10
93.775
 20
44.875
 30
0.0
 40
0.18
  1
S-0687
 11
93.775
 21
44.875
 31
0.0
100
AcDbAttribute
  2
ID
 70
0
  0
ATTRIB
  5
FA9
330
17
100
AcDbEntity
  8
0
 60
1
100
AcDbText
 10
93.775
 20
44.875
 30
0.0
 40
0.18
  1
Чубушник венечный
 11
93.775
 21
44.875
 31
0.0
100
AcDbAttribute
  2
PORODA
 70
0
  0
ATTRIB
  5
FAA
330
17
100
AcDbEntity
  8
0
 60
1
100
AcDbText
 10
93.775
 20
44.875
 30
0.0
 40
0.18
  1
Существующее сохраняемое дерево (от ствола): норма 1.0 м, факт 2.51 м (Проектное допущение, смыкание крон, сохранение насаждений по ППМ № 743-ПП)
 11
93.775
 21
44.875
 31
0.0
100
AcDbAttribute
  2
NORMA
 70
0
  0
SEQEND
  5
FA7
330
FA6
100
AcDbEntity
  8
GREEN_AI_SHRUBS
  0
INSERT
  5
FAB
330
17
100
AcDbEntity
  8
GREEN_AI_SHRUBS
100
AcDbBlockReference
 66
1
  2
GREEN_AI_SHRUB
 10
97.625
 20
44.875
 30
0.0
  0
ATTRIB
  5
FAD
330
17
100
AcDbEntity
  8
0
 60
1
100
AcDbText
 10
98.775
 20
44.875
 30
0.0
 40
0.18
  1
S-0688
 11
98.775
 21
44.875
 31
0.0
100
AcDbAttribute
  2
ID
 70
0
  0
ATTRIB
  5
FAE
330
17
100
AcDbEntity
  8
0
 60
1
100
AcDbText
 10
98.775
 20
44.875
 30
0.0
 40
0.18
  1
Чубушник венечный
 11
98.775
 21
44.875
 31
0.0
100
AcDbAttribute
  2
PORODA
 70
0
  0
ATTRIB
  5
FAF
330
17
100
AcDbEntity
  8
0
 60
1
100
AcDbText
 10
98.775
 20
44.875
 30
0.0
 40
0.18
  1
Существующее сохраняемое дерево (от ствола): норма 1.0 м, факт 2.51 м (Проектное допущение, смыкание крон, сохранение насаждений по ППМ № 743-ПП)
 11
98.775
 21
44.875
 31
0.0
100
AcDbAttribute
  2
NORMA
 70
0
  0
SEQEND
  5
FAC
330
FAB
100
AcDbEntity
  8
GREEN_AI_SHRUBS
  0
INSERT
  5
FB0
330
17
100
AcDbEntity
  8
GREEN_AI_SHRUBS
100
AcDbBlockReference
 66
1
  2
GREEN_AI_SHRUB
 10
78.125
 20
45.125
 30
0.0
  0
ATTRIB
  5
FB2
330
17
100
AcDbEntity
  8
0
 60
1
100
AcDbText
 10
79.275
 20
45.125
 30
0.0
 40
0.18
  1
S-0689
 11
79.275
 21
45.125
 31
0.0
100
AcDbAttribute
  2
ID
 70
0
  0
ATTRIB
  5
FB3
330
17
100
AcDbEntity
  8
0
 60
1
100
AcDbText
 10
79.275
 20
45.125
 30
0.0
 40
0.18
  1
Чубушник венечный
 11
79.275
 21
45.125
 31
0.0
100
AcDbAttribute
  2
PORODA
 70
0
  0
ATTRIB
  5
FB4
330
17
100
AcDbEntity
  8
0
 60
1
100
AcDbText
 10
79.275
 20
45.125
 30
0.0
 40
0.18
  1
Канализация: норма 1.0 м, факт 2.0 м (СП 42.13330.2016, таблица 9.1; 743-ПП п. 3.6.3; 623-ПП п. 4.2.4)
 11
79.275
 21
45.125
 31
0.0
100
AcDbAttribute
  2
NORMA
 70
0
  0
SEQEND
  5
FB1
330
FB0
100
AcDbEntity
  8
GREEN_AI_SHRUBS
  0
INSERT
  5
FB5
330
17
100
AcDbEntity
  8
GREEN_AI_SHRUBS
100
AcDbBlockReference
 66
1
  2
GREEN_AI_SHRUB
 10
99.625
 20
45.125
 30
0.0
  0
ATTRIB
  5
FB7
330
17
100
AcDbEntity
  8
0
 60
1
100
AcDbText
 10
100.775
 20
45.125
 30
0.0
 40
0.18
  1
S-0690
 11
100.775
 21
45.125
 31
0.0
100
AcDbAttribute
  2
ID
 70
0
  0
ATTRIB
  5
FB8
330
17
100
AcDbEntity
  8
0
 60
1
100
AcDbText
 10
100.775
 20
45.125
 30
0.0
 40
0.18
  1
Чубушник венечный
 11
100.775
 21
45.125
 31
0.0
100
AcDbAttribute
  2
PORODA
 70
0
  0
ATTRIB
  5
FB9
330
17
100
AcDbEntity
  8
0
 60
1
100
AcDbText
 10
100.775
 20
45.125
 30
0.0
 40
0.18
  1
Существующее сохраняемое дерево (от ствола): норма 1.0 м, факт 4.5 м (Проектное допущение, смыкание крон, сохранение насаждений по ППМ № 743-ПП)
 11
100.775
 21
45.125
 31
0.0
100
AcDbAttribute
  2
NORMA
 70
0
  0
SEQEND
  5
FB6
330
FB5
100
AcDbEntity
  8
GREEN_AI_SHRUBS
  0
INSERT
  5
FBA
330
17
100
AcDbEntity
  8
GREEN_AI_SHRUBS
100
AcDbBlockReference
 66
1
  2
GREEN_AI_SHRUB
 10
47.625
 20
45.625
 30
0.0
  0
ATTRIB
  5
FBC
330
17
100
AcDbEntity
  8
0
 60
1
100
AcDbText
 10
48.775
 20
45.625
 30
0.0
 40
0.18
  1
S-0691
 11
48.775
 21
45.625
 31
0.0
100
AcDbAttribute
  2
ID
 70
0
  0
ATTRIB
  5
FBD
330
17
100
AcDbEntity
  8
0
 60
1
100
AcDbText
 10
48.775
 20
45.625
 30
0.0
 40
0.18
  1
Чубушник венечный
 11
48.775
 21
45.625
 31
0.0
100
AcDbAttribute
  2
PORODA
 70
0
  0
ATTRIB
  5
FBE
330
17
100
AcDbEntity
  8
0
 60
1
100
AcDbText
 10
48.775
 20
45.625
 30
0.0
 40
0.18
  1
Наружная стена здания и сооружения: норма 1.5 м, факт 2.5 м (СП 42.13330.2016, таблица 9.1; 743-ПП п. 3.6.3; 623-ПП п. 4.2.4)
 11
48.775
 21
45.625
 31
0.0
100
AcDbAttribute
  2
NORMA
 70
0
  0
SEQEND
  5
FBB
330
FBA
100
AcDbEntity
  8
GREEN_AI_SHRUBS
  0
INSERT
  5
FBF
330
17
100
AcDbEntity
  8
GREEN_AI_SHRUBS
100
AcDbBlockReference
 66
1
  2
GREEN_AI_SHRUB
 10
58.125
 20
45.625
 30
0.0
  0
ATTRIB
  5
FC1
330
17
100
AcDbEntity
  8
0
 60
1
100
AcDbText
 10
59.275
 20
45.625
 30
0.0
 40
0.18
  1
S-0692
 11
59.275
 21
45.625
 31
0.0
100
AcDbAttribute
  2
ID
 70
0
  0
ATTRIB
  5
FC2
330
17
100
AcDbEntity
  8
0
 60
1
100
AcDbText
 10
59.275
 20
45.625
 30
0.0
 40
0.18
  1
Чубушник венечный
 11
59.275
 21
45.625
 31
0.0
100
AcDbAttribute
  2
PORODA
 70
0
  0
ATTRIB
  5
FC3
330
17
100
AcDbEntity
  8
0
 60
1
100
AcDbText
 10
59.275
 20
45.625
 30
0.0
 40
0.18
  1
Газопровод: норма 1.0 м, факт 2.0 м (СП 42.13330.2016, таблица 9.1; 743-ПП п. 3.6.3; 623-ПП п. 4.2.4)
 11
59.275
 21
45.625
 31
0.0
100
AcDbAttribute
  2
NORMA
 70
0
  0
SEQEND
  5
FC0
330
FBF
100
AcDbEntity
  8
GREEN_AI_SHRUBS
  0
INSERT
  5
FC4
330
17
100
AcDbEntity
  8
GREEN_AI_SHRUBS
100
AcDbBlockReference
 66
1
  2
GREEN_AI_SHRUB
 10
67.625
 20
45.625
 30
0.0
  0
ATTRIB
  5
FC6
330
17
100
AcDbEntity
  8
0
 60
1
100
AcDbText
 10
68.775
 20
45.625
 30
0.0
 40
0.18
  1
S-0693
 11
68.775
 21
45.625
 31
0.0
100
AcDbAttribute
  2
ID
 70
0
  0
ATTRIB
  5
FC7
330
17
100
AcDbEntity
  8
0
 60
1
100
AcDbText
 10
68.775
 20
45.625
 30
0.0
 40
0.18
  1
Чубушник венечный
 11
68.775
 21
45.625
 31
0.0
100
AcDbAttribute
  2
PORODA
 70
0
  0
ATTRIB
  5
FC8
330
17
100
AcDbEntity
  8
0
 60
1
100
AcDbText
 10
68.775
 20
45.625
 30
0.0
 40
0.18
  1
Существующее сохраняемое дерево (от ствола): норма 1.0 м, факт 4.53 м (Проектное допущение, смыкание крон, сохранение насаждений по ППМ № 743-ПП)
 11
68.775
 21
45.625
 31
0.0
100
AcDbAttribute
  2
NORMA
 70
0
  0
SEQEND
  5
FC5
330
FC4
100
AcDbEntity
  8
GREEN_AI_SHRUBS
  0
INSERT
  5
FC9
330
17
100
AcDbEntity
  8
GREEN_AI_SHRUBS
100
AcDbBlockReference
 66
1
  2
GREEN_AI_SHRUB
 10
6.125
 20
45.875
 30
0.0
  0
ATTRIB
  5
FCB
330
17
100
AcDbEntity
  8
0
 60
1
100
AcDbText
 10
7.275
 20
45.875
 30
0.0
 40
0.18
  1
S-0694
 11
7.275
 21
45.875
 31
0.0
100
AcDbAttribute
  2
ID
 70
0
  0
ATTRIB
  5
FCC
330
17
100
AcDbEntity
  8
0
 60
1
100
AcDbText
 10
7.275
 20
45.875
 30
0.0
 40
0.18
  1
Чубушник венечный
 11
7.275
 21
45.875
 31
0.0
100
AcDbAttribute
  2
PORODA
 70
0
  0
ATTRIB
  5
FCD
330
17
100
AcDbEntity
  8
0
 60
1
100
AcDbText
 10
7.275
 20
45.875
 30
0.0
 40
0.18
  1
Наружная стена здания и сооружения: норма 1.5 м, факт 4.0 м (СП 42.13330.2016, таблица 9.1; 743-ПП п. 3.6.3; 623-ПП п. 4.2.4)
 11
7.275
 21
45.875
 31
0.0
100
AcDbAttribute
  2
NORMA
 70
0
  0
SEQEND
  5
FCA
330
FC9
100
AcDbEntity
  8
GREEN_AI_SHRUBS
  0
INSERT
  5
FCE
330
17
100
AcDbEntity
  8
GREEN_AI_SHRUBS
100
AcDbBlockReference
 66
1
  2
GREEN_AI_SHRUB
 10
62.125
 20
45.875
 30
0.0
  0
ATTRIB
  5
FD0
330
17
100
AcDbEntity
  8
0
 60
1
100
AcDbText
 10
63.275
 20
45.875
 30
0.0
 40
0.18
  1
S-0695
 11
63.275
 21
45.875
 31
0.0
100
AcDbAttribute
  2
ID
 70
0
  0
ATTRIB
  5
FD1
330
17
100
AcDbEntity
  8
0
 60
1
100
AcDbText
 10
63.275
 20
45.875
 30
0.0
 40
0.18
  1
Чубушник венечный
 11
63.275
 21
45.875
 31
0.0
100
AcDbAttribute
  2
PORODA
 70
0
  0
ATTRIB
  5
FD2
330
17
100
AcDbEntity
  8
0
 60
1
100
AcDbText
 10
63.275
 20
45.875
 30
0.0
 40
0.18
  1
Газопровод: норма 1.0 м, факт 2.0 м (СП 42.13330.2016, таблица 9.1; 743-ПП п. 3.6.3; 623-ПП п. 4.2.4)
 11
63.275
 21
45.875
 31
0.0
100
AcDbAttribute
  2
NORMA
 70
0
  0
SEQEND
  5
FCF
330
FCE
100
AcDbEntity
  8
GREEN_AI_SHRUBS
  0
INSERT
  5
FD3
330
17
100
AcDbEntity
  8
GREEN_AI_SHRUBS
100
AcDbBlockReference
 66
1
  2
GREEN_AI_SHRUB
 10
69.625
 20
45.875
 30
0.0
  0
ATTRIB
  5
FD5
330
17
100
AcDbEntity
  8
0
 60
1
100
AcDbText
 10
70.775
 20
45.875
 30
0.0
 40
0.18
  1
S-0696
 11
70.775
 21
45.875
 31
0.0
100
AcDbAttribute
  2
ID
 70
0
  0
ATTRIB
  5
FD6
330
17
100
AcDbEntity
  8
0
 60
1
100
AcDbText
 10
70.775
 20
45.875
 30
0.0
 40
0.18
  1
Чубушник венечный
 11
70.775
 21
45.875
 31
0.0
100
AcDbAttribute
  2
PORODA
 70
0
  0
ATTRIB
  5
FD7
330
17
100
AcDbEntity
  8
0
 60
1
100
AcDbText
 10
70.775
 20
45.875
 30
0.0
 40
0.18
  1
Существующее сохраняемое дерево (от ствола): норма 1.0 м, факт 4.51 м (Проектное допущение, смыкание крон, сохранение насаждений по ППМ № 743-ПП)
 11
70.775
 21
45.875
 31
0.0
100
AcDbAttribute
  2
NORMA
 70
0
  0
SEQEND
  5
FD4
330
FD3
100
AcDbEntity
  8
GREEN_AI_SHRUBS
  0
INSERT
  5
FD8
330
17
100
AcDbEntity
  8
GREEN_AI_SHRUBS
100
AcDbBlockReference
 66
1
  2
GREEN_AI_SHRUB
 10
49.375
 20
46.125
 30
0.0
  0
ATTRIB
  5
FDA
330
17
100
AcDbEntity
  8
0
 60
1
100
AcDbText
 10
50.525
 20
46.125
 30
0.0
 40
0.18
  1
S-0697
 11
50.525
 21
46.125
 31
0.0
100
AcDbAttribute
  2
ID
 70
0
  0
ATTRIB
  5
FDB
330
17
100
AcDbEntity
  8
0
 60
1
100
AcDbText
 10
50.525
 20
46.125
 30
0.0
 40
0.18
  1
Чубушник венечный
 11
50.525
 21
46.125
 31
0.0
100
AcDbAttribute
  2
PORODA
 70
0
  0
ATTRIB
  5
FDC
330
17
100
AcDbEntity
  8
0
 60
1
100
AcDbText
 10
50.525
 20
46.125
 30
0.0
 40
0.18
  1
Наружная стена здания и сооружения: норма 1.5 м, факт 4.25 м (СП 42.13330.2016, таблица 9.1; 743-ПП п. 3.6.3; 623-ПП п. 4.2.4)
 11
50.525
 21
46.125
 31
0.0
100
AcDbAttribute
  2
NORMA
 70
0
  0
SEQEND
  5
FD9
330
FD8
100
AcDbEntity
  8
GREEN_AI_SHRUBS
  0
INSERT
  5
FDD
330
17
100
AcDbEntity
  8
GREEN_AI_SHRUBS
100
AcDbBlockReference
 66
1
  2
GREEN_AI_SHRUB
 10
82.125
 20
46.125
 30
0.0
  0
ATTRIB
  5
FDF
330
17
100
AcDbEntity
  8
0
 60
1
100
AcDbText
 10
83.275
 20
46.125
 30
0.0
 40
0.18
  1
S-0698
 11
83.275
 21
46.125
 31
0.0
100
AcDbAttribute
  2
ID
 70
0
  0
ATTRIB
  5
FE0
330
17
100
AcDbEntity
  8
0
 60
1
100
AcDbText
 10
83.275
 20
46.125
 30
0.0
 40
0.18
  1
Чубушник венечный
 11
83.275
 21
46.125
 31
0.0
100
AcDbAttribute
  2
PORODA
 70
0
  0
ATTRIB
  5
FE1
330
17
100
AcDbEntity
  8
0
 60
1
100
AcDbText
 10
83.275
 20
46.125
 30
0.0
 40
0.18
  1
Канализация: норма 1.0 м, факт 2.0 м (СП 42.13330.2016, таблица 9.1; 743-ПП п. 3.6.3; 623-ПП п. 4.2.4)
 11
83.275
 21
46.125
 31
0.0
100
AcDbAttribute
  2
NORMA
 70
0
  0
SEQEND
  5
FDE
330
FDD
100
AcDbEntity
  8
GREEN_AI_SHRUBS
  0
INSERT
  5
FE2
330
17
100
AcDbEntity
  8
GREEN_AI_SHRUBS
100
AcDbBlockReference
 66
1
  2
GREEN_AI_SHRUB
 10
65.875
 20
46.375
 30
0.0
  0
ATTRIB
  5
FE4
330
17
100
AcDbEntity
  8
0
 60
1
100
AcDbText
 10
67.025
 20
46.375
 30
0.0
 40
0.18
  1
S-0699
 11
67.025
 21
46.375
 31
0.0
100
AcDbAttribute
  2
ID
 70
0
  0
ATTRIB
  5
FE5
330
17
100
AcDbEntity
  8
0
 60
1
100
AcDbText
 10
67.025
 20
46.375
 30
0.0
 40
0.18
  1
Чубушник венечный
 11
67.025
 21
46.375
 31
0.0
100
AcDbAttribute
  2
PORODA
 70
0
  0
ATTRIB
  5
FE6
330
17
100
AcDbEntity
  8
0
 60
1
100
AcDbText
 10
67.025
 20
46.375
 30
0.0
 40
0.18
  1
Существующее сохраняемое дерево (от ствола): норма 1.0 м, факт 4.37 м (Проектное допущение, смыкание крон, сохранение насаждений по ППМ № 743-ПП)
 11
67.025
 21
46.375
 31
0.0
100
AcDbAttribute
  2
NORMA
 70
0
  0
SEQEND
  5
FE3
330
FE2
100
AcDbEntity
  8
GREEN_AI_SHRUBS
  0
INSERT
  5
FE7
330
17
100
AcDbEntity
  8
GREEN_AI_SHRUBS
100
AcDbBlockReference
 66
1
  2
GREEN_AI_SHRUB
 10
91.125
 20
46.375
 30
0.0
  0
ATTRIB
  5
FE9
330
17
100
AcDbEntity
  8
0
 60
1
100
AcDbText
 10
92.275
 20
46.375
 30
0.0
 40
0.18
  1
S-0700
 11
92.275
 21
46.375
 31
0.0
100
AcDbAttribute
  2
ID
 70
0
  0
ATTRIB
  5
FEA
330
17
100
AcDbEntity
  8
0
 60
1
100
AcDbText
 10
92.275
 20
46.375
 30
0.0
 40
0.18
  1
Чубушник венечный
 11
92.275
 21
46.375
 31
0.0
100
AcDbAttribute
  2
PORODA
 70
0
  0
ATTRIB
  5
FEB
330
17
100
AcDbEntity
  8
0
 60
1
100
AcDbText
 10
92.275
 20
46.375
 30
0.0
 40
0.18
  1
Существующее сохраняемое дерево (от ствола): норма 1.0 м, факт 4.19 м (Проектное допущение, смыкание крон, сохранение насаждений по ППМ № 743-ПП)
 11
92.275
 21
46.375
 31
0.0
100
AcDbAttribute
  2
NORMA
 70
0
  0
SEQEND
  5
FE8
330
FE7
100
AcDbEntity
  8
GREEN_AI_SHRUBS
  0
INSERT
  5
FEC
330
17
100
AcDbEntity
  8
GREEN_AI_SHRUBS
100
AcDbBlockReference
 66
1
  2
GREEN_AI_SHRUB
 10
93.625
 20
46.375
 30
0.0
  0
ATTRIB
  5
FEE
330
17
100
AcDbEntity
  8
0
 60
1
100
AcDbText
 10
94.775
 20
46.375
 30
0.0
 40
0.18
  1
S-0701
 11
94.775
 21
46.375
 31
0.0
100
AcDbAttribute
  2
ID
 70
0
  0
ATTRIB
  5
FEF
330
17
100
AcDbEntity
  8
0
 60
1
100
AcDbText
 10
94.775
 20
46.375
 30
0.0
 40
0.18
  1
Чубушник венечный
 11
94.775
 21
46.375
 31
0.0
100
AcDbAttribute
  2
PORODA
 70
0
  0
ATTRIB
  5
FF0
330
17
100
AcDbEntity
  8
0
 60
1
100
AcDbText
 10
94.775
 20
46.375
 30
0.0
 40
0.18
  1
Существующее сохраняемое дерево (от ствола): норма 1.0 м, факт 1.95 м (Проектное допущение, смыкание крон, сохранение насаждений по ППМ № 743-ПП)
 11
94.775
 21
46.375
 31
0.0
100
AcDbAttribute
  2
NORMA
 70
0
  0
SEQEND
  5
FED
330
FEC
100
AcDbEntity
  8
GREEN_AI_SHRUBS
  0
INSERT
  5
FF1
330
17
100
AcDbEntity
  8
GREEN_AI_SHRUBS
100
AcDbBlockReference
 66
1
  2
GREEN_AI_SHRUB
 10
96.625
 20
46.375
 30
0.0
  0
ATTRIB
  5
FF3
330
17
100
AcDbEntity
  8
0
 60
1
100
AcDbText
 10
97.775
 20
46.375
 30
0.0
 40
0.18
  1
S-0702
 11
97.775
 21
46.375
 31
0.0
100
AcDbAttribute
  2
ID
 70
0
  0
ATTRIB
  5
FF4
330
17
100
AcDbEntity
  8
0
 60
1
100
AcDbText
 10
97.775
 20
46.375
 30
0.0
 40
0.18
  1
Чубушник венечный
 11
97.775
 21
46.375
 31
0.0
100
AcDbAttribute
  2
PORODA
 70
0
  0
ATTRIB
  5
FF5
330
17
100
AcDbEntity
  8
0
 60
1
100
AcDbText
 10
97.775
 20
46.375
 30
0.0
 40
0.18
  1
Существующее сохраняемое дерево (от ствола): норма 1.0 м, факт 1.95 м (Проектное допущение, смыкание крон, сохранение насаждений по ППМ № 743-ПП)
 11
97.775
 21
46.375
 31
0.0
100
AcDbAttribute
  2
NORMA
 70
0
  0
SEQEND
  5
FF2
330
FF1
100
AcDbEntity
  8
GREEN_AI_SHRUBS
  0
INSERT
  5
FF6
330
17
100
AcDbEntity
  8
GREEN_AI_SHRUBS
100
AcDbBlockReference
 66
1
  2
GREEN_AI_SHRUB
 10
98.625
 20
46.625
 30
0.0
  0
ATTRIB
  5
FF8
330
17
100
AcDbEntity
  8
0
 60
1
100
AcDbText
 10
99.775
 20
46.625
 30
0.0
 40
0.18
  1
S-0703
 11
99.775
 21
46.625
 31
0.0
100
AcDbAttribute
  2
ID
 70
0
  0
ATTRIB
  5
FF9
330
17
100
AcDbEntity
  8
0
 60
1
100
AcDbText
 10
99.775
 20
46.625
 30
0.0
 40
0.18
  1
Чубушник венечный
 11
99.775
 21
46.625
 31
0.0
100
AcDbAttribute
  2
PORODA
 70
0
  0
ATTRIB
  5
FFA
330
17
100
AcDbEntity
  8
0
 60
1
100
AcDbText
 10
99.775
 20
46.625
 30
0.0
 40
0.18
  1
Существующее сохраняемое дерево (от ствола): норма 1.0 м, факт 3.81 м (Проектное допущение, смыкание крон, сохранение насаждений по ППМ № 743-ПП)
 11
99.775
 21
46.625
 31
0.0
100
AcDbAttribute
  2
NORMA
 70
0
  0
SEQEND
  5
FF7
330
FF6
100
AcDbEntity
  8
GREEN_AI_SHRUBS
  0
INSERT
  5
FFB
330
17
100
AcDbEntity
  8
GREEN_AI_SHRUBS
100
AcDbBlockReference
 66
1
  2
GREEN_AI_SHRUB
 10
4.625
 20
46.875
 30
0.0
  0
ATTRIB
  5
FFD
330
17
100
AcDbEntity
  8
0
 60
1
100
AcDbText
 10
5.775
 20
46.875
 30
0.0
 40
0.18
  1
S-0704
 11
5.775
 21
46.875
 31
0.0
100
AcDbAttribute
  2
ID
 70
0
  0
ATTRIB
  5
FFE
330
17
100
AcDbEntity
  8
0
 60
1
100
AcDbText
 10
5.775
 20
46.875
 30
0.0
 40
0.18
  1
Чубушник венечный
 11
5.775
 21
46.875
 31
0.0
100
AcDbAttribute
  2
PORODA
 70
0
  0
ATTRIB
  5
FFF
330
17
100
AcDbEntity
  8
0
 60
1
100
AcDbText
 10
5.775
 20
46.875
 30
0.0
 40
0.18
  1
Наружная стена здания и сооружения: норма 1.5 м, факт 5.5 м (СП 42.13330.2016, таблица 9.1; 743-ПП п. 3.6.3; 623-ПП п. 4.2.4)
 11
5.775
 21
46.875
 31
0.0
100
AcDbAttribute
  2
NORMA
 70
0
  0
SEQEND
  5
FFC
330
FFB
100
AcDbEntity
  8
GREEN_AI_SHRUBS
  0
INSERT
  5
1000
330
17
100
AcDbEntity
  8
GREEN_AI_SHRUBS
100
AcDbBlockReference
 66
1
  2
GREEN_AI_SHRUB
 10
7.625
 20
46.875
 30
0.0
  0
ATTRIB
  5
1002
330
17
100
AcDbEntity
  8
0
 60
1
100
AcDbText
 10
8.775
 20
46.875
 30
0.0
 40
0.18
  1
S-0705
 11
8.775
 21
46.875
 31
0.0
100
AcDbAttribute
  2
ID
 70
0
  0
ATTRIB
  5
1003
330
17
100
AcDbEntity
  8
0
 60
1
100
AcDbText
 10
8.775
 20
46.875
 30
0.0
 40
0.18
  1
Чубушник венечный
 11
8.775
 21
46.875
 31
0.0
100
AcDbAttribute
  2
PORODA
 70
0
  0
ATTRIB
  5
1004
330
17
100
AcDbEntity
  8
0
 60
1
100
AcDbText
 10
8.775
 20
46.875
 30
0.0
 40
0.18
  1
Наружная стена здания и сооружения: норма 1.5 м, факт 2.5 м (СП 42.13330.2016, таблица 9.1; 743-ПП п. 3.6.3; 623-ПП п. 4.2.4)
 11
8.775
 21
46.875
 31
0.0
100
AcDbAttribute
  2
NORMA
 70
0
  0
SEQEND
  5
1001
330
1000
100
AcDbEntity
  8
GREEN_AI_SHRUBS
  0
INSERT
  5
1005
330
17
100
AcDbEntity
  8
GREEN_AI_SHRUBS
100
AcDbBlockReference
 66
1
  2
GREEN_AI_SHRUB
 10
71.125
 20
46.875
 30
0.0
  0
ATTRIB
  5
1007
330
17
100
AcDbEntity
  8
0
 60
1
100
AcDbText
 10
72.275
 20
46.875
 30
0.0
 40
0.18
  1
S-0706
 11
72.275
 21
46.875
 31
0.0
100
AcDbAttribute
  2
ID
 70
0
  0
ATTRIB
  5
1008
330
17
100
AcDbEntity
  8
0
 60
1
100
AcDbText
 10
72.275
 20
46.875
 30
0.0
 40
0.18
  1
Чубушник венечный
 11
72.275
 21
46.875
 31
0.0
100
AcDbAttribute
  2
PORODA
 70
0
  0
ATTRIB
  5
1009
330
17
100
AcDbEntity
  8
0
 60
1
100
AcDbText
 10
72.275
 20
46.875
 30
0.0
 40
0.18
  1
Существующее сохраняемое дерево (от ствола): норма 1.0 м, факт 4.42 м (Проектное допущение, смыкание крон, сохранение насаждений по ППМ № 743-ПП)
 11
72.275
 21
46.875
 31
0.0
100
AcDbAttribute
  2
NORMA
 70
0
  0
SEQEND
  5
1006
330
1005
100
AcDbEntity
  8
GREEN_AI_SHRUBS
  0
INSERT
  5
100A
330
17
100
AcDbEntity
  8
GREEN_AI_SHRUBS
100
AcDbBlockReference
 66
1
  2
GREEN_AI_SHRUB
 10
78.125
 20
47.125
 30
0.0
  0
ATTRIB
  5
100C
330
17
100
AcDbEntity
  8
0
 60
1
100
AcDbText
 10
79.275
 20
47.125
 30
0.0
 40
0.18
  1
S-0707
 11
79.275
 21
47.125
 31
0.0
100
AcDbAttribute
  2
ID
 70
0
  0
ATTRIB
  5
100D
330
17
100
AcDbEntity
  8
0
 60
1
100
AcDbText
 10
79.275
 20
47.125
 30
0.0
 40
0.18
  1
Чубушник венечный
 11
79.275
 21
47.125
 31
0.0
100
AcDbAttribute
  2
PORODA
 70
0
  0
ATTRIB
  5
100E
330
17
100
AcDbEntity
  8
0
 60
1
100
AcDbText
 10
79.275
 20
47.125
 30
0.0
 40
0.18
  1
Канализация: норма 1.0 м, факт 2.0 м (СП 42.13330.2016, таблица 9.1; 743-ПП п. 3.6.3; 623-ПП п. 4.2.4)
 11
79.275
 21
47.125
 31
0.0
100
AcDbAttribute
  2
NORMA
 70
0
  0
SEQEND
  5
100B
330
100A
100
AcDbEntity
  8
GREEN_AI_SHRUBS
  0
INSERT
  5
100F
330
17
100
AcDbEntity
  8
GREEN_AI_SHRUBS
100
AcDbBlockReference
 66
1
  2
GREEN_AI_SHRUB
 10
68.125
 20
47.375
 30
0.0
  0
ATTRIB
  5
1011
330
17
100
AcDbEntity
  8
0
 60
1
100
AcDbText
 10
69.275
 20
47.375
 30
0.0
 40
0.18
  1
S-0708
 11
69.275
 21
47.375
 31
0.0
100
AcDbAttribute
  2
ID
 70
0
  0
ATTRIB
  5
1012
330
17
100
AcDbEntity
  8
0
 60
1
100
AcDbText
 10
69.275
 20
47.375
 30
0.0
 40
0.18
  1
Чубушник венечный
 11
69.275
 21
47.375
 31
0.0
100
AcDbAttribute
  2
PORODA
 70
0
  0
ATTRIB
  5
1013
330
17
100
AcDbEntity
  8
0
 60
1
100
AcDbText
 10
69.275
 20
47.375
 30
0.0
 40
0.18
  1
Существующее сохраняемое дерево (от ствола): норма 1.0 м, факт 2.75 м (Проектное допущение, смыкание крон, сохранение насаждений по ППМ № 743-ПП)
 11
69.275
 21
47.375
 31
0.0
100
AcDbAttribute
  2
NORMA
 70
0
  0
SEQEND
  5
1010
330
100F
100
AcDbEntity
  8
GREEN_AI_SHRUBS
  0
INSERT
  5
1014
330
17
100
AcDbEntity
  8
GREEN_AI_SHRUBS
100
AcDbBlockReference
 66
1
  2
GREEN_AI_SHRUB
 10
95.125
 20
47.375
 30
0.0
  0
ATTRIB
  5
1016
330
17
100
AcDbEntity
  8
0
 60
1
100
AcDbText
 10
96.275
 20
47.375
 30
0.0
 40
0.18
  1
S-0709
 11
96.275
 21
47.375
 31
0.0
100
AcDbAttribute
  2
ID
 70
0
  0
ATTRIB
  5
1017
330
17
100
AcDbEntity
  8
0
 60
1
100
AcDbText
 10
96.275
 20
47.375
 30
0.0
 40
0.18
  1
Чубушник венечный
 11
96.275
 21
47.375
 31
0.0
100
AcDbAttribute
  2
PORODA
 70
0
  0
ATTRIB
  5
1018
330
17
100
AcDbEntity
  8
0
 60
1
100
AcDbText
 10
96.275
 20
47.375
 30
0.0
 40
0.18
  1
Существующее сохраняемое дерево (от ствола): норма 1.0 м, факт 2.25 м (Проектное допущение, смыкание крон, сохранение насаждений по ППМ № 743-ПП)
 11
96.275
 21
47.375
 31
0.0
100
AcDbAttribute
  2
NORMA
 70
0
  0
SEQEND
  5
1015
330
1014
100
AcDbEntity
  8
GREEN_AI_SHRUBS
  0
INSERT
  5
1019
330
17
100
AcDbEntity
  8
GREEN_AI_SHRUBS
100
AcDbBlockReference
 66
1
  2
GREEN_AI_SHRUB
 10
47.625
 20
47.625
 30
0.0
  0
ATTRIB
  5
101B
330
17
100
AcDbEntity
  8
0
 60
1
100
AcDbText
 10
48.775
 20
47.625
 30
0.0
 40
0.18
  1
S-0710
 11
48.775
 21
47.625
 31
0.0
100
AcDbAttribute
  2
ID
 70
0
  0
ATTRIB
  5
101C
330
17
100
AcDbEntity
  8
0
 60
1
100
AcDbText
 10
48.775
 20
47.625
 30
0.0
 40
0.18
  1
Чубушник венечный
 11
48.775
 21
47.625
 31
0.0
100
AcDbAttribute
  2
PORODA
 70
0
  0
ATTRIB
  5
101D
330
17
100
AcDbEntity
  8
0
 60
1
100
AcDbText
 10
48.775
 20
47.625
 30
0.0
 40
0.18
  1
Наружная стена здания и сооружения: норма 1.5 м, факт 2.5 м (СП 42.13330.2016, таблица 9.1; 743-ПП п. 3.6.3; 623-ПП п. 4.2.4)
 11
48.775
 21
47.625
 31
0.0
100
AcDbAttribute
  2
NORMA
 70
0
  0
SEQEND
  5
101A
330
1019
100
AcDbEntity
  8
GREEN_AI_SHRUBS
  0
INSERT
  5
101E
330
17
100
AcDbEntity
  8
GREEN_AI_SHRUBS
100
AcDbBlockReference
 66
1
  2
GREEN_AI_SHRUB
 10
50.375
 20
47.625
 30
0.0
  0
ATTRIB
  5
1020
330
17
100
AcDbEntity
  8
0
 60
1
100
AcDbText
 10
51.525
 20
47.625
 30
0.0
 40
0.18
  1
S-0711
 11
51.525
 21
47.625
 31
0.0
100
AcDbAttribute
  2
ID
 70
0
  0
ATTRIB
  5
1021
330
17
100
AcDbEntity
  8
0
 60
1
100
AcDbText
 10
51.525
 20
47.625
 30
0.0
 40
0.18
  1
Чубушник венечный
 11
51.525
 21
47.625
 31
0.0
100
AcDbAttribute
  2
PORODA
 70
0
  0
ATTRIB
  5
1022
330
17
100
AcDbEntity
  8
0
 60
1
100
AcDbText
 10
51.525
 20
47.625
 30
0.0
 40
0.18
  1
Наружная стена здания и сооружения: норма 1.5 м, факт 5.25 м (СП 42.13330.2016, таблица 9.1; 743-ПП п. 3.6.3; 623-ПП п. 4.2.4)
 11
51.525
 21
47.625
 31
0.0
100
AcDbAttribute
  2
NORMA
 70
0
  0
SEQEND
  5
101F
330
101E
100
AcDbEntity
  8
GREEN_AI_SHRUBS
  0
INSERT
  5
1023
330
17
100
AcDbEntity
  8
GREEN_AI_SHRUBS
100
AcDbBlockReference
 66
1
  2
GREEN_AI_SHRUB
 10
58.125
 20
47.625
 30
0.0
  0
ATTRIB
  5
1025
330
17
100
AcDbEntity
  8
0
 60
1
100
AcDbText
 10
59.275
 20
47.625
 30
0.0
 40
0.18
  1
S-0712
 11
59.275
 21
47.625
 31
0.0
100
AcDbAttribute
  2
ID
 70
0
  0
ATTRIB
  5
1026
330
17
100
AcDbEntity
  8
0
 60
1
100
AcDbText
 10
59.275
 20
47.625
 30
0.0
 40
0.18
  1
Чубушник венечный
 11
59.275
 21
47.625
 31
0.0
100
AcDbAttribute
  2
PORODA
 70
0
  0
ATTRIB
  5
1027
330
17
100
AcDbEntity
  8
0
 60
1
100
AcDbText
 10
59.275
 20
47.625
 30
0.0
 40
0.18
  1
Газопровод: норма 1.0 м, факт 2.0 м (СП 42.13330.2016, таблица 9.1; 743-ПП п. 3.6.3; 623-ПП п. 4.2.4)
 11
59.275
 21
47.625
 31
0.0
100
AcDbAttribute
  2
NORMA
 70
0
  0
SEQEND
  5
1024
330
1023
100
AcDbEntity
  8
GREEN_AI_SHRUBS
  0
INSERT
  5
1028
330
17
100
AcDbEntity
  8
GREEN_AI_SHRUBS
100
AcDbBlockReference
 66
1
  2
GREEN_AI_SHRUB
 10
6.125
 20
47.875
 30
0.0
  0
ATTRIB
  5
102A
330
17
100
AcDbEntity
  8
0
 60
1
100
AcDbText
 10
7.275
 20
47.875
 30
0.0
 40
0.18
  1
S-0713
 11
7.275
 21
47.875
 31
0.0
100
AcDbAttribute
  2
ID
 70
0
  0
ATTRIB
  5
102B
330
17
100
AcDbEntity
  8
0
 60
1
100
AcDbText
 10
7.275
 20
47.875
 30
0.0
 40
0.18
  1
Чубушник венечный
 11
7.275
 21
47.875
 31
0.0
100
AcDbAttribute
  2
PORODA
 70
0
  0
ATTRIB
  5
102C
330
17
100
AcDbEntity
  8
0
 60
1
100
AcDbText
 10
7.275
 20
47.875
 30
0.0
 40
0.18
  1
Наружная стена здания и сооружения: норма 1.5 м, факт 4.0 м (СП 42.13330.2016, таблица 9.1; 743-ПП п. 3.6.3; 623-ПП п. 4.2.4)
 11
7.275
 21
47.875
 31
0.0
100
AcDbAttribute
  2
NORMA
 70
0
  0
SEQEND
  5
1029
330
1028
100
AcDbEntity
  8
GREEN_AI_SHRUBS
  0
INSERT
  5
102D
330
17
100
AcDbEntity
  8
GREEN_AI_SHRUBS
100
AcDbBlockReference
 66
1
  2
GREEN_AI_SHRUB
 10
62.125
 20
47.875
 30
0.0
  0
ATTRIB
  5
102F
330
17
100
AcDbEntity
  8
0
 60
1
100
AcDbText
 10
63.275
 20
47.875
 30
0.0
 40
0.18
  1
S-0714
 11
63.275
 21
47.875
 31
0.0
100
AcDbAttribute
  2
ID
 70
0
  0
ATTRIB
  5
1030
330
17
100
AcDbEntity
  8
0
 60
1
100
AcDbText
 10
63.275
 20
47.875
 30
0.0
 40
0.18
  1
Чубушник венечный
 11
63.275
 21
47.875
 31
0.0
100
AcDbAttribute
  2
PORODA
 70
0
  0
ATTRIB
  5
1031
330
17
100
AcDbEntity
  8
0
 60
1
100
AcDbText
 10
63.275
 20
47.875
 30
0.0
 40
0.18
  1
Газопровод: норма 1.0 м, факт 2.0 м (СП 42.13330.2016, таблица 9.1; 743-ПП п. 3.6.3; 623-ПП п. 4.2.4)
 11
63.275
 21
47.875
 31
0.0
100
AcDbAttribute
  2
NORMA
 70
0
  0
SEQEND
  5
102E
330
102D
100
AcDbEntity
  8
GREEN_AI_SHRUBS
  0
INSERT
  5
1032
330
17
100
AcDbEntity
  8
GREEN_AI_SHRUBS
100
AcDbBlockReference
 66
1
  2
GREEN_AI_SHRUB
 10
64.375
 20
47.875
 30
0.0
  0
ATTRIB
  5
1034
330
17
100
AcDbEntity
  8
0
 60
1
100
AcDbText
 10
65.525
 20
47.875
 30
0.0
 40
0.18
  1
S-0715
 11
65.525
 21
47.875
 31
0.0
100
AcDbAttribute
  2
ID
 70
0
  0
ATTRIB
  5
1035
330
17
100
AcDbEntity
  8
0
 60
1
100
AcDbText
 10
65.525
 20
47.875
 30
0.0
 40
0.18
  1
Чубушник венечный
 11
65.525
 21
47.875
 31
0.0
100
AcDbAttribute
  2
PORODA
 70
0
  0
ATTRIB
  5
1036
330
17
100
AcDbEntity
  8
0
 60
1
100
AcDbText
 10
65.525
 20
47.875
 30
0.0
 40
0.18
  1
Газопровод: норма 1.0 м, факт 4.25 м (СП 42.13330.2016, таблица 9.1; 743-ПП п. 3.6.3; 623-ПП п. 4.2.4)
 11
65.525
 21
47.875
 31
0.0
100
AcDbAttribute
  2
NORMA
 70
0
  0
SEQEND
  5
1033
330
1032
100
AcDbEntity
  8
GREEN_AI_SHRUBS
  0
INSERT
  5
1037
330
17
100
AcDbEntity
  8
GREEN_AI_SHRUBS
100
AcDbBlockReference
 66
1
  2
GREEN_AI_SHRUB
 10
92.125
 20
47.875
 30
0.0
  0
ATTRIB
  5
1039
330
17
100
AcDbEntity
  8
0
 60
1
100
AcDbText
 10
93.275
 20
47.875
 30
0.0
 40
0.18
  1
S-0716
 11
93.275
 21
47.875
 31
0.0
100
AcDbAttribute
  2
ID
 70
0
  0
ATTRIB
  5
103A
330
17
100
AcDbEntity
  8
0
 60
1
100
AcDbText
 10
93.275
 20
47.875
 30
0.0
 40
0.18
  1
Чубушник венечный
 11
93.275
 21
47.875
 31
0.0
100
AcDbAttribute
  2
PORODA
 70
0
  0
ATTRIB
  5
103B
330
17
100
AcDbEntity
  8
0
 60
1
100
AcDbText
 10
93.275
 20
47.875
 30
0.0
 40
0.18
  1
Существующее сохраняемое дерево (от ствола): норма 1.0 м, факт 4.07 м (Проектное допущение, смыкание крон, сохранение насаждений по ППМ № 743-ПП)
 11
93.275
 21
47.875
 31
0.0
100
AcDbAttribute
  2
NORMA
 70
0
  0
SEQEND
  5
1038
330
1037
100
AcDbEntity
  8
GREEN_AI_SHRUBS
  0
INSERT
  5
103C
330
17
100
AcDbEntity
  8
GREEN_AI_SHRUBS
100
AcDbBlockReference
 66
1
  2
GREEN_AI_SHRUB
 10
66.375
 20
48.125
 30
0.0
  0
ATTRIB
  5
103E
330
17
100
AcDbEntity
  8
0
 60
1
100
AcDbText
 10
67.525
 20
48.125
 30
0.0
 40
0.18
  1
S-0717
 11
67.525
 21
48.125
 31
0.0
100
AcDbAttribute
  2
ID
 70
0
  0
ATTRIB
  5
103F
330
17
100
AcDbEntity
  8
0
 60
1
100
AcDbText
 10
67.525
 20
48.125
 30
0.0
 40
0.18
  1
Чубушник венечный
 11
67.525
 21
48.125
 31
0.0
100
AcDbAttribute
  2
PORODA
 70
0
  0
ATTRIB
  5
1040
330
17
100
AcDbEntity
  8
0
 60
1
100
AcDbText
 10
67.525
 20
48.125
 30
0.0
 40
0.18
  1
Существующее сохраняемое дерево (от ствола): норма 1.0 м, факт 2.66 м (Проектное допущение, смыкание крон, сохранение насаждений по ППМ № 743-ПП)
 11
67.525
 21
48.125
 31
0.0
100
AcDbAttribute
  2
NORMA
 70
0
  0
SEQEND
  5
103D
330
103C
100
AcDbEntity
  8
GREEN_AI_SHRUBS
  0
INSERT
  5
1041
330
17
100
AcDbEntity
  8
GREEN_AI_SHRUBS
100
AcDbBlockReference
 66
1
  2
GREEN_AI_SHRUB
 10
82.125
 20
48.125
 30
0.0
  0
ATTRIB
  5
1043
330
17
100
AcDbEntity
  8
0
 60
1
100
AcDbText
 10
83.275
 20
48.125
 30
0.0
 40
0.18
  1
S-0718
 11
83.275
 21
48.125
 31
0.0
100
AcDbAttribute
  2
ID
 70
0
  0
ATTRIB
  5
1044
330
17
100
AcDbEntity
  8
0
 60
1
100
AcDbText
 10
83.275
 20
48.125
 30
0.0
 40
0.18
  1
Чубушник венечный
 11
83.275
 21
48.125
 31
0.0
100
AcDbAttribute
  2
PORODA
 70
0
  0
ATTRIB
  5
1045
330
17
100
AcDbEntity
  8
0
 60
1
100
AcDbText
 10
83.275
 20
48.125
 30
0.0
 40
0.18
  1
Канализация: норма 1.0 м, факт 2.0 м (СП 42.13330.2016, таблица 9.1; 743-ПП п. 3.6.3; 623-ПП п. 4.2.4)
 11
83.275
 21
48.125
 31
0.0
100
AcDbAttribute
  2
NORMA
 70
0
  0
SEQEND
  5
1042
330
1041
100
AcDbEntity
  8
GREEN_AI_SHRUBS
  0
INSERT
  5
1046
330
17
100
AcDbEntity
  8
GREEN_AI_SHRUBS
100
AcDbBlockReference
 66
1
  2
GREEN_AI_SHRUB
 10
97.125
 20
48.125
 30
0.0
  0
ATTRIB
  5
1048
330
17
100
AcDbEntity
  8
0
 60
1
100
AcDbText
 10
98.275
 20
48.125
 30
0.0
 40
0.18
  1
S-0719
 11
98.275
 21
48.125
 31
0.0
100
AcDbAttribute
  2
ID
 70
0
  0
ATTRIB
  5
1049
330
17
100
AcDbEntity
  8
0
 60
1
100
AcDbText
 10
98.275
 20
48.125
 30
0.0
 40
0.18
  1
Чубушник венечный
 11
98.275
 21
48.125
 31
0.0
100
AcDbAttribute
  2
PORODA
 70
0
  0
ATTRIB
  5
104A
330
17
100
AcDbEntity
  8
0
 60
1
100
AcDbText
 10
98.275
 20
48.125
 30
0.0
 40
0.18
  1
Существующее сохраняемое дерево (от ствола): норма 1.0 м, факт 3.61 м (Проектное допущение, смыкание крон, сохранение насаждений по ППМ № 743-ПП)
 11
98.275
 21
48.125
 31
0.0
100
AcDbAttribute
  2
NORMA
 70
0
  0
SEQEND
  5
1047
330
1046
100
AcDbEntity
  8
GREEN_AI_SHRUBS
  0
INSERT
  5
104B
330
17
100
AcDbEntity
  8
GREEN_AI_SHRUBS
100
AcDbBlockReference
 66
1
  2
GREEN_AI_SHRUB
 10
69.625
 20
48.375
 30
0.0
  0
ATTRIB
  5
104D
330
17
100
AcDbEntity
  8
0
 60
1
100
AcDbText
 10
70.775
 20
48.375
 30
0.0
 40
0.18
  1
S-0720
 11
70.775
 21
48.375
 31
0.0
100
AcDbAttribute
  2
ID
 70
0
  0
ATTRIB
  5
104E
330
17
100
AcDbEntity
  8
0
 60
1
100
AcDbText
 10
70.775
 20
48.375
 30
0.0
 40
0.18
  1
Чубушник венечный
 11
70.775
 21
48.375
 31
0.0
100
AcDbAttribute
  2
PORODA
 70
0
  0
ATTRIB
  5
104F
330
17
100
AcDbEntity
  8
0
 60
1
100
AcDbText
 10
70.775
 20
48.375
 30
0.0
 40
0.18
  1
Существующее сохраняемое дерево (от ствола): норма 1.0 м, факт 2.3 м (Проектное допущение, смыкание крон, сохранение насаждений по ППМ № 743-ПП)
 11
70.775
 21
48.375
 31
0.0
100
AcDbAttribute
  2
NORMA
 70
0
  0
SEQEND
  5
104C
330
104B
100
AcDbEntity
  8
GREEN_AI_SHRUBS
  0
INSERT
  5
1050
330
17
100
AcDbEntity
  8
GREEN_AI_SHRUBS
100
AcDbBlockReference
 66
1
  2
GREEN_AI_SHRUB
 10
72.125
 20
48.375
 30
0.0
 41
0.4
 42
0.4
 43
0.4
  0
ATTRIB
  5
1052
330
17
100
AcDbEntity
  8
0
 60
1
100
AcDbText
 10
72.585
 20
48.375
 30
0.0
 40
0.072
  1
S-0721
 11
72.585
 21
48.375
 31
0.0
100
AcDbAttribute
  2
ID
 70
0
  0
ATTRIB
  5
1053
330
17
100
AcDbEntity
  8
0
 60
1
100
AcDbText
 10
72.585
 20
48.375
 30
0.0
 40
0.072
  1
Барбарис Тунберга
 11
72.585
 21
48.375
 31
0.0
100
AcDbAttribute
  2
PORODA
 70
0
  0
ATTRIB
  5
1054
330
17
100
AcDbEntity
  8
0
 60
1
100
AcDbText
 10
72.585
 20
48.375
 30
0.0
 40
0.072
  1
Существующее сохраняемое дерево (от ствола): норма 1.0 м, факт 4.37 м (Проектное допущение, смыкание крон, сохранение насаждений по ППМ № 743-ПП)
 11
72.585
 21
48.375
 31
0.0
100
AcDbAttribute
  2
NORMA
 70
0
  0
SEQEND
  5
1051
330
1050
100
AcDbEntity
  8
GREEN_AI_SHRUBS
  0
INSERT
  5
1055
330
17
100
AcDbEntity
  8
GREEN_AI_SHRUBS
100
AcDbBlockReference
 66
1
  2
GREEN_AI_SHRUB
 10
4.625
 20
48.875
 30
0.0
 41
0.4
 42
0.4
 43
0.4
  0
ATTRIB
  5
1057
330
17
100
AcDbEntity
  8
0
 60
1
100
AcDbText
 10
5.085
 20
48.875
 30
0.0
 40
0.072
  1
S-0722
 11
5.085
 21
48.875
 31
0.0
100
AcDbAttribute
  2
ID
 70
0
  0
ATTRIB
  5
1058
330
17
100
AcDbEntity
  8
0
 60
1
100
AcDbText
 10
5.085
 20
48.875
 30
0.0
 40
0.072
  1
Барбарис Тунберга
 11
5.085
 21
48.875
 31
0.0
100
AcDbAttribute
  2
PORODA
 70
0
  0
ATTRIB
  5
1059
330
17
100
AcDbEntity
  8
0
 60
1
100
AcDbText
 10
5.085
 20
48.875
 30
0.0
 40
0.072
  1
Наружная стена здания и сооружения: норма 1.5 м, факт 5.5 м (СП 42.13330.2016, таблица 9.1; 743-ПП п. 3.6.3; 623-ПП п. 4.2.4)
 11
5.085
 21
48.875
 31
0.0
100
AcDbAttribute
  2
NORMA
 70
0
  0
SEQEND
  5
1056
330
1055
100
AcDbEntity
  8
GREEN_AI_SHRUBS
  0
INSERT
  5
105A
330
17
100
AcDbEntity
  8
GREEN_AI_SHRUBS
100
AcDbBlockReference
 66
1
  2
GREEN_AI_SHRUB
 10
7.625
 20
48.875
 30
0.0
 41
0.4
 42
0.4
 43
0.4
  0
ATTRIB
  5
105C
330
17
100
AcDbEntity
  8
0
 60
1
100
AcDbText
 10
8.085
 20
48.875
 30
0.0
 40
0.072
  1
S-0723
 11
8.085
 21
48.875
 31
0.0
100
AcDbAttribute
  2
ID
 70
0
  0
ATTRIB
  5
105D
330
17
100
AcDbEntity
  8
0
 60
1
100
AcDbText
 10
8.085
 20
48.875
 30
0.0
 40
0.072
  1
Барбарис Тунберга
 11
8.085
 21
48.875
 31
0.0
100
AcDbAttribute
  2
PORODA
 70
0
  0
ATTRIB
  5
105E
330
17
100
AcDbEntity
  8
0
 60
1
100
AcDbText
 10
8.085
 20
48.875
 30
0.0
 40
0.072
  1
Наружная стена здания и сооружения: норма 1.5 м, факт 2.5 м (СП 42.13330.2016, таблица 9.1; 743-ПП п. 3.6.3; 623-ПП п. 4.2.4)
 11
8.085
 21
48.875
 31
0.0
100
AcDbAttribute
  2
NORMA
 70
0
  0
SEQEND
  5
105B
330
105A
100
AcDbEntity
  8
GREEN_AI_SHRUBS
  0
INSERT
  5
105F
330
17
100
AcDbEntity
  8
GREEN_AI_SHRUBS
100
AcDbBlockReference
 66
1
  2
GREEN_AI_SHRUB
 10
93.625
 20
48.875
 30
0.0
 41
0.4
 42
0.4
 43
0.4
  0
ATTRIB
  5
1061
330
17
100
AcDbEntity
  8
0
 60
1
100
AcDbText
 10
94.085
 20
48.875
 30
0.0
 40
0.072
  1
S-0724
 11
94.085
 21
48.875
 31
0.0
100
AcDbAttribute
  2
ID
 70
0
  0
ATTRIB
  5
1062
330
17
100
AcDbEntity
  8
0
 60
1
100
AcDbText
 10
94.085
 20
48.875
 30
0.0
 40
0.072
  1
Барбарис Тунберга
 11
94.085
 21
48.875
 31
0.0
100
AcDbAttribute
  2
PORODA
 70
0
  0
ATTRIB
  5
1063
330
17
100
AcDbEntity
  8
0
 60
1
100
AcDbText
 10
94.085
 20
48.875
 30
0.0
 40
0.072
  1
Существующее сохраняемое дерево (от ствола): норма 1.0 м, факт 4.04 м (Проектное допущение, смыкание крон, сохранение насаждений по ППМ № 743-ПП)
 11
94.085
 21
48.875
 31
0.0
100
AcDbAttribute
  2
NORMA
 70
0
  0
SEQEND
  5
1060
330
105F
100
AcDbEntity
  8
GREEN_AI_SHRUBS
  0
INSERT
  5
1064
330
17
100
AcDbEntity
  8
GREEN_AI_SHRUBS
100
AcDbBlockReference
 66
1
  2
GREEN_AI_SHRUB
 10
48.625
 20
49.125
 30
0.0
 41
0.4
 42
0.4
 43
0.4
  0
ATTRIB
  5
1066
330
17
100
AcDbEntity
  8
0
 60
1
100
AcDbText
 10
49.085
 20
49.125
 30
0.0
 40
0.072
  1
S-0725
 11
49.085
 21
49.125
 31
0.0
100
AcDbAttribute
  2
ID
 70
0
  0
ATTRIB
  5
1067
330
17
100
AcDbEntity
  8
0
 60
1
100
AcDbText
 10
49.085
 20
49.125
 30
0.0
 40
0.072
  1
Барбарис Тунберга
 11
49.085
 21
49.125
 31
0.0
100
AcDbAttribute
  2
PORODA
 70
0
  0
ATTRIB
  5
1068
330
17
100
AcDbEntity
  8
0
 60
1
100
AcDbText
 10
49.085
 20
49.125
 30
0.0
 40
0.072
  1
Наружная стена здания и сооружения: норма 1.5 м, факт 3.5 м (СП 42.13330.2016, таблица 9.1; 743-ПП п. 3.6.3; 623-ПП п. 4.2.4)
 11
49.085
 21
49.125
 31
0.0
100
AcDbAttribute
  2
NORMA
 70
0
  0
SEQEND
  5
1065
330
1064
100
AcDbEntity
  8
GREEN_AI_SHRUBS
  0
INSERT
  5
1069
330
17
100
AcDbEntity
  8
GREEN_AI_SHRUBS
100
AcDbBlockReference
 66
1
  2
GREEN_AI_SHRUB
 10
78.125
 20
49.125
 30
0.0
 41
0.4
 42
0.4
 43
0.4
  0
ATTRIB
  5
106B
330
17
100
AcDbEntity
  8
0
 60
1
100
AcDbText
 10
78.585
 20
49.125
 30
0.0
 40
0.072
  1
S-0726
 11
78.585
 21
49.125
 31
0.0
100
AcDbAttribute
  2
ID
 70
0
  0
ATTRIB
  5
106C
330
17
100
AcDbEntity
  8
0
 60
1
100
AcDbText
 10
78.585
 20
49.125
 30
0.0
 40
0.072
  1
Барбарис Тунберга
 11
78.585
 21
49.125
 31
0.0
100
AcDbAttribute
  2
PORODA
 70
0
  0
ATTRIB
  5
106D
330
17
100
AcDbEntity
  8
0
 60
1
100
AcDbText
 10
78.585
 20
49.125
 30
0.0
 40
0.072
  1
Канализация: норма 1.0 м, факт 2.0 м (СП 42.13330.2016, таблица 9.1; 743-ПП п. 3.6.3; 623-ПП п. 4.2.4)
 11
78.585
 21
49.125
 31
0.0
100
AcDbAttribute
  2
NORMA
 70
0
  0
SEQEND
  5
106A
330
1069
100
AcDbEntity
  8
GREEN_AI_SHRUBS
  0
INSERT
  5
106E
330
17
100
AcDbEntity
  8
GREEN_AI_SHRUBS
100
AcDbBlockReference
 66
1
  2
GREEN_AI_SHRUB
 10
95.625
 20
49.125
 30
0.0
 41
0.4
 42
0.4
 43
0.4
  0
ATTRIB
  5
1070
330
17
100
AcDbEntity
  8
0
 60
1
100
AcDbText
 10
96.085
 20
49.125
 30
0.0
 40
0.072
  1
S-0727
 11
96.085
 21
49.125
 31
0.0
100
AcDbAttribute
  2
ID
 70
0
  0
ATTRIB
  5
1071
330
17
100
AcDbEntity
  8
0
 60
1
100
AcDbText
 10
96.085
 20
49.125
 30
0.0
 40
0.072
  1
Барбарис Тунберга
 11
96.085
 21
49.125
 31
0.0
100
AcDbAttribute
  2
PORODA
 70
0
  0
ATTRIB
  5
1072
330
17
100
AcDbEntity
  8
0
 60
1
100
AcDbText
 10
96.085
 20
49.125
 30
0.0
 40
0.072
  1
Существующее сохраняемое дерево (от ствола): норма 1.0 м, факт 4.03 м (Проектное допущение, смыкание крон, сохранение насаждений по ППМ № 743-ПП)
 11
96.085
 21
49.125
 31
0.0
100
AcDbAttribute
  2
NORMA
 70
0
  0
SEQEND
  5
106F
330
106E
100
AcDbEntity
  8
GREEN_AI_SHRUBS
  0
INSERT
  5
1073
330
17
100
AcDbEntity
  8
GREEN_AI_SHRUBS
100
AcDbBlockReference
 66
1
  2
GREEN_AI_SHRUB
 10
50.375
 20
49.625
 30
0.0
 41
0.4
 42
0.4
 43
0.4
  0
ATTRIB
  5
1075
330
17
100
AcDbEntity
  8
0
 60
1
100
AcDbText
 10
50.835
 20
49.625
 30
0.0
 40
0.072
  1
S-0728
 11
50.835
 21
49.625
 31
0.0
100
AcDbAttribute
  2
ID
 70
0
  0
ATTRIB
  5
1076
330
17
100
AcDbEntity
  8
0
 60
1
100
AcDbText
 10
50.835
 20
49.625
 30
0.0
 40
0.072
  1
Барбарис Тунберга
 11
50.835
 21
49.625
 31
0.0
100
AcDbAttribute
  2
PORODA
 70
0
  0
ATTRIB
  5
1077
330
17
100
AcDbEntity
  8
0
 60
1
100
AcDbText
 10
50.835
 20
49.625
 30
0.0
 40
0.072
  1
Наружная стена здания и сооружения: норма 1.5 м, факт 5.25 м (СП 42.13330.2016, таблица 9.1; 743-ПП п. 3.6.3; 623-ПП п. 4.2.4)
 11
50.835
 21
49.625
 31
0.0
100
AcDbAttribute
  2
NORMA
 70
0
  0
SEQEND
  5
1074
330
1073
100
AcDbEntity
  8
GREEN_AI_SHRUBS
  0
INSERT
  5
1078
330
17
100
AcDbEntity
  8
GREEN_AI_SHRUBS
100
AcDbBlockReference
 66
1
  2
GREEN_AI_SHRUB
 10
58.125
 20
49.625
 30
0.0
 41
0.4
 42
0.4
 43
0.4
  0
ATTRIB
  5
107A
330
17
100
AcDbEntity
  8
0
 60
1
100
AcDbText
 10
58.585
 20
49.625
 30
0.0
 40
0.072
  1
S-0729
 11
58.585
 21
49.625
 31
0.0
100
AcDbAttribute
  2
ID
 70
0
  0
ATTRIB
  5
107B
330
17
100
AcDbEntity
  8
0
 60
1
100
AcDbText
 10
58.585
 20
49.625
 30
0.0
 40
0.072
  1
Барбарис Тунберга
 11
58.585
 21
49.625
 31
0.0
100
AcDbAttribute
  2
PORODA
 70
0
  0
ATTRIB
  5
107C
330
17
100
AcDbEntity
  8
0
 60
1
100
AcDbText
 10
58.585
 20
49.625
 30
0.0
 40
0.072
  1
Газопровод: норма 1.0 м, факт 2.0 м (СП 42.13330.2016, таблица 9.1; 743-ПП п. 3.6.3; 623-ПП п. 4.2.4)
 11
58.585
 21
49.625
 31
0.0
100
AcDbAttribute
  2
NORMA
 70
0
  0
SEQEND
  5
1079
330
1078
100
AcDbEntity
  8
GREEN_AI_SHRUBS
  0
INSERT
  5
107D
330
17
100
AcDbEntity
  8
GREEN_AI_SHRUBS
100
AcDbBlockReference
 66
1
  2
GREEN_AI_SHRUB
 10
63.625
 20
49.625
 30
0.0
 41
0.4
 42
0.4
 43
0.4
  0
ATTRIB
  5
107F
330
17
100
AcDbEntity
  8
0
 60
1
100
AcDbText
 10
64.085
 20
49.625
 30
0.0
 40
0.072
  1
S-0730
 11
64.085
 21
49.625
 31
0.0
100
AcDbAttribute
  2
ID
 70
0
  0
ATTRIB
  5
1080
330
17
100
AcDbEntity
  8
0
 60
1
100
AcDbText
 10
64.085
 20
49.625
 30
0.0
 40
0.072
  1
Барбарис Тунберга
 11
64.085
 21
49.625
 31
0.0
100
AcDbAttribute
  2
PORODA
 70
0
  0
ATTRIB
  5
1081
330
17
100
AcDbEntity
  8
0
 60
1
100
AcDbText
 10
64.085
 20
49.625
 30
0.0
 40
0.072
  1
Газопровод: норма 1.0 м, факт 3.5 м (СП 42.13330.2016, таблица 9.1; 743-ПП п. 3.6.3; 623-ПП п. 4.2.4)
 11
64.085
 21
49.625
 31
0.0
100
AcDbAttribute
  2
NORMA
 70
0
  0
SEQEND
  5
107E
330
107D
100
AcDbEntity
  8
GREEN_AI_SHRUBS
  0
INSERT
  5
1082
330
17
100
AcDbEntity
  8
GREEN_AI_SHRUBS
100
AcDbBlockReference
 66
1
  2
GREEN_AI_SHRUB
 10
6.125
 20
49.875
 30
0.0
 41
0.4
 42
0.4
 43
0.4
  0
ATTRIB
  5
1084
330
17
100
AcDbEntity
  8
0
 60
1
100
AcDbText
 10
6.585
 20
49.875
 30
0.0
 40
0.072
  1
S-0731
 11
6.585
 21
49.875
 31
0.0
100
AcDbAttribute
  2
ID
 70
0
  0
ATTRIB
  5
1085
330
17
100
AcDbEntity
  8
0
 60
1
100
AcDbText
 10
6.585
 20
49.875
 30
0.0
 40
0.072
  1
Барбарис Тунберга
 11
6.585
 21
49.875
 31
0.0
100
AcDbAttribute
  2
PORODA
 70
0
  0
ATTRIB
  5
1086
330
17
100
AcDbEntity
  8
0
 60
1
100
AcDbText
 10
6.585
 20
49.875
 30
0.0
 40
0.072
  1
Наружная стена здания и сооружения: норма 1.5 м, факт 4.0 м (СП 42.13330.2016, таблица 9.1; 743-ПП п. 3.6.3; 623-ПП п. 4.2.4)
 11
6.585
 21
49.875
 31
0.0
100
AcDbAttribute
  2
NORMA
 70
0
  0
SEQEND
  5
1083
330
1082
100
AcDbEntity
  8
GREEN_AI_SHRUBS
  0
INSERT
  5
1087
330
17
100
AcDbEntity
  8
GREEN_AI_SHRUBS
100
AcDbBlockReference
 66
1
  2
GREEN_AI_SHRUB
 10
65.625
 20
49.875
 30
0.0
 41
0.4
 42
0.4
 43
0.4
  0
ATTRIB
  5
1089
330
17
100
AcDbEntity
  8
0
 60
1
100
AcDbText
 10
66.085
 20
49.875
 30
0.0
 40
0.072
  1
S-0732
 11
66.085
 21
49.875
 31
0.0
100
AcDbAttribute
  2
ID
 70
0
  0
ATTRIB
  5
108A
330
17
100
AcDbEntity
  8
0
 60
1
100
AcDbText
 10
66.085
 20
49.875
 30
0.0
 40
0.072
  1
Барбарис Тунберга
 11
66.085
 21
49.875
 31
0.0
100
AcDbAttribute
  2
PORODA
 70
0
  0
ATTRIB
  5
108B
330
17
100
AcDbEntity
  8
0
 60
1
100
AcDbText
 10
66.085
 20
49.875
 30
0.0
 40
0.072
  1
Существующее сохраняемое дерево (от ствола): норма 1.0 м, факт 2.51 м (Проектное допущение, смыкание крон, сохранение насаждений по ППМ № 743-ПП)
 11
66.085
 21
49.875
 31
0.0
100
AcDbAttribute
  2
NORMA
 70
0
  0
SEQEND
  5
1088
330
1087
100
AcDbEntity
  8
GREEN_AI_SHRUBS
  0
INSERT
  5
108C
330
17
100
AcDbEntity
  8
GREEN_AI_SHRUBS
100
AcDbBlockReference
 66
1
  2
GREEN_AI_SHRUB
 10
70.625
 20
49.875
 30
0.0
 41
0.4
 42
0.4
 43
0.4
  0
ATTRIB
  5
108E
330
17
100
AcDbEntity
  8
0
 60
1
100
AcDbText
 10
71.085
 20
49.875
 30
0.0
 40
0.072
  1
S-0733
 11
71.085
 21
49.875
 31
0.0
100
AcDbAttribute
  2
ID
 70
0
  0
ATTRIB
  5
108F
330
17
100
AcDbEntity
  8
0
 60
1
100
AcDbText
 10
71.085
 20
49.875
 30
0.0
 40
0.072
  1
Барбарис Тунберга
 11
71.085
 21
49.875
 31
0.0
100
AcDbAttribute
  2
PORODA
 70
0
  0
ATTRIB
  5
1090
330
17
100
AcDbEntity
  8
0
 60
1
100
AcDbText
 10
71.085
 20
49.875
 30
0.0
 40
0.072
  1
Существующее сохраняемое дерево (от ствола): норма 1.0 м, факт 2.51 м (Проектное допущение, смыкание крон, сохранение насаждений по ППМ № 743-ПП)
 11
71.085
 21
49.875
 31
0.0
100
AcDbAttribute
  2
NORMA
 70
0
  0
SEQEND
  5
108D
330
108C
100
AcDbEntity
  8
GREEN_AI_SHRUBS
  0
INSERT
  5
1091
330
17
100
AcDbEntity
  8
GREEN_AI_SHRUBS
100
AcDbBlockReference
 66
1
  2
GREEN_AI_SHRUB
 10
72.625
 20
50.125
 30
0.0
 41
0.4
 42
0.4
 43
0.4
  0
ATTRIB
  5
1093
330
17
100
AcDbEntity
  8
0
 60
1
100
AcDbText
 10
73.085
 20
50.125
 30
0.0
 40
0.072
  1
S-0734
 11
73.085
 21
50.125
 31
0.0
100
AcDbAttribute
  2
ID
 70
0
  0
ATTRIB
  5
1094
330
17
100
AcDbEntity
  8
0
 60
1
100
AcDbText
 10
73.085
 20
50.125
 30
0.0
 40
0.072
  1
Барбарис Тунберга
 11
73.085
 21
50.125
 31
0.0
100
AcDbAttribute
  2
PORODA
 70
0
  0
ATTRIB
  5
1095
330
17
100
AcDbEntity
  8
0
 60
1
100
AcDbText
 10
73.085
 20
50.125
 30
0.0
 40
0.072
  1
Существующее сохраняемое дерево (от ствола): норма 1.0 м, факт 4.5 м (Проектное допущение, смыкание крон, сохранение насаждений по ППМ № 743-ПП)
 11
73.085
 21
50.125
 31
0.0
100
AcDbAttribute
  2
NORMA
 70
0
  0
SEQEND
  5
1092
330
1091
100
AcDbEntity
  8
GREEN_AI_SHRUBS
  0
INSERT
  5
1096
330
17
100
AcDbEntity
  8
GREEN_AI_SHRUBS
100
AcDbBlockReference
 66
1
  2
GREEN_AI_SHRUB
 10
82.125
 20
50.125
 30
0.0
 41
0.4
 42
0.4
 43
0.4
  0
ATTRIB
  5
1098
330
17
100
AcDbEntity
  8
0
 60
1
100
AcDbText
 10
82.585
 20
50.125
 30
0.0
 40
0.072
  1
S-0735
 11
82.585
 21
50.125
 31
0.0
100
AcDbAttribute
  2
ID
 70
0
  0
ATTRIB
  5
1099
330
17
100
AcDbEntity
  8
0
 60
1
100
AcDbText
 10
82.585
 20
50.125
 30
0.0
 40
0.072
  1
Барбарис Тунберга
 11
82.585
 21
50.125
 31
0.0
100
AcDbAttribute
  2
PORODA
 70
0
  0
ATTRIB
  5
109A
330
17
100
AcDbEntity
  8
0
 60
1
100
AcDbText
 10
82.585
 20
50.125
 30
0.0
 40
0.072
  1
Канализация: норма 1.0 м, факт 2.0 м (СП 42.13330.2016, таблица 9.1; 743-ПП п. 3.6.3; 623-ПП п. 4.2.4)
 11
82.585
 21
50.125
 31
0.0
100
AcDbAttribute
  2
NORMA
 70
0
  0
SEQEND
  5
1097
330
1096
100
AcDbEntity
  8
GREEN_AI_SHRUBS
  0
INSERT
  5
109B
330
17
100
AcDbEntity
  8
GREEN_AI_SHRUBS
100
AcDbBlockReference
 66
1
  2
GREEN_AI_SHRUB
 10
47.625
 20
50.625
 30
0.0
 41
0.4
 42
0.4
 43
0.4
  0
ATTRIB
  5
109D
330
17
100
AcDbEntity
  8
0
 60
1
100
AcDbText
 10
48.085
 20
50.625
 30
0.0
 40
0.072
  1
S-0736
 11
48.085
 21
50.625
 31
0.0
100
AcDbAttribute
  2
ID
 70
0
  0
ATTRIB
  5
109E
330
17
100
AcDbEntity
  8
0
 60
1
100
AcDbText
 10
48.085
 20
50.625
 30
0.0
 40
0.072
  1
Барбарис Тунберга
 11
48.085
 21
50.625
 31
0.0
100
AcDbAttribute
  2
PORODA
 70
0
  0
ATTRIB
  5
109F
330
17
100
AcDbEntity
  8
0
 60
1
100
AcDbText
 10
48.085
 20
50.625
 30
0.0
 40
0.072
  1
Наружная стена здания и сооружения: норма 1.5 м, факт 2.5 м (СП 42.13330.2016, таблица 9.1; 743-ПП п. 3.6.3; 623-ПП п. 4.2.4)
 11
48.085
 21
50.625
 31
0.0
100
AcDbAttribute
  2
NORMA
 70
0
  0
SEQEND
  5
109C
330
109B
100
AcDbEntity
  8
GREEN_AI_SHRUBS
  0
INSERT
  5
10A0
330
17
100
AcDbEntity
  8
GREEN_AI_SHRUBS
100
AcDbBlockReference
 66
1
  2
GREEN_AI_SHRUB
 10
62.125
 20
50.625
 30
0.0
 41
0.4
 42
0.4
 43
0.4
  0
ATTRIB
  5
10A2
330
17
100
AcDbEntity
  8
0
 60
1
100
AcDbText
 10
62.585
 20
50.625
 30
0.0
 40
0.072
  1
S-0737
 11
62.585
 21
50.625
 31
0.0
100
AcDbAttribute
  2
ID
 70
0
  0
ATTRIB
  5
10A3
330
17
100
AcDbEntity
  8
0
 60
1
100
AcDbText
 10
62.585
 20
50.625
 30
0.0
 40
0.072
  1
Барбарис Тунберга
 11
62.585
 21
50.625
 31
0.0
100
AcDbAttribute
  2
PORODA
 70
0
  0
ATTRIB
  5
10A4
330
17
100
AcDbEntity
  8
0
 60
1
100
AcDbText
 10
62.585
 20
50.625
 30
0.0
 40
0.072
  1
Газопровод: норма 1.0 м, факт 2.0 м (СП 42.13330.2016, таблица 9.1; 743-ПП п. 3.6.3; 623-ПП п. 4.2.4)
 11
62.585
 21
50.625
 31
0.0
100
AcDbAttribute
  2
NORMA
 70
0
  0
SEQEND
  5
10A1
330
10A0
100
AcDbEntity
  8
GREEN_AI_SHRUBS
  0
INSERT
  5
10A5
330
17
100
AcDbEntity
  8
GREEN_AI_SHRUBS
100
AcDbBlockReference
 66
1
  2
GREEN_AI_SHRUB
 10
4.625
 20
50.875
 30
0.0
 41
0.4
 42
0.4
 43
0.4
  0
ATTRIB
  5
10A7
330
17
100
AcDbEntity
  8
0
 60
1
100
AcDbText
 10
5.085
 20
50.875
 30
0.0
 40
0.072
  1
S-0738
 11
5.085
 21
50.875
 31
0.0
100
AcDbAttribute
  2
ID
 70
0
  0
ATTRIB
  5
10A8
330
17
100
AcDbEntity
  8
0
 60
1
100
AcDbText
 10
5.085
 20
50.875
 30
0.0
 40
0.072
  1
Барбарис Тунберга
 11
5.085
 21
50.875
 31
0.0
100
AcDbAttribute
  2
PORODA
 70
0
  0
ATTRIB
  5
10A9
330
17
100
AcDbEntity
  8
0
 60
1
100
AcDbText
 10
5.085
 20
50.875
 30
0.0
 40
0.072
  1
Наружная стена здания и сооружения: норма 1.5 м, факт 5.5 м (СП 42.13330.2016, таблица 9.1; 743-ПП п. 3.6.3; 623-ПП п. 4.2.4)
 11
5.085
 21
50.875
 31
0.0
100
AcDbAttribute
  2
NORMA
 70
0
  0
SEQEND
  5
10A6
330
10A5
100
AcDbEntity
  8
GREEN_AI_SHRUBS
  0
INSERT
  5
10AA
330
17
100
AcDbEntity
  8
GREEN_AI_SHRUBS
100
AcDbBlockReference
 66
1
  2
GREEN_AI_SHRUB
 10
7.625
 20
50.875
 30
0.0
 41
0.4
 42
0.4
 43
0.4
  0
ATTRIB
  5
10AC
330
17
100
AcDbEntity
  8
0
 60
1
100
AcDbText
 10
8.085
 20
50.875
 30
0.0
 40
0.072
  1
S-0739
 11
8.085
 21
50.875
 31
0.0
100
AcDbAttribute
  2
ID
 70
0
  0
ATTRIB
  5
10AD
330
17
100
AcDbEntity
  8
0
 60
1
100
AcDbText
 10
8.085
 20
50.875
 30
0.0
 40
0.072
  1
Барбарис Тунберга
 11
8.085
 21
50.875
 31
0.0
100
AcDbAttribute
  2
PORODA
 70
0
  0
ATTRIB
  5
10AE
330
17
100
AcDbEntity
  8
0
 60
1
100
AcDbText
 10
8.085
 20
50.875
 30
0.0
 40
0.072
  1
Наружная стена здания и сооружения: норма 1.5 м, факт 2.5 м (СП 42.13330.2016, таблица 9.1; 743-ПП п. 3.6.3; 623-ПП п. 4.2.4)
 11
8.085
 21
50.875
 31
0.0
100
AcDbAttribute
  2
NORMA
 70
0
  0
SEQEND
  5
10AB
330
10AA
100
AcDbEntity
  8
GREEN_AI_SHRUBS
  0
INSERT
  5
10AF
330
17
100
AcDbEntity
  8
GREEN_AI_SHRUBS
100
AcDbBlockReference
 66
1
  2
GREEN_AI_SHRUB
 10
49.375
 20
51.125
 30
0.0
 41
0.4
 42
0.4
 43
0.4
  0
ATTRIB
  5
10B1
330
17
100
AcDbEntity
  8
0
 60
1
100
AcDbText
 10
49.835
 20
51.125
 30
0.0
 40
0.072
  1
S-0740
 11
49.835
 21
51.125
 31
0.0
100
AcDbAttribute
  2
ID
 70
0
  0
ATTRIB
  5
10B2
330
17
100
AcDbEntity
  8
0
 60
1
100
AcDbText
 10
49.835
 20
51.125
 30
0.0
 40
0.072
  1
Барбарис Тунберга
 11
49.835
 21
51.125
 31
0.0
100
AcDbAttribute
  2
PORODA
 70
0
  0
ATTRIB
  5
10B3
330
17
100
AcDbEntity
  8
0
 60
1
100
AcDbText
 10
49.835
 20
51.125
 30
0.0
 40
0.072
  1
Наружная стена здания и сооружения: норма 1.5 м, факт 4.25 м (СП 42.13330.2016, таблица 9.1; 743-ПП п. 3.6.3; 623-ПП п. 4.2.4)
 11
49.835
 21
51.125
 31
0.0
100
AcDbAttribute
  2
NORMA
 70
0
  0
SEQEND
  5
10B0
330
10AF
100
AcDbEntity
  8
GREEN_AI_SHRUBS
  0
INSERT
  5
10B4
330
17
100
AcDbEntity
  8
GREEN_AI_SHRUBS
100
AcDbBlockReference
 66
1
  2
GREEN_AI_SHRUB
 10
78.125
 20
51.125
 30
0.0
 41
0.4
 42
0.4
 43
0.4
  0
ATTRIB
  5
10B6
330
17
100
AcDbEntity
  8
0
 60
1
100
AcDbText
 10
78.585
 20
51.125
 30
0.0
 40
0.072
  1
S-0741
 11
78.585
 21
51.125
 31
0.0
100
AcDbAttribute
  2
ID
 70
0
  0
ATTRIB
  5
10B7
330
17
100
AcDbEntity
  8
0
 60
1
100
AcDbText
 10
78.585
 20
51.125
 30
0.0
 40
0.072
  1
Барбарис Тунберга
 11
78.585
 21
51.125
 31
0.0
100
AcDbAttribute
  2
PORODA
 70
0
  0
ATTRIB
  5
10B8
330
17
100
AcDbEntity
  8
0
 60
1
100
AcDbText
 10
78.585
 20
51.125
 30
0.0
 40
0.072
  1
Канализация: норма 1.0 м, факт 2.0 м (СП 42.13330.2016, таблица 9.1; 743-ПП п. 3.6.3; 623-ПП п. 4.2.4)
 11
78.585
 21
51.125
 31
0.0
100
AcDbAttribute
  2
NORMA
 70
0
  0
SEQEND
  5
10B5
330
10B4
100
AcDbEntity
  8
GREEN_AI_SHRUBS
  0
INSERT
  5
10B9
330
17
100
AcDbEntity
  8
GREEN_AI_SHRUBS
100
AcDbBlockReference
 66
1
  2
GREEN_AI_SHRUB
 10
64.125
 20
51.375
 30
0.0
 41
0.4
 42
0.4
 43
0.4
  0
ATTRIB
  5
10BB
330
17
100
AcDbEntity
  8
0
 60
1
100
AcDbText
 10
64.585
 20
51.375
 30
0.0
 40
0.072
  1
S-0742
 11
64.585
 21
51.375
 31
0.0
100
AcDbAttribute
  2
ID
 70
0
  0
ATTRIB
  5
10BC
330
17
100
AcDbEntity
  8
0
 60
1
100
AcDbText
 10
64.585
 20
51.375
 30
0.0
 40
0.072
  1
Барбарис Тунберга
 11
64.585
 21
51.375
 31
0.0
100
AcDbAttribute
  2
PORODA
 70
0
  0
ATTRIB
  5
10BD
330
17
100
AcDbEntity
  8
0
 60
1
100
AcDbText
 10
64.585
 20
51.375
 30
0.0
 40
0.072
  1
Газопровод: норма 1.0 м, факт 4.0 м (СП 42.13330.2016, таблица 9.1; 743-ПП п. 3.6.3; 623-ПП п. 4.2.4)
 11
64.585
 21
51.375
 31
0.0
100
AcDbAttribute
  2
NORMA
 70
0
  0
SEQEND
  5
10BA
330
10B9
100
AcDbEntity
  8
GREEN_AI_SHRUBS
  0
INSERT
  5
10BE
330
17
100
AcDbEntity
  8
GREEN_AI_SHRUBS
100
AcDbBlockReference
 66
1
  2
GREEN_AI_SHRUB
 10
66.625
 20
51.375
 30
0.0
 41
0.4
 42
0.4
 43
0.4
  0
ATTRIB
  5
10C0
330
17
100
AcDbEntity
  8
0
 60
1
100
AcDbText
 10
67.085
 20
51.375
 30
0.0
 40
0.072
  1
S-0743
 11
67.085
 21
51.375
 31
0.0
100
AcDbAttribute
  2
ID
 70
0
  0
ATTRIB
  5
10C1
330
17
100
AcDbEntity
  8
0
 60
1
100
AcDbText
 10
67.085
 20
51.375
 30
0.0
 40
0.072
  1
Барбарис Тунберга
 11
67.085
 21
51.375
 31
0.0
100
AcDbAttribute
  2
PORODA
 70
0
  0
ATTRIB
  5
10C2
330
17
100
AcDbEntity
  8
0
 60
1
100
AcDbText
 10
67.085
 20
51.375
 30
0.0
 40
0.072
  1
Существующее сохраняемое дерево (от ствола): норма 1.0 м, факт 1.95 м (Проектное допущение, смыкание крон, сохранение насаждений по ППМ № 743-ПП)
 11
67.085
 21
51.375
 31
0.0
100
AcDbAttribute
  2
NORMA
 70
0
  0
SEQEND
  5
10BF
330
10BE
100
AcDbEntity
  8
GREEN_AI_SHRUBS
  0
INSERT
  5
10C3
330
17
100
AcDbEntity
  8
GREEN_AI_SHRUBS
100
AcDbBlockReference
 66
1
  2
GREEN_AI_SHRUB
 10
69.625
 20
51.375
 30
0.0
 41
0.4
 42
0.4
 43
0.4
  0
ATTRIB
  5
10C5
330
17
100
AcDbEntity
  8
0
 60
1
100
AcDbText
 10
70.085
 20
51.375
 30
0.0
 40
0.072
  1
S-0744
 11
70.085
 21
51.375
 31
0.0
100
AcDbAttribute
  2
ID
 70
0
  0
ATTRIB
  5
10C6
330
17
100
AcDbEntity
  8
0
 60
1
100
AcDbText
 10
70.085
 20
51.375
 30
0.0
 40
0.072
  1
Барбарис Тунберга
 11
70.085
 21
51.375
 31
0.0
100
AcDbAttribute
  2
PORODA
 70
0
  0
ATTRIB
  5
10C7
330
17
100
AcDbEntity
  8
0
 60
1
100
AcDbText
 10
70.085
 20
51.375
 30
0.0
 40
0.072
  1
Существующее сохраняемое дерево (от ствола): норма 1.0 м, факт 1.95 м (Проектное допущение, смыкание крон, сохранение насаждений по ППМ № 743-ПП)
 11
70.085
 21
51.375
 31
0.0
100
AcDbAttribute
  2
NORMA
 70
0
  0
SEQEND
  5
10C4
330
10C3
100
AcDbEntity
  8
GREEN_AI_SHRUBS
  0
INSERT
  5
10C8
330
17
100
AcDbEntity
  8
GREEN_AI_SHRUBS
100
AcDbBlockReference
 66
1
  2
GREEN_AI_SHRUB
 10
58.125
 20
51.625
 30
0.0
 41
0.4
 42
0.4
 43
0.4
  0
ATTRIB
  5
10CA
330
17
100
AcDbEntity
  8
0
 60
1
100
AcDbText
 10
58.585
 20
51.625
 30
0.0
 40
0.072
  1
S-0745
 11
58.585
 21
51.625
 31
0.0
100
AcDbAttribute
  2
ID
 70
0
  0
ATTRIB
  5
10CB
330
17
100
AcDbEntity
  8
0
 60
1
100
AcDbText
 10
58.585
 20
51.625
 30
0.0
 40
0.072
  1
Барбарис Тунберга
 11
58.585
 21
51.625
 31
0.0
100
AcDbAttribute
  2
PORODA
 70
0
  0
ATTRIB
  5
10CC
330
17
100
AcDbEntity
  8
0
 60
1
100
AcDbText
 10
58.585
 20
51.625
 30
0.0
 40
0.072
  1
Газопровод: норма 1.0 м, факт 2.0 м (СП 42.13330.2016, таблица 9.1; 743-ПП п. 3.6.3; 623-ПП п. 4.2.4)
 11
58.585
 21
51.625
 31
0.0
100
AcDbAttribute
  2
NORMA
 70
0
  0
SEQEND
  5
10C9
330
10C8
100
AcDbEntity
  8
GREEN_AI_SHRUBS
  0
INSERT
  5
10CD
330
17
100
AcDbEntity
  8
GREEN_AI_SHRUBS
100
AcDbBlockReference
 66
1
  2
GREEN_AI_SHRUB
 10
71.625
 20
51.625
 30
0.0
 41
0.4
 42
0.4
 43
0.4
  0
ATTRIB
  5
10CF
330
17
100
AcDbEntity
  8
0
 60
1
100
AcDbText
 10
72.085
 20
51.625
 30
0.0
 40
0.072
  1
S-0746
 11
72.085
 21
51.625
 31
0.0
100
AcDbAttribute
  2
ID
 70
0
  0
ATTRIB
  5
10D0
330
17
100
AcDbEntity
  8
0
 60
1
100
AcDbText
 10
72.085
 20
51.625
 30
0.0
 40
0.072
  1
Барбарис Тунберга
 11
72.085
 21
51.625
 31
0.0
100
AcDbAttribute
  2
PORODA
 70
0
  0
ATTRIB
  5
10D1
330
17
100
AcDbEntity
  8
0
 60
1
100
AcDbText
 10
72.085
 20
51.625
 30
0.0
 40
0.072
  1
Существующее сохраняемое дерево (от ствола): норма 1.0 м, факт 3.81 м (Проектное допущение, смыкание крон, сохранение насаждений по ППМ № 743-ПП)
 11
72.085
 21
51.625
 31
0.0
100
AcDbAttribute
  2
NORMA
 70
0
  0
SEQEND
  5
10CE
330
10CD
100
AcDbEntity
  8
GREEN_AI_SHRUBS
  0
INSERT
  5
10D2
330
17
100
AcDbEntity
  8
GREEN_AI_SHRUBS
100
AcDbBlockReference
 66
1
  2
GREEN_AI_SHRUB
 10
6.125
 20
51.875
 30
0.0
 41
0.4
 42
0.4
 43
0.4
  0
ATTRIB
  5
10D4
330
17
100
AcDbEntity
  8
0
 60
1
100
AcDbText
 10
6.585
 20
51.875
 30
0.0
 40
0.072
  1
S-0747
 11
6.585
 21
51.875
 31
0.0
100
AcDbAttribute
  2
ID
 70
0
  0
ATTRIB
  5
10D5
330
17
100
AcDbEntity
  8
0
 60
1
100
AcDbText
 10
6.585
 20
51.875
 30
0.0
 40
0.072
  1
Барбарис Тунберга
 11
6.585
 21
51.875
 31
0.0
100
AcDbAttribute
  2
PORODA
 70
0
  0
ATTRIB
  5
10D6
330
17
100
AcDbEntity
  8
0
 60
1
100
AcDbText
 10
6.585
 20
51.875
 30
0.0
 40
0.072
  1
Наружная стена здания и сооружения: норма 1.5 м, факт 4.0 м (СП 42.13330.2016, таблица 9.1; 743-ПП п. 3.6.3; 623-ПП п. 4.2.4)
 11
6.585
 21
51.875
 31
0.0
100
AcDbAttribute
  2
NORMA
 70
0
  0
SEQEND
  5
10D3
330
10D2
100
AcDbEntity
  8
GREEN_AI_SHRUBS
  0
INSERT
  5
10D7
330
17
100
AcDbEntity
  8
GREEN_AI_SHRUBS
100
AcDbBlockReference
 66
1
  2
GREEN_AI_SHRUB
 10
82.125
 20
52.125
 30
0.0
 41
0.4
 42
0.4
 43
0.4
  0
ATTRIB
  5
10D9
330
17
100
AcDbEntity
  8
0
 60
1
100
AcDbText
 10
82.585
 20
52.125
 30
0.0
 40
0.072
  1
S-0748
 11
82.585
 21
52.125
 31
0.0
100
AcDbAttribute
  2
ID
 70
0
  0
ATTRIB
  5
10DA
330
17
100
AcDbEntity
  8
0
 60
1
100
AcDbText
 10
82.585
 20
52.125
 30
0.0
 40
0.072
  1
Барбарис Тунберга
 11
82.585
 21
52.125
 31
0.0
100
AcDbAttribute
  2
PORODA
 70
0
  0
ATTRIB
  5
10DB
330
17
100
AcDbEntity
  8
0
 60
1
100
AcDbText
 10
82.585
 20
52.125
 30
0.0
 40
0.072
  1
Канализация: норма 1.0 м, факт 2.0 м (СП 42.13330.2016, таблица 9.1; 743-ПП п. 3.6.3; 623-ПП п. 4.2.4)
 11
82.585
 21
52.125
 31
0.0
100
AcDbAttribute
  2
NORMA
 70
0
  0
SEQEND
  5
10D8
330
10D7
100
AcDbEntity
  8
GREEN_AI_SHRUBS
  0
INSERT
  5
10DC
330
17
100
AcDbEntity
  8
GREEN_AI_SHRUBS
100
AcDbBlockReference
 66
1
  2
GREEN_AI_SHRUB
 10
68.125
 20
52.375
 30
0.0
 41
0.4
 42
0.4
 43
0.4
  0
ATTRIB
  5
10DE
330
17
100
AcDbEntity
  8
0
 60
1
100
AcDbText
 10
68.585
 20
52.375
 30
0.0
 40
0.072
  1
S-0749
 11
68.585
 21
52.375
 31
0.0
100
AcDbAttribute
  2
ID
 70
0
  0
ATTRIB
  5
10DF
330
17
100
AcDbEntity
  8
0
 60
1
100
AcDbText
 10
68.585
 20
52.375
 30
0.0
 40
0.072
  1
Барбарис Тунберга
 11
68.585
 21
52.375
 31
0.0
100
AcDbAttribute
  2
PORODA
 70
0
  0
ATTRIB
  5
10E0
330
17
100
AcDbEntity
  8
0
 60
1
100
AcDbText
 10
68.585
 20
52.375
 30
0.0
 40
0.072
  1
Существующее сохраняемое дерево (от ствола): норма 1.0 м, факт 2.25 м (Проектное допущение, смыкание крон, сохранение насаждений по ППМ № 743-ПП)
 11
68.585
 21
52.375
 31
0.0
100
AcDbAttribute
  2
NORMA
 70
0
  0
SEQEND
  5
10DD
330
10DC
100
AcDbEntity
  8
GREEN_AI_SHRUBS
  0
INSERT
  5
10E1
330
17
100
AcDbEntity
  8
GREEN_AI_SHRUBS
100
AcDbBlockReference
 66
1
  2
GREEN_AI_SHRUB
 10
47.625
 20
52.625
 30
0.0
 41
0.4
 42
0.4
 43
0.4
  0
ATTRIB
  5
10E3
330
17
100
AcDbEntity
  8
0
 60
1
100
AcDbText
 10
48.085
 20
52.625
 30
0.0
 40
0.072
  1
S-0750
 11
48.085
 21
52.625
 31
0.0
100
AcDbAttribute
  2
ID
 70
0
  0
ATTRIB
  5
10E4
330
17
100
AcDbEntity
  8
0
 60
1
100
AcDbText
 10
48.085
 20
52.625
 30
0.0
 40
0.072
  1
Барбарис Тунберга
 11
48.085
 21
52.625
 31
0.0
100
AcDbAttribute
  2
PORODA
 70
0
  0
ATTRIB
  5
10E5
330
17
100
AcDbEntity
  8
0
 60
1
100
AcDbText
 10
48.085
 20
52.625
 30
0.0
 40
0.072
  1
Наружная стена здания и сооружения: норма 1.5 м, факт 2.5 м (СП 42.13330.2016, таблица 9.1; 743-ПП п. 3.6.3; 623-ПП п. 4.2.4)
 11
48.085
 21
52.625
 31
0.0
100
AcDbAttribute
  2
NORMA
 70
0
  0
SEQEND
  5
10E2
330
10E1
100
AcDbEntity
  8
GREEN_AI_SHRUBS
  0
INSERT
  5
10E6
330
17
100
AcDbEntity
  8
GREEN_AI_SHRUBS
100
AcDbBlockReference
 66
1
  2
GREEN_AI_SHRUB
 10
50.375
 20
52.625
 30
0.0
 41
0.4
 42
0.4
 43
0.4
  0
ATTRIB
  5
10E8
330
17
100
AcDbEntity
  8
0
 60
1
100
AcDbText
 10
50.835
 20
52.625
 30
0.0
 40
0.072
  1
S-0751
 11
50.835
 21
52.625
 31
0.0
100
AcDbAttribute
  2
ID
 70
0
  0
ATTRIB
  5
10E9
330
17
100
AcDbEntity
  8
0
 60
1
100
AcDbText
 10
50.835
 20
52.625
 30
0.0
 40
0.072
  1
Барбарис Тунберга
 11
50.835
 21
52.625
 31
0.0
100
AcDbAttribute
  2
PORODA
 70
0
  0
ATTRIB
  5
10EA
330
17
100
AcDbEntity
  8
0
 60
1
100
AcDbText
 10
50.835
 20
52.625
 30
0.0
 40
0.072
  1
Наружная стена здания и сооружения: норма 1.5 м, факт 5.25 м (СП 42.13330.2016, таблица 9.1; 743-ПП п. 3.6.3; 623-ПП п. 4.2.4)
 11
50.835
 21
52.625
 31
0.0
100
AcDbAttribute
  2
NORMA
 70
0
  0
SEQEND
  5
10E7
330
10E6
100
AcDbEntity
  8
GREEN_AI_SHRUBS
  0
INSERT
  5
10EB
330
17
100
AcDbEntity
  8
GREEN_AI_SHRUBS
100
AcDbBlockReference
 66
1
  2
GREEN_AI_SHRUB
 10
62.125
 20
52.625
 30
0.0
 41
0.4
 42
0.4
 43
0.4
  0
ATTRIB
  5
10ED
330
17
100
AcDbEntity
  8
0
 60
1
100
AcDbText
 10
62.585
 20
52.625
 30
0.0
 40
0.072
  1
S-0752
 11
62.585
 21
52.625
 31
0.0
100
AcDbAttribute
  2
ID
 70
0
  0
ATTRIB
  5
10EE
330
17
100
AcDbEntity
  8
0
 60
1
100
AcDbText
 10
62.585
 20
52.625
 30
0.0
 40
0.072
  1
Барбарис Тунберга
 11
62.585
 21
52.625
 31
0.0
100
AcDbAttribute
  2
PORODA
 70
0
  0
ATTRIB
  5
10EF
330
17
100
AcDbEntity
  8
0
 60
1
100
AcDbText
 10
62.585
 20
52.625
 30
0.0
 40
0.072
  1
Газопровод: норма 1.0 м, факт 2.0 м (СП 42.13330.2016, таблица 9.1; 743-ПП п. 3.6.3; 623-ПП п. 4.2.4)
 11
62.585
 21
52.625
 31
0.0
100
AcDbAttribute
  2
NORMA
 70
0
  0
SEQEND
  5
10EC
330
10EB
100
AcDbEntity
  8
GREEN_AI_SHRUBS
  0
INSERT
  5
10F0
330
17
100
AcDbEntity
  8
GREEN_AI_SHRUBS
100
AcDbBlockReference
 66
1
  2
GREEN_AI_SHRUB
 10
4.625
 20
52.875
 30
0.0
 41
0.4
 42
0.4
 43
0.4
  0
ATTRIB
  5
10F2
330
17
100
AcDbEntity
  8
0
 60
1
100
AcDbText
 10
5.085
 20
52.875
 30
0.0
 40
0.072
  1
S-0753
 11
5.085
 21
52.875
 31
0.0
100
AcDbAttribute
  2
ID
 70
0
  0
ATTRIB
  5
10F3
330
17
100
AcDbEntity
  8
0
 60
1
100
AcDbText
 10
5.085
 20
52.875
 30
0.0
 40
0.072
  1
Барбарис Тунберга
 11
5.085
 21
52.875
 31
0.0
100
AcDbAttribute
  2
PORODA
 70
0
  0
ATTRIB
  5
10F4
330
17
100
AcDbEntity
  8
0
 60
1
100
AcDbText
 10
5.085
 20
52.875
 30
0.0
 40
0.072
  1
Наружная стена здания и сооружения: норма 1.5 м, факт 5.5 м (СП 42.13330.2016, таблица 9.1; 743-ПП п. 3.6.3; 623-ПП п. 4.2.4)
 11
5.085
 21
52.875
 31
0.0
100
AcDbAttribute
  2
NORMA
 70
0
  0
SEQEND
  5
10F1
330
10F0
100
AcDbEntity
  8
GREEN_AI_SHRUBS
  0
INSERT
  5
10F5
330
17
100
AcDbEntity
  8
GREEN_AI_SHRUBS
100
AcDbBlockReference
 66
1
  2
GREEN_AI_SHRUB
 10
7.625
 20
52.875
 30
0.0
 41
0.4
 42
0.4
 43
0.4
  0
ATTRIB
  5
10F7
330
17
100
AcDbEntity
  8
0
 60
1
100
AcDbText
 10
8.085
 20
52.875
 30
0.0
 40
0.072
  1
S-0754
 11
8.085
 21
52.875
 31
0.0
100
AcDbAttribute
  2
ID
 70
0
  0
ATTRIB
  5
10F8
330
17
100
AcDbEntity
  8
0
 60
1
100
AcDbText
 10
8.085
 20
52.875
 30
0.0
 40
0.072
  1
Барбарис Тунберга
 11
8.085
 21
52.875
 31
0.0
100
AcDbAttribute
  2
PORODA
 70
0
  0
ATTRIB
  5
10F9
330
17
100
AcDbEntity
  8
0
 60
1
100
AcDbText
 10
8.085
 20
52.875
 30
0.0
 40
0.072
  1
Наружная стена здания и сооружения: норма 1.5 м, факт 2.5 м (СП 42.13330.2016, таблица 9.1; 743-ПП п. 3.6.3; 623-ПП п. 4.2.4)
 11
8.085
 21
52.875
 31
0.0
100
AcDbAttribute
  2
NORMA
 70
0
  0
SEQEND
  5
10F6
330
10F5
100
AcDbEntity
  8
GREEN_AI_SHRUBS
  0
INSERT
  5
10FA
330
17
100
AcDbEntity
  8
GREEN_AI_SHRUBS
100
AcDbBlockReference
 66
1
  2
GREEN_AI_SHRUB
 10
65.125
 20
52.875
 30
0.0
 41
0.4
 42
0.4
 43
0.4
  0
ATTRIB
  5
10FC
330
17
100
AcDbEntity
  8
0
 60
1
100
AcDbText
 10
65.585
 20
52.875
 30
0.0
 40
0.072
  1
S-0755
 11
65.585
 21
52.875
 31
0.0
100
AcDbAttribute
  2
ID
 70
0
  0
ATTRIB
  5
10FD
330
17
100
AcDbEntity
  8
0
 60
1
100
AcDbText
 10
65.585
 20
52.875
 30
0.0
 40
0.072
  1
Барбарис Тунберга
 11
65.585
 21
52.875
 31
0.0
100
AcDbAttribute
  2
PORODA
 70
0
  0
ATTRIB
  5
10FE
330
17
100
AcDbEntity
  8
0
 60
1
100
AcDbText
 10
65.585
 20
52.875
 30
0.0
 40
0.072
  1
Существующее сохраняемое дерево (от ствола): норма 1.0 м, факт 4.07 м (Проектное допущение, смыкание крон, сохранение насаждений по ППМ № 743-ПП)
 11
65.585
 21
52.875
 31
0.0
100
AcDbAttribute
  2
NORMA
 70
0
  0
SEQEND
  5
10FB
330
10FA
100
AcDbEntity
  8
GREEN_AI_SHRUBS
  0
INSERT
  5
10FF
330
17
100
AcDbEntity
  8
GREEN_AI_SHRUBS
100
AcDbBlockReference
 66
1
  2
GREEN_AI_SHRUB
 10
70.125
 20
53.125
 30
0.0
 41
0.4
 42
0.4
 43
0.4
  0
ATTRIB
  5
1101
330
17
100
AcDbEntity
  8
0
 60
1
100
AcDbText
 10
70.585
 20
53.125
 30
0.0
 40
0.072
  1
S-0756
 11
70.585
 21
53.125
 31
0.0
100
AcDbAttribute
  2
ID
 70
0
  0
ATTRIB
  5
1102
330
17
100
AcDbEntity
  8
0
 60
1
100
AcDbText
 10
70.585
 20
53.125
 30
0.0
 40
0.072
  1
Барбарис Тунберга
 11
70.585
 21
53.125
 31
0.0
100
AcDbAttribute
  2
PORODA
 70
0
  0
ATTRIB
  5
1103
330
17
100
AcDbEntity
  8
0
 60
1
100
AcDbText
 10
70.585
 20
53.125
 30
0.0
 40
0.072
  1
Существующее сохраняемое дерево (от ствола): норма 1.0 м, факт 3.61 м (Проектное допущение, смыкание крон, сохранение насаждений по ППМ № 743-ПП)
 11
70.585
 21
53.125
 31
0.0
100
AcDbAttribute
  2
NORMA
 70
0
  0
SEQEND
  5
1100
330
10FF
100
AcDbEntity
  8
GREEN_AI_SHRUBS
  0
INSERT
  5
1104
330
17
100
AcDbEntity
  8
GREEN_AI_SHRUBS
100
AcDbBlockReference
 66
1
  2
GREEN_AI_SHRUB
 10
78.125
 20
53.125
 30
0.0
 41
0.4
 42
0.4
 43
0.4
  0
ATTRIB
  5
1106
330
17
100
AcDbEntity
  8
0
 60
1
100
AcDbText
 10
78.585
 20
53.125
 30
0.0
 40
0.072
  1
S-0757
 11
78.585
 21
53.125
 31
0.0
100
AcDbAttribute
  2
ID
 70
0
  0
ATTRIB
  5
1107
330
17
100
AcDbEntity
  8
0
 60
1
100
AcDbText
 10
78.585
 20
53.125
 30
0.0
 40
0.072
  1
Барбарис Тунберга
 11
78.585
 21
53.125
 31
0.0
100
AcDbAttribute
  2
PORODA
 70
0
  0
ATTRIB
  5
1108
330
17
100
AcDbEntity
  8
0
 60
1
100
AcDbText
 10
78.585
 20
53.125
 30
0.0
 40
0.072
  1
Канализация: норма 1.0 м, факт 2.0 м (СП 42.13330.2016, таблица 9.1; 743-ПП п. 3.6.3; 623-ПП п. 4.2.4)
 11
78.585
 21
53.125
 31
0.0
100
AcDbAttribute
  2
NORMA
 70
0
  0
SEQEND
  5
1105
330
1104
100
AcDbEntity
  8
GREEN_AI_SHRUBS
  0
INSERT
  5
1109
330
17
100
AcDbEntity
  8
GREEN_AI_SHRUBS
100
AcDbBlockReference
 66
1
  2
GREEN_AI_SHRUB
 10
58.125
 20
53.625
 30
0.0
 41
0.4
 42
0.4
 43
0.4
  0
ATTRIB
  5
110B
330
17
100
AcDbEntity
  8
0
 60
1
100
AcDbText
 10
58.585
 20
53.625
 30
0.0
 40
0.072
  1
S-0758
 11
58.585
 21
53.625
 31
0.0
100
AcDbAttribute
  2
ID
 70
0
  0
ATTRIB
  5
110C
330
17
100
AcDbEntity
  8
0
 60
1
100
AcDbText
 10
58.585
 20
53.625
 30
0.0
 40
0.072
  1
Барбарис Тунберга
 11
58.585
 21
53.625
 31
0.0
100
AcDbAttribute
  2
PORODA
 70
0
  0
ATTRIB
  5
110D
330
17
100
AcDbEntity
  8
0
 60
1
100
AcDbText
 10
58.585
 20
53.625
 30
0.0
 40
0.072
  1
Газопровод: норма 1.0 м, факт 2.0 м (СП 42.13330.2016, таблица 9.1; 743-ПП п. 3.6.3; 623-ПП п. 4.2.4)
 11
58.585
 21
53.625
 31
0.0
100
AcDbAttribute
  2
NORMA
 70
0
  0
SEQEND
  5
110A
330
1109
100
AcDbEntity
  8
GREEN_AI_SHRUBS
  0
INSERT
  5
110E
330
17
100
AcDbEntity
  8
GREEN_AI_SHRUBS
100
AcDbBlockReference
 66
1
  2
GREEN_AI_SHRUB
 10
6.125
 20
53.875
 30
0.0
 41
0.4
 42
0.4
 43
0.4
  0
ATTRIB
  5
1110
330
17
100
AcDbEntity
  8
0
 60
1
100
AcDbText
 10
6.585
 20
53.875
 30
0.0
 40
0.072
  1
S-0759
 11
6.585
 21
53.875
 31
0.0
100
AcDbAttribute
  2
ID
 70
0
  0
ATTRIB
  5
1111
330
17
100
AcDbEntity
  8
0
 60
1
100
AcDbText
 10
6.585
 20
53.875
 30
0.0
 40
0.072
  1
Барбарис Тунберга
 11
6.585
 21
53.875
 31
0.0
100
AcDbAttribute
  2
PORODA
 70
0
  0
ATTRIB
  5
1112
330
17
100
AcDbEntity
  8
0
 60
1
100
AcDbText
 10
6.585
 20
53.875
 30
0.0
 40
0.072
  1
Наружная стена здания и сооружения: норма 1.5 м, факт 4.0 м (СП 42.13330.2016, таблица 9.1; 743-ПП п. 3.6.3; 623-ПП п. 4.2.4)
 11
6.585
 21
53.875
 31
0.0
100
AcDbAttribute
  2
NORMA
 70
0
  0
SEQEND
  5
110F
330
110E
100
AcDbEntity
  8
GREEN_AI_SHRUBS
  0
INSERT
  5
1113
330
17
100
AcDbEntity
  8
GREEN_AI_SHRUBS
100
AcDbBlockReference
 66
1
  2
GREEN_AI_SHRUB
 10
66.625
 20
53.875
 30
0.0
 41
0.4
 42
0.4
 43
0.4
  0
ATTRIB
  5
1115
330
17
100
AcDbEntity
  8
0
 60
1
100
AcDbText
 10
67.085
 20
53.875
 30
0.0
 40
0.072
  1
S-0760
 11
67.085
 21
53.875
 31
0.0
100
AcDbAttribute
  2
ID
 70
0
  0
ATTRIB
  5
1116
330
17
100
AcDbEntity
  8
0
 60
1
100
AcDbText
 10
67.085
 20
53.875
 30
0.0
 40
0.072
  1
Барбарис Тунберга
 11
67.085
 21
53.875
 31
0.0
100
AcDbAttribute
  2
PORODA
 70
0
  0
ATTRIB
  5
1117
330
17
100
AcDbEntity
  8
0
 60
1
100
AcDbText
 10
67.085
 20
53.875
 30
0.0
 40
0.072
  1
Существующее сохраняемое дерево (от ствола): норма 1.0 м, факт 4.04 м (Проектное допущение, смыкание крон, сохранение насаждений по ППМ № 743-ПП)
 11
67.085
 21
53.875
 31
0.0
100
AcDbAttribute
  2
NORMA
 70
0
  0
SEQEND
  5
1114
330
1113
100
AcDbEntity
  8
GREEN_AI_SHRUBS
  0
INSERT
  5
1118
330
17
100
AcDbEntity
  8
GREEN_AI_SHRUBS
100
AcDbBlockReference
 66
1
  2
GREEN_AI_SHRUB
 10
48.625
 20
54.125
 30
0.0
 41
0.75
 42
0.75
 43
0.75
  0
ATTRIB
  5
111A
330
17
100
AcDbEntity
  8
0
 60
1
100
AcDbText
 10
49.4875
 20
54.125
 30
0.0
 40
0.135
  1
S-0761
 11
49.4875
 21
54.125
 31
0.0
100
AcDbAttribute
  2
ID
 70
0
  0
ATTRIB
  5
111B
330
17
100
AcDbEntity
  8
0
 60
1
100
AcDbText
 10
49.4875
 20
54.125
 30
0.0
 40
0.135
  1
Вейгела цветущая
 11
49.4875
 21
54.125
 31
0.0
100
AcDbAttribute
  2
PORODA
 70
0
  0
ATTRIB
  5
111C
330
17
100
AcDbEntity
  8
0
 60
1
100
AcDbText
 10
49.4875
 20
54.125
 30
0.0
 40
0.135
  1
Наружная стена здания и сооружения: норма 1.5 м, факт 3.5 м (СП 42.13330.2016, таблица 9.1; 743-ПП п. 3.6.3; 623-ПП п. 4.2.4)
 11
49.4875
 21
54.125
 31
0.0
100
AcDbAttribute
  2
NORMA
 70
0
  0
SEQEND
  5
1119
330
1118
100
AcDbEntity
  8
GREEN_AI_SHRUBS
  0
INSERT
  5
111D
330
17
100
AcDbEntity
  8
GREEN_AI_SHRUBS
100
AcDbBlockReference
 66
1
  2
GREEN_AI_SHRUB
 10
68.625
 20
54.125
 30
0.0
 41
0.75
 42
0.75
 43
0.75
  0
ATTRIB
  5
111F
330
17
100
AcDbEntity
  8
0
 60
1
100
AcDbText
 10
69.4875
 20
54.125
 30
0.0
 40
0.135
  1
S-0762
 11
69.4875
 21
54.125
 31
0.0
100
AcDbAttribute
  2
ID
 70
0
  0
ATTRIB
  5
1120
330
17
100
AcDbEntity
  8
0
 60
1
100
AcDbText
 10
69.4875
 20
54.125
 30
0.0
 40
0.135
  1
Вейгела цветущая
 11
69.4875
 21
54.125
 31
0.0
100
AcDbAttribute
  2
PORODA
 70
0
  0
ATTRIB
  5
1121
330
17
100
AcDbEntity
  8
0
 60
1
100
AcDbText
 10
69.4875
 20
54.125
 30
0.0
 40
0.135
  1
Существующее сохраняемое дерево (от ствола): норма 1.0 м, факт 4.03 м (Проектное допущение, смыкание крон, сохранение насаждений по ППМ № 743-ПП)
 11
69.4875
 21
54.125
 31
0.0
100
AcDbAttribute
  2
NORMA
 70
0
  0
SEQEND
  5
111E
330
111D
100
AcDbEntity
  8
GREEN_AI_SHRUBS
  0
INSERT
  5
1122
330
17
100
AcDbEntity
  8
GREEN_AI_SHRUBS
100
AcDbBlockReference
 66
1
  2
GREEN_AI_SHRUB
 10
82.125
 20
54.125
 30
0.0
 41
0.75
 42
0.75
 43
0.75
  0
ATTRIB
  5
1124
330
17
100
AcDbEntity
  8
0
 60
1
100
AcDbText
 10
82.9875
 20
54.125
 30
0.0
 40
0.135
  1
S-0763
 11
82.9875
 21
54.125
 31
0.0
100
AcDbAttribute
  2
ID
 70
0
  0
ATTRIB
  5
1125
330
17
100
AcDbEntity
  8
0
 60
1
100
AcDbText
 10
82.9875
 20
54.125
 30
0.0
 40
0.135
  1
Вейгела цветущая
 11
82.9875
 21
54.125
 31
0.0
100
AcDbAttribute
  2
PORODA
 70
0
  0
ATTRIB
  5
1126
330
17
100
AcDbEntity
  8
0
 60
1
100
AcDbText
 10
82.9875
 20
54.125
 30
0.0
 40
0.135
  1
Канализация: норма 1.0 м, факт 2.0 м (СП 42.13330.2016, таблица 9.1; 743-ПП п. 3.6.3; 623-ПП п. 4.2.4)
 11
82.9875
 21
54.125
 31
0.0
100
AcDbAttribute
  2
NORMA
 70
0
  0
SEQEND
  5
1123
330
1122
100
AcDbEntity
  8
GREEN_AI_SHRUBS
  0
INSERT
  5
1127
330
17
100
AcDbEntity
  8
GREEN_AI_SHRUBS
100
AcDbBlockReference
 66
1
  2
GREEN_AI_SHRUB
 10
50.375
 20
54.625
 30
0.0
 41
0.75
 42
0.75
 43
0.75
  0
ATTRIB
  5
1129
330
17
100
AcDbEntity
  8
0
 60
1
100
AcDbText
 10
51.2375
 20
54.625
 30
0.0
 40
0.135
  1
S-0764
 11
51.2375
 21
54.625
 31
0.0
100
AcDbAttribute
  2
ID
 70
0
  0
ATTRIB
  5
112A
330
17
100
AcDbEntity
  8
0
 60
1
100
AcDbText
 10
51.2375
 20
54.625
 30
0.0
 40
0.135
  1
Вейгела цветущая
 11
51.2375
 21
54.625
 31
0.0
100
AcDbAttribute
  2
PORODA
 70
0
  0
ATTRIB
  5
112B
330
17
100
AcDbEntity
  8
0
 60
1
100
AcDbText
 10
51.2375
 20
54.625
 30
0.0
 40
0.135
  1
Наружная стена здания и сооружения: норма 1.5 м, факт 5.25 м (СП 42.13330.2016, таблица 9.1; 743-ПП п. 3.6.3; 623-ПП п. 4.2.4)
 11
51.2375
 21
54.625
 31
0.0
100
AcDbAttribute
  2
NORMA
 70
0
  0
SEQEND
  5
1128
330
1127
100
AcDbEntity
  8
GREEN_AI_SHRUBS
  0
INSERT
  5
112C
330
17
100
AcDbEntity
  8
GREEN_AI_SHRUBS
100
AcDbBlockReference
 66
1
  2
GREEN_AI_SHRUB
 10
62.125
 20
54.625
 30
0.0
 41
0.75
 42
0.75
 43
0.75
  0
ATTRIB
  5
112E
330
17
100
AcDbEntity
  8
0
 60
1
100
AcDbText
 10
62.9875
 20
54.625
 30
0.0
 40
0.135
  1
S-0765
 11
62.9875
 21
54.625
 31
0.0
100
AcDbAttribute
  2
ID
 70
0
  0
ATTRIB
  5
112F
330
17
100
AcDbEntity
  8
0
 60
1
100
AcDbText
 10
62.9875
 20
54.625
 30
0.0
 40
0.135
  1
Вейгела цветущая
 11
62.9875
 21
54.625
 31
0.0
100
AcDbAttribute
  2
PORODA
 70
0
  0
ATTRIB
  5
1130
330
17
100
AcDbEntity
  8
0
 60
1
100
AcDbText
 10
62.9875
 20
54.625
 30
0.0
 40
0.135
  1
Газопровод: норма 1.0 м, факт 2.0 м (СП 42.13330.2016, таблица 9.1; 743-ПП п. 3.6.3; 623-ПП п. 4.2.4)
 11
62.9875
 21
54.625
 31
0.0
100
AcDbAttribute
  2
NORMA
 70
0
  0
SEQEND
  5
112D
330
112C
100
AcDbEntity
  8
GREEN_AI_SHRUBS
  0
INSERT
  5
1131
330
17
100
AcDbEntity
  8
GREEN_AI_SHRUBS
100
AcDbBlockReference
 66
1
  2
GREEN_AI_SHRUB
 10
4.625
 20
54.875
 30
0.0
 41
0.75
 42
0.75
 43
0.75
  0
ATTRIB
  5
1133
330
17
100
AcDbEntity
  8
0
 60
1
100
AcDbText
 10
5.4875
 20
54.875
 30
0.0
 40
0.135
  1
S-0766
 11
5.4875
 21
54.875
 31
0.0
100
AcDbAttribute
  2
ID
 70
0
  0
ATTRIB
  5
1134
330
17
100
AcDbEntity
  8
0
 60
1
100
AcDbText
 10
5.4875
 20
54.875
 30
0.0
 40
0.135
  1
Вейгела цветущая
 11
5.4875
 21
54.875
 31
0.0
100
AcDbAttribute
  2
PORODA
 70
0
  0
ATTRIB
  5
1135
330
17
100
AcDbEntity
  8
0
 60
1
100
AcDbText
 10
5.4875
 20
54.875
 30
0.0
 40
0.135
  1
Наружная стена здания и сооружения: норма 1.5 м, факт 5.5 м (СП 42.13330.2016, таблица 9.1; 743-ПП п. 3.6.3; 623-ПП п. 4.2.4)
 11
5.4875
 21
54.875
 31
0.0
100
AcDbAttribute
  2
NORMA
 70
0
  0
SEQEND
  5
1132
330
1131
100
AcDbEntity
  8
GREEN_AI_SHRUBS
  0
INSERT
  5
1136
330
17
100
AcDbEntity
  8
GREEN_AI_SHRUBS
100
AcDbBlockReference
 66
1
  2
GREEN_AI_SHRUB
 10
7.625
 20
54.875
 30
0.0
 41
0.75
 42
0.75
 43
0.75
  0
ATTRIB
  5
1138
330
17
100
AcDbEntity
  8
0
 60
1
100
AcDbText
 10
8.4875
 20
54.875
 30
0.0
 40
0.135
  1
S-0767
 11
8.4875
 21
54.875
 31
0.0
100
AcDbAttribute
  2
ID
 70
0
  0
ATTRIB
  5
1139
330
17
100
AcDbEntity
  8
0
 60
1
100
AcDbText
 10
8.4875
 20
54.875
 30
0.0
 40
0.135
  1
Вейгела цветущая
 11
8.4875
 21
54.875
 31
0.0
100
AcDbAttribute
  2
PORODA
 70
0
  0
ATTRIB
  5
113A
330
17
100
AcDbEntity
  8
0
 60
1
100
AcDbText
 10
8.4875
 20
54.875
 30
0.0
 40
0.135
  1
Наружная стена здания и сооружения: норма 1.5 м, факт 2.5 м (СП 42.13330.2016, таблица 9.1; 743-ПП п. 3.6.3; 623-ПП п. 4.2.4)
 11
8.4875
 21
54.875
 31
0.0
100
AcDbAttribute
  2
NORMA
 70
0
  0
SEQEND
  5
1137
330
1136
100
AcDbEntity
  8
GREEN_AI_SHRUBS
  0
INSERT
  5
113B
330
17
100
AcDbEntity
  8
GREEN_AI_SHRUBS
100
AcDbBlockReference
 66
1
  2
GREEN_AI_SHRUB
 10
78.125
 20
55.125
 30
0.0
 41
0.75
 42
0.75
 43
0.75
  0
ATTRIB
  5
113D
330
17
100
AcDbEntity
  8
0
 60
1
100
AcDbText
 10
78.9875
 20
55.125
 30
0.0
 40
0.135
  1
S-0768
 11
78.9875
 21
55.125
 31
0.0
100
AcDbAttribute
  2
ID
 70
0
  0
ATTRIB
  5
113E
330
17
100
AcDbEntity
  8
0
 60
1
100
AcDbText
 10
78.9875
 20
55.125
 30
0.0
 40
0.135
  1
Вейгела цветущая
 11
78.9875
 21
55.125
 31
0.0
100
AcDbAttribute
  2
PORODA
 70
0
  0
ATTRIB
  5
113F
330
17
100
AcDbEntity
  8
0
 60
1
100
AcDbText
 10
78.9875
 20
55.125
 30
0.0
 40
0.135
  1
Канализация: норма 1.0 м, факт 2.0 м (СП 42.13330.2016, таблица 9.1; 743-ПП п. 3.6.3; 623-ПП п. 4.2.4)
 11
78.9875
 21
55.125
 31
0.0
100
AcDbAttribute
  2
NORMA
 70
0
  0
SEQEND
  5
113C
330
113B
100
AcDbEntity
  8
GREEN_AI_SHRUBS
  0
INSERT
  5
1140
330
17
100
AcDbEntity
  8
GREEN_AI_SHRUBS
100
AcDbBlockReference
 66
1
  2
GREEN_AI_SHRUB
 10
47.625
 20
55.625
 30
0.0
 41
0.75
 42
0.75
 43
0.75
  0
ATTRIB
  5
1142
330
17
100
AcDbEntity
  8
0
 60
1
100
AcDbText
 10
48.4875
 20
55.625
 30
0.0
 40
0.135
  1
S-0769
 11
48.4875
 21
55.625
 31
0.0
100
AcDbAttribute
  2
ID
 70
0
  0
ATTRIB
  5
1143
330
17
100
AcDbEntity
  8
0
 60
1
100
AcDbText
 10
48.4875
 20
55.625
 30
0.0
 40
0.135
  1
Вейгела цветущая
 11
48.4875
 21
55.625
 31
0.0
100
AcDbAttribute
  2
PORODA
 70
0
  0
ATTRIB
  5
1144
330
17
100
AcDbEntity
  8
0
 60
1
100
AcDbText
 10
48.4875
 20
55.625
 30
0.0
 40
0.135
  1
Наружная стена здания и сооружения: норма 1.5 м, факт 2.5 м (СП 42.13330.2016, таблица 9.1; 743-ПП п. 3.6.3; 623-ПП п. 4.2.4)
 11
48.4875
 21
55.625
 31
0.0
100
AcDbAttribute
  2
NORMA
 70
0
  0
SEQEND
  5
1141
330
1140
100
AcDbEntity
  8
GREEN_AI_SHRUBS
  0
INSERT
  5
1145
330
17
100
AcDbEntity
  8
GREEN_AI_SHRUBS
100
AcDbBlockReference
 66
1
  2
GREEN_AI_SHRUB
 10
58.125
 20
55.625
 30
0.0
 41
0.75
 42
0.75
 43
0.75
  0
ATTRIB
  5
1147
330
17
100
AcDbEntity
  8
0
 60
1
100
AcDbText
 10
58.9875
 20
55.625
 30
0.0
 40
0.135
  1
S-0770
 11
58.9875
 21
55.625
 31
0.0
100
AcDbAttribute
  2
ID
 70
0
  0
ATTRIB
  5
1148
330
17
100
AcDbEntity
  8
0
 60
1
100
AcDbText
 10
58.9875
 20
55.625
 30
0.0
 40
0.135
  1
Вейгела цветущая
 11
58.9875
 21
55.625
 31
0.0
100
AcDbAttribute
  2
PORODA
 70
0
  0
ATTRIB
  5
1149
330
17
100
AcDbEntity
  8
0
 60
1
100
AcDbText
 10
58.9875
 20
55.625
 30
0.0
 40
0.135
  1
Газопровод: норма 1.0 м, факт 2.0 м (СП 42.13330.2016, таблица 9.1; 743-ПП п. 3.6.3; 623-ПП п. 4.2.4)
 11
58.9875
 21
55.625
 31
0.0
100
AcDbAttribute
  2
NORMA
 70
0
  0
SEQEND
  5
1146
330
1145
100
AcDbEntity
  8
GREEN_AI_SHRUBS
  0
INSERT
  5
114A
330
17
100
AcDbEntity
  8
GREEN_AI_SHRUBS
100
AcDbBlockReference
 66
1
  2
GREEN_AI_SHRUB
 10
6.125
 20
55.875
 30
0.0
 41
0.75
 42
0.75
 43
0.75
  0
ATTRIB
  5
114C
330
17
100
AcDbEntity
  8
0
 60
1
100
AcDbText
 10
6.9875
 20
55.875
 30
0.0
 40
0.135
  1
S-0771
 11
6.9875
 21
55.875
 31
0.0
100
AcDbAttribute
  2
ID
 70
0
  0
ATTRIB
  5
114D
330
17
100
AcDbEntity
  8
0
 60
1
100
AcDbText
 10
6.9875
 20
55.875
 30
0.0
 40
0.135
  1
Вейгела цветущая
 11
6.9875
 21
55.875
 31
0.0
100
AcDbAttribute
  2
PORODA
 70
0
  0
ATTRIB
  5
114E
330
17
100
AcDbEntity
  8
0
 60
1
100
AcDbText
 10
6.9875
 20
55.875
 30
0.0
 40
0.135
  1
Наружная стена здания и сооружения: норма 1.5 м, факт 4.0 м (СП 42.13330.2016, таблица 9.1; 743-ПП п. 3.6.3; 623-ПП п. 4.2.4)
 11
6.9875
 21
55.875
 31
0.0
100
AcDbAttribute
  2
NORMA
 70
0
  0
SEQEND
  5
114B
330
114A
100
AcDbEntity
  8
GREEN_AI_SHRUBS
  0
INSERT
  5
114F
330
17
100
AcDbEntity
  8
GREEN_AI_SHRUBS
100
AcDbBlockReference
 66
1
  2
GREEN_AI_SHRUB
 10
49.375
 20
56.125
 30
0.0
 41
0.75
 42
0.75
 43
0.75
  0
ATTRIB
  5
1151
330
17
100
AcDbEntity
  8
0
 60
1
100
AcDbText
 10
50.2375
 20
56.125
 30
0.0
 40
0.135
  1
S-0772
 11
50.2375
 21
56.125
 31
0.0
100
AcDbAttribute
  2
ID
 70
0
  0
ATTRIB
  5
1152
330
17
100
AcDbEntity
  8
0
 60
1
100
AcDbText
 10
50.2375
 20
56.125
 30
0.0
 40
0.135
  1
Вейгела цветущая
 11
50.2375
 21
56.125
 31
0.0
100
AcDbAttribute
  2
PORODA
 70
0
  0
ATTRIB
  5
1153
330
17
100
AcDbEntity
  8
0
 60
1
100
AcDbText
 10
50.2375
 20
56.125
 30
0.0
 40
0.135
  1
Наружная стена здания и сооружения: норма 1.5 м, факт 4.25 м (СП 42.13330.2016, таблица 9.1; 743-ПП п. 3.6.3; 623-ПП п. 4.2.4)
 11
50.2375
 21
56.125
 31
0.0
100
AcDbAttribute
  2
NORMA
 70
0
  0
SEQEND
  5
1150
330
114F
100
AcDbEntity
  8
GREEN_AI_SHRUBS
  0
INSERT
  5
1154
330
17
100
AcDbEntity
  8
GREEN_AI_SHRUBS
100
AcDbBlockReference
 66
1
  2
GREEN_AI_SHRUB
 10
82.125
 20
56.125
 30
0.0
 41
0.75
 42
0.75
 43
0.75
  0
ATTRIB
  5
1156
330
17
100
AcDbEntity
  8
0
 60
1
100
AcDbText
 10
82.9875
 20
56.125
 30
0.0
 40
0.135
  1
S-0773
 11
82.9875
 21
56.125
 31
0.0
100
AcDbAttribute
  2
ID
 70
0
  0
ATTRIB
  5
1157
330
17
100
AcDbEntity
  8
0
 60
1
100
AcDbText
 10
82.9875
 20
56.125
 30
0.0
 40
0.135
  1
Вейгела цветущая
 11
82.9875
 21
56.125
 31
0.0
100
AcDbAttribute
  2
PORODA
 70
0
  0
ATTRIB
  5
1158
330
17
100
AcDbEntity
  8
0
 60
1
100
AcDbText
 10
82.9875
 20
56.125
 30
0.0
 40
0.135
  1
Канализация: норма 1.0 м, факт 2.0 м (СП 42.13330.2016, таблица 9.1; 743-ПП п. 3.6.3; 623-ПП п. 4.2.4)
 11
82.9875
 21
56.125
 31
0.0
100
AcDbAttribute
  2
NORMA
 70
0
  0
SEQEND
  5
1155
330
1154
100
AcDbEntity
  8
GREEN_AI_SHRUBS
  0
INSERT
  5
1159
330
17
100
AcDbEntity
  8
GREEN_AI_SHRUBS
100
AcDbBlockReference
 66
1
  2
GREEN_AI_SHRUB
 10
62.125
 20
56.625
 30
0.0
 41
0.75
 42
0.75
 43
0.75
  0
ATTRIB
  5
115B
330
17
100
AcDbEntity
  8
0
 60
1
100
AcDbText
 10
62.9875
 20
56.625
 30
0.0
 40
0.135
  1
S-0774
 11
62.9875
 21
56.625
 31
0.0
100
AcDbAttribute
  2
ID
 70
0
  0
ATTRIB
  5
115C
330
17
100
AcDbEntity
  8
0
 60
1
100
AcDbText
 10
62.9875
 20
56.625
 30
0.0
 40
0.135
  1
Вейгела цветущая
 11
62.9875
 21
56.625
 31
0.0
100
AcDbAttribute
  2
PORODA
 70
0
  0
ATTRIB
  5
115D
330
17
100
AcDbEntity
  8
0
 60
1
100
AcDbText
 10
62.9875
 20
56.625
 30
0.0
 40
0.135
  1
Газопровод: норма 1.0 м, факт 2.0 м (СП 42.13330.2016, таблица 9.1; 743-ПП п. 3.6.3; 623-ПП п. 4.2.4)
 11
62.9875
 21
56.625
 31
0.0
100
AcDbAttribute
  2
NORMA
 70
0
  0
SEQEND
  5
115A
330
1159
100
AcDbEntity
  8
GREEN_AI_SHRUBS
  0
INSERT
  5
115E
330
17
100
AcDbEntity
  8
GREEN_AI_SHRUBS
100
AcDbBlockReference
 66
1
  2
GREEN_AI_SHRUB
 10
7.625
 20
56.875
 30
0.0
 41
0.75
 42
0.75
 43
0.75
  0
ATTRIB
  5
1160
330
17
100
AcDbEntity
  8
0
 60
1
100
AcDbText
 10
8.4875
 20
56.875
 30
0.0
 40
0.135
  1
S-0775
 11
8.4875
 21
56.875
 31
0.0
100
AcDbAttribute
  2
ID
 70
0
  0
ATTRIB
  5
1161
330
17
100
AcDbEntity
  8
0
 60
1
100
AcDbText
 10
8.4875
 20
56.875
 30
0.0
 40
0.135
  1
Вейгела цветущая
 11
8.4875
 21
56.875
 31
0.0
100
AcDbAttribute
  2
PORODA
 70
0
  0
ATTRIB
  5
1162
330
17
100
AcDbEntity
  8
0
 60
1
100
AcDbText
 10
8.4875
 20
56.875
 30
0.0
 40
0.135
  1
Наружная стена здания и сооружения: норма 1.5 м, факт 2.61 м (СП 42.13330.2016, таблица 9.1; 743-ПП п. 3.6.3; 623-ПП п. 4.2.4)
 11
8.4875
 21
56.875
 31
0.0
100
AcDbAttribute
  2
NORMA
 70
0
  0
SEQEND
  5
115F
330
115E
100
AcDbEntity
  8
GREEN_AI_SHRUBS
  0
INSERT
  5
1163
330
17
100
AcDbEntity
  8
GREEN_AI_SHRUBS
100
AcDbBlockReference
 66
1
  2
GREEN_AI_SHRUB
 10
78.125
 20
57.125
 30
0.0
 41
0.75
 42
0.75
 43
0.75
  0
ATTRIB
  5
1165
330
17
100
AcDbEntity
  8
0
 60
1
100
AcDbText
 10
78.9875
 20
57.125
 30
0.0
 40
0.135
  1
S-0776
 11
78.9875
 21
57.125
 31
0.0
100
AcDbAttribute
  2
ID
 70
0
  0
ATTRIB
  5
1166
330
17
100
AcDbEntity
  8
0
 60
1
100
AcDbText
 10
78.9875
 20
57.125
 30
0.0
 40
0.135
  1
Вейгела цветущая
 11
78.9875
 21
57.125
 31
0.0
100
AcDbAttribute
  2
PORODA
 70
0
  0
ATTRIB
  5
1167
330
17
100
AcDbEntity
  8
0
 60
1
100
AcDbText
 10
78.9875
 20
57.125
 30
0.0
 40
0.135
  1
Канализация: норма 1.0 м, факт 2.0 м (СП 42.13330.2016, таблица 9.1; 743-ПП п. 3.6.3; 623-ПП п. 4.2.4)
 11
78.9875
 21
57.125
 31
0.0
100
AcDbAttribute
  2
NORMA
 70
0
  0
SEQEND
  5
1164
330
1163
100
AcDbEntity
  8
GREEN_AI_SHRUBS
  0
INSERT
  5
1168
330
17
100
AcDbEntity
  8
GREEN_AI_SHRUBS
100
AcDbBlockReference
 66
1
  2
GREEN_AI_SHRUB
 10
4.875
 20
57.375
 30
0.0
 41
0.75
 42
0.75
 43
0.75
  0
ATTRIB
  5
116A
330
17
100
AcDbEntity
  8
0
 60
1
100
AcDbText
 10
5.7375
 20
57.375
 30
0.0
 40
0.135
  1
S-0777
 11
5.7375
 21
57.375
 31
0.0
100
AcDbAttribute
  2
ID
 70
0
  0
ATTRIB
  5
116B
330
17
100
AcDbEntity
  8
0
 60
1
100
AcDbText
 10
5.7375
 20
57.375
 30
0.0
 40
0.135
  1
Вейгела цветущая
 11
5.7375
 21
57.375
 31
0.0
100
AcDbAttribute
  2
PORODA
 70
0
  0
ATTRIB
  5
116C
330
17
100
AcDbEntity
  8
0
 60
1
100
AcDbText
 10
5.7375
 20
57.375
 30
0.0
 40
0.135
  1
Наружная стена здания и сооружения: норма 1.5 м, факт 5.4 м (СП 42.13330.2016, таблица 9.1; 743-ПП п. 3.6.3; 623-ПП п. 4.2.4)
 11
5.7375
 21
57.375
 31
0.0
100
AcDbAttribute
  2
NORMA
 70
0
  0
SEQEND
  5
1169
330
1168
100
AcDbEntity
  8
GREEN_AI_SHRUBS
  0
INSERT
  5
116D
330
17
100
AcDbEntity
  8
GREEN_AI_SHRUBS
100
AcDbBlockReference
 66
1
  2
GREEN_AI_SHRUB
 10
47.125
 20
57.375
 30
0.0
 41
0.75
 42
0.75
 43
0.75
  0
ATTRIB
  5
116F
330
17
100
AcDbEntity
  8
0
 60
1
100
AcDbText
 10
47.9875
 20
57.375
 30
0.0
 40
0.135
  1
S-0778
 11
47.9875
 21
57.375
 31
0.0
100
AcDbAttribute
  2
ID
 70
0
  0
ATTRIB
  5
1170
330
17
100
AcDbEntity
  8
0
 60
1
100
AcDbText
 10
47.9875
 20
57.375
 30
0.0
 40
0.135
  1
Вейгела цветущая
 11
47.9875
 21
57.375
 31
0.0
100
AcDbAttribute
  2
PORODA
 70
0
  0
ATTRIB
  5
1171
330
17
100
AcDbEntity
  8
0
 60
1
100
AcDbText
 10
47.9875
 20
57.375
 30
0.0
 40
0.135
  1
Наружная стена здания и сооружения: норма 1.5 м, факт 2.36 м (СП 42.13330.2016, таблица 9.1; 743-ПП п. 3.6.3; 623-ПП п. 4.2.4)
 11
47.9875
 21
57.375
 31
0.0
100
AcDbAttribute
  2
NORMA
 70
0
  0
SEQEND
  5
116E
330
116D
100
AcDbEntity
  8
GREEN_AI_SHRUBS
  0
INSERT
  5
1172
330
17
100
AcDbEntity
  8
GREEN_AI_SHRUBS
100
AcDbBlockReference
 66
1
  2
GREEN_AI_SHRUB
 10
50.375
 20
57.625
 30
0.0
 41
0.75
 42
0.75
 43
0.75
  0
ATTRIB
  5
1174
330
17
100
AcDbEntity
  8
0
 60
1
100
AcDbText
 10
51.2375
 20
57.625
 30
0.0
 40
0.135
  1
S-0779
 11
51.2375
 21
57.625
 31
0.0
100
AcDbAttribute
  2
ID
 70
0
  0
ATTRIB
  5
1175
330
17
100
AcDbEntity
  8
0
 60
1
100
AcDbText
 10
51.2375
 20
57.625
 30
0.0
 40
0.135
  1
Вейгела цветущая
 11
51.2375
 21
57.625
 31
0.0
100
AcDbAttribute
  2
PORODA
 70
0
  0
ATTRIB
  5
1176
330
17
100
AcDbEntity
  8
0
 60
1
100
AcDbText
 10
51.2375
 20
57.625
 30
0.0
 40
0.135
  1
Наружная стена здания и сооружения: норма 1.5 м, факт 5.46 м (СП 42.13330.2016, таблица 9.1; 743-ПП п. 3.6.3; 623-ПП п. 4.2.4)
 11
51.2375
 21
57.625
 31
0.0
100
AcDbAttribute
  2
NORMA
 70
0
  0
SEQEND
  5
1173
330
1172
100
AcDbEntity
  8
GREEN_AI_SHRUBS
  0
INSERT
  5
1177
330
17
100
AcDbEntity
  8
GREEN_AI_SHRUBS
100
AcDbBlockReference
 66
1
  2
GREEN_AI_SHRUB
 10
58.125
 20
57.625
 30
0.0
 41
0.75
 42
0.75
 43
0.75
  0
ATTRIB
  5
1179
330
17
100
AcDbEntity
  8
0
 60
1
100
AcDbText
 10
58.9875
 20
57.625
 30
0.0
 40
0.135
  1
S-0780
 11
58.9875
 21
57.625
 31
0.0
100
AcDbAttribute
  2
ID
 70
0
  0
ATTRIB
  5
117A
330
17
100
AcDbEntity
  8
0
 60
1
100
AcDbText
 10
58.9875
 20
57.625
 30
0.0
 40
0.135
  1
Вейгела цветущая
 11
58.9875
 21
57.625
 31
0.0
100
AcDbAttribute
  2
PORODA
 70
0
  0
ATTRIB
  5
117B
330
17
100
AcDbEntity
  8
0
 60
1
100
AcDbText
 10
58.9875
 20
57.625
 30
0.0
 40
0.135
  1
Газопровод: норма 1.0 м, факт 2.0 м (СП 42.13330.2016, таблица 9.1; 743-ПП п. 3.6.3; 623-ПП п. 4.2.4)
 11
58.9875
 21
57.625
 31
0.0
100
AcDbAttribute
  2
NORMA
 70
0
  0
SEQEND
  5
1178
330
1177
100
AcDbEntity
  8
GREEN_AI_SHRUBS
  0
INSERT
  5
117C
330
17
100
AcDbEntity
  8
GREEN_AI_SHRUBS
100
AcDbBlockReference
 66
1
  2
GREEN_AI_SHRUB
 10
82.125
 20
58.125
 30
0.0
 41
0.75
 42
0.75
 43
0.75
  0
ATTRIB
  5
117E
330
17
100
AcDbEntity
  8
0
 60
1
100
AcDbText
 10
82.9875
 20
58.125
 30
0.0
 40
0.135
  1
S-0781
 11
82.9875
 21
58.125
 31
0.0
100
AcDbAttribute
  2
ID
 70
0
  0
ATTRIB
  5
117F
330
17
100
AcDbEntity
  8
0
 60
1
100
AcDbText
 10
82.9875
 20
58.125
 30
0.0
 40
0.135
  1
Вейгела цветущая
 11
82.9875
 21
58.125
 31
0.0
100
AcDbAttribute
  2
PORODA
 70
0
  0
ATTRIB
  5
1180
330
17
100
AcDbEntity
  8
0
 60
1
100
AcDbText
 10
82.9875
 20
58.125
 30
0.0
 40
0.135
  1
Канализация: норма 1.0 м, факт 2.0 м (СП 42.13330.2016, таблица 9.1; 743-ПП п. 3.6.3; 623-ПП п. 4.2.4)
 11
82.9875
 21
58.125
 31
0.0
100
AcDbAttribute
  2
NORMA
 70
0
  0
SEQEND
  5
117D
330
117C
100
AcDbEntity
  8
GREEN_AI_SHRUBS
  0
INSERT
  5
1181
330
17
100
AcDbEntity
  8
GREEN_AI_SHRUBS
100
AcDbBlockReference
 66
1
  2
GREEN_AI_SHRUB
 10
6.375
 20
58.375
 30
0.0
 41
0.75
 42
0.75
 43
0.75
  0
ATTRIB
  5
1183
330
17
100
AcDbEntity
  8
0
 60
1
100
AcDbText
 10
7.2375
 20
58.375
 30
0.0
 40
0.135
  1
S-0782
 11
7.2375
 21
58.375
 31
0.0
100
AcDbAttribute
  2
ID
 70
0
  0
ATTRIB
  5
1184
330
17
100
AcDbEntity
  8
0
 60
1
100
AcDbText
 10
7.2375
 20
58.375
 30
0.0
 40
0.135
  1
Вейгела цветущая
 11
7.2375
 21
58.375
 31
0.0
100
AcDbAttribute
  2
PORODA
 70
0
  0
ATTRIB
  5
1185
330
17
100
AcDbEntity
  8
0
 60
1
100
AcDbText
 10
7.2375
 20
58.375
 30
0.0
 40
0.135
  1
Наружная стена здания и сооружения: норма 1.5 м, факт 4.37 м (СП 42.13330.2016, таблица 9.1; 743-ПП п. 3.6.3; 623-ПП п. 4.2.4)
 11
7.2375
 21
58.375
 31
0.0
100
AcDbAttribute
  2
NORMA
 70
0
  0
SEQEND
  5
1182
330
1181
100
AcDbEntity
  8
GREEN_AI_SHRUBS
  0
INSERT
  5
1186
330
17
100
AcDbEntity
  8
GREEN_AI_SHRUBS
100
AcDbBlockReference
 66
1
  2
GREEN_AI_SHRUB
 10
8.625
 20
58.375
 30
0.0
 41
0.75
 42
0.75
 43
0.75
  0
ATTRIB
  5
1188
330
17
100
AcDbEntity
  8
0
 60
1
100
AcDbText
 10
9.4875
 20
58.375
 30
0.0
 40
0.135
  1
S-0783
 11
9.4875
 21
58.375
 31
0.0
100
AcDbAttribute
  2
ID
 70
0
  0
ATTRIB
  5
1189
330
17
100
AcDbEntity
  8
0
 60
1
100
AcDbText
 10
9.4875
 20
58.375
 30
0.0
 40
0.135
  1
Вейгела цветущая
 11
9.4875
 21
58.375
 31
0.0
100
AcDbAttribute
  2
PORODA
 70
0
  0
ATTRIB
  5
118A
330
17
100
AcDbEntity
  8
0
 60
1
100
AcDbText
 10
9.4875
 20
58.375
 30
0.0
 40
0.135
  1
Наружная стена здания и сооружения: норма 1.5 м, факт 2.7 м (СП 42.13330.2016, таблица 9.1; 743-ПП п. 3.6.3; 623-ПП п. 4.2.4)
 11
9.4875
 21
58.375
 31
0.0
100
AcDbAttribute
  2
NORMA
 70
0
  0
SEQEND
  5
1187
330
1186
100
AcDbEntity
  8
GREEN_AI_SHRUBS
  0
INSERT
  5
118B
330
17
100
AcDbEntity
  8
GREEN_AI_SHRUBS
100
AcDbBlockReference
 66
1
  2
GREEN_AI_SHRUB
 10
48.625
 20
58.375
 30
0.0
 41
0.75
 42
0.75
 43
0.75
  0
ATTRIB
  5
118D
330
17
100
AcDbEntity
  8
0
 60
1
100
AcDbText
 10
49.4875
 20
58.375
 30
0.0
 40
0.135
  1
S-0784
 11
49.4875
 21
58.375
 31
0.0
100
AcDbAttribute
  2
ID
 70
0
  0
ATTRIB
  5
118E
330
17
100
AcDbEntity
  8
0
 60
1
100
AcDbText
 10
49.4875
 20
58.375
 30
0.0
 40
0.135
  1
Вейгела цветущая
 11
49.4875
 21
58.375
 31
0.0
100
AcDbAttribute
  2
PORODA
 70
0
  0
ATTRIB
  5
118F
330
17
100
AcDbEntity
  8
0
 60
1
100
AcDbText
 10
49.4875
 20
58.375
 30
0.0
 40
0.135
  1
Наружная стена здания и сооружения: норма 1.5 м, факт 4.16 м (СП 42.13330.2016, таблица 9.1; 743-ПП п. 3.6.3; 623-ПП п. 4.2.4)
 11
49.4875
 21
58.375
 31
0.0
100
AcDbAttribute
  2
NORMA
 70
0
  0
SEQEND
  5
118C
330
118B
100
AcDbEntity
  8
GREEN_AI_SHRUBS
  0
INSERT
  5
1190
330
17
100
AcDbEntity
  8
GREEN_AI_SHRUBS
100
AcDbBlockReference
 66
1
  2
GREEN_AI_SHRUB
 10
10.625
 20
58.625
 30
0.0
 41
0.75
 42
0.75
 43
0.75
  0
ATTRIB
  5
1192
330
17
100
AcDbEntity
  8
0
 60
1
100
AcDbText
 10
11.4875
 20
58.625
 30
0.0
 40
0.135
  1
S-0785
 11
11.4875
 21
58.625
 31
0.0
100
AcDbAttribute
  2
ID
 70
0
  0
ATTRIB
  5
1193
330
17
100
AcDbEntity
  8
0
 60
1
100
AcDbText
 10
11.4875
 20
58.625
 30
0.0
 40
0.135
  1
Вейгела цветущая
 11
11.4875
 21
58.625
 31
0.0
100
AcDbAttribute
  2
PORODA
 70
0
  0
ATTRIB
  5
1194
330
17
100
AcDbEntity
  8
0
 60
1
100
AcDbText
 10
11.4875
 20
58.625
 30
0.0
 40
0.135
  1
Наружная стена здания и сооружения: норма 1.5 м, факт 2.5 м (СП 42.13330.2016, таблица 9.1; 743-ПП п. 3.6.3; 623-ПП п. 4.2.4)
 11
11.4875
 21
58.625
 31
0.0
100
AcDbAttribute
  2
NORMA
 70
0
  0
SEQEND
  5
1191
330
1190
100
AcDbEntity
  8
GREEN_AI_SHRUBS
  0
INSERT
  5
1195
330
17
100
AcDbEntity
  8
GREEN_AI_SHRUBS
100
AcDbBlockReference
 66
1
  2
GREEN_AI_SHRUB
 10
12.625
 20
58.625
 30
0.0
 41
0.75
 42
0.75
 43
0.75
  0
ATTRIB
  5
1197
330
17
100
AcDbEntity
  8
0
 60
1
100
AcDbText
 10
13.4875
 20
58.625
 30
0.0
 40
0.135
  1
S-0786
 11
13.4875
 21
58.625
 31
0.0
100
AcDbAttribute
  2
ID
 70
0
  0
ATTRIB
  5
1198
330
17
100
AcDbEntity
  8
0
 60
1
100
AcDbText
 10
13.4875
 20
58.625
 30
0.0
 40
0.135
  1
Вейгела цветущая
 11
13.4875
 21
58.625
 31
0.0
100
AcDbAttribute
  2
PORODA
 70
0
  0
ATTRIB
  5
1199
330
17
100
AcDbEntity
  8
0
 60
1
100
AcDbText
 10
13.4875
 20
58.625
 30
0.0
 40
0.135
  1
Наружная стена здания и сооружения: норма 1.5 м, факт 2.5 м (СП 42.13330.2016, таблица 9.1; 743-ПП п. 3.6.3; 623-ПП п. 4.2.4)
 11
13.4875
 21
58.625
 31
0.0
100
AcDbAttribute
  2
NORMA
 70
0
  0
SEQEND
  5
1196
330
1195
100
AcDbEntity
  8
GREEN_AI_SHRUBS
  0
INSERT
  5
119A
330
17
100
AcDbEntity
  8
GREEN_AI_SHRUBS
100
AcDbBlockReference
 66
1
  2
GREEN_AI_SHRUB
 10
14.625
 20
58.625
 30
0.0
 41
0.75
 42
0.75
 43
0.75
  0
ATTRIB
  5
119C
330
17
100
AcDbEntity
  8
0
 60
1
100
AcDbText
 10
15.4875
 20
58.625
 30
0.0
 40
0.135
  1
S-0787
 11
15.4875
 21
58.625
 31
0.0
100
AcDbAttribute
  2
ID
 70
0
  0
ATTRIB
  5
119D
330
17
100
AcDbEntity
  8
0
 60
1
100
AcDbText
 10
15.4875
 20
58.625
 30
0.0
 40
0.135
  1
Вейгела цветущая
 11
15.4875
 21
58.625
 31
0.0
100
AcDbAttribute
  2
PORODA
 70
0
  0
ATTRIB
  5
119E
330
17
100
AcDbEntity
  8
0
 60
1
100
AcDbText
 10
15.4875
 20
58.625
 30
0.0
 40
0.135
  1
Наружная стена здания и сооружения: норма 1.5 м, факт 2.5 м (СП 42.13330.2016, таблица 9.1; 743-ПП п. 3.6.3; 623-ПП п. 4.2.4)
 11
15.4875
 21
58.625
 31
0.0
100
AcDbAttribute
  2
NORMA
 70
0
  0
SEQEND
  5
119B
330
119A
100
AcDbEntity
  8
GREEN_AI_SHRUBS
  0
INSERT
  5
119F
330
17
100
AcDbEntity
  8
GREEN_AI_SHRUBS
100
AcDbBlockReference
 66
1
  2
GREEN_AI_SHRUB
 10
16.625
 20
58.625
 30
0.0
 41
0.75
 42
0.75
 43
0.75
  0
ATTRIB
  5
11A1
330
17
100
AcDbEntity
  8
0
 60
1
100
AcDbText
 10
17.4875
 20
58.625
 30
0.0
 40
0.135
  1
S-0788
 11
17.4875
 21
58.625
 31
0.0
100
AcDbAttribute
  2
ID
 70
0
  0
ATTRIB
  5
11A2
330
17
100
AcDbEntity
  8
0
 60
1
100
AcDbText
 10
17.4875
 20
58.625
 30
0.0
 40
0.135
  1
Вейгела цветущая
 11
17.4875
 21
58.625
 31
0.0
100
AcDbAttribute
  2
PORODA
 70
0
  0
ATTRIB
  5
11A3
330
17
100
AcDbEntity
  8
0
 60
1
100
AcDbText
 10
17.4875
 20
58.625
 30
0.0
 40
0.135
  1
Наружная стена здания и сооружения: норма 1.5 м, факт 2.5 м (СП 42.13330.2016, таблица 9.1; 743-ПП п. 3.6.3; 623-ПП п. 4.2.4)
 11
17.4875
 21
58.625
 31
0.0
100
AcDbAttribute
  2
NORMA
 70
0
  0
SEQEND
  5
11A0
330
119F
100
AcDbEntity
  8
GREEN_AI_SHRUBS
  0
INSERT
  5
11A4
330
17
100
AcDbEntity
  8
GREEN_AI_SHRUBS
100
AcDbBlockReference
 66
1
  2
GREEN_AI_SHRUB
 10
18.625
 20
58.625
 30
0.0
 41
0.75
 42
0.75
 43
0.75
  0
ATTRIB
  5
11A6
330
17
100
AcDbEntity
  8
0
 60
1
100
AcDbText
 10
19.4875
 20
58.625
 30
0.0
 40
0.135
  1
S-0789
 11
19.4875
 21
58.625
 31
0.0
100
AcDbAttribute
  2
ID
 70
0
  0
ATTRIB
  5
11A7
330
17
100
AcDbEntity
  8
0
 60
1
100
AcDbText
 10
19.4875
 20
58.625
 30
0.0
 40
0.135
  1
Вейгела цветущая
 11
19.4875
 21
58.625
 31
0.0
100
AcDbAttribute
  2
PORODA
 70
0
  0
ATTRIB
  5
11A8
330
17
100
AcDbEntity
  8
0
 60
1
100
AcDbText
 10
19.4875
 20
58.625
 30
0.0
 40
0.135
  1
Наружная стена здания и сооружения: норма 1.5 м, факт 2.5 м (СП 42.13330.2016, таблица 9.1; 743-ПП п. 3.6.3; 623-ПП п. 4.2.4)
 11
19.4875
 21
58.625
 31
0.0
100
AcDbAttribute
  2
NORMA
 70
0
  0
SEQEND
  5
11A5
330
11A4
100
AcDbEntity
  8
GREEN_AI_SHRUBS
  0
INSERT
  5
11A9
330
17
100
AcDbEntity
  8
GREEN_AI_SHRUBS
100
AcDbBlockReference
 66
1
  2
GREEN_AI_SHRUB
 10
20.625
 20
58.625
 30
0.0
 41
0.75
 42
0.75
 43
0.75
  0
ATTRIB
  5
11AB
330
17
100
AcDbEntity
  8
0
 60
1
100
AcDbText
 10
21.4875
 20
58.625
 30
0.0
 40
0.135
  1
S-0790
 11
21.4875
 21
58.625
 31
0.0
100
AcDbAttribute
  2
ID
 70
0
  0
ATTRIB
  5
11AC
330
17
100
AcDbEntity
  8
0
 60
1
100
AcDbText
 10
21.4875
 20
58.625
 30
0.0
 40
0.135
  1
Вейгела цветущая
 11
21.4875
 21
58.625
 31
0.0
100
AcDbAttribute
  2
PORODA
 70
0
  0
ATTRIB
  5
11AD
330
17
100
AcDbEntity
  8
0
 60
1
100
AcDbText
 10
21.4875
 20
58.625
 30
0.0
 40
0.135
  1
Наружная стена здания и сооружения: норма 1.5 м, факт 2.5 м (СП 42.13330.2016, таблица 9.1; 743-ПП п. 3.6.3; 623-ПП п. 4.2.4)
 11
21.4875
 21
58.625
 31
0.0
100
AcDbAttribute
  2
NORMA
 70
0
  0
SEQEND
  5
11AA
330
11A9
100
AcDbEntity
  8
GREEN_AI_SHRUBS
  0
INSERT
  5
11AE
330
17
100
AcDbEntity
  8
GREEN_AI_SHRUBS
100
AcDbBlockReference
 66
1
  2
GREEN_AI_SHRUB
 10
22.625
 20
58.625
 30
0.0
 41
0.75
 42
0.75
 43
0.75
  0
ATTRIB
  5
11B0
330
17
100
AcDbEntity
  8
0
 60
1
100
AcDbText
 10
23.4875
 20
58.625
 30
0.0
 40
0.135
  1
S-0791
 11
23.4875
 21
58.625
 31
0.0
100
AcDbAttribute
  2
ID
 70
0
  0
ATTRIB
  5
11B1
330
17
100
AcDbEntity
  8
0
 60
1
100
AcDbText
 10
23.4875
 20
58.625
 30
0.0
 40
0.135
  1
Вейгела цветущая
 11
23.4875
 21
58.625
 31
0.0
100
AcDbAttribute
  2
PORODA
 70
0
  0
ATTRIB
  5
11B2
330
17
100
AcDbEntity
  8
0
 60
1
100
AcDbText
 10
23.4875
 20
58.625
 30
0.0
 40
0.135
  1
Наружная стена здания и сооружения: норма 1.5 м, факт 2.5 м (СП 42.13330.2016, таблица 9.1; 743-ПП п. 3.6.3; 623-ПП п. 4.2.4)
 11
23.4875
 21
58.625
 31
0.0
100
AcDbAttribute
  2
NORMA
 70
0
  0
SEQEND
  5
11AF
330
11AE
100
AcDbEntity
  8
GREEN_AI_SHRUBS
  0
INSERT
  5
11B3
330
17
100
AcDbEntity
  8
GREEN_AI_SHRUBS
100
AcDbBlockReference
 66
1
  2
GREEN_AI_SHRUB
 10
24.625
 20
58.625
 30
0.0
 41
0.75
 42
0.75
 43
0.75
  0
ATTRIB
  5
11B5
330
17
100
AcDbEntity
  8
0
 60
1
100
AcDbText
 10
25.4875
 20
58.625
 30
0.0
 40
0.135
  1
S-0792
 11
25.4875
 21
58.625
 31
0.0
100
AcDbAttribute
  2
ID
 70
0
  0
ATTRIB
  5
11B6
330
17
100
AcDbEntity
  8
0
 60
1
100
AcDbText
 10
25.4875
 20
58.625
 30
0.0
 40
0.135
  1
Вейгела цветущая
 11
25.4875
 21
58.625
 31
0.0
100
AcDbAttribute
  2
PORODA
 70
0
  0
ATTRIB
  5
11B7
330
17
100
AcDbEntity
  8
0
 60
1
100
AcDbText
 10
25.4875
 20
58.625
 30
0.0
 40
0.135
  1
Наружная стена здания и сооружения: норма 1.5 м, факт 2.5 м (СП 42.13330.2016, таблица 9.1; 743-ПП п. 3.6.3; 623-ПП п. 4.2.4)
 11
25.4875
 21
58.625
 31
0.0
100
AcDbAttribute
  2
NORMA
 70
0
  0
SEQEND
  5
11B4
330
11B3
100
AcDbEntity
  8
GREEN_AI_SHRUBS
  0
INSERT
  5
11B8
330
17
100
AcDbEntity
  8
GREEN_AI_SHRUBS
100
AcDbBlockReference
 66
1
  2
GREEN_AI_SHRUB
 10
26.625
 20
58.625
 30
0.0
 41
0.75
 42
0.75
 43
0.75
  0
ATTRIB
  5
11BA
330
17
100
AcDbEntity
  8
0
 60
1
100
AcDbText
 10
27.4875
 20
58.625
 30
0.0
 40
0.135
  1
S-0793
 11
27.4875
 21
58.625
 31
0.0
100
AcDbAttribute
  2
ID
 70
0
  0
ATTRIB
  5
11BB
330
17
100
AcDbEntity
  8
0
 60
1
100
AcDbText
 10
27.4875
 20
58.625
 30
0.0
 40
0.135
  1
Вейгела цветущая
 11
27.4875
 21
58.625
 31
0.0
100
AcDbAttribute
  2
PORODA
 70
0
  0
ATTRIB
  5
11BC
330
17
100
AcDbEntity
  8
0
 60
1
100
AcDbText
 10
27.4875
 20
58.625
 30
0.0
 40
0.135
  1
Наружная стена здания и сооружения: норма 1.5 м, факт 2.5 м (СП 42.13330.2016, таблица 9.1; 743-ПП п. 3.6.3; 623-ПП п. 4.2.4)
 11
27.4875
 21
58.625
 31
0.0
100
AcDbAttribute
  2
NORMA
 70
0
  0
SEQEND
  5
11B9
330
11B8
100
AcDbEntity
  8
GREEN_AI_SHRUBS
  0
INSERT
  5
11BD
330
17
100
AcDbEntity
  8
GREEN_AI_SHRUBS
100
AcDbBlockReference
 66
1
  2
GREEN_AI_SHRUB
 10
28.625
 20
58.625
 30
0.0
 41
0.75
 42
0.75
 43
0.75
  0
ATTRIB
  5
11BF
330
17
100
AcDbEntity
  8
0
 60
1
100
AcDbText
 10
29.4875
 20
58.625
 30
0.0
 40
0.135
  1
S-0794
 11
29.4875
 21
58.625
 31
0.0
100
AcDbAttribute
  2
ID
 70
0
  0
ATTRIB
  5
11C0
330
17
100
AcDbEntity
  8
0
 60
1
100
AcDbText
 10
29.4875
 20
58.625
 30
0.0
 40
0.135
  1
Вейгела цветущая
 11
29.4875
 21
58.625
 31
0.0
100
AcDbAttribute
  2
PORODA
 70
0
  0
ATTRIB
  5
11C1
330
17
100
AcDbEntity
  8
0
 60
1
100
AcDbText
 10
29.4875
 20
58.625
 30
0.0
 40
0.135
  1
Наружная стена здания и сооружения: норма 1.5 м, факт 2.5 м (СП 42.13330.2016, таблица 9.1; 743-ПП п. 3.6.3; 623-ПП п. 4.2.4)
 11
29.4875
 21
58.625
 31
0.0
100
AcDbAttribute
  2
NORMA
 70
0
  0
SEQEND
  5
11BE
330
11BD
100
AcDbEntity
  8
GREEN_AI_SHRUBS
  0
INSERT
  5
11C2
330
17
100
AcDbEntity
  8
GREEN_AI_SHRUBS
100
AcDbBlockReference
 66
1
  2
GREEN_AI_SHRUB
 10
30.625
 20
58.625
 30
0.0
 41
0.75
 42
0.75
 43
0.75
  0
ATTRIB
  5
11C4
330
17
100
AcDbEntity
  8
0
 60
1
100
AcDbText
 10
31.4875
 20
58.625
 30
0.0
 40
0.135
  1
S-0795
 11
31.4875
 21
58.625
 31
0.0
100
AcDbAttribute
  2
ID
 70
0
  0
ATTRIB
  5
11C5
330
17
100
AcDbEntity
  8
0
 60
1
100
AcDbText
 10
31.4875
 20
58.625
 30
0.0
 40
0.135
  1
Вейгела цветущая
 11
31.4875
 21
58.625
 31
0.0
100
AcDbAttribute
  2
PORODA
 70
0
  0
ATTRIB
  5
11C6
330
17
100
AcDbEntity
  8
0
 60
1
100
AcDbText
 10
31.4875
 20
58.625
 30
0.0
 40
0.135
  1
Наружная стена здания и сооружения: норма 1.5 м, факт 2.5 м (СП 42.13330.2016, таблица 9.1; 743-ПП п. 3.6.3; 623-ПП п. 4.2.4)
 11
31.4875
 21
58.625
 31
0.0
100
AcDbAttribute
  2
NORMA
 70
0
  0
SEQEND
  5
11C3
330
11C2
100
AcDbEntity
  8
GREEN_AI_SHRUBS
  0
INSERT
  5
11C7
330
17
100
AcDbEntity
  8
GREEN_AI_SHRUBS
100
AcDbBlockReference
 66
1
  2
GREEN_AI_SHRUB
 10
32.625
 20
58.625
 30
0.0
 41
0.75
 42
0.75
 43
0.75
  0
ATTRIB
  5
11C9
330
17
100
AcDbEntity
  8
0
 60
1
100
AcDbText
 10
33.4875
 20
58.625
 30
0.0
 40
0.135
  1
S-0796
 11
33.4875
 21
58.625
 31
0.0
100
AcDbAttribute
  2
ID
 70
0
  0
ATTRIB
  5
11CA
330
17
100
AcDbEntity
  8
0
 60
1
100
AcDbText
 10
33.4875
 20
58.625
 30
0.0
 40
0.135
  1
Вейгела цветущая
 11
33.4875
 21
58.625
 31
0.0
100
AcDbAttribute
  2
PORODA
 70
0
  0
ATTRIB
  5
11CB
330
17
100
AcDbEntity
  8
0
 60
1
100
AcDbText
 10
33.4875
 20
58.625
 30
0.0
 40
0.135
  1
Наружная стена здания и сооружения: норма 1.5 м, факт 2.5 м (СП 42.13330.2016, таблица 9.1; 743-ПП п. 3.6.3; 623-ПП п. 4.2.4)
 11
33.4875
 21
58.625
 31
0.0
100
AcDbAttribute
  2
NORMA
 70
0
  0
SEQEND
  5
11C8
330
11C7
100
AcDbEntity
  8
GREEN_AI_SHRUBS
  0
INSERT
  5
11CC
330
17
100
AcDbEntity
  8
GREEN_AI_SHRUBS
100
AcDbBlockReference
 66
1
  2
GREEN_AI_SHRUB
 10
34.625
 20
58.625
 30
0.0
 41
0.75
 42
0.75
 43
0.75
  0
ATTRIB
  5
11CE
330
17
100
AcDbEntity
  8
0
 60
1
100
AcDbText
 10
35.4875
 20
58.625
 30
0.0
 40
0.135
  1
S-0797
 11
35.4875
 21
58.625
 31
0.0
100
AcDbAttribute
  2
ID
 70
0
  0
ATTRIB
  5
11CF
330
17
100
AcDbEntity
  8
0
 60
1
100
AcDbText
 10
35.4875
 20
58.625
 30
0.0
 40
0.135
  1
Вейгела цветущая
 11
35.4875
 21
58.625
 31
0.0
100
AcDbAttribute
  2
PORODA
 70
0
  0
ATTRIB
  5
11D0
330
17
100
AcDbEntity
  8
0
 60
1
100
AcDbText
 10
35.4875
 20
58.625
 30
0.0
 40
0.135
  1
Наружная стена здания и сооружения: норма 1.5 м, факт 2.5 м (СП 42.13330.2016, таблица 9.1; 743-ПП п. 3.6.3; 623-ПП п. 4.2.4)
 11
35.4875
 21
58.625
 31
0.0
100
AcDbAttribute
  2
NORMA
 70
0
  0
SEQEND
  5
11CD
330
11CC
100
AcDbEntity
  8
GREEN_AI_SHRUBS
  0
INSERT
  5
11D1
330
17
100
AcDbEntity
  8
GREEN_AI_SHRUBS
100
AcDbBlockReference
 66
1
  2
GREEN_AI_SHRUB
 10
36.625
 20
58.625
 30
0.0
 41
0.75
 42
0.75
 43
0.75
  0
ATTRIB
  5
11D3
330
17
100
AcDbEntity
  8
0
 60
1
100
AcDbText
 10
37.4875
 20
58.625
 30
0.0
 40
0.135
  1
S-0798
 11
37.4875
 21
58.625
 31
0.0
100
AcDbAttribute
  2
ID
 70
0
  0
ATTRIB
  5
11D4
330
17
100
AcDbEntity
  8
0
 60
1
100
AcDbText
 10
37.4875
 20
58.625
 30
0.0
 40
0.135
  1
Вейгела цветущая
 11
37.4875
 21
58.625
 31
0.0
100
AcDbAttribute
  2
PORODA
 70
0
  0
ATTRIB
  5
11D5
330
17
100
AcDbEntity
  8
0
 60
1
100
AcDbText
 10
37.4875
 20
58.625
 30
0.0
 40
0.135
  1
Наружная стена здания и сооружения: норма 1.5 м, факт 2.5 м (СП 42.13330.2016, таблица 9.1; 743-ПП п. 3.6.3; 623-ПП п. 4.2.4)
 11
37.4875
 21
58.625
 31
0.0
100
AcDbAttribute
  2
NORMA
 70
0
  0
SEQEND
  5
11D2
330
11D1
100
AcDbEntity
  8
GREEN_AI_SHRUBS
  0
INSERT
  5
11D6
330
17
100
AcDbEntity
  8
GREEN_AI_SHRUBS
100
AcDbBlockReference
 66
1
  2
GREEN_AI_SHRUB
 10
38.625
 20
58.625
 30
0.0
 41
0.75
 42
0.75
 43
0.75
  0
ATTRIB
  5
11D8
330
17
100
AcDbEntity
  8
0
 60
1
100
AcDbText
 10
39.4875
 20
58.625
 30
0.0
 40
0.135
  1
S-0799
 11
39.4875
 21
58.625
 31
0.0
100
AcDbAttribute
  2
ID
 70
0
  0
ATTRIB
  5
11D9
330
17
100
AcDbEntity
  8
0
 60
1
100
AcDbText
 10
39.4875
 20
58.625
 30
0.0
 40
0.135
  1
Вейгела цветущая
 11
39.4875
 21
58.625
 31
0.0
100
AcDbAttribute
  2
PORODA
 70
0
  0
ATTRIB
  5
11DA
330
17
100
AcDbEntity
  8
0
 60
1
100
AcDbText
 10
39.4875
 20
58.625
 30
0.0
 40
0.135
  1
Наружная стена здания и сооружения: норма 1.5 м, факт 2.5 м (СП 42.13330.2016, таблица 9.1; 743-ПП п. 3.6.3; 623-ПП п. 4.2.4)
 11
39.4875
 21
58.625
 31
0.0
100
AcDbAttribute
  2
NORMA
 70
0
  0
SEQEND
  5
11D7
330
11D6
100
AcDbEntity
  8
GREEN_AI_SHRUBS
  0
INSERT
  5
11DB
330
17
100
AcDbEntity
  8
GREEN_AI_SHRUBS
100
AcDbBlockReference
 66
1
  2
GREEN_AI_SHRUB
 10
40.625
 20
58.625
 30
0.0
 41
0.75
 42
0.75
 43
0.75
  0
ATTRIB
  5
11DD
330
17
100
AcDbEntity
  8
0
 60
1
100
AcDbText
 10
41.4875
 20
58.625
 30
0.0
 40
0.135
  1
S-0800
 11
41.4875
 21
58.625
 31
0.0
100
AcDbAttribute
  2
ID
 70
0
  0
ATTRIB
  5
11DE
330
17
100
AcDbEntity
  8
0
 60
1
100
AcDbText
 10
41.4875
 20
58.625
 30
0.0
 40
0.135
  1
Вейгела цветущая
 11
41.4875
 21
58.625
 31
0.0
100
AcDbAttribute
  2
PORODA
 70
0
  0
ATTRIB
  5
11DF
330
17
100
AcDbEntity
  8
0
 60
1
100
AcDbText
 10
41.4875
 20
58.625
 30
0.0
 40
0.135
  1
Наружная стена здания и сооружения: норма 1.5 м, факт 2.5 м (СП 42.13330.2016, таблица 9.1; 743-ПП п. 3.6.3; 623-ПП п. 4.2.4)
 11
41.4875
 21
58.625
 31
0.0
100
AcDbAttribute
  2
NORMA
 70
0
  0
SEQEND
  5
11DC
330
11DB
100
AcDbEntity
  8
GREEN_AI_SHRUBS
  0
INSERT
  5
11E0
330
17
100
AcDbEntity
  8
GREEN_AI_SHRUBS
100
AcDbBlockReference
 66
1
  2
GREEN_AI_SHRUB
 10
42.625
 20
58.625
 30
0.0
 41
0.5
 42
0.5
 43
0.5
  0
ATTRIB
  5
11E2
330
17
100
AcDbEntity
  8
0
 60
1
100
AcDbText
 10
43.2
 20
58.625
 30
0.0
 40
0.09
  1
S-0801
 11
43.2
 21
58.625
 31
0.0
100
AcDbAttribute
  2
ID
 70
0
  0
ATTRIB
  5
11E3
330
17
100
AcDbEntity
  8
0
 60
1
100
AcDbText
 10
43.2
 20
58.625
 30
0.0
 40
0.09
  1
Туя западная 'Smaragd'
 11
43.2
 21
58.625
 31
0.0
100
AcDbAttribute
  2
PORODA
 70
0
  0
ATTRIB
  5
11E4
330
17
100
AcDbEntity
  8
0
 60
1
100
AcDbText
 10
43.2
 20
58.625
 30
0.0
 40
0.09
  1
Наружная стена здания и сооружения: норма 1.5 м, факт 2.5 м (СП 42.13330.2016, таблица 9.1; 743-ПП п. 3.6.3; 623-ПП п. 4.2.4)
 11
43.2
 21
58.625
 31
0.0
100
AcDbAttribute
  2
NORMA
 70
0
  0
SEQEND
  5
11E1
330
11E0
100
AcDbEntity
  8
GREEN_AI_SHRUBS
  0
INSERT
  5
11E5
330
17
100
AcDbEntity
  8
GREEN_AI_SHRUBS
100
AcDbBlockReference
 66
1
  2
GREEN_AI_SHRUB
 10
44.625
 20
58.625
 30
0.0
 41
0.5
 42
0.5
 43
0.5
  0
ATTRIB
  5
11E7
330
17
100
AcDbEntity
  8
0
 60
1
100
AcDbText
 10
45.2
 20
58.625
 30
0.0
 40
0.09
  1
S-0802
 11
45.2
 21
58.625
 31
0.0
100
AcDbAttribute
  2
ID
 70
0
  0
ATTRIB
  5
11E8
330
17
100
AcDbEntity
  8
0
 60
1
100
AcDbText
 10
45.2
 20
58.625
 30
0.0
 40
0.09
  1
Туя западная 'Smaragd'
 11
45.2
 21
58.625
 31
0.0
100
AcDbAttribute
  2
PORODA
 70
0
  0
ATTRIB
  5
11E9
330
17
100
AcDbEntity
  8
0
 60
1
100
AcDbText
 10
45.2
 20
58.625
 30
0.0
 40
0.09
  1
Наружная стена здания и сооружения: норма 1.5 м, факт 2.5 м (СП 42.13330.2016, таблица 9.1; 743-ПП п. 3.6.3; 623-ПП п. 4.2.4)
 11
45.2
 21
58.625
 31
0.0
100
AcDbAttribute
  2
NORMA
 70
0
  0
SEQEND
  5
11E6
330
11E5
100
AcDbEntity
  8
GREEN_AI_SHRUBS
  0
INSERT
  5
11EA
330
17
100
AcDbEntity
  8
GREEN_AI_SHRUBS
100
AcDbBlockReference
 66
1
  2
GREEN_AI_SHRUB
 10
62.125
 20
58.625
 30
0.0
 41
0.5
 42
0.5
 43
0.5
  0
ATTRIB
  5
11EC
330
17
100
AcDbEntity
  8
0
 60
1
100
AcDbText
 10
62.7
 20
58.625
 30
0.0
 40
0.09
  1
S-0803
 11
62.7
 21
58.625
 31
0.0
100
AcDbAttribute
  2
ID
 70
0
  0
ATTRIB
  5
11ED
330
17
100
AcDbEntity
  8
0
 60
1
100
AcDbText
 10
62.7
 20
58.625
 30
0.0
 40
0.09
  1
Туя западная 'Smaragd'
 11
62.7
 21
58.625
 31
0.0
100
AcDbAttribute
  2
PORODA
 70
0
  0
ATTRIB
  5
11EE
330
17
100
AcDbEntity
  8
0
 60
1
100
AcDbText
 10
62.7
 20
58.625
 30
0.0
 40
0.09
  1
Газопровод: норма 1.0 м, факт 2.0 м (СП 42.13330.2016, таблица 9.1; 743-ПП п. 3.6.3; 623-ПП п. 4.2.4)
 11
62.7
 21
58.625
 31
0.0
100
AcDbAttribute
  2
NORMA
 70
0
  0
SEQEND
  5
11EB
330
11EA
100
AcDbEntity
  8
GREEN_AI_SHRUBS
  0
INSERT
  5
11EF
330
17
100
AcDbEntity
  8
GREEN_AI_SHRUBS
100
AcDbBlockReference
 66
1
  2
GREEN_AI_SHRUB
 10
46.375
 20
59.125
 30
0.0
 41
0.5
 42
0.5
 43
0.5
  0
ATTRIB
  5
11F1
330
17
100
AcDbEntity
  8
0
 60
1
100
AcDbText
 10
46.95
 20
59.125
 30
0.0
 40
0.09
  1
S-0804
 11
46.95
 21
59.125
 31
0.0
100
AcDbAttribute
  2
ID
 70
0
  0
ATTRIB
  5
11F2
330
17
100
AcDbEntity
  8
0
 60
1
100
AcDbText
 10
46.95
 20
59.125
 30
0.0
 40
0.09
  1
Туя западная 'Smaragd'
 11
46.95
 21
59.125
 31
0.0
100
AcDbAttribute
  2
PORODA
 70
0
  0
ATTRIB
  5
11F3
330
17
100
AcDbEntity
  8
0
 60
1
100
AcDbText
 10
46.95
 20
59.125
 30
0.0
 40
0.09
  1
Наружная стена здания и сооружения: норма 1.5 м, факт 3.25 м (СП 42.13330.2016, таблица 9.1; 743-ПП п. 3.6.3; 623-ПП п. 4.2.4)
 11
46.95
 21
59.125
 31
0.0
100
AcDbAttribute
  2
NORMA
 70
0
  0
SEQEND
  5
11F0
330
11EF
100
AcDbEntity
  8
GREEN_AI_SHRUBS
  0
INSERT
  5
11F4
330
17
100
AcDbEntity
  8
GREEN_AI_SHRUBS
100
AcDbBlockReference
 66
1
  2
GREEN_AI_SHRUB
 10
78.125
 20
59.125
 30
0.0
 41
0.5
 42
0.5
 43
0.5
  0
ATTRIB
  5
11F6
330
17
100
AcDbEntity
  8
0
 60
1
100
AcDbText
 10
78.7
 20
59.125
 30
0.0
 40
0.09
  1
S-0805
 11
78.7
 21
59.125
 31
0.0
100
AcDbAttribute
  2
ID
 70
0
  0
ATTRIB
  5
11F7
330
17
100
AcDbEntity
  8
0
 60
1
100
AcDbText
 10
78.7
 20
59.125
 30
0.0
 40
0.09
  1
Туя западная 'Smaragd'
 11
78.7
 21
59.125
 31
0.0
100
AcDbAttribute
  2
PORODA
 70
0
  0
ATTRIB
  5
11F8
330
17
100
AcDbEntity
  8
0
 60
1
100
AcDbText
 10
78.7
 20
59.125
 30
0.0
 40
0.09
  1
Канализация: норма 1.0 м, факт 2.0 м (СП 42.13330.2016, таблица 9.1; 743-ПП п. 3.6.3; 623-ПП п. 4.2.4)
 11
78.7
 21
59.125
 31
0.0
100
AcDbAttribute
  2
NORMA
 70
0
  0
SEQEND
  5
11F5
330
11F4
100
AcDbEntity
  8
GREEN_AI_SHRUBS
  0
LWPOLYLINE
  5
11F9
330
17
100
AcDbEntity
  8
GREEN_AI_ZONES
100
AcDbPolyline
 90
4
 70
1
 10
0.0
 20
0.0
 10
55.0
 20
0.0
 10
55.0
 20
1.0
 10
0.0
 20
1.0
  0
LWPOLYLINE
  5
11FA
330
17
100
AcDbEntity
  8
GREEN_AI_ZONES
100
AcDbPolyline
 90
4
 70
1
 10
56.0
 20
0.0
 10
78.0
 20
0.0
 10
78.0
 20
1.0
 10
56.0
 20
1.0
  0
LWPOLYLINE
  5
11FB
330
17
100
AcDbEntity
  8
GREEN_AI_ZONES
100
AcDbPolyline
 90
4
 70
1
 10
82.0
 20
0.0
 10
103.0
 20
0.0
 10
103.0
 20
1.0
 10
82.0
 20
1.0
  0
LWPOLYLINE
  5
11FC
330
17
100
AcDbEntity
  8
GREEN_AI_ZONES
100
AcDbPolyline
 90
4
 70
1
 10
104.0
 20
0.0
 10
107.0
 20
0.0
 10
107.0
 20
1.0
 10
104.0
 20
1.0
  0
LWPOLYLINE
  5
11FD
330
17
100
AcDbEntity
  8
GREEN_AI_ZONES
100
AcDbPolyline
 90
4
 70
1
 10
108.0
 20
0.0
 10
118.0
 20
0.0
 10
118.0
 20
1.0
 10
108.0
 20
1.0
  0
LWPOLYLINE
  5
11FE
330
17
100
AcDbEntity
  8
GREEN_AI_ZONES
100
AcDbPolyline
 90
4
 70
1
 10
119.0
 20
0.0
 10
120.0
 20
0.0
 10
120.0
 20
1.0
 10
119.0
 20
1.0
  0
LWPOLYLINE
  5
11FF
330
17
100
AcDbEntity
  8
GREEN_AI_ZONES
100
AcDbPolyline
 90
4
 70
1
 10
0.0
 20
1.0
 10
78.0
 20
1.0
 10
78.0
 20
2.0
 10
0.0
 20
2.0
  0
LWPOLYLINE
  5
1200
330
17
100
AcDbEntity
  8
GREEN_AI_ZONES
100
AcDbPolyline
 90
4
 70
1
 10
82.0
 20
1.0
 10
120.0
 20
1.0
 10
120.0
 20
2.0
 10
82.0
 20
2.0
  0
LWPOLYLINE
  5
1201
330
17
100
AcDbEntity
  8
GREEN_AI_ZONES
100
AcDbPolyline
 90
4
 70
1
 10
0.0
 20
2.0
 10
78.0
 20
2.0
 10
78.0
 20
3.0
 10
0.0
 20
3.0
  0
LWPOLYLINE
  5
1202
330
17
100
AcDbEntity
  8
GREEN_AI_ZONES
100
AcDbPolyline
 90
4
 70
1
 10
82.0
 20
2.0
 10
120.0
 20
2.0
 10
120.0
 20
3.0
 10
82.0
 20
3.0
  0
LWPOLYLINE
  5
1203
330
17
100
AcDbEntity
  8
GREEN_AI_ZONES
100
AcDbPolyline
 90
4
 70
1
 10
0.0
 20
3.0
 10
78.0
 20
3.0
 10
78.0
 20
4.0
 10
0.0
 20
4.0
  0
LWPOLYLINE
  5
1204
330
17
100
AcDbEntity
  8
GREEN_AI_ZONES
100
AcDbPolyline
 90
4
 70
1
 10
82.0
 20
3.0
 10
120.0
 20
3.0
 10
120.0
 20
4.0
 10
82.0
 20
4.0
  0
LWPOLYLINE
  5
1205
330
17
100
AcDbEntity
  8
GREEN_AI_ZONES
100
AcDbPolyline
 90
4
 70
1
 10
0.0
 20
4.0
 10
78.0
 20
4.0
 10
78.0
 20
5.0
 10
0.0
 20
5.0
  0
LWPOLYLINE
  5
1206
330
17
100
AcDbEntity
  8
GREEN_AI_ZONES
100
AcDbPolyline
 90
4
 70
1
 10
82.0
 20
4.0
 10
120.0
 20
4.0
 10
120.0
 20
5.0
 10
82.0
 20
5.0
  0
LWPOLYLINE
  5
1207
330
17
100
AcDbEntity
  8
GREEN_AI_ZONES
100
AcDbPolyline
 90
4
 70
1
 10
0.0
 20
5.0
 10
78.0
 20
5.0
 10
78.0
 20
6.0
 10
0.0
 20
6.0
  0
LWPOLYLINE
  5
1208
330
17
100
AcDbEntity
  8
GREEN_AI_ZONES
100
AcDbPolyline
 90
4
 70
1
 10
82.0
 20
5.0
 10
120.0
 20
5.0
 10
120.0
 20
6.0
 10
82.0
 20
6.0
  0
LWPOLYLINE
  5
1209
330
17
100
AcDbEntity
  8
GREEN_AI_ZONES
100
AcDbPolyline
 90
4
 70
1
 10
0.0
 20
11.0
 10
78.0
 20
11.0
 10
78.0
 20
12.0
 10
0.0
 20
12.0
  0
LWPOLYLINE
  5
120A
330
17
100
AcDbEntity
  8
GREEN_AI_ZONES
100
AcDbPolyline
 90
4
 70
1
 10
82.0
 20
11.0
 10
120.0
 20
11.0
 10
120.0
 20
12.0
 10
82.0
 20
12.0
  0
LWPOLYLINE
  5
120B
330
17
100
AcDbEntity
  8
GREEN_AI_ZONES
100
AcDbPolyline
 90
4
 70
1
 10
0.0
 20
17.0
 10
11.0
 20
17.0
 10
11.0
 20
18.0
 10
0.0
 20
18.0
  0
LWPOLYLINE
  5
120C
330
17
100
AcDbEntity
  8
GREEN_AI_ZONES
100
AcDbPolyline
 90
4
 70
1
 10
20.0
 20
17.0
 10
36.0
 20
17.0
 10
36.0
 20
18.0
 10
20.0
 20
18.0
  0
LWPOLYLINE
  5
120D
330
17
100
AcDbEntity
  8
GREEN_AI_ZONES
100
AcDbPolyline
 90
4
 70
1
 10
45.0
 20
17.0
 10
61.0
 20
17.0
 10
61.0
 20
18.0
 10
45.0
 20
18.0
  0
LWPOLYLINE
  5
120E
330
17
100
AcDbEntity
  8
GREEN_AI_ZONES
100
AcDbPolyline
 90
4
 70
1
 10
70.0
 20
17.0
 10
78.0
 20
17.0
 10
78.0
 20
18.0
 10
70.0
 20
18.0
  0
LWPOLYLINE
  5
120F
330
17
100
AcDbEntity
  8
GREEN_AI_ZONES
100
AcDbPolyline
 90
4
 70
1
 10
82.0
 20
17.0
 10
86.0
 20
17.0
 10
86.0
 20
18.0
 10
82.0
 20
18.0
  0
LWPOLYLINE
  5
1210
330
17
100
AcDbEntity
  8
GREEN_AI_ZONES
100
AcDbPolyline
 90
4
 70
1
 10
95.0
 20
17.0
 10
106.0
 20
17.0
 10
106.0
 20
18.0
 10
95.0
 20
18.0
  0
LWPOLYLINE
  5
1211
330
17
100
AcDbEntity
  8
GREEN_AI_ZONES
100
AcDbPolyline
 90
4
 70
1
 10
115.0
 20
17.0
 10
120.0
 20
17.0
 10
120.0
 20
18.0
 10
115.0
 20
18.0
  0
LWPOLYLINE
  5
1212
330
17
100
AcDbEntity
  8
GREEN_AI_ZONES
100
AcDbPolyline
 90
4
 70
1
 10
0.0
 20
18.0
 10
11.0
 20
18.0
 10
11.0
 20
19.0
 10
0.0
 20
19.0
  0
LWPOLYLINE
  5
1213
330
17
100
AcDbEntity
  8
GREEN_AI_ZONES
100
AcDbPolyline
 90
4
 70
1
 10
19.0
 20
18.0
 10
36.0
 20
18.0
 10
36.0
 20
19.0
 10
19.0
 20
19.0
  0
LWPOLYLINE
  5
1214
330
17
100
AcDbEntity
  8
GREEN_AI_ZONES
100
AcDbPolyline
 90
4
 70
1
 10
44.0
 20
18.0
 10
61.0
 20
18.0
 10
61.0
 20
19.0
 10
44.0
 20
19.0
  0
LWPOLYLINE
  5
1215
330
17
100
AcDbEntity
  8
GREEN_AI_ZONES
100
AcDbPolyline
 90
4
 70
1
 10
69.0
 20
18.0
 10
78.0
 20
18.0
 10
78.0
 20
19.0
 10
69.0
 20
19.0
  0
LWPOLYLINE
  5
1216
330
17
100
AcDbEntity
  8
GREEN_AI_ZONES
100
AcDbPolyline
 90
4
 70
1
 10
82.0
 20
18.0
 10
86.0
 20
18.0
 10
86.0
 20
19.0
 10
82.0
 20
19.0
  0
LWPOLYLINE
  5
1217
330
17
100
AcDbEntity
  8
GREEN_AI_ZONES
100
AcDbPolyline
 90
4
 70
1
 10
94.0
 20
18.0
 10
106.0
 20
18.0
 10
106.0
 20
19.0
 10
94.0
 20
19.0
  0
LWPOLYLINE
  5
1218
330
17
100
AcDbEntity
  8
GREEN_AI_ZONES
100
AcDbPolyline
 90
4
 70
1
 10
114.0
 20
18.0
 10
120.0
 20
18.0
 10
120.0
 20
19.0
 10
114.0
 20
19.0
  0
LWPOLYLINE
  5
1219
330
17
100
AcDbEntity
  8
GREEN_AI_ZONES
100
AcDbPolyline
 90
4
 70
1
 10
62.0
 20
33.0
 10
78.0
 20
33.0
 10
78.0
 20
34.0
 10
62.0
 20
34.0
  0
LWPOLYLINE
  5
121A
330
17
100
AcDbEntity
  8
GREEN_AI_ZONES
100
AcDbPolyline
 90
4
 70
1
 10
82.0
 20
33.0
 10
102.0
 20
33.0
 10
102.0
 20
34.0
 10
82.0
 20
34.0
  0
LWPOLYLINE
  5
121B
330
17
100
AcDbEntity
  8
GREEN_AI_ZONES
100
AcDbPolyline
 90
4
 70
1
 10
108.0
 20
33.0
 10
120.0
 20
33.0
 10
120.0
 20
34.0
 10
108.0
 20
34.0
  0
LWPOLYLINE
  5
121C
330
17
100
AcDbEntity
  8
GREEN_AI_ZONES
100
AcDbPolyline
 90
4
 70
1
 10
62.0
 20
34.0
 10
78.0
 20
34.0
 10
78.0
 20
35.0
 10
62.0
 20
35.0
  0
LWPOLYLINE
  5
121D
330
17
100
AcDbEntity
  8
GREEN_AI_ZONES
100
AcDbPolyline
 90
4
 70
1
 10
82.0
 20
34.0
 10
105.0
 20
34.0
 10
105.0
 20
35.0
 10
82.0
 20
35.0
  0
LWPOLYLINE
  5
121E
330
17
100
AcDbEntity
  8
GREEN_AI_ZONES
100
AcDbPolyline
 90
4
 70
1
 10
106.0
 20
34.0
 10
120.0
 20
34.0
 10
120.0
 20
35.0
 10
106.0
 20
35.0
  0
LWPOLYLINE
  5
121F
330
17
100
AcDbEntity
  8
GREEN_AI_ZONES
100
AcDbPolyline
 90
4
 70
1
 10
62.0
 20
35.0
 10
78.0
 20
35.0
 10
78.0
 20
36.0
 10
62.0
 20
36.0
  0
LWPOLYLINE
  5
1220
330
17
100
AcDbEntity
  8
GREEN_AI_ZONES
100
AcDbPolyline
 90
4
 70
1
 10
82.0
 20
35.0
 10
120.0
 20
35.0
 10
120.0
 20
36.0
 10
82.0
 20
36.0
  0
LWPOLYLINE
  5
1221
330
17
100
AcDbEntity
  8
GREEN_AI_ZONES
100
AcDbPolyline
 90
4
 70
1
 10
0.0
 20
36.0
 10
6.0
 20
36.0
 10
6.0
 20
37.0
 10
0.0
 20
37.0
  0
LWPOLYLINE
  5
1222
330
17
100
AcDbEntity
  8
GREEN_AI_ZONES
100
AcDbPolyline
 90
4
 70
1
 10
49.0
 20
36.0
 10
51.0
 20
36.0
 10
51.0
 20
37.0
 10
49.0
 20
37.0
  0
LWPOLYLINE
  5
1223
330
17
100
AcDbEntity
  8
GREEN_AI_ZONES
100
AcDbPolyline
 90
4
 70
1
 10
62.0
 20
36.0
 10
78.0
 20
36.0
 10
78.0
 20
37.0
 10
62.0
 20
37.0
  0
LWPOLYLINE
  5
1224
330
17
100
AcDbEntity
  8
GREEN_AI_ZONES
100
AcDbPolyline
 90
4
 70
1
 10
82.0
 20
36.0
 10
120.0
 20
36.0
 10
120.0
 20
37.0
 10
82.0
 20
37.0
  0
LWPOLYLINE
  5
1225
330
17
100
AcDbEntity
  8
GREEN_AI_ZONES
100
AcDbPolyline
 90
4
 70
1
 10
0.0
 20
37.0
 10
5.0
 20
37.0
 10
5.0
 20
38.0
 10
0.0
 20
38.0
  0
LWPOLYLINE
  5
1226
330
17
100
AcDbEntity
  8
GREEN_AI_ZONES
100
AcDbPolyline
 90
4
 70
1
 10
50.0
 20
37.0
 10
52.0
 20
37.0
 10
52.0
 20
38.0
 10
50.0
 20
38.0
  0
LWPOLYLINE
  5
1227
330
17
100
AcDbEntity
  8
GREEN_AI_ZONES
100
AcDbPolyline
 90
4
 70
1
 10
62.0
 20
37.0
 10
78.0
 20
37.0
 10
78.0
 20
38.0
 10
62.0
 20
38.0
  0
LWPOLYLINE
  5
1228
330
17
100
AcDbEntity
  8
GREEN_AI_ZONES
100
AcDbPolyline
 90
4
 70
1
 10
82.0
 20
37.0
 10
120.0
 20
37.0
 10
120.0
 20
38.0
 10
82.0
 20
38.0
  0
LWPOLYLINE
  5
1229
330
17
100
AcDbEntity
  8
GREEN_AI_ZONES
100
AcDbPolyline
 90
4
 70
1
 10
0.0
 20
38.0
 10
5.0
 20
38.0
 10
5.0
 20
39.0
 10
0.0
 20
39.0
  0
LWPOLYLINE
  5
122A
330
17
100
AcDbEntity
  8
GREEN_AI_ZONES
100
AcDbPolyline
 90
4
 70
1
 10
50.0
 20
38.0
 10
52.0
 20
38.0
 10
52.0
 20
39.0
 10
50.0
 20
39.0
  0
LWPOLYLINE
  5
122B
330
17
100
AcDbEntity
  8
GREEN_AI_ZONES
100
AcDbPolyline
 90
4
 70
1
 10
62.0
 20
38.0
 10
78.0
 20
38.0
 10
78.0
 20
39.0
 10
62.0
 20
39.0
  0
LWPOLYLINE
  5
122C
330
17
100
AcDbEntity
  8
GREEN_AI_ZONES
100
AcDbPolyline
 90
4
 70
1
 10
82.0
 20
38.0
 10
120.0
 20
38.0
 10
120.0
 20
39.0
 10
82.0
 20
39.0
  0
LWPOLYLINE
  5
122D
330
17
100
AcDbEntity
  8
GREEN_AI_ZONES
100
AcDbPolyline
 90
4
 70
1
 10
0.0
 20
39.0
 10
5.0
 20
39.0
 10
5.0
 20
40.0
 10
0.0
 20
40.0
  0
LWPOLYLINE
  5
122E
330
17
100
AcDbEntity
  8
GREEN_AI_ZONES
100
AcDbPolyline
 90
4
 70
1
 10
50.0
 20
39.0
 10
55.0
 20
39.0
 10
55.0
 20
40.0
 10
50.0
 20
40.0
  0
LWPOLYLINE
  5
122F
330
17
100
AcDbEntity
  8
GREEN_AI_ZONES
100
AcDbPolyline
 90
4
 70
1
 10
56.0
 20
39.0
 10
58.0
 20
39.0
 10
58.0
 20
40.0
 10
56.0
 20
40.0
  0
LWPOLYLINE
  5
1230
330
17
100
AcDbEntity
  8
GREEN_AI_ZONES
100
AcDbPolyline
 90
4
 70
1
 10
62.0
 20
39.0
 10
78.0
 20
39.0
 10
78.0
 20
40.0
 10
62.0
 20
40.0
  0
LWPOLYLINE
  5
1231
330
17
100
AcDbEntity
  8
GREEN_AI_ZONES
100
AcDbPolyline
 90
4
 70
1
 10
82.0
 20
39.0
 10
120.0
 20
39.0
 10
120.0
 20
40.0
 10
82.0
 20
40.0
  0
LWPOLYLINE
  5
1232
330
17
100
AcDbEntity
  8
GREEN_AI_ZONES
100
AcDbPolyline
 90
4
 70
1
 10
0.0
 20
40.0
 10
5.0
 20
40.0
 10
5.0
 20
41.0
 10
0.0
 20
41.0
  0
LWPOLYLINE
  5
1233
330
17
100
AcDbEntity
  8
GREEN_AI_ZONES
100
AcDbPolyline
 90
4
 70
1
 10
51.0
 20
40.0
 10
58.0
 20
40.0
 10
58.0
 20
41.0
 10
51.0
 20
41.0
  0
LWPOLYLINE
  5
1234
330
17
100
AcDbEntity
  8
GREEN_AI_ZONES
100
AcDbPolyline
 90
4
 70
1
 10
62.0
 20
40.0
 10
78.0
 20
40.0
 10
78.0
 20
41.0
 10
62.0
 20
41.0
  0
LWPOLYLINE
  5
1235
330
17
100
AcDbEntity
  8
GREEN_AI_ZONES
100
AcDbPolyline
 90
4
 70
1
 10
82.0
 20
40.0
 10
120.0
 20
40.0
 10
120.0
 20
41.0
 10
82.0
 20
41.0
  0
LWPOLYLINE
  5
1236
330
17
100
AcDbEntity
  8
GREEN_AI_ZONES
100
AcDbPolyline
 90
4
 70
1
 10
0.0
 20
41.0
 10
5.0
 20
41.0
 10
5.0
 20
42.0
 10
0.0
 20
42.0
  0
LWPOLYLINE
  5
1237
330
17
100
AcDbEntity
  8
GREEN_AI_ZONES
100
AcDbPolyline
 90
4
 70
1
 10
51.0
 20
41.0
 10
58.0
 20
41.0
 10
58.0
 20
42.0
 10
51.0
 20
42.0
  0
LWPOLYLINE
  5
1238
330
17
100
AcDbEntity
  8
GREEN_AI_ZONES
100
AcDbPolyline
 90
4
 70
1
 10
62.0
 20
41.0
 10
78.0
 20
41.0
 10
78.0
 20
42.0
 10
62.0
 20
42.0
  0
LWPOLYLINE
  5
1239
330
17
100
AcDbEntity
  8
GREEN_AI_ZONES
100
AcDbPolyline
 90
4
 70
1
 10
82.0
 20
41.0
 10
93.0
 20
41.0
 10
93.0
 20
42.0
 10
82.0
 20
42.0
  0
LWPOLYLINE
  5
123A
330
17
100
AcDbEntity
  8
GREEN_AI_ZONES
100
AcDbPolyline
 90
4
 70
1
 10
97.0
 20
41.0
 10
120.0
 20
41.0
 10
120.0
 20
42.0
 10
97.0
 20
42.0
  0
LWPOLYLINE
  5
123B
330
17
100
AcDbEntity
  8
GREEN_AI_ZONES
100
AcDbPolyline
 90
4
 70
1
 10
0.0
 20
42.0
 10
5.0
 20
42.0
 10
5.0
 20
43.0
 10
0.0
 20
43.0
  0
LWPOLYLINE
  5
123C
330
17
100
AcDbEntity
  8
GREEN_AI_ZONES
100
AcDbPolyline
 90
4
 70
1
 10
51.0
 20
42.0
 10
58.0
 20
42.0
 10
58.0
 20
43.0
 10
51.0
 20
43.0
  0
LWPOLYLINE
  5
123D
330
17
100
AcDbEntity
  8
GREEN_AI_ZONES
100
AcDbPolyline
 90
4
 70
1
 10
62.0
 20
42.0
 10
78.0
 20
42.0
 10
78.0
 20
43.0
 10
62.0
 20
43.0
  0
LWPOLYLINE
  5
123E
330
17
100
AcDbEntity
  8
GREEN_AI_ZONES
100
AcDbPolyline
 90
4
 70
1
 10
82.0
 20
42.0
 10
92.0
 20
42.0
 10
92.0
 20
43.0
 10
82.0
 20
43.0
  0
LWPOLYLINE
  5
123F
330
17
100
AcDbEntity
  8
GREEN_AI_ZONES
100
AcDbPolyline
 90
4
 70
1
 10
99.0
 20
42.0
 10
120.0
 20
42.0
 10
120.0
 20
43.0
 10
99.0
 20
43.0
  0
LWPOLYLINE
  5
1240
330
17
100
AcDbEntity
  8
GREEN_AI_ZONES
100
AcDbPolyline
 90
4
 70
1
 10
0.0
 20
43.0
 10
5.0
 20
43.0
 10
5.0
 20
44.0
 10
0.0
 20
44.0
  0
LWPOLYLINE
  5
1241
330
17
100
AcDbEntity
  8
GREEN_AI_ZONES
100
AcDbPolyline
 90
4
 70
1
 10
51.0
 20
43.0
 10
58.0
 20
43.0
 10
58.0
 20
44.0
 10
51.0
 20
44.0
  0
LWPOLYLINE
  5
1242
330
17
100
AcDbEntity
  8
GREEN_AI_ZONES
100
AcDbPolyline
 90
4
 70
1
 10
62.0
 20
43.0
 10
78.0
 20
43.0
 10
78.0
 20
44.0
 10
62.0
 20
44.0
  0
LWPOLYLINE
  5
1243
330
17
100
AcDbEntity
  8
GREEN_AI_ZONES
100
AcDbPolyline
 90
4
 70
1
 10
82.0
 20
43.0
 10
91.0
 20
43.0
 10
91.0
 20
44.0
 10
82.0
 20
44.0
  0
LWPOLYLINE
  5
1244
330
17
100
AcDbEntity
  8
GREEN_AI_ZONES
100
AcDbPolyline
 90
4
 70
1
 10
99.0
 20
43.0
 10
120.0
 20
43.0
 10
120.0
 20
44.0
 10
99.0
 20
44.0
  0
LWPOLYLINE
  5
1245
330
17
100
AcDbEntity
  8
GREEN_AI_ZONES
100
AcDbPolyline
 90
4
 70
1
 10
0.0
 20
44.0
 10
5.0
 20
44.0
 10
5.0
 20
45.0
 10
0.0
 20
45.0
  0
LWPOLYLINE
  5
1246
330
17
100
AcDbEntity
  8
GREEN_AI_ZONES
100
AcDbPolyline
 90
4
 70
1
 10
51.0
 20
44.0
 10
58.0
 20
44.0
 10
58.0
 20
45.0
 10
51.0
 20
45.0
  0
LWPOLYLINE
  5
1247
330
17
100
AcDbEntity
  8
GREEN_AI_ZONES
100
AcDbPolyline
 90
4
 70
1
 10
62.0
 20
44.0
 10
78.0
 20
44.0
 10
78.0
 20
45.0
 10
62.0
 20
45.0
  0
LWPOLYLINE
  5
1248
330
17
100
AcDbEntity
  8
GREEN_AI_ZONES
100
AcDbPolyline
 90
4
 70
1
 10
82.0
 20
44.0
 10
91.0
 20
44.0
 10
91.0
 20
45.0
 10
82.0
 20
45.0
  0
LWPOLYLINE
  5
1249
330
17
100
AcDbEntity
  8
GREEN_AI_ZONES
100
AcDbPolyline
 90
4
 70
1
 10
99.0
 20
44.0
 10
120.0
 20
44.0
 10
120.0
 20
45.0
 10
99.0
 20
45.0
  0
LWPOLYLINE
  5
124A
330
17
100
AcDbEntity
  8
GREEN_AI_ZONES
100
AcDbPolyline
 90
4
 70
1
 10
0.0
 20
45.0
 10
5.0
 20
45.0
 10
5.0
 20
46.0
 10
0.0
 20
46.0
  0
LWPOLYLINE
  5
124B
330
17
100
AcDbEntity
  8
GREEN_AI_ZONES
100
AcDbPolyline
 90
4
 70
1
 10
51.0
 20
45.0
 10
58.0
 20
45.0
 10
58.0
 20
46.0
 10
51.0
 20
46.0
  0
LWPOLYLINE
  5
124C
330
17
100
AcDbEntity
  8
GREEN_AI_ZONES
100
AcDbPolyline
 90
4
 70
1
 10
62.0
 20
45.0
 10
78.0
 20
45.0
 10
78.0
 20
46.0
 10
62.0
 20
46.0
  0
LWPOLYLINE
  5
124D
330
17
100
AcDbEntity
  8
GREEN_AI_ZONES
100
AcDbPolyline
 90
4
 70
1
 10
82.0
 20
45.0
 10
91.0
 20
45.0
 10
91.0
 20
46.0
 10
82.0
 20
46.0
  0
LWPOLYLINE
  5
124E
330
17
100
AcDbEntity
  8
GREEN_AI_ZONES
100
AcDbPolyline
 90
4
 70
1
 10
100.0
 20
45.0
 10
120.0
 20
45.0
 10
120.0
 20
46.0
 10
100.0
 20
46.0
  0
LWPOLYLINE
  5
124F
330
17
100
AcDbEntity
  8
GREEN_AI_ZONES
100
AcDbPolyline
 90
4
 70
1
 10
0.0
 20
46.0
 10
5.0
 20
46.0
 10
5.0
 20
47.0
 10
0.0
 20
47.0
  0
LWPOLYLINE
  5
1250
330
17
100
AcDbEntity
  8
GREEN_AI_ZONES
100
AcDbPolyline
 90
4
 70
1
 10
51.0
 20
46.0
 10
58.0
 20
46.0
 10
58.0
 20
47.0
 10
51.0
 20
47.0
  0
LWPOLYLINE
  5
1251
330
17
100
AcDbEntity
  8
GREEN_AI_ZONES
100
AcDbPolyline
 90
4
 70
1
 10
62.0
 20
46.0
 10
66.0
 20
46.0
 10
66.0
 20
47.0
 10
62.0
 20
47.0
  0
LWPOLYLINE
  5
1252
330
17
100
AcDbEntity
  8
GREEN_AI_ZONES
100
AcDbPolyline
 90
4
 70
1
 10
70.0
 20
46.0
 10
78.0
 20
46.0
 10
78.0
 20
47.0
 10
70.0
 20
47.0
  0
LWPOLYLINE
  5
1253
330
17
100
AcDbEntity
  8
GREEN_AI_ZONES
100
AcDbPolyline
 90
4
 70
1
 10
82.0
 20
46.0
 10
91.0
 20
46.0
 10
91.0
 20
47.0
 10
82.0
 20
47.0
  0
LWPOLYLINE
  5
1254
330
17
100
AcDbEntity
  8
GREEN_AI_ZONES
100
AcDbPolyline
 90
4
 70
1
 10
99.0
 20
46.0
 10
120.0
 20
46.0
 10
120.0
 20
47.0
 10
99.0
 20
47.0
  0
LWPOLYLINE
  5
1255
330
17
100
AcDbEntity
  8
GREEN_AI_ZONES
100
AcDbPolyline
 90
4
 70
1
 10
0.0
 20
47.0
 10
5.0
 20
47.0
 10
5.0
 20
48.0
 10
0.0
 20
48.0
  0
LWPOLYLINE
  5
1256
330
17
100
AcDbEntity
  8
GREEN_AI_ZONES
100
AcDbPolyline
 90
4
 70
1
 10
51.0
 20
47.0
 10
58.0
 20
47.0
 10
58.0
 20
48.0
 10
51.0
 20
48.0
  0
LWPOLYLINE
  5
1257
330
17
100
AcDbEntity
  8
GREEN_AI_ZONES
100
AcDbPolyline
 90
4
 70
1
 10
62.0
 20
47.0
 10
65.0
 20
47.0
 10
65.0
 20
48.0
 10
62.0
 20
48.0
  0
LWPOLYLINE
  5
1258
330
17
100
AcDbEntity
  8
GREEN_AI_ZONES
100
AcDbPolyline
 90
4
 70
1
 10
72.0
 20
47.0
 10
78.0
 20
47.0
 10
78.0
 20
48.0
 10
72.0
 20
48.0
  0
LWPOLYLINE
  5
1259
330
17
100
AcDbEntity
  8
GREEN_AI_ZONES
100
AcDbPolyline
 90
4
 70
1
 10
82.0
 20
47.0
 10
92.0
 20
47.0
 10
92.0
 20
48.0
 10
82.0
 20
48.0
  0
LWPOLYLINE
  5
125A
330
17
100
AcDbEntity
  8
GREEN_AI_ZONES
100
AcDbPolyline
 90
4
 70
1
 10
99.0
 20
47.0
 10
120.0
 20
47.0
 10
120.0
 20
48.0
 10
99.0
 20
48.0
  0
LWPOLYLINE
  5
125B
330
17
100
AcDbEntity
  8
GREEN_AI_ZONES
100
AcDbPolyline
 90
4
 70
1
 10
0.0
 20
48.0
 10
5.0
 20
48.0
 10
5.0
 20
49.0
 10
0.0
 20
49.0
  0
LWPOLYLINE
  5
125C
330
17
100
AcDbEntity
  8
GREEN_AI_ZONES
100
AcDbPolyline
 90
4
 70
1
 10
51.0
 20
48.0
 10
58.0
 20
48.0
 10
58.0
 20
49.0
 10
51.0
 20
49.0
  0
LWPOLYLINE
  5
125D
330
17
100
AcDbEntity
  8
GREEN_AI_ZONES
100
AcDbPolyline
 90
4
 70
1
 10
62.0
 20
48.0
 10
64.0
 20
48.0
 10
64.0
 20
49.0
 10
62.0
 20
49.0
  0
LWPOLYLINE
  5
125E
330
17
100
AcDbEntity
  8
GREEN_AI_ZONES
100
AcDbPolyline
 90
4
 70
1
 10
72.0
 20
48.0
 10
78.0
 20
48.0
 10
78.0
 20
49.0
 10
72.0
 20
49.0
  0
LWPOLYLINE
  5
125F
330
17
100
AcDbEntity
  8
GREEN_AI_ZONES
100
AcDbPolyline
 90
4
 70
1
 10
82.0
 20
48.0
 10
92.0
 20
48.0
 10
92.0
 20
49.0
 10
82.0
 20
49.0
  0
LWPOLYLINE
  5
1260
330
17
100
AcDbEntity
  8
GREEN_AI_ZONES
100
AcDbPolyline
 90
4
 70
1
 10
98.0
 20
48.0
 10
120.0
 20
48.0
 10
120.0
 20
49.0
 10
98.0
 20
49.0
  0
LWPOLYLINE
  5
1261
330
17
100
AcDbEntity
  8
GREEN_AI_ZONES
100
AcDbPolyline
 90
4
 70
1
 10
0.0
 20
49.0
 10
5.0
 20
49.0
 10
5.0
 20
50.0
 10
0.0
 20
50.0
  0
LWPOLYLINE
  5
1262
330
17
100
AcDbEntity
  8
GREEN_AI_ZONES
100
AcDbPolyline
 90
4
 70
1
 10
51.0
 20
49.0
 10
58.0
 20
49.0
 10
58.0
 20
50.0
 10
51.0
 20
50.0
  0
LWPOLYLINE
  5
1263
330
17
100
AcDbEntity
  8
GREEN_AI_ZONES
100
AcDbPolyline
 90
4
 70
1
 10
62.0
 20
49.0
 10
64.0
 20
49.0
 10
64.0
 20
50.0
 10
62.0
 20
50.0
  0
LWPOLYLINE
  5
1264
330
17
100
AcDbEntity
  8
GREEN_AI_ZONES
100
AcDbPolyline
 90
4
 70
1
 10
72.0
 20
49.0
 10
78.0
 20
49.0
 10
78.0
 20
50.0
 10
72.0
 20
50.0
  0
LWPOLYLINE
  5
1265
330
17
100
AcDbEntity
  8
GREEN_AI_ZONES
100
AcDbPolyline
 90
4
 70
1
 10
82.0
 20
49.0
 10
95.0
 20
49.0
 10
95.0
 20
50.0
 10
82.0
 20
50.0
  0
LWPOLYLINE
  5
1266
330
17
100
AcDbEntity
  8
GREEN_AI_ZONES
100
AcDbPolyline
 90
4
 70
1
 10
96.0
 20
49.0
 10
120.0
 20
49.0
 10
120.0
 20
50.0
 10
96.0
 20
50.0
  0
LWPOLYLINE
  5
1267
330
17
100
AcDbEntity
  8
GREEN_AI_ZONES
100
AcDbPolyline
 90
4
 70
1
 10
0.0
 20
50.0
 10
5.0
 20
50.0
 10
5.0
 20
51.0
 10
0.0
 20
51.0
  0
LWPOLYLINE
  5
1268
330
17
100
AcDbEntity
  8
GREEN_AI_ZONES
100
AcDbPolyline
 90
4
 70
1
 10
51.0
 20
50.0
 10
58.0
 20
50.0
 10
58.0
 20
51.0
 10
51.0
 20
51.0
  0
LWPOLYLINE
  5
1269
330
17
100
AcDbEntity
  8
GREEN_AI_ZONES
100
AcDbPolyline
 90
4
 70
1
 10
62.0
 20
50.0
 10
64.0
 20
50.0
 10
64.0
 20
51.0
 10
62.0
 20
51.0
  0
LWPOLYLINE
  5
126A
330
17
100
AcDbEntity
  8
GREEN_AI_ZONES
100
AcDbPolyline
 90
4
 70
1
 10
73.0
 20
50.0
 10
78.0
 20
50.0
 10
78.0
 20
51.0
 10
73.0
 20
51.0
  0
LWPOLYLINE
  5
126B
330
17
100
AcDbEntity
  8
GREEN_AI_ZONES
100
AcDbPolyline
 90
4
 70
1
 10
82.0
 20
50.0
 10
120.0
 20
50.0
 10
120.0
 20
51.0
 10
82.0
 20
51.0
  0
LWPOLYLINE
  5
126C
330
17
100
AcDbEntity
  8
GREEN_AI_ZONES
100
AcDbPolyline
 90
4
 70
1
 10
0.0
 20
51.0
 10
5.0
 20
51.0
 10
5.0
 20
52.0
 10
0.0
 20
52.0
  0
LWPOLYLINE
  5
126D
330
17
100
AcDbEntity
  8
GREEN_AI_ZONES
100
AcDbPolyline
 90
4
 70
1
 10
51.0
 20
51.0
 10
58.0
 20
51.0
 10
58.0
 20
52.0
 10
51.0
 20
52.0
  0
LWPOLYLINE
  5
126E
330
17
100
AcDbEntity
  8
GREEN_AI_ZONES
100
AcDbPolyline
 90
4
 70
1
 10
62.0
 20
51.0
 10
64.0
 20
51.0
 10
64.0
 20
52.0
 10
62.0
 20
52.0
  0
LWPOLYLINE
  5
126F
330
17
100
AcDbEntity
  8
GREEN_AI_ZONES
100
AcDbPolyline
 90
4
 70
1
 10
72.0
 20
51.0
 10
78.0
 20
51.0
 10
78.0
 20
52.0
 10
72.0
 20
52.0
  0
LWPOLYLINE
  5
1270
330
17
100
AcDbEntity
  8
GREEN_AI_ZONES
100
AcDbPolyline
 90
4
 70
1
 10
82.0
 20
51.0
 10
120.0
 20
51.0
 10
120.0
 20
52.0
 10
82.0
 20
52.0
  0
LWPOLYLINE
  5
1271
330
17
100
AcDbEntity
  8
GREEN_AI_ZONES
100
AcDbPolyline
 90
4
 70
1
 10
0.0
 20
52.0
 10
5.0
 20
52.0
 10
5.0
 20
53.0
 10
0.0
 20
53.0
  0
LWPOLYLINE
  5
1272
330
17
100
AcDbEntity
  8
GREEN_AI_ZONES
100
AcDbPolyline
 90
4
 70
1
 10
51.0
 20
52.0
 10
58.0
 20
52.0
 10
58.0
 20
53.0
 10
51.0
 20
53.0
  0
LWPOLYLINE
  5
1273
330
17
100
AcDbEntity
  8
GREEN_AI_ZONES
100
AcDbPolyline
 90
4
 70
1
 10
62.0
 20
52.0
 10
65.0
 20
52.0
 10
65.0
 20
53.0
 10
62.0
 20
53.0
  0
LWPOLYLINE
  5
1274
330
17
100
AcDbEntity
  8
GREEN_AI_ZONES
100
AcDbPolyline
 90
4
 70
1
 10
72.0
 20
52.0
 10
78.0
 20
52.0
 10
78.0
 20
53.0
 10
72.0
 20
53.0
  0
LWPOLYLINE
  5
1275
330
17
100
AcDbEntity
  8
GREEN_AI_ZONES
100
AcDbPolyline
 90
4
 70
1
 10
82.0
 20
52.0
 10
120.0
 20
52.0
 10
120.0
 20
53.0
 10
82.0
 20
53.0
  0
LWPOLYLINE
  5
1276
330
17
100
AcDbEntity
  8
GREEN_AI_ZONES
100
AcDbPolyline
 90
4
 70
1
 10
0.0
 20
53.0
 10
5.0
 20
53.0
 10
5.0
 20
54.0
 10
0.0
 20
54.0
  0
LWPOLYLINE
  5
1277
330
17
100
AcDbEntity
  8
GREEN_AI_ZONES
100
AcDbPolyline
 90
4
 70
1
 10
51.0
 20
53.0
 10
58.0
 20
53.0
 10
58.0
 20
54.0
 10
51.0
 20
54.0
  0
LWPOLYLINE
  5
1278
330
17
100
AcDbEntity
  8
GREEN_AI_ZONES
100
AcDbPolyline
 90
4
 70
1
 10
62.0
 20
53.0
 10
65.0
 20
53.0
 10
65.0
 20
54.0
 10
62.0
 20
54.0
  0
LWPOLYLINE
  5
1279
330
17
100
AcDbEntity
  8
GREEN_AI_ZONES
100
AcDbPolyline
 90
4
 70
1
 10
71.0
 20
53.0
 10
78.0
 20
53.0
 10
78.0
 20
54.0
 10
71.0
 20
54.0
  0
LWPOLYLINE
  5
127A
330
17
100
AcDbEntity
  8
GREEN_AI_ZONES
100
AcDbPolyline
 90
4
 70
1
 10
82.0
 20
53.0
 10
120.0
 20
53.0
 10
120.0
 20
54.0
 10
82.0
 20
54.0
  0
LWPOLYLINE
  5
127B
330
17
100
AcDbEntity
  8
GREEN_AI_ZONES
100
AcDbPolyline
 90
4
 70
1
 10
0.0
 20
54.0
 10
5.0
 20
54.0
 10
5.0
 20
55.0
 10
0.0
 20
55.0
  0
LWPOLYLINE
  5
127C
330
17
100
AcDbEntity
  8
GREEN_AI_ZONES
100
AcDbPolyline
 90
4
 70
1
 10
51.0
 20
54.0
 10
58.0
 20
54.0
 10
58.0
 20
55.0
 10
51.0
 20
55.0
  0
LWPOLYLINE
  5
127D
330
17
100
AcDbEntity
  8
GREEN_AI_ZONES
100
AcDbPolyline
 90
4
 70
1
 10
62.0
 20
54.0
 10
68.0
 20
54.0
 10
68.0
 20
55.0
 10
62.0
 20
55.0
  0
LWPOLYLINE
  5
127E
330
17
100
AcDbEntity
  8
GREEN_AI_ZONES
100
AcDbPolyline
 90
4
 70
1
 10
69.0
 20
54.0
 10
78.0
 20
54.0
 10
78.0
 20
55.0
 10
69.0
 20
55.0
  0
LWPOLYLINE
  5
127F
330
17
100
AcDbEntity
  8
GREEN_AI_ZONES
100
AcDbPolyline
 90
4
 70
1
 10
82.0
 20
54.0
 10
120.0
 20
54.0
 10
120.0
 20
55.0
 10
82.0
 20
55.0
  0
LWPOLYLINE
  5
1280
330
17
100
AcDbEntity
  8
GREEN_AI_ZONES
100
AcDbPolyline
 90
4
 70
1
 10
0.0
 20
55.0
 10
5.0
 20
55.0
 10
5.0
 20
56.0
 10
0.0
 20
56.0
  0
LWPOLYLINE
  5
1281
330
17
100
AcDbEntity
  8
GREEN_AI_ZONES
100
AcDbPolyline
 90
4
 70
1
 10
51.0
 20
55.0
 10
58.0
 20
55.0
 10
58.0
 20
56.0
 10
51.0
 20
56.0
  0
LWPOLYLINE
  5
1282
330
17
100
AcDbEntity
  8
GREEN_AI_ZONES
100
AcDbPolyline
 90
4
 70
1
 10
62.0
 20
55.0
 10
78.0
 20
55.0
 10
78.0
 20
56.0
 10
62.0
 20
56.0
  0
LWPOLYLINE
  5
1283
330
17
100
AcDbEntity
  8
GREEN_AI_ZONES
100
AcDbPolyline
 90
4
 70
1
 10
82.0
 20
55.0
 10
120.0
 20
55.0
 10
120.0
 20
56.0
 10
82.0
 20
56.0
  0
LWPOLYLINE
  5
1284
330
17
100
AcDbEntity
  8
GREEN_AI_ZONES
100
AcDbPolyline
 90
4
 70
1
 10
0.0
 20
56.0
 10
5.0
 20
56.0
 10
5.0
 20
57.0
 10
0.0
 20
57.0
  0
LWPOLYLINE
  5
1285
330
17
100
AcDbEntity
  8
GREEN_AI_ZONES
100
AcDbPolyline
 90
4
 70
1
 10
51.0
 20
56.0
 10
58.0
 20
56.0
 10
58.0
 20
57.0
 10
51.0
 20
57.0
  0
LWPOLYLINE
  5
1286
330
17
100
AcDbEntity
  8
GREEN_AI_ZONES
100
AcDbPolyline
 90
4
 70
1
 10
62.0
 20
56.0
 10
78.0
 20
56.0
 10
78.0
 20
57.0
 10
62.0
 20
57.0
  0
LWPOLYLINE
  5
1287
330
17
100
AcDbEntity
  8
GREEN_AI_ZONES
100
AcDbPolyline
 90
4
 70
1
 10
82.0
 20
56.0
 10
120.0
 20
56.0
 10
120.0
 20
57.0
 10
82.0
 20
57.0
  0
LWPOLYLINE
  5
1288
330
17
100
AcDbEntity
  8
GREEN_AI_ZONES
100
AcDbPolyline
 90
4
 70
1
 10
0.0
 20
57.0
 10
5.0
 20
57.0
 10
5.0
 20
58.0
 10
0.0
 20
58.0
  0
LWPOLYLINE
  5
1289
330
17
100
AcDbEntity
  8
GREEN_AI_ZONES
100
AcDbPolyline
 90
4
 70
1
 10
50.0
 20
57.0
 10
58.0
 20
57.0
 10
58.0
 20
58.0
 10
50.0
 20
58.0
  0
LWPOLYLINE
  5
128A
330
17
100
AcDbEntity
  8
GREEN_AI_ZONES
100
AcDbPolyline
 90
4
 70
1
 10
62.0
 20
57.0
 10
78.0
 20
57.0
 10
78.0
 20
58.0
 10
62.0
 20
58.0
  0
LWPOLYLINE
  5
128B
330
17
100
AcDbEntity
  8
GREEN_AI_ZONES
100
AcDbPolyline
 90
4
 70
1
 10
82.0
 20
57.0
 10
120.0
 20
57.0
 10
120.0
 20
58.0
 10
82.0
 20
58.0
  0
LWPOLYLINE
  5
128C
330
17
100
AcDbEntity
  8
GREEN_AI_ZONES
100
AcDbPolyline
 90
4
 70
1
 10
0.0
 20
58.0
 10
5.0
 20
58.0
 10
5.0
 20
59.0
 10
0.0
 20
59.0
  0
LWPOLYLINE
  5
128D
330
17
100
AcDbEntity
  8
GREEN_AI_ZONES
100
AcDbPolyline
 90
4
 70
1
 10
50.0
 20
58.0
 10
58.0
 20
58.0
 10
58.0
 20
59.0
 10
50.0
 20
59.0
  0
LWPOLYLINE
  5
128E
330
17
100
AcDbEntity
  8
GREEN_AI_ZONES
100
AcDbPolyline
 90
4
 70
1
 10
62.0
 20
58.0
 10
78.0
 20
58.0
 10
78.0
 20
59.0
 10
62.0
 20
59.0
  0
LWPOLYLINE
  5
128F
330
17
100
AcDbEntity
  8
GREEN_AI_ZONES
100
AcDbPolyline
 90
4
 70
1
 10
82.0
 20
58.0
 10
120.0
 20
58.0
 10
120.0
 20
59.0
 10
82.0
 20
59.0
  0
LWPOLYLINE
  5
1290
330
17
100
AcDbEntity
  8
GREEN_AI_ZONES
100
AcDbPolyline
 90
4
 70
1
 10
0.0
 20
59.0
 10
6.0
 20
59.0
 10
6.0
 20
60.0
 10
0.0
 20
60.0
  0
LWPOLYLINE
  5
1291
330
17
100
AcDbEntity
  8
GREEN_AI_ZONES
100
AcDbPolyline
 90
4
 70
1
 10
50.0
 20
59.0
 10
58.0
 20
59.0
 10
58.0
 20
60.0
 10
50.0
 20
60.0
  0
LWPOLYLINE
  5
1292
330
17
100
AcDbEntity
  8
GREEN_AI_ZONES
100
AcDbPolyline
 90
4
 70
1
 10
62.0
 20
59.0
 10
78.0
 20
59.0
 10
78.0
 20
60.0
 10
62.0
 20
60.0
  0
LWPOLYLINE
  5
1293
330
17
100
AcDbEntity
  8
GREEN_AI_ZONES
100
AcDbPolyline
 90
4
 70
1
 10
82.0
 20
59.0
 10
120.0
 20
59.0
 10
120.0
 20
60.0
 10
82.0
 20
60.0
  0
ENDSEC
  0
SECTION
  2
OBJECTS
  0
DICTIONARY
  5
A
330
0
100
AcDbDictionary
281
1
  3
ACAD_COLOR
350
B
  3
ACAD_GROUP
350
C
  3
ACAD_LAYOUT
350
D
  3
ACAD_MATERIAL
350
E
  3
ACAD_MLEADERSTYLE
350
F
  3
ACAD_MLINESTYLE
350
10
  3
ACAD_PLOTSETTINGS
350
11
  3
ACAD_PLOTSTYLENAME
350
12
  3
ACAD_SCALELIST
350
14
  3
ACAD_TABLESTYLE
350
15
  3
ACAD_VISUALSTYLE
350
16
  3
EZDXF_META
350
2D
  0
DICTIONARY
  5
B
330
A
100
AcDbDictionary
281
1
  0
DICTIONARY
  5
C
330
A
100
AcDbDictionary
281
1
  0
DICTIONARY
  5
D
330
A
100
AcDbDictionary
281
1
  3
Model
350
1A
  3
Layout1
350
1E
  0
DICTIONARY
  5
E
330
A
100
AcDbDictionary
281
1
  3
ByBlock
350
1F
  3
ByLayer
350
20
  3
Global
350
21
  0
DICTIONARY
  5
F
330
A
100
AcDbDictionary
281
1
  3
Standard
350
2C
  0
DICTIONARY
  5
10
330
A
100
AcDbDictionary
281
1
  3
Standard
350
22
  0
DICTIONARY
  5
11
330
A
100
AcDbDictionary
281
1
  0
ACDBDICTIONARYWDFLT
  5
12
330
A
100
AcDbDictionary
281
1
  3
Normal
350
13
100
AcDbDictionaryWithDefault
340
13
  0
ACDBPLACEHOLDER
  5
13
330
12
  0
DICTIONARY
  5
14
330
A
100
AcDbDictionary
281
1
  0
DICTIONARY
  5
15
330
A
100
AcDbDictionary
281
1
  0
DICTIONARY
  5
16
330
A
100
AcDbDictionary
281
1
  0
LAYOUT
  5
1A
330
D
100
AcDbPlotSettings
  1

  4
A3
  6

 40
7.5
 41
20.0
 42
7.5
 43
20.0
 44
420.0
 45
297.0
 46
0.0
 47
0.0
 48
0.0
 49
0.0
140
0.0
141
0.0
142
1.0
143
1.0
 70
1024
 72
1
 73
0
 74
5
  7

 75
16
 76
0
 77
2
 78
300
147
1.0
148
0.0
149
0.0
100
AcDbLayout
  1
Model
 70
1
 71
0
 10
0.0
 20
0.0
 11
420.0
 21
297.0
 12
0.0
 22
0.0
 32
0.0
 14
1e+20
 24
1e+20
 34
1e+20
 15
-1e+20
 25
-1e+20
 35
-1e+20
146
0.0
 13
0.0
 23
0.0
 33
0.0
 16
1.0
 26
0.0
 36
0.0
 17
0.0
 27
1.0
 37
0.0
 76
1
330
17
  0
LAYOUT
  5
1E
330
D
100
AcDbPlotSettings
  1

  4
A3
  6

 40
7.5
 41
20.0
 42
7.5
 43
20.0
 44
420.0
 45
297.0
 46
0.0
 47
0.0
 48
0.0
 49
0.0
140
0.0
141
0.0
142
1.0
143
1.0
 70
0
 72
1
 73
0
 74
5
  7

 75
16
 76
0
 77
2
 78
300
147
1.0
148
0.0
149
0.0
100
AcDbLayout
  1
Layout1
 70
1
 71
1
 10
0.0
 20
0.0
 11
420.0
 21
297.0
 12
0.0
 22
0.0
 32
0.0
 14
1e+20
 24
1e+20
 34
1e+20
 15
-1e+20
 25
-1e+20
 35
-1e+20
146
0.0
 13
0.0
 23
0.0
 33
0.0
 16
1.0
 26
0.0
 36
0.0
 17
0.0
 27
1.0
 37
0.0
 76
1
330
1B
  0
MATERIAL
  5
1F
102
{ACAD_REACTORS
330
E
102
}
330
E
100
AcDbMaterial
  1
ByBlock
  2

 70
0
 40
1.0
 71
1
 41
1.0
 91
-1023410177
 42
1.0
 72
1
  3

 73
1
 74
1
 75
1
 44
0.5
 73
0
 45
1.0
 46
1.0
 77
1
  4

 78
1
 79
1
170
1
 48
1.0
171
1
  6

172
1
173
1
174
1
140
1.0
141
1.0
175
1
  7

176
1
177
1
178
1
143
1.0
179
1
  8

270
1
271
1
272
1
145
1.0
146
1.0
273
1
  9

274
1
275
1
276
1
 42
1.0
 72
1
  3

 73
1
 74
1
 75
1
 94
63
  0
MATERIAL
  5
20
102
{ACAD_REACTORS
330
E
102
}
330
E
100
AcDbMaterial
  1
ByLayer
  2

 70
0
 40
1.0
 71
1
 41
1.0
 91
-1023410177
 42
1.0
 72
1
  3

 73
1
 74
1
 75
1
 44
0.5
 73
0
 45
1.0
 46
1.0
 77
1
  4

 78
1
 79
1
170
1
 48
1.0
171
1
  6

172
1
173
1
174
1
140
1.0
141
1.0
175
1
  7

176
1
177
1
178
1
143
1.0
179
1
  8

270
1
271
1
272
1
145
1.0
146
1.0
273
1
  9

274
1
275
1
276
1
 42
1.0
 72
1
  3

 73
1
 74
1
 75
1
 94
63
  0
MATERIAL
  5
21
102
{ACAD_REACTORS
330
E
102
}
330
E
100
AcDbMaterial
  1
Global
  2

 70
0
 40
1.0
 71
1
 41
1.0
 91
-1023410177
 42
1.0
 72
1
  3

 73
1
 74
1
 75
1
 44
0.5
 73
0
 45
1.0
 46
1.0
 77
1
  4

 78
1
 79
1
170
1
 48
1.0
171
1
  6

172
1
173
1
174
1
140
1.0
141
1.0
175
1
  7

176
1
177
1
178
1
143
1.0
179
1
  8

270
1
271
1
272
1
145
1.0
146
1.0
273
1
  9

274
1
275
1
276
1
 42
1.0
 72
1
  3

 73
1
 74
1
 75
1
 94
63
  0
MLINESTYLE
  5
22
102
{ACAD_REACTORS
330
10
102
}
330
10
100
AcDbMlineStyle
  2
Standard
 70
0
  3

 62
256
 51
90.0
 52
90.0
 71
2
 49
0.5
 62
256
  6
BYLAYER
 49
-0.5
 62
256
  6
BYLAYER
  0
MLEADERSTYLE
  5
2C
102
{ACAD_REACTORS
330
F
102
}
330
F
100
AcDbMLeaderStyle
179
2
170
2
171
1
172
0
 90
2
 40
0.0
 41
0.0
173
1
 91
-1056964608
 92
-2
290
1
 42
2.0
291
1
 43
8.0
  3
Standard
 44
4.0
300

342
29
174
1
175
1
176
0
178
1
 93
-1056964608
 45
4.0
292
0
297
0
 46
4.0
 94
-1056964608
 47
1.0
 49
1.0
140
1.0
294
1
141
0.0
177
0
142
1.0
295
0
296
0
143
3.75
271
0
272
9
273
9
  0
DICTIONARY
  5
2D
330
A
100
AcDbDictionary
280
1
281
1
  3
CREATED_BY_EZDXF
350
2E
  3
WRITTEN_BY_EZDXF
350
4E
  0
DICTIONARYVAR
  5
2E
330
2D
100
DictionaryVariables
280
0
  1
1.3.5 @ 2026-09-16T19:16:30.087339+00:00
  0
DICTIONARYVAR
  5
4E
330
2D
100
DictionaryVariables
280
0
  1
1.4.4 @ 2026-09-28T20:36:08.889495+00:00
  0
ENDSEC
  0
EOF
