id;type;species_name;x;y;act;clause;critical_object;required_m;actual_m;explanation
T-001;дерево;Клён остролистный 'Globosum' (штамб);117.625;59.375;Проектное допущение;смыкание крон, сохранение насаждений по ППМ № 743-ПП;Существующее сохраняемое дерево (от ствола);4.0;26.63;Посадка (дерево) допустима. Определяющее ограничение — существующее сохраняемое дерево (от ствола): требуется не менее 4.0 м, фактически 26.63 м (Проектное допущение, смыкание крон, сохранение насаждений по ППМ № 743-ПП). Прочие проверенные отступы: водопровод, дренаж — 29.25 м при норме 2.0 м.
T-002;дерево;Рябина обыкновенная;110.125;59.375;Проектное допущение;смыкание крон, сохранение насаждений по ППМ № 743-ПП;Существующее сохраняемое дерево (от ствола);4.0;20.69;"Посадка (дерево) допустима. Определяющее ограничение — существующее сохраняемое дерево (от ствола): требуется не менее 4.0 м, фактически 20.69 м (Проектное допущение, смыкание крон, сохранение насаждений по ППМ № 743-ПП). Прочие проверенные отступы: водопровод, дренаж — 29.25 м при норме 2.0 м; канализация — 30.0 м при норме 1.5 м."
T-003;дерево;Яблоня декоративная Недзвецкого;102.625;59.375;Проектное допущение;смыкание крон, сохранение насаждений по ППМ № 743-ПП;Существующее сохраняемое дерево (от ствола);4.0;16.1;"Посадка (дерево) допустима. Определяющее ограничение — существующее сохраняемое дерево (от ствола): требуется не менее 4.0 м, фактически 16.1 м (Проектное допущение, смыкание крон, сохранение насаждений по ППМ № 743-ПП). Прочие проверенные отступы: канализация — 22.5 м при норме 1.5 м; водопровод, дренаж — 29.25 м при норме 2.0 м."
T-004;дерево;Боярышник однопестичный;95.125;59.375;Проектное допущение;смыкание крон, сохранение насаждений по ППМ № 743-ПП;Существующее сохраняемое дерево (от ствола);4.0;14.25;"Посадка (дерево) допустима. Определяющее ограничение — существующее сохраняемое дерево (от ствола): требуется не менее 4.0 м, фактически 14.25 м (Проектное допущение, смыкание крон, сохранение насаждений по ППМ № 743-ПП). Прочие проверенные отступы: канализация — 15.0 м при норме 1.5 м; водопровод, дренаж — 29.25 м при норме 2.0 м."
T-005;дерево;Ель колючая;87.625;59.375;СП 42.13330.2016;"таблица 9.1; ППМ № 743-ПП, прил. 1, п. 3.6.3, табл. 3.6.1 (МГСН 1.01-99); ППМ № 623-ПП (МГСН 1.02-02), п. 4.2.4";Канализация;1.5;7.5;"Посадка (дерево) допустима. Определяющее ограничение — канализация: требуется не менее 1.5 м, фактически 7.5 м (СП 42.13330.2016, таблица 9.1; ППМ № 743-ПП, прил. 1, п. 3.6.3, табл. 3.6.1 (МГСН 1.01-99); ППМ № 623-ПП (МГСН 1.02-02), п. 4.2.4). Прочие проверенные отступы: существующее сохраняемое дерево (от ствола) — 16.1 м при норме 4.0 м; газопровод — 27.5 м при норме 1.5 м; водопровод, дренаж — 29.25 м при норме 2.0 м."
T-006;дерево;Клён Гиннала;117.625;46.625;СП 42.13330.2016;"таблица 9.1; ППМ № 743-ПП, прил. 1, п. 3.6.3, табл. 3.6.1 (МГСН 1.01-99); ППМ № 623-ПП (МГСН 1.02-02), п. 4.2.4";Водопровод, дренаж;2.0;16.5;"Посадка (дерево) допустима. Определяющее ограничение — водопровод, дренаж: требуется не менее 2.0 м, фактически 16.5 м (СП 42.13330.2016, таблица 9.1; ППМ № 743-ПП, прил. 1, п. 3.6.3, табл. 3.6.1 (МГСН 1.01-99); ППМ № 623-ПП (МГСН 1.02-02), п. 4.2.4). Прочие проверенные отступы: существующее сохраняемое дерево (от ствола) — 20.7 м при норме 4.0 м; силовой кабель и кабель связи — 20.5 м при норме 2.0 м; край тротуара и садовой дорожки — 23.5 м при норме 0.7 м."
T-007;дерево;Липа мелколистная;110.125;46.625;Проектное допущение;смыкание крон, сохранение насаждений по ППМ № 743-ПП;Существующее сохраняемое дерево (от ствола);4.0;15.07;"Посадка (дерево) допустима. Определяющее ограничение — существующее сохраняемое дерево (от ствола): требуется не менее 4.0 м, фактически 15.07 м (Проектное допущение, смыкание крон, сохранение насаждений по ППМ № 743-ПП). Прочие проверенные отступы: водопровод, дренаж — 16.5 м при норме 2.0 м; силовой кабель и кабель связи — 20.5 м при норме 2.0 м; край тротуара и садовой дорожки — 23.5 м при норме 0.7 м."
T-008;дерево;Дуб черешчатый;102.625;46.625;Проектное допущение;смыкание крон, сохранение насаждений по ППМ № 743-ПП;Существующее сохраняемое дерево (от ствола);4.0;7.65;"Посадка (дерево) допустима. Определяющее ограничение — существующее сохраняемое дерево (от ствола): требуется не менее 4.0 м, фактически 7.65 м (Проектное допущение, смыкание крон, сохранение насаждений по ППМ № 743-ПП). Прочие проверенные отступы: водопровод, дренаж — 16.5 м при норме 2.0 м; силовой кабель и кабель связи — 20.5 м при норме 2.0 м; канализация — 22.5 м при норме 1.5 м."
T-009;дерево;Берёза повислая;87.625;46.625;Проектное допущение;смыкание крон, сохранение насаждений по ППМ № 743-ПП;Существующее сохраняемое дерево (от ствола);4.0;7.65;"Посадка (дерево) допустима. Определяющее ограничение — существующее сохраняемое дерево (от ствола): требуется не менее 4.0 м, фактически 7.65 м (Проектное допущение, смыкание крон, сохранение насаждений по ППМ № 743-ПП). Прочие проверенные отступы: канализация — 7.5 м при норме 1.5 м; водопровод, дренаж — 16.5 м при норме 2.0 м; силовой кабель и кабель связи — 20.5 м при норме 2.0 м."
T-010;дерево;Рябина обыкновенная;117.625;33.625;СП 42.13330.2016;"таблица 9.1; ППМ № 743-ПП, прил. 1, п. 3.6.3, табл. 3.6.1 (МГСН 1.01-99); ППМ № 623-ПП (МГСН 1.02-02), п. 4.2.4";Водопровод, дренаж;2.0;3.5;"Посадка (дерево) допустима. Определяющее ограничение — водопровод, дренаж: требуется не менее 2.0 м, фактически 3.5 м (СП 42.13330.2016, таблица 9.1; ППМ № 743-ПП, прил. 1, п. 3.6.3, табл. 3.6.1 (МГСН 1.01-99); ППМ № 623-ПП (МГСН 1.02-02), п. 4.2.4). Прочие проверенные отступы: силовой кабель и кабель связи — 7.5 м при норме 2.0 м; существующее сохраняемое дерево (от ствола) — 12.98 м при норме 4.0 м; край тротуара и садовой дорожки — 10.5 м при норме 0.7 м."
T-011;дерево;Сосна обыкновенная;110.125;33.625;СП 42.13330.2016;"таблица 9.1; ППМ № 743-ПП, прил. 1, п. 3.6.3, табл. 3.6.1 (МГСН 1.01-99); ППМ № 623-ПП (МГСН 1.02-02), п. 4.2.4";Водопровод, дренаж;2.0;3.5;"Посадка (дерево) допустима. Определяющее ограничение — водопровод, дренаж: требуется не менее 2.0 м, фактически 3.5 м (СП 42.13330.2016, таблица 9.1; ППМ № 743-ПП, прил. 1, п. 3.6.3, табл. 3.6.1 (МГСН 1.01-99); ППМ № 623-ПП (МГСН 1.02-02), п. 4.2.4). Прочие проверенные отступы: существующее сохраняемое дерево (от ствола) — 6.1 м при норме 4.0 м; силовой кабель и кабель связи — 7.5 м при норме 2.0 м; край тротуара и садовой дорожки — 10.5 м при норме 0.7 м."
T-012;дерево;Лиственница сибирская;95.125;33.625;СП 42.13330.2016;"таблица 9.1; ППМ № 743-ПП, прил. 1, п. 3.6.3, табл. 3.6.1 (МГСН 1.01-99); ППМ № 623-ПП (МГСН 1.02-02), п. 4.2.4";Водопровод, дренаж;2.0;3.5;"Посадка (дерево) допустима. Определяющее ограничение — водопровод, дренаж: требуется не менее 2.0 м, фактически 3.5 м (СП 42.13330.2016, таблица 9.1; ППМ № 743-ПП, прил. 1, п. 3.6.3, табл. 3.6.1 (МГСН 1.01-99); ППМ № 623-ПП (МГСН 1.02-02), п. 4.2.4). Прочие проверенные отступы: силовой кабель и кабель связи — 7.5 м при норме 2.0 м; существующее сохраняемое дерево (от ствола) — 10.59 м при норме 4.0 м; край тротуара и садовой дорожки — 10.5 м при норме 0.7 м."
T-013;дерево;Каштан конский;87.625;33.625;СП 42.13330.2016;"таблица 9.1; ППМ № 743-ПП, прил. 1, п. 3.6.3, табл. 3.6.1 (МГСН 1.01-99); ППМ № 623-ПП (МГСН 1.02-02), п. 4.2.4";Водопровод, дренаж;2.0;3.5;"Посадка (дерево) допустима. Определяющее ограничение — водопровод, дренаж: требуется не менее 2.0 м, фактически 3.5 м (СП 42.13330.2016, таблица 9.1; ППМ № 743-ПП, прил. 1, п. 3.6.3, табл. 3.6.1 (МГСН 1.01-99); ППМ № 623-ПП (МГСН 1.02-02), п. 4.2.4). Прочие проверенные отступы: силовой кабель и кабель связи — 7.5 м при норме 2.0 м; канализация — 7.5 м при норме 1.5 м; существующее сохраняемое дерево (от ствола) — 13.73 м при норме 4.0 м."
T-014;дерево;Яблоня декоративная Недзвецкого;0.875;4.375;СП 42.13330.2016;"таблица 9.1; ППМ № 743-ПП, прил. 1, п. 3.6.3, табл. 3.6.1 (МГСН 1.01-99); ППМ № 623-ПП (МГСН 1.02-02), п. 4.2.4";Край проезжей части, кромка укреплённой полосы обочины;2.0;3.75;"Посадка (дерево) допустима. Определяющее ограничение — край проезжей части, кромка укреплённой полосы обочины: требуется не менее 2.0 м, фактически 3.75 м (СП 42.13330.2016, таблица 9.1; ППМ № 743-ПП, прил. 1, п. 3.6.3, табл. 3.6.1 (МГСН 1.01-99); ППМ № 623-ПП (МГСН 1.02-02), п. 4.2.4). Прочие проверенные отступы: край тротуара и садовой дорожки — 15.75 м при норме 0.7 м; мачта и опора осветительной сети, колонна галереи или эстакады — 19.12 м при норме 4.0 м; силовой кабель и кабель связи — 21.75 м при норме 2.0 м."
T-015;дерево;Боярышник однопестичный;6.875;4.375;СП 42.13330.2016;"таблица 9.1; ППМ № 743-ПП, прил. 1, п. 3.6.3, табл. 3.6.1 (МГСН 1.01-99); ППМ № 623-ПП (МГСН 1.02-02), п. 4.2.4";Край проезжей части, кромка укреплённой полосы обочины;2.0;3.75;"Посадка (дерево) допустима. Определяющее ограничение — край проезжей части, кромка укреплённой полосы обочины: требуется не менее 2.0 м, фактически 3.75 м (СП 42.13330.2016, таблица 9.1; ППМ № 743-ПП, прил. 1, п. 3.6.3, табл. 3.6.1 (МГСН 1.01-99); ППМ № 623-ПП (МГСН 1.02-02), п. 4.2.4). Прочие проверенные отступы: мачта и опора осветительной сети, колонна галереи или эстакады — 15.19 м при норме 4.0 м; край тротуара и садовой дорожки — 15.75 м при норме 0.7 м; силовой кабель и кабель связи — 21.75 м при норме 2.0 м."
T-016;дерево;Ель колючая;12.875;4.375;СП 42.13330.2016;"таблица 9.1; ППМ № 743-ПП, прил. 1, п. 3.6.3, табл. 3.6.1 (МГСН 1.01-99); ППМ № 623-ПП (МГСН 1.02-02), п. 4.2.4";Край проезжей части, кромка укреплённой полосы обочины;2.0;3.75;"Посадка (дерево) допустима. Определяющее ограничение — край проезжей части, кромка укреплённой полосы обочины: требуется не менее 2.0 м, фактически 3.75 м (СП 42.13330.2016, таблица 9.1; ППМ № 743-ПП, прил. 1, п. 3.6.3, табл. 3.6.1 (МГСН 1.01-99); ППМ № 623-ПП (МГСН 1.02-02), п. 4.2.4). Прочие проверенные отступы: мачта и опора осветительной сети, колонна галереи или эстакады — 12.95 м при норме 4.0 м; край тротуара и садовой дорожки — 15.75 м при норме 0.7 м; силовой кабель и кабель связи — 21.75 м при норме 2.0 м."
T-017;дерево;Клён остролистный 'Globosum' (штамб);18.875;4.375;СП 42.13330.2016;"таблица 9.1; ППМ № 743-ПП, прил. 1, п. 3.6.3, табл. 3.6.1 (МГСН 1.01-99); ППМ № 623-ПП (МГСН 1.02-02), п. 4.2.4";Край проезжей части, кромка укреплённой полосы обочины;2.0;3.75;"Посадка (дерево) допустима. Определяющее ограничение — край проезжей части, кромка укреплённой полосы обочины: требуется не менее 2.0 м, фактически 3.75 м (СП 42.13330.2016, таблица 9.1; ППМ № 743-ПП, прил. 1, п. 3.6.3, табл. 3.6.1 (МГСН 1.01-99); ППМ № 623-ПП (МГСН 1.02-02), п. 4.2.4). Прочие проверенные отступы: мачта и опора осветительной сети, колонна галереи или эстакады — 13.29 м при норме 4.0 м; край тротуара и садовой дорожки — 15.75 м при норме 0.7 м; силовой кабель и кабель связи — 21.75 м при норме 2.0 м."
T-018;дерево;Клён Гиннала;24.875;4.375;СП 42.13330.2016;"таблица 9.1; ППМ № 743-ПП, прил. 1, п. 3.6.3, табл. 3.6.1 (МГСН 1.01-99); ППМ № 623-ПП (МГСН 1.02-02), п. 4.2.4";Край проезжей части, кромка укреплённой полосы обочины;2.0;3.75;"Посадка (дерево) допустима. Определяющее ограничение — край проезжей части, кромка укреплённой полосы обочины: требуется не менее 2.0 м, фактически 3.75 м (СП 42.13330.2016, таблица 9.1; ППМ № 743-ПП, прил. 1, п. 3.6.3, табл. 3.6.1 (МГСН 1.01-99); ППМ № 623-ПП (МГСН 1.02-02), п. 4.2.4). Прочие проверенные отступы: мачта и опора осветительной сети, колонна галереи или эстакады — 16.05 м при норме 4.0 м; край тротуара и садовой дорожки — 15.75 м при норме 0.7 м; силовой кабель и кабель связи — 21.75 м при норме 2.0 м."
T-019;дерево;Рябина обыкновенная;30.875;4.375;СП 42.13330.2016;"таблица 9.1; ППМ № 743-ПП, прил. 1, п. 3.6.3, табл. 3.6.1 (МГСН 1.01-99); ППМ № 623-ПП (МГСН 1.02-02), п. 4.2.4";Край проезжей части, кромка укреплённой полосы обочины;2.0;3.75;"Посадка (дерево) допустима. Определяющее ограничение — край проезжей части, кромка укреплённой полосы обочины: требуется не менее 2.0 м, фактически 3.75 м (СП 42.13330.2016, таблица 9.1; ППМ № 743-ПП, прил. 1, п. 3.6.3, табл. 3.6.1 (МГСН 1.01-99); ППМ № 623-ПП (МГСН 1.02-02), п. 4.2.4). Прочие проверенные отступы: мачта и опора осветительной сети, колонна галереи или эстакады — 15.75 м при норме 4.0 м; край тротуара и садовой дорожки — 15.75 м при норме 0.7 м; силовой кабель и кабель связи — 21.75 м при норме 2.0 м."
T-020;дерево;Яблоня декоративная Недзвецкого;36.875;4.375;СП 42.13330.2016;"таблица 9.1; ППМ № 743-ПП, прил. 1, п. 3.6.3, табл. 3.6.1 (МГСН 1.01-99); ППМ № 623-ПП (МГСН 1.02-02), п. 4.2.4";Край проезжей части, кромка укреплённой полосы обочины;2.0;3.75;"Посадка (дерево) допустима. Определяющее ограничение — край проезжей части, кромка укреплённой полосы обочины: требуется не менее 2.0 м, фактически 3.75 м (СП 42.13330.2016, таблица 9.1; ППМ № 743-ПП, прил. 1, п. 3.6.3, табл. 3.6.1 (МГСН 1.01-99); ППМ № 623-ПП (МГСН 1.02-02), п. 4.2.4). Прочие проверенные отступы: мачта и опора осветительной сети, колонна галереи или эстакады — 13.16 м при норме 4.0 м; край тротуара и садовой дорожки — 15.75 м при норме 0.7 м; силовой кабель и кабель связи — 21.75 м при норме 2.0 м."
T-021;дерево;Боярышник однопестичный;42.875;4.375;СП 42.13330.2016;"таблица 9.1; ППМ № 743-ПП, прил. 1, п. 3.6.3, табл. 3.6.1 (МГСН 1.01-99); ППМ № 623-ПП (МГСН 1.02-02), п. 4.2.4";Край проезжей части, кромка укреплённой полосы обочины;2.0;3.75;"Посадка (дерево) допустима. Определяющее ограничение — край проезжей части, кромка укреплённой полосы обочины: требуется не менее 2.0 м, фактически 3.75 м (СП 42.13330.2016, таблица 9.1; ППМ № 743-ПП, прил. 1, п. 3.6.3, табл. 3.6.1 (МГСН 1.01-99); ППМ № 623-ПП (МГСН 1.02-02), п. 4.2.4). Прочие проверенные отступы: мачта и опора осветительной сети, колонна галереи или эстакады — 13.04 м при норме 4.0 м; край тротуара и садовой дорожки — 15.75 м при норме 0.7 м; силовой кабель и кабель связи — 21.75 м при норме 2.0 м."
T-022;дерево;Ель колючая;48.875;4.375;СП 42.13330.2016;"таблица 9.1; ППМ № 743-ПП, прил. 1, п. 3.6.3, табл. 3.6.1 (МГСН 1.01-99); ППМ № 623-ПП (МГСН 1.02-02), п. 4.2.4";Край проезжей части, кромка укреплённой полосы обочины;2.0;3.75;"Посадка (дерево) допустима. Определяющее ограничение — край проезжей части, кромка укреплённой полосы обочины: требуется не менее 2.0 м, фактически 3.75 м (СП 42.13330.2016, таблица 9.1; ППМ № 743-ПП, прил. 1, п. 3.6.3, табл. 3.6.1 (МГСН 1.01-99); ППМ № 623-ПП (МГСН 1.02-02), п. 4.2.4). Прочие проверенные отступы: мачта и опора осветительной сети, колонна галереи или эстакады — 15.46 м при норме 4.0 м; край тротуара и садовой дорожки — 15.75 м при норме 0.7 м; силовой кабель и кабель связи — 21.75 м при норме 2.0 м."
T-023;дерево;Клён остролистный 'Globosum' (штамб);54.875;4.375;СП 42.13330.2016;"таблица 9.1; ППМ № 743-ПП, прил. 1, п. 3.6.3, табл. 3.6.1 (МГСН 1.01-99); ППМ № 623-ПП (МГСН 1.02-02), п. 4.2.4";Край проезжей части, кромка укреплённой полосы обочины;2.0;3.75;"Посадка (дерево) допустима. Определяющее ограничение — край проезжей части, кромка укреплённой полосы обочины: требуется не менее 2.0 м, фактически 3.75 м (СП 42.13330.2016, таблица 9.1; ППМ № 743-ПП, прил. 1, п. 3.6.3, табл. 3.6.1 (МГСН 1.01-99); ППМ № 623-ПП (МГСН 1.02-02), п. 4.2.4). Прочие проверенные отступы: мачта и опора осветительной сети, колонна галереи или эстакады — 16.36 м при норме 4.0 м; край тротуара и садовой дорожки — 15.75 м при норме 0.7 м; силовой кабель и кабель связи — 21.75 м при норме 2.0 м."
T-024;дерево;Клён Гиннала;60.875;4.375;СП 42.13330.2016;"таблица 9.1; ППМ № 743-ПП, прил. 1, п. 3.6.3, табл. 3.6.1 (МГСН 1.01-99); ППМ № 623-ПП (МГСН 1.02-02), п. 4.2.4";Край проезжей части, кромка укреплённой полосы обочины;2.0;3.75;"Посадка (дерево) допустима. Определяющее ограничение — край проезжей части, кромка укреплённой полосы обочины: требуется не менее 2.0 м, фактически 3.75 м (СП 42.13330.2016, таблица 9.1; ППМ № 743-ПП, прил. 1, п. 3.6.3, табл. 3.6.1 (МГСН 1.01-99); ППМ № 623-ПП (МГСН 1.02-02), п. 4.2.4). Прочие проверенные отступы: мачта и опора осветительной сети, колонна галереи или эстакады — 13.44 м при норме 4.0 м; край тротуара и садовой дорожки — 15.75 м при норме 0.7 м; канализация — 19.25 м при норме 1.5 м."
T-025;дерево;Рябина обыкновенная;66.875;4.375;СП 42.13330.2016;"таблица 9.1; ППМ № 743-ПП, прил. 1, п. 3.6.3, табл. 3.6.1 (МГСН 1.01-99); ППМ № 623-ПП (МГСН 1.02-02), п. 4.2.4";Край проезжей части, кромка укреплённой полосы обочины;2.0;3.75;"Посадка (дерево) допустима. Определяющее ограничение — край проезжей части, кромка укреплённой полосы обочины: требуется не менее 2.0 м, фактически 3.75 м (СП 42.13330.2016, таблица 9.1; ППМ № 743-ПП, прил. 1, п. 3.6.3, табл. 3.6.1 (МГСН 1.01-99); ППМ № 623-ПП (МГСН 1.02-02), п. 4.2.4). Прочие проверенные отступы: мачта и опора осветительной сети, колонна галереи или эстакады — 12.87 м при норме 4.0 м; канализация — 13.25 м при норме 1.5 м; край тротуара и садовой дорожки — 15.75 м при норме 0.7 м."
T-026;дерево;Яблоня декоративная Недзвецкого;72.875;4.375;СП 42.13330.2016;"таблица 9.1; ППМ № 743-ПП, прил. 1, п. 3.6.3, табл. 3.6.1 (МГСН 1.01-99); ППМ № 623-ПП (МГСН 1.02-02), п. 4.2.4";Край проезжей части, кромка укреплённой полосы обочины;2.0;3.75;"Посадка (дерево) допустима. Определяющее ограничение — край проезжей части, кромка укреплённой полосы обочины: требуется не менее 2.0 м, фактически 3.75 м (СП 42.13330.2016, таблица 9.1; ППМ № 743-ПП, прил. 1, п. 3.6.3, табл. 3.6.1 (МГСН 1.01-99); ППМ № 623-ПП (МГСН 1.02-02), п. 4.2.4). Прочие проверенные отступы: канализация — 7.25 м при норме 1.5 м; мачта и опора осветительной сети, колонна галереи или эстакады — 14.92 м при норме 4.0 м; край тротуара и садовой дорожки — 15.75 м при норме 0.7 м."
T-027;дерево;Боярышник однопестичный;0.875;11.125;СП 42.13330.2016;"таблица 9.1; ППМ № 743-ПП, прил. 1, п. 3.6.3, табл. 3.6.1 (МГСН 1.01-99); ППМ № 623-ПП (МГСН 1.02-02), п. 4.2.4";Край проезжей части, кромка укреплённой полосы обочины;2.0;3.0;"Посадка (дерево) допустима. Определяющее ограничение — край проезжей части, кромка укреплённой полосы обочины: требуется не менее 2.0 м, фактически 3.0 м (СП 42.13330.2016, таблица 9.1; ППМ № 743-ПП, прил. 1, п. 3.6.3, табл. 3.6.1 (МГСН 1.01-99); ППМ № 623-ПП (МГСН 1.02-02), п. 4.2.4). Прочие проверенные отступы: край тротуара и садовой дорожки — 9.0 м при норме 0.7 м; мачта и опора осветительной сети, колонна галереи или эстакады — 15.46 м при норме 4.0 м; силовой кабель и кабель связи — 15.0 м при норме 2.0 м."
T-028;дерево;Ель колючая;11.875;11.125;СП 42.13330.2016;"таблица 9.1; ППМ № 743-ПП, прил. 1, п. 3.6.3, табл. 3.6.1 (МГСН 1.01-99); ППМ № 623-ПП (МГСН 1.02-02), п. 4.2.4";Край проезжей части, кромка укреплённой полосы обочины;2.0;3.0;"Посадка (дерево) допустима. Определяющее ограничение — край проезжей части, кромка укреплённой полосы обочины: требуется не менее 2.0 м, фактически 3.0 м (СП 42.13330.2016, таблица 9.1; ППМ № 743-ПП, прил. 1, п. 3.6.3, табл. 3.6.1 (МГСН 1.01-99); ППМ № 623-ПП (МГСН 1.02-02), п. 4.2.4). Прочие проверенные отступы: мачта и опора осветительной сети, колонна галереи или эстакады — 6.82 м при норме 4.0 м; край тротуара и садовой дорожки — 9.0 м при норме 0.7 м; силовой кабель и кабель связи — 15.0 м при норме 2.0 м."
T-029;дерево;Клён остролистный 'Globosum' (штамб);17.875;11.125;СП 42.13330.2016;"таблица 9.1; ППМ № 743-ПП, прил. 1, п. 3.6.3, табл. 3.6.1 (МГСН 1.01-99); ППМ № 623-ПП (МГСН 1.02-02), п. 4.2.4";Край проезжей части, кромка укреплённой полосы обочины;2.0;3.0;"Посадка (дерево) допустима. Определяющее ограничение — край проезжей части, кромка укреплённой полосы обочины: требуется не менее 2.0 м, фактически 3.0 м (СП 42.13330.2016, таблица 9.1; ППМ № 743-ПП, прил. 1, п. 3.6.3, табл. 3.6.1 (МГСН 1.01-99); ППМ № 623-ПП (МГСН 1.02-02), п. 4.2.4). Прочие проверенные отступы: мачта и опора осветительной сети, колонна галереи или эстакады — 6.6 м при норме 4.0 м; край тротуара и садовой дорожки — 9.0 м при норме 0.7 м; силовой кабель и кабель связи — 15.0 м при норме 2.0 м."
T-030;дерево;Клён Гиннала;23.875;11.125;СП 42.13330.2016;"таблица 9.1; ППМ № 743-ПП, прил. 1, п. 3.6.3, табл. 3.6.1 (МГСН 1.01-99); ППМ № 623-ПП (МГСН 1.02-02), п. 4.2.4";Край проезжей части, кромка укреплённой полосы обочины;2.0;3.0;"Посадка (дерево) допустима. Определяющее ограничение — край проезжей части, кромка укреплённой полосы обочины: требуется не менее 2.0 м, фактически 3.0 м (СП 42.13330.2016, таблица 9.1; ППМ № 743-ПП, прил. 1, п. 3.6.3, табл. 3.6.1 (МГСН 1.01-99); ППМ № 623-ПП (МГСН 1.02-02), п. 4.2.4). Прочие проверенные отступы: мачта и опора осветительной сети, колонна галереи или эстакады — 10.61 м при норме 4.0 м; край тротуара и садовой дорожки — 9.0 м при норме 0.7 м; силовой кабель и кабель связи — 15.0 м при норме 2.0 м."
T-031;дерево;Рябина обыкновенная;29.875;11.125;СП 42.13330.2016;"таблица 9.1; ППМ № 743-ПП, прил. 1, п. 3.6.3, табл. 3.6.1 (МГСН 1.01-99); ППМ № 623-ПП (МГСН 1.02-02), п. 4.2.4";Край проезжей части, кромка укреплённой полосы обочины;2.0;3.0;"Посадка (дерево) допустима. Определяющее ограничение — край проезжей части, кромка укреплённой полосы обочины: требуется не менее 2.0 м, фактически 3.0 м (СП 42.13330.2016, таблица 9.1; ППМ № 743-ПП, прил. 1, п. 3.6.3, табл. 3.6.1 (МГСН 1.01-99); ППМ № 623-ПП (МГСН 1.02-02), п. 4.2.4). Прочие проверенные отступы: мачта и опора осветительной сети, колонна галереи или эстакады — 11.88 м при норме 4.0 м; край тротуара и садовой дорожки — 9.0 м при норме 0.7 м; силовой кабель и кабель связи — 15.0 м при норме 2.0 м."
T-032;дерево;Яблоня декоративная Недзвецкого;35.875;11.125;СП 42.13330.2016;"таблица 9.1; ППМ № 743-ПП, прил. 1, п. 3.6.3, табл. 3.6.1 (МГСН 1.01-99); ППМ № 623-ПП (МГСН 1.02-02), п. 4.2.4";Край проезжей части, кромка укреплённой полосы обочины;2.0;3.0;"Посадка (дерево) допустима. Определяющее ограничение — край проезжей части, кромка укреплённой полосы обочины: требуется не менее 2.0 м, фактически 3.0 м (СП 42.13330.2016, таблица 9.1; ППМ № 743-ПП, прил. 1, п. 3.6.3, табл. 3.6.1 (МГСН 1.01-99); ППМ № 623-ПП (МГСН 1.02-02), п. 4.2.4). Прочие проверенные отступы: мачта и опора осветительной сети, колонна галереи или эстакады — 7.35 м при норме 4.0 м; край тротуара и садовой дорожки — 9.0 м при норме 0.7 м; силовой кабель и кабель связи — 15.0 м при норме 2.0 м."
T-033;дерево;Боярышник однопестичный;41.875;11.125;СП 42.13330.2016;"таблица 9.1; ППМ № 743-ПП, прил. 1, п. 3.6.3, табл. 3.6.1 (МГСН 1.01-99); ППМ № 623-ПП (МГСН 1.02-02), п. 4.2.4";Край проезжей части, кромка укреплённой полосы обочины;2.0;3.0;"Посадка (дерево) допустима. Определяющее ограничение — край проезжей части, кромка укреплённой полосы обочины: требуется не менее 2.0 м, фактически 3.0 м (СП 42.13330.2016, таблица 9.1; ППМ № 743-ПП, прил. 1, п. 3.6.3, табл. 3.6.1 (МГСН 1.01-99); ППМ № 623-ПП (МГСН 1.02-02), п. 4.2.4). Прочие проверенные отступы: мачта и опора осветительной сети, колонна галереи или эстакады — 6.25 м при норме 4.0 м; край тротуара и садовой дорожки — 9.0 м при норме 0.7 м; силовой кабель и кабель связи — 15.0 м при норме 2.0 м."
T-034;дерево;Ель колючая;47.875;11.125;СП 42.13330.2016;"таблица 9.1; ППМ № 743-ПП, прил. 1, п. 3.6.3, табл. 3.6.1 (МГСН 1.01-99); ППМ № 623-ПП (МГСН 1.02-02), п. 4.2.4";Край проезжей части, кромка укреплённой полосы обочины;2.0;3.0;"Посадка (дерево) допустима. Определяющее ограничение — край проезжей части, кромка укреплённой полосы обочины: требуется не менее 2.0 м, фактически 3.0 м (СП 42.13330.2016, таблица 9.1; ППМ № 743-ПП, прил. 1, п. 3.6.3, табл. 3.6.1 (МГСН 1.01-99); ППМ № 623-ПП (МГСН 1.02-02), п. 4.2.4). Прочие проверенные отступы: мачта и опора осветительной сети, колонна галереи или эстакады — 9.8 м при норме 4.0 м; край тротуара и садовой дорожки — 9.0 м при норме 0.7 м; силовой кабель и кабель связи — 15.0 м при норме 2.0 м."
T-035;дерево;Клён остролистный 'Globosum' (штамб);53.875;11.125;СП 42.13330.2016;"таблица 9.1; ППМ № 743-ПП, прил. 1, п. 3.6.3, табл. 3.6.1 (МГСН 1.01-99); ППМ № 623-ПП (МГСН 1.02-02), п. 4.2.4";Край проезжей части, кромка укреплённой полосы обочины;2.0;3.0;"Посадка (дерево) допустима. Определяющее ограничение — край проезжей части, кромка укреплённой полосы обочины: требуется не менее 2.0 м, фактически 3.0 м (СП 42.13330.2016, таблица 9.1; ППМ № 743-ПП, прил. 1, п. 3.6.3, табл. 3.6.1 (МГСН 1.01-99); ППМ № 623-ПП (МГСН 1.02-02), п. 4.2.4). Прочие проверенные отступы: край тротуара и садовой дорожки — 9.0 м при норме 0.7 м; мачта и опора осветительной сети, колонна галереи или эстакады — 12.75 м при норме 4.0 м; силовой кабель и кабель связи — 15.0 м при норме 2.0 м."
T-036;дерево;Клён Гиннала;59.875;11.125;СП 42.13330.2016;"таблица 9.1; ППМ № 743-ПП, прил. 1, п. 3.6.3, табл. 3.6.1 (МГСН 1.01-99); ППМ № 623-ПП (МГСН 1.02-02), п. 4.2.4";Край проезжей части, кромка укреплённой полосы обочины;2.0;3.0;"Посадка (дерево) допустима. Определяющее ограничение — край проезжей части, кромка укреплённой полосы обочины: требуется не менее 2.0 м, фактически 3.0 м (СП 42.13330.2016, таблица 9.1; ППМ № 743-ПП, прил. 1, п. 3.6.3, табл. 3.6.1 (МГСН 1.01-99); ППМ № 623-ПП (МГСН 1.02-02), п. 4.2.4). Прочие проверенные отступы: мачта и опора осветительной сети, колонна галереи или эстакады — 7.97 м при норме 4.0 м; край тротуара и садовой дорожки — 9.0 м при норме 0.7 м; силовой кабель и кабель связи — 15.0 м при норме 2.0 м."
T-037;дерево;Рябина обыкновенная;67.875;11.125;СП 42.13330.2016;"таблица 9.1; ППМ № 743-ПП, прил. 1, п. 3.6.3, табл. 3.6.1 (МГСН 1.01-99); ППМ № 623-ПП (МГСН 1.02-02), п. 4.2.4";Край проезжей части, кромка укреплённой полосы обочины;2.0;3.0;"Посадка (дерево) допустима. Определяющее ограничение — край проезжей части, кромка укреплённой полосы обочины: требуется не менее 2.0 м, фактически 3.0 м (СП 42.13330.2016, таблица 9.1; ППМ № 743-ПП, прил. 1, п. 3.6.3, табл. 3.6.1 (МГСН 1.01-99); ППМ № 623-ПП (МГСН 1.02-02), п. 4.2.4). Прочие проверенные отступы: мачта и опора осветительной сети, колонна галереи или эстакады — 6.6 м при норме 4.0 м; край тротуара и садовой дорожки — 9.0 м при норме 0.7 м; канализация — 12.25 м при норме 1.5 м."
T-038;дерево;Яблоня декоративная Недзвецкого;73.875;11.125;СП 42.13330.2016;"таблица 9.1; ППМ № 743-ПП, прил. 1, п. 3.6.3, табл. 3.6.1 (МГСН 1.01-99); ППМ № 623-ПП (МГСН 1.02-02), п. 4.2.4";Край проезжей части, кромка укреплённой полосы обочины;2.0;3.0;"Посадка (дерево) допустима. Определяющее ограничение — край проезжей части, кромка укреплённой полосы обочины: требуется не менее 2.0 м, фактически 3.0 м (СП 42.13330.2016, таблица 9.1; ППМ № 743-ПП, прил. 1, п. 3.6.3, табл. 3.6.1 (МГСН 1.01-99); ППМ № 623-ПП (МГСН 1.02-02), п. 4.2.4). Прочие проверенные отступы: канализация — 6.25 м при норме 1.5 м; мачта и опора осветительной сети, колонна галереи или эстакады — 10.61 м при норме 4.0 м; край тротуара и садовой дорожки — 9.0 м при норме 0.7 м."
T-039;дерево;Боярышник однопестичный;82.625;4.375;СП 42.13330.2016;"таблица 9.1; ППМ № 743-ПП, прил. 1, п. 3.6.3, табл. 3.6.1 (МГСН 1.01-99); ППМ № 623-ПП (МГСН 1.02-02), п. 4.2.4";Канализация;1.5;2.5;"Посадка (дерево) допустима. Определяющее ограничение — канализация: требуется не менее 1.5 м, фактически 2.5 м (СП 42.13330.2016, таблица 9.1; ППМ № 743-ПП, прил. 1, п. 3.6.3, табл. 3.6.1 (МГСН 1.01-99); ППМ № 623-ПП (МГСН 1.02-02), п. 4.2.4). Прочие проверенные отступы: край проезжей части, кромка укреплённой полосы обочины — 3.75 м при норме 2.0 м; мачта и опора осветительной сети, колонна галереи или эстакады — 14.79 м при норме 4.0 м; край тротуара и садовой дорожки — 15.75 м при норме 0.7 м."
T-040;дерево;Ель колючая;88.625;4.375;СП 42.13330.2016;"таблица 9.1; ППМ № 743-ПП, прил. 1, п. 3.6.3, табл. 3.6.1 (МГСН 1.01-99); ППМ № 623-ПП (МГСН 1.02-02), п. 4.2.4";Край проезжей части, кромка укреплённой полосы обочины;2.0;3.75;"Посадка (дерево) допустима. Определяющее ограничение — край проезжей части, кромка укреплённой полосы обочины: требуется не менее 2.0 м, фактически 3.75 м (СП 42.13330.2016, таблица 9.1; ППМ № 743-ПП, прил. 1, п. 3.6.3, табл. 3.6.1 (МГСН 1.01-99); ППМ № 623-ПП (МГСН 1.02-02), п. 4.2.4). Прочие проверенные отступы: канализация — 8.5 м при норме 1.5 м; мачта и опора осветительной сети, колонна галереи или эстакады — 12.84 м при норме 4.0 м; край тротуара и садовой дорожки — 15.75 м при норме 0.7 м."
T-041;дерево;Клён остролистный 'Globosum' (штамб);94.625;4.375;СП 42.13330.2016;"таблица 9.1; ППМ № 743-ПП, прил. 1, п. 3.6.3, табл. 3.6.1 (МГСН 1.01-99); ППМ № 623-ПП (МГСН 1.02-02), п. 4.2.4";Край проезжей части, кромка укреплённой полосы обочины;2.0;3.75;"Посадка (дерево) допустима. Определяющее ограничение — край проезжей части, кромка укреплённой полосы обочины: требуется не менее 2.0 м, фактически 3.75 м (СП 42.13330.2016, таблица 9.1; ППМ № 743-ПП, прил. 1, п. 3.6.3, табл. 3.6.1 (МГСН 1.01-99); ППМ № 623-ПП (МГСН 1.02-02), п. 4.2.4). Прочие проверенные отступы: мачта и опора осветительной сети, колонна галереи или эстакады — 13.52 м при норме 4.0 м; канализация — 14.5 м при норме 1.5 м; край тротуара и садовой дорожки — 15.75 м при норме 0.7 м."
T-042;дерево;Клён Гиннала;100.625;4.375;СП 42.13330.2016;"таблица 9.1; ППМ № 743-ПП, прил. 1, п. 3.6.3, табл. 3.6.1 (МГСН 1.01-99); ППМ № 623-ПП (МГСН 1.02-02), п. 4.2.4";Край проезжей части, кромка укреплённой полосы обочины;2.0;3.75;"Посадка (дерево) допустима. Определяющее ограничение — край проезжей части, кромка укреплённой полосы обочины: требуется не менее 2.0 м, фактически 3.75 м (СП 42.13330.2016, таблица 9.1; ППМ № 743-ПП, прил. 1, п. 3.6.3, табл. 3.6.1 (МГСН 1.01-99); ППМ № 623-ПП (МГСН 1.02-02), п. 4.2.4). Прочие проверенные отступы: мачта и опора осветительной сети, колонна галереи или эстакады — 15.9 м при норме 4.0 м; край тротуара и садовой дорожки — 15.75 м при норме 0.7 м; канализация — 20.5 м при норме 1.5 м."
T-043;дерево;Рябина обыкновенная;106.625;4.375;СП 42.13330.2016;"таблица 9.1; ППМ № 743-ПП, прил. 1, п. 3.6.3, табл. 3.6.1 (МГСН 1.01-99); ППМ № 623-ПП (МГСН 1.02-02), п. 4.2.4";Край проезжей части, кромка укреплённой полосы обочины;2.0;3.75;"Посадка (дерево) допустима. Определяющее ограничение — край проезжей части, кромка укреплённой полосы обочины: требуется не менее 2.0 м, фактически 3.75 м (СП 42.13330.2016, таблица 9.1; ППМ № 743-ПП, прил. 1, п. 3.6.3, табл. 3.6.1 (МГСН 1.01-99); ППМ № 623-ПП (МГСН 1.02-02), п. 4.2.4). Прочие проверенные отступы: мачта и опора осветительной сети, колонна галереи или эстакады — 13.22 м при норме 4.0 м; край тротуара и садовой дорожки — 15.75 м при норме 0.7 м; силовой кабель и кабель связи — 21.75 м при норме 2.0 м."
T-044;дерево;Яблоня декоративная Недзвецкого;112.625;4.375;СП 42.13330.2016;"таблица 9.1; ППМ № 743-ПП, прил. 1, п. 3.6.3, табл. 3.6.1 (МГСН 1.01-99); ППМ № 623-ПП (МГСН 1.02-02), п. 4.2.4";Край проезжей части, кромка укреплённой полосы обочины;2.0;3.75;"Посадка (дерево) допустима. Определяющее ограничение — край проезжей части, кромка укреплённой полосы обочины: требуется не менее 2.0 м, фактически 3.75 м (СП 42.13330.2016, таблица 9.1; ППМ № 743-ПП, прил. 1, п. 3.6.3, табл. 3.6.1 (МГСН 1.01-99); ППМ № 623-ПП (МГСН 1.02-02), п. 4.2.4). Прочие проверенные отступы: мачта и опора осветительной сети, колонна галереи или эстакады — 12.99 м при норме 4.0 м; край тротуара и садовой дорожки — 15.75 м при норме 0.7 м; силовой кабель и кабель связи — 21.75 м при норме 2.0 м."
T-045;дерево;Боярышник однопестичный;118.625;4.375;СП 42.13330.2016;"таблица 9.1; ППМ № 743-ПП, прил. 1, п. 3.6.3, табл. 3.6.1 (МГСН 1.01-99); ППМ № 623-ПП (МГСН 1.02-02), п. 4.2.4";Край проезжей части, кромка укреплённой полосы обочины;2.0;3.76;"Посадка (дерево) допустима. Определяющее ограничение — край проезжей части, кромка укреплённой полосы обочины: требуется не менее 2.0 м, фактически 3.76 м (СП 42.13330.2016, таблица 9.1; ППМ № 743-ПП, прил. 1, п. 3.6.3, табл. 3.6.1 (МГСН 1.01-99); ППМ № 623-ПП (МГСН 1.02-02), п. 4.2.4). Прочие проверенные отступы: мачта и опора осветительной сети, колонна галереи или эстакады — 15.32 м при норме 4.0 м; край тротуара и садовой дорожки — 15.75 м при норме 0.7 м; силовой кабель и кабель связи — 21.75 м при норме 2.0 м."
T-046;дерево;Лещина древовидная;75.125;47.625;Проектное допущение;смыкание крон, сохранение насаждений по ППМ № 743-ПП;Существующее сохраняемое дерево (от ствола);4.0;7.43;"Посадка (дерево) допустима. Определяющее ограничение — существующее сохраняемое дерево (от ствола): требуется не менее 4.0 м, фактически 7.43 м (Проектное допущение, смыкание крон, сохранение насаждений по ППМ № 743-ПП). Прочие проверенные отступы: канализация — 5.0 м при норме 1.5 м; газопровод — 15.0 м при норме 1.5 м; водопровод, дренаж — 17.5 м при норме 2.0 м."
T-047;дерево;Липа мелколистная;75.625;55.125;СП 42.13330.2016;"таблица 9.1; ППМ № 743-ПП, прил. 1, п. 3.6.3, табл. 3.6.1 (МГСН 1.01-99); ППМ № 623-ПП (МГСН 1.02-02), п. 4.2.4";Канализация;1.5;4.5;"Посадка (дерево) допустима. Определяющее ограничение — канализация: требуется не менее 1.5 м, фактически 4.5 м (СП 42.13330.2016, таблица 9.1; ППМ № 743-ПП, прил. 1, п. 3.6.3, табл. 3.6.1 (МГСН 1.01-99); ППМ № 623-ПП (МГСН 1.02-02), п. 4.2.4). Прочие проверенные отступы: существующее сохраняемое дерево (от ствола) — 9.01 м при норме 4.0 м; газопровод — 15.5 м при норме 1.5 м; водопровод, дренаж — 25.0 м при норме 2.0 м."
T-048;дерево;Дуб черешчатый;68.125;36.625;СП 42.13330.2016;"таблица 9.1; ППМ № 743-ПП, прил. 1, п. 3.6.3, табл. 3.6.1 (МГСН 1.01-99); ППМ № 623-ПП (МГСН 1.02-02), п. 4.2.4";Водопровод, дренаж;2.0;6.5;"Посадка (дерево) допустима. Определяющее ограничение — водопровод, дренаж: требуется не менее 2.0 м, фактически 6.5 м (СП 42.13330.2016, таблица 9.1; ППМ № 743-ПП, прил. 1, п. 3.6.3, табл. 3.6.1 (МГСН 1.01-99); ППМ № 623-ПП (МГСН 1.02-02), п. 4.2.4). Прочие проверенные отступы: газопровод — 8.0 м при норме 1.5 м; силовой кабель и кабель связи — 10.5 м при норме 2.0 м; существующее сохраняемое дерево (от ствола) — 13.09 м при норме 4.0 м."
T-049;дерево;Берёза повислая;68.625;44.125;Проектное допущение;смыкание крон, сохранение насаждений по ППМ № 743-ПП;Существующее сохраняемое дерево (от ствола);4.0;6.02;"Посадка (дерево) допустима. Определяющее ограничение — существующее сохраняемое дерево (от ствола): требуется не менее 4.0 м, фактически 6.02 м (Проектное допущение, смыкание крон, сохранение насаждений по ППМ № 743-ПП). Прочие проверенные отступы: газопровод — 8.5 м при норме 1.5 м; канализация — 11.5 м при норме 1.5 м; водопровод, дренаж — 14.0 м при норме 2.0 м."
T-050;дерево;Ель колючая;69.125;59.125;Проектное допущение;смыкание крон, сохранение насаждений по ППМ № 743-ПП;Существующее сохраняемое дерево (от ствола);4.0;9.06;"Посадка (дерево) допустима. Определяющее ограничение — существующее сохраняемое дерево (от ствола): требуется не менее 4.0 м, фактически 9.06 м (Проектное допущение, смыкание крон, сохранение насаждений по ППМ № 743-ПП). Прочие проверенные отступы: газопровод — 9.0 м при норме 1.5 м; канализация — 11.0 м при норме 1.5 м; наружная стена здания и сооружения — 24.19 м при норме 5.0 м."
T-051;дерево;Сосна обыкновенная;49.875;36.625;СП 42.13330.2016;"таблица 9.1; ППМ № 743-ПП, прил. 1, п. 3.6.3, табл. 3.6.1 (МГСН 1.01-99); ППМ № 623-ПП (МГСН 1.02-02), п. 4.2.4";Наружная стена здания и сооружения;5.0;5.9;"Посадка (дерево) допустима. Определяющее ограничение — наружная стена здания и сооружения: требуется не менее 5.0 м, фактически 5.9 м (СП 42.13330.2016, таблица 9.1; ППМ № 743-ПП, прил. 1, п. 3.6.3, табл. 3.6.1 (МГСН 1.01-99); ППМ № 623-ПП (МГСН 1.02-02), п. 4.2.4). Прочие проверенные отступы: газопровод — 2.5 м при норме 1.5 м; существующее сохраняемое дерево (от ствола) — 5.46 м при норме 4.0 м; водопровод, дренаж — 6.5 м при норме 2.0 м."
T-052;дерево;Лиственница сибирская;53.875;42.875;СП 42.13330.2016;"таблица 9.1; ППМ № 743-ПП, прил. 1, п. 3.6.3, табл. 3.6.1 (МГСН 1.01-99); ППМ № 623-ПП (МГСН 1.02-02), п. 4.2.4";Наружная стена здания и сооружения;5.0;8.75;"Посадка (дерево) допустима. Определяющее ограничение — наружная стена здания и сооружения: требуется не менее 5.0 м, фактически 8.75 м (СП 42.13330.2016, таблица 9.1; ППМ № 743-ПП, прил. 1, п. 3.6.3, табл. 3.6.1 (МГСН 1.01-99); ППМ № 623-ПП (МГСН 1.02-02), п. 4.2.4). Прочие проверенные отступы: существующее сохраняемое дерево (от ствола) — 7.85 м при норме 4.0 м; газопровод — 6.25 м при норме 1.5 м; водопровод, дренаж — 12.75 м при норме 2.0 м."
T-053;дерево;Каштан конский;54.375;50.125;СП 42.13330.2016;"таблица 9.1; ППМ № 743-ПП, прил. 1, п. 3.6.3, табл. 3.6.1 (МГСН 1.01-99); ППМ № 623-ПП (МГСН 1.02-02), п. 4.2.4";Газопровод;1.5;5.75;"Посадка (дерево) допустима. Определяющее ограничение — газопровод: требуется не менее 1.5 м, фактически 5.75 м (СП 42.13330.2016, таблица 9.1; ППМ № 743-ПП, прил. 1, п. 3.6.3, табл. 3.6.1 (МГСН 1.01-99); ППМ № 623-ПП (МГСН 1.02-02), п. 4.2.4). Прочие проверенные отступы: наружная стена здания и сооружения — 9.25 м при норме 5.0 м; существующее сохраняемое дерево (от ствола) — 13.75 м при норме 4.0 м; водопровод, дренаж — 20.0 м при норме 2.0 м."
T-054;дерево;Клён остролистный 'Globosum' (штамб);54.375;57.625;СП 42.13330.2016;"таблица 9.1; ППМ № 743-ПП, прил. 1, п. 3.6.3, табл. 3.6.1 (МГСН 1.01-99); ППМ № 623-ПП (МГСН 1.02-02), п. 4.2.4";Газопровод;1.5;5.75;"Посадка (дерево) допустима. Определяющее ограничение — газопровод: требуется не менее 1.5 м, фактически 5.75 м (СП 42.13330.2016, таблица 9.1; ППМ № 743-ПП, прил. 1, п. 3.6.3, табл. 3.6.1 (МГСН 1.01-99); ППМ № 623-ПП (МГСН 1.02-02), п. 4.2.4). Прочие проверенные отступы: наружная стена здания и сооружения — 9.37 м при норме 5.0 м; существующее сохраняемое дерево (от ствола) — 15.66 м при норме 4.0 м; канализация — 25.75 м при норме 1.5 м."
T-055;дерево;Клён Гиннала;1.875;37.625;СП 42.13330.2016;"таблица 9.1; ППМ № 743-ПП, прил. 1, п. 3.6.3, табл. 3.6.1 (МГСН 1.01-99); ППМ № 623-ПП (МГСН 1.02-02), п. 4.2.4";Газопровод;1.5;3.5;"Посадка (дерево) допустима. Определяющее ограничение — газопровод: требуется не менее 1.5 м, фактически 3.5 м (СП 42.13330.2016, таблица 9.1; ППМ № 743-ПП, прил. 1, п. 3.6.3, табл. 3.6.1 (МГСН 1.01-99); ППМ № 623-ПП (МГСН 1.02-02), п. 4.2.4). Прочие проверенные отступы: наружная стена здания и сооружения — 8.62 м при норме 5.0 м; водопровод, дренаж — 7.5 м при норме 2.0 м; силовой кабель и кабель связи — 11.5 м при норме 2.0 м."
T-056;дерево;Рябина обыкновенная;2.375;47.625;СП 42.13330.2016;"таблица 9.1; ППМ № 743-ПП, прил. 1, п. 3.6.3, табл. 3.6.1 (МГСН 1.01-99); ППМ № 623-ПП (МГСН 1.02-02), п. 4.2.4";Наружная стена здания и сооружения;5.0;7.75;"Посадка (дерево) допустима. Определяющее ограничение — наружная стена здания и сооружения: требуется не менее 5.0 м, фактически 7.75 м (СП 42.13330.2016, таблица 9.1; ППМ № 743-ПП, прил. 1, п. 3.6.3, табл. 3.6.1 (МГСН 1.01-99); ППМ № 623-ПП (МГСН 1.02-02), п. 4.2.4). Прочие проверенные отступы: газопровод — 13.5 м при норме 1.5 м; водопровод, дренаж — 17.5 м при норме 2.0 м; силовой кабель и кабель связи — 21.5 м при норме 2.0 м."
T-057;дерево;Яблоня декоративная Недзвецкого;2.375;53.625;СП 42.13330.2016;"таблица 9.1; ППМ № 743-ПП, прил. 1, п. 3.6.3, табл. 3.6.1 (МГСН 1.01-99); ППМ № 623-ПП (МГСН 1.02-02), п. 4.2.4";Наружная стена здания и сооружения;5.0;7.75;"Посадка (дерево) допустима. Определяющее ограничение — наружная стена здания и сооружения: требуется не менее 5.0 м, фактически 7.75 м (СП 42.13330.2016, таблица 9.1; ППМ № 743-ПП, прил. 1, п. 3.6.3, табл. 3.6.1 (МГСН 1.01-99); ППМ № 623-ПП (МГСН 1.02-02), п. 4.2.4). Прочие проверенные отступы: газопровод — 19.5 м при норме 1.5 м; водопровод, дренаж — 23.5 м при норме 2.0 м; силовой кабель и кабель связи — 27.5 м при норме 2.0 м."
T-058;дерево;Боярышник однопестичный;45.125;17.375;СП 42.13330.2016;"таблица 9.1; ППМ № 743-ПП, прил. 1, п. 3.6.3, табл. 3.6.1 (МГСН 1.01-99); ППМ № 623-ПП (МГСН 1.02-02), п. 4.2.4";Мачта и опора осветительной сети, колонна галереи или эстакады;4.0;5.01;"Посадка (дерево) допустима. Определяющее ограничение — мачта и опора осветительной сети, колонна галереи или эстакады: требуется не менее 4.0 м, фактически 5.01 м (СП 42.13330.2016, таблица 9.1; ППМ № 743-ПП, прил. 1, п. 3.6.3, табл. 3.6.1 (МГСН 1.01-99); ППМ № 623-ПП (МГСН 1.02-02), п. 4.2.4). Прочие проверенные отступы: край проезжей части, кромка укреплённой полосы обочины — 3.25 м при норме 2.0 м; край тротуара и садовой дорожки — 2.75 м при норме 0.7 м; силовой кабель и кабель связи — 8.75 м при норме 2.0 м."
T-059;дерево;Ель колючая;51.125;17.375;СП 42.13330.2016;"таблица 9.1; ППМ № 743-ПП, прил. 1, п. 3.6.3, табл. 3.6.1 (МГСН 1.01-99); ППМ № 623-ПП (МГСН 1.02-02), п. 4.2.4";Край проезжей части, кромка укреплённой полосы обочины;2.0;3.25;"Посадка (дерево) допустима. Определяющее ограничение — край проезжей части, кромка укреплённой полосы обочины: требуется не менее 2.0 м, фактически 3.25 м (СП 42.13330.2016, таблица 9.1; ППМ № 743-ПП, прил. 1, п. 3.6.3, табл. 3.6.1 (МГСН 1.01-99); ППМ № 623-ПП (МГСН 1.02-02), п. 4.2.4). Прочие проверенные отступы: край тротуара и садовой дорожки — 2.75 м при норме 0.7 м; силовой кабель и кабель связи — 8.75 м при норме 2.0 м; мачта и опора осветительной сети, колонна галереи или эстакады — 11.0 м при норме 4.0 м."
T-060;дерево;Клён остролистный 'Globosum' (штамб);57.125;17.375;СП 42.13330.2016;"таблица 9.1; ППМ № 743-ПП, прил. 1, п. 3.6.3, табл. 3.6.1 (МГСН 1.01-99); ППМ № 623-ПП (МГСН 1.02-02), п. 4.2.4";Край проезжей части, кромка укреплённой полосы обочины;2.0;3.25;"Посадка (дерево) допустима. Определяющее ограничение — край проезжей части, кромка укреплённой полосы обочины: требуется не менее 2.0 м, фактически 3.25 м (СП 42.13330.2016, таблица 9.1; ППМ № 743-ПП, прил. 1, п. 3.6.3, табл. 3.6.1 (МГСН 1.01-99); ППМ № 623-ПП (МГСН 1.02-02), п. 4.2.4). Прочие проверенные отступы: край тротуара и садовой дорожки — 2.75 м при норме 0.7 м; мачта и опора осветительной сети, колонна галереи или эстакады — 8.0 м при норме 4.0 м; силовой кабель и кабель связи — 8.75 м при норме 2.0 м."
T-061;дерево;Клён Гиннала;20.125;17.375;СП 42.13330.2016;"таблица 9.1; ППМ № 743-ПП, прил. 1, п. 3.6.3, табл. 3.6.1 (МГСН 1.01-99); ППМ № 623-ПП (МГСН 1.02-02), п. 4.2.4";Мачта и опора осветительной сети, колонна галереи или эстакады;4.0;5.01;"Посадка (дерево) допустима. Определяющее ограничение — мачта и опора осветительной сети, колонна галереи или эстакады: требуется не менее 4.0 м, фактически 5.01 м (СП 42.13330.2016, таблица 9.1; ППМ № 743-ПП, прил. 1, п. 3.6.3, табл. 3.6.1 (МГСН 1.01-99); ППМ № 623-ПП (МГСН 1.02-02), п. 4.2.4). Прочие проверенные отступы: край проезжей части, кромка укреплённой полосы обочины — 3.25 м при норме 2.0 м; край тротуара и садовой дорожки — 2.75 м при норме 0.7 м; силовой кабель и кабель связи — 8.75 м при норме 2.0 м."
T-062;дерево;Рябина обыкновенная;26.125;17.375;СП 42.13330.2016;"таблица 9.1; ППМ № 743-ПП, прил. 1, п. 3.6.3, табл. 3.6.1 (МГСН 1.01-99); ППМ № 623-ПП (МГСН 1.02-02), п. 4.2.4";Край проезжей части, кромка укреплённой полосы обочины;2.0;3.25;"Посадка (дерево) допустима. Определяющее ограничение — край проезжей части, кромка укреплённой полосы обочины: требуется не менее 2.0 м, фактически 3.25 м (СП 42.13330.2016, таблица 9.1; ППМ № 743-ПП, прил. 1, п. 3.6.3, табл. 3.6.1 (МГСН 1.01-99); ППМ № 623-ПП (МГСН 1.02-02), п. 4.2.4). Прочие проверенные отступы: край тротуара и садовой дорожки — 2.75 м при норме 0.7 м; силовой кабель и кабель связи — 8.75 м при норме 2.0 м; мачта и опора осветительной сети, колонна галереи или эстакады — 11.0 м при норме 4.0 м."
T-063;дерево;Яблоня декоративная Недзвецкого;32.125;17.375;СП 42.13330.2016;"таблица 9.1; ППМ № 743-ПП, прил. 1, п. 3.6.3, табл. 3.6.1 (МГСН 1.01-99); ППМ № 623-ПП (МГСН 1.02-02), п. 4.2.4";Край проезжей части, кромка укреплённой полосы обочины;2.0;3.25;"Посадка (дерево) допустима. Определяющее ограничение — край проезжей части, кромка укреплённой полосы обочины: требуется не менее 2.0 м, фактически 3.25 м (СП 42.13330.2016, таблица 9.1; ППМ № 743-ПП, прил. 1, п. 3.6.3, табл. 3.6.1 (МГСН 1.01-99); ППМ № 623-ПП (МГСН 1.02-02), п. 4.2.4). Прочие проверенные отступы: край тротуара и садовой дорожки — 2.75 м при норме 0.7 м; мачта и опора осветительной сети, колонна галереи или эстакады — 8.0 м при норме 4.0 м; силовой кабель и кабель связи — 8.75 м при норме 2.0 м."
T-064;дерево;Боярышник однопестичный;95.125;17.375;СП 42.13330.2016;"таблица 9.1; ППМ № 743-ПП, прил. 1, п. 3.6.3, табл. 3.6.1 (МГСН 1.01-99); ППМ № 623-ПП (МГСН 1.02-02), п. 4.2.4";Мачта и опора осветительной сети, колонна галереи или эстакады;4.0;5.01;"Посадка (дерево) допустима. Определяющее ограничение — мачта и опора осветительной сети, колонна галереи или эстакады: требуется не менее 4.0 м, фактически 5.01 м (СП 42.13330.2016, таблица 9.1; ППМ № 743-ПП, прил. 1, п. 3.6.3, табл. 3.6.1 (МГСН 1.01-99); ППМ № 623-ПП (МГСН 1.02-02), п. 4.2.4). Прочие проверенные отступы: край проезжей части, кромка укреплённой полосы обочины — 3.25 м при норме 2.0 м; край тротуара и садовой дорожки — 2.75 м при норме 0.7 м; силовой кабель и кабель связи — 8.75 м при норме 2.0 м."
T-065;дерево;Ель колючая;101.125;17.375;СП 42.13330.2016;"таблица 9.1; ППМ № 743-ПП, прил. 1, п. 3.6.3, табл. 3.6.1 (МГСН 1.01-99); ППМ № 623-ПП (МГСН 1.02-02), п. 4.2.4";Край проезжей части, кромка укреплённой полосы обочины;2.0;3.25;"Посадка (дерево) допустима. Определяющее ограничение — край проезжей части, кромка укреплённой полосы обочины: требуется не менее 2.0 м, фактически 3.25 м (СП 42.13330.2016, таблица 9.1; ППМ № 743-ПП, прил. 1, п. 3.6.3, табл. 3.6.1 (МГСН 1.01-99); ППМ № 623-ПП (МГСН 1.02-02), п. 4.2.4). Прочие проверенные отступы: край тротуара и садовой дорожки — 2.75 м при норме 0.7 м; мачта и опора осветительной сети, колонна галереи или эстакады — 9.0 м при норме 4.0 м; силовой кабель и кабель связи — 8.75 м при норме 2.0 м."
T-066;дерево;Клён остролистный 'Globosum' (штамб);0.875;17.375;СП 42.13330.2016;"таблица 9.1; ППМ № 743-ПП, прил. 1, п. 3.6.3, табл. 3.6.1 (МГСН 1.01-99); ППМ № 623-ПП (МГСН 1.02-02), п. 4.2.4";Край проезжей части, кромка укреплённой полосы обочины;2.0;3.25;"Посадка (дерево) допустима. Определяющее ограничение — край проезжей части, кромка укреплённой полосы обочины: требуется не менее 2.0 м, фактически 3.25 м (СП 42.13330.2016, таблица 9.1; ППМ № 743-ПП, прил. 1, п. 3.6.3, табл. 3.6.1 (МГСН 1.01-99); ППМ № 623-ПП (МГСН 1.02-02), п. 4.2.4). Прочие проверенные отступы: край тротуара и садовой дорожки — 2.75 м при норме 0.7 м; силовой кабель и кабель связи — 8.75 м при норме 2.0 м; мачта и опора осветительной сети, колонна галереи или эстакады — 14.25 м при норме 4.0 м."
T-067;дерево;Клён Гиннала;6.875;17.375;СП 42.13330.2016;"таблица 9.1; ППМ № 743-ПП, прил. 1, п. 3.6.3, табл. 3.6.1 (МГСН 1.01-99); ППМ № 623-ПП (МГСН 1.02-02), п. 4.2.4";Край проезжей части, кромка укреплённой полосы обочины;2.0;3.25;"Посадка (дерево) допустима. Определяющее ограничение — край проезжей части, кромка укреплённой полосы обочины: требуется не менее 2.0 м, фактически 3.25 м (СП 42.13330.2016, таблица 9.1; ППМ № 743-ПП, прил. 1, п. 3.6.3, табл. 3.6.1 (МГСН 1.01-99); ППМ № 623-ПП (МГСН 1.02-02), п. 4.2.4). Прочие проверенные отступы: край тротуара и садовой дорожки — 2.75 м при норме 0.7 м; мачта и опора осветительной сети, колонна галереи или эстакады — 8.25 м при норме 4.0 м; силовой кабель и кабель связи — 8.75 м при норме 2.0 м."
T-068;дерево;Рябина обыкновенная;70.125;17.375;СП 42.13330.2016;"таблица 9.1; ППМ № 743-ПП, прил. 1, п. 3.6.3, табл. 3.6.1 (МГСН 1.01-99); ППМ № 623-ПП (МГСН 1.02-02), п. 4.2.4";Мачта и опора осветительной сети, колонна галереи или эстакады;4.0;5.01;"Посадка (дерево) допустима. Определяющее ограничение — мачта и опора осветительной сети, колонна галереи или эстакады: требуется не менее 4.0 м, фактически 5.01 м (СП 42.13330.2016, таблица 9.1; ППМ № 743-ПП, прил. 1, п. 3.6.3, табл. 3.6.1 (МГСН 1.01-99); ППМ № 623-ПП (МГСН 1.02-02), п. 4.2.4). Прочие проверенные отступы: край проезжей части, кромка укреплённой полосы обочины — 3.25 м при норме 2.0 м; край тротуара и садовой дорожки — 2.75 м при норме 0.7 м; силовой кабель и кабель связи — 8.75 м при норме 2.0 м."
T-069;дерево;Яблоня декоративная Недзвецкого;76.125;17.375;СП 42.13330.2016;"таблица 9.1; ППМ № 743-ПП, прил. 1, п. 3.6.3, табл. 3.6.1 (МГСН 1.01-99); ППМ № 623-ПП (МГСН 1.02-02), п. 4.2.4";Край проезжей части, кромка укреплённой полосы обочины;2.0;3.25;"Посадка (дерево) допустима. Определяющее ограничение — край проезжей части, кромка укреплённой полосы обочины: требуется не менее 2.0 м, фактически 3.25 м (СП 42.13330.2016, таблица 9.1; ППМ № 743-ПП, прил. 1, п. 3.6.3, табл. 3.6.1 (МГСН 1.01-99); ППМ № 623-ПП (МГСН 1.02-02), п. 4.2.4). Прочие проверенные отступы: край тротуара и садовой дорожки — 2.75 м при норме 0.7 м; канализация — 4.0 м при норме 1.5 м; силовой кабель и кабель связи — 8.75 м при норме 2.0 м."
T-070;дерево;Лещина древовидная;85.125;17.125;СП 42.13330.2016;"таблица 9.1; ППМ № 743-ПП, прил. 1, п. 3.6.3, табл. 3.6.1 (МГСН 1.01-99); ППМ № 623-ПП (МГСН 1.02-02), п. 4.2.4";Мачта и опора осветительной сети, колонна галереи или эстакады;4.0;5.0;"Посадка (дерево) допустима. Определяющее ограничение — мачта и опора осветительной сети, колонна галереи или эстакады: требуется не менее 4.0 м, фактически 5.0 м (СП 42.13330.2016, таблица 9.1; ППМ № 743-ПП, прил. 1, п. 3.6.3, табл. 3.6.1 (МГСН 1.01-99); ППМ № 623-ПП (МГСН 1.02-02), п. 4.2.4). Прочие проверенные отступы: край проезжей части, кромка укреплённой полосы обочины — 3.0 м при норме 2.0 м; край тротуара и садовой дорожки — 3.0 м при норме 0.7 м; канализация — 5.0 м при норме 1.5 м."
T-071;дерево;Липа мелколистная;115.125;17.125;СП 42.13330.2016;"таблица 9.1; ППМ № 743-ПП, прил. 1, п. 3.6.3, табл. 3.6.1 (МГСН 1.01-99); ППМ № 623-ПП (МГСН 1.02-02), п. 4.2.4";Мачта и опора осветительной сети, колонна галереи или эстакады;4.0;5.0;"Посадка (дерево) допустима. Определяющее ограничение — мачта и опора осветительной сети, колонна галереи или эстакады: требуется не менее 4.0 м, фактически 5.0 м (СП 42.13330.2016, таблица 9.1; ППМ № 743-ПП, прил. 1, п. 3.6.3, табл. 3.6.1 (МГСН 1.01-99); ППМ № 623-ПП (МГСН 1.02-02), п. 4.2.4). Прочие проверенные отступы: край проезжей части, кромка укреплённой полосы обочины — 3.0 м при норме 2.0 м; край тротуара и садовой дорожки — 3.0 м при норме 0.7 м; силовой кабель и кабель связи — 9.0 м при норме 2.0 м."
T-072;дерево;Дуб черешчатый;102.375;36.125;Проектное допущение;смыкание крон, сохранение насаждений по ППМ № 743-ПП;Существующее сохраняемое дерево (от ствола);4.0;6.6;"Посадка (дерево) допустима. Определяющее ограничение — существующее сохраняемое дерево (от ствола): требуется не менее 4.0 м, фактически 6.6 м (Проектное допущение, смыкание крон, сохранение насаждений по ППМ № 743-ПП). Прочие проверенные отступы: водопровод, дренаж — 6.0 м при норме 2.0 м; силовой кабель и кабель связи — 10.0 м при норме 2.0 м; край тротуара и садовой дорожки — 13.0 м при норме 0.7 м."
T-073;дерево;Берёза повислая;75.125;39.375;СП 42.13330.2016;"таблица 9.1; ППМ № 743-ПП, прил. 1, п. 3.6.3, табл. 3.6.1 (МГСН 1.01-99); ППМ № 623-ПП (МГСН 1.02-02), п. 4.2.4";Канализация;1.5;5.0;"Посадка (дерево) допустима. Определяющее ограничение — канализация: требуется не менее 1.5 м, фактически 5.0 м (СП 42.13330.2016, таблица 9.1; ППМ № 743-ПП, прил. 1, п. 3.6.3, табл. 3.6.1 (МГСН 1.01-99); ППМ № 623-ПП (МГСН 1.02-02), п. 4.2.4). Прочие проверенные отступы: водопровод, дренаж — 9.25 м при норме 2.0 м; существующее сохраняемое дерево (от ствола) — 12.83 м при норме 4.0 м; силовой кабель и кабель связи — 13.25 м при норме 2.0 м."
T-074;дерево;Сосна обыкновенная;83.875;40.125;СП 42.13330.2016;"таблица 9.1; ППМ № 743-ПП, прил. 1, п. 3.6.3, табл. 3.6.1 (МГСН 1.01-99); ППМ № 623-ПП (МГСН 1.02-02), п. 4.2.4";Канализация;1.5;3.75;"Посадка (дерево) допустима. Определяющее ограничение — канализация: требуется не менее 1.5 м, фактически 3.75 м (СП 42.13330.2016, таблица 9.1; ППМ № 743-ПП, прил. 1, п. 3.6.3, табл. 3.6.1 (МГСН 1.01-99); ППМ № 623-ПП (МГСН 1.02-02), п. 4.2.4). Прочие проверенные отступы: водопровод, дренаж — 10.0 м при норме 2.0 м; существующее сохраняемое дерево (от ствола) — 12.31 м при норме 4.0 м; силовой кабель и кабель связи — 14.0 м при норме 2.0 м."
T-075;дерево;Лиственница сибирская;83.375;52.875;СП 42.13330.2016;"таблица 9.1; ППМ № 743-ПП, прил. 1, п. 3.6.3, табл. 3.6.1 (МГСН 1.01-99); ППМ № 623-ПП (МГСН 1.02-02), п. 4.2.4";Канализация;1.5;3.25;"Посадка (дерево) допустима. Определяющее ограничение — канализация: требуется не менее 1.5 м, фактически 3.25 м (СП 42.13330.2016, таблица 9.1; ППМ № 743-ПП, прил. 1, п. 3.6.3, табл. 3.6.1 (МГСН 1.01-99); ППМ № 623-ПП (МГСН 1.02-02), п. 4.2.4). Прочие проверенные отступы: существующее сохраняемое дерево (от ствола) — 14.08 м при норме 4.0 м; водопровод, дренаж — 22.75 м при норме 2.0 м; газопровод — 23.25 м при норме 1.5 м."
T-076;дерево;Каштан конский;113.875;40.125;СП 42.13330.2016;"таблица 9.1; ППМ № 743-ПП, прил. 1, п. 3.6.3, табл. 3.6.1 (МГСН 1.01-99); ППМ № 623-ПП (МГСН 1.02-02), п. 4.2.4";Водопровод, дренаж;2.0;10.0;"Посадка (дерево) допустима. Определяющее ограничение — водопровод, дренаж: требуется не менее 2.0 м, фактически 10.0 м (СП 42.13330.2016, таблица 9.1; ППМ № 743-ПП, прил. 1, п. 3.6.3, табл. 3.6.1 (МГСН 1.01-99); ППМ № 623-ПП (МГСН 1.02-02), п. 4.2.4). Прочие проверенные отступы: существующее сохраняемое дерево (от ствола) — 13.29 м при норме 4.0 м; силовой кабель и кабель связи — 14.0 м при норме 2.0 м; край тротуара и садовой дорожки — 17.0 м при норме 0.7 м."
T-077;дерево;Лещина древовидная;92.375;40.625;Проектное допущение;смыкание крон, сохранение насаждений по ППМ № 743-ПП;Существующее сохраняемое дерево (от ствола);4.0;5.27;"Посадка (дерево) допустима. Определяющее ограничение — существующее сохраняемое дерево (от ствола): требуется не менее 4.0 м, фактически 5.27 м (Проектное допущение, смыкание крон, сохранение насаждений по ППМ № 743-ПП). Прочие проверенные отступы: водопровод, дренаж — 10.5 м при норме 2.0 м; канализация — 12.25 м при норме 1.5 м; силовой кабель и кабель связи — 14.5 м при норме 2.0 м."
T-078;дерево;Липа мелколистная;92.875;52.125;Проектное допущение;смыкание крон, сохранение насаждений по ППМ № 743-ПП;Существующее сохраняемое дерево (от ствола);4.0;7.35;"Посадка (дерево) допустима. Определяющее ограничение — существующее сохраняемое дерево (от ствола): требуется не менее 4.0 м, фактически 7.35 м (Проектное допущение, смыкание крон, сохранение насаждений по ППМ № 743-ПП). Прочие проверенные отступы: канализация — 12.75 м при норме 1.5 м; водопровод, дренаж — 22.0 м при норме 2.0 м; силовой кабель и кабель связи — 26.0 м при норме 2.0 м."
T-079;дерево;Дуб черешчатый;63.125;49.375;Проектное допущение;смыкание крон, сохранение насаждений по ППМ № 743-ПП;Существующее сохраняемое дерево (от ствола);4.0;5.06;"Посадка (дерево) допустима. Определяющее ограничение — существующее сохраняемое дерево (от ствола): требуется не менее 4.0 м, фактически 5.06 м (Проектное допущение, смыкание крон, сохранение насаждений по ППМ № 743-ПП). Прочие проверенные отступы: газопровод — 3.0 м при норме 1.5 м; наружная стена здания и сооружения — 18.0 м при норме 5.0 м; канализация — 17.0 м при норме 1.5 м."
S-0001;кустарник;Спирея серая 'Grefsheim';0.375;6.125;СП 42.13330.2016;"таблица 9.1; ППМ № 743-ПП, прил. 1, п. 3.6.3, табл. 3.6.1 (МГСН 1.01-99); ППМ № 623-ПП (МГСН 1.02-02), п. 4.2.4";Край проезжей части, кромка укреплённой полосы обочины;1.0;2.0;"Посадка (кустарник) допустима. Определяющее ограничение — край проезжей части, кромка укреплённой полосы обочины: требуется не менее 1.0 м, фактически 2.0 м (СП 42.13330.2016, таблица 9.1; ППМ № 743-ПП, прил. 1, п. 3.6.3, табл. 3.6.1 (МГСН 1.01-99); ППМ № 623-ПП (МГСН 1.02-02), п. 4.2.4). Прочие проверенные отступы: край тротуара и садовой дорожки — 14.0 м при норме 0.5 м; силовой кабель и кабель связи — 20.0 м при норме 0.7 м; водопровод, дренаж — 24.0 м при норме 1.0 м."
S-0002;кустарник;Спирея серая 'Grefsheim';1.625;6.125;СП 42.13330.2016;"таблица 9.1; ППМ № 743-ПП, прил. 1, п. 3.6.3, табл. 3.6.1 (МГСН 1.01-99); ППМ № 623-ПП (МГСН 1.02-02), п. 4.2.4";Край проезжей части, кромка укреплённой полосы обочины;1.0;2.0;"Посадка (кустарник) допустима. Определяющее ограничение — край проезжей части, кромка укреплённой полосы обочины: требуется не менее 1.0 м, фактически 2.0 м (СП 42.13330.2016, таблица 9.1; ППМ № 743-ПП, прил. 1, п. 3.6.3, табл. 3.6.1 (МГСН 1.01-99); ППМ № 623-ПП (МГСН 1.02-02), п. 4.2.4). Прочие проверенные отступы: край тротуара и садовой дорожки — 14.0 м при норме 0.5 м; силовой кабель и кабель связи — 20.0 м при норме 0.7 м; водопровод, дренаж — 24.0 м при норме 1.0 м."
S-0003;кустарник;Спирея серая 'Grefsheim';2.875;6.125;СП 42.13330.2016;"таблица 9.1; ППМ № 743-ПП, прил. 1, п. 3.6.3, табл. 3.6.1 (МГСН 1.01-99); ППМ № 623-ПП (МГСН 1.02-02), п. 4.2.4";Край проезжей части, кромка укреплённой полосы обочины;1.0;2.0;"Посадка (кустарник) допустима. Определяющее ограничение — край проезжей части, кромка укреплённой полосы обочины: требуется не менее 1.0 м, фактически 2.0 м (СП 42.13330.2016, таблица 9.1; ППМ № 743-ПП, прил. 1, п. 3.6.3, табл. 3.6.1 (МГСН 1.01-99); ППМ № 623-ПП (МГСН 1.02-02), п. 4.2.4). Прочие проверенные отступы: край тротуара и садовой дорожки — 14.0 м при норме 0.5 м; силовой кабель и кабель связи — 20.0 м при норме 0.7 м; водопровод, дренаж — 24.0 м при норме 1.0 м."
S-0004;кустарник;Спирея серая 'Grefsheim';4.125;6.125;СП 42.13330.2016;"таблица 9.1; ППМ № 743-ПП, прил. 1, п. 3.6.3, табл. 3.6.1 (МГСН 1.01-99); ППМ № 623-ПП (МГСН 1.02-02), п. 4.2.4";Край проезжей части, кромка укреплённой полосы обочины;1.0;2.0;"Посадка (кустарник) допустима. Определяющее ограничение — край проезжей части, кромка укреплённой полосы обочины: требуется не менее 1.0 м, фактически 2.0 м (СП 42.13330.2016, таблица 9.1; ППМ № 743-ПП, прил. 1, п. 3.6.3, табл. 3.6.1 (МГСН 1.01-99); ППМ № 623-ПП (МГСН 1.02-02), п. 4.2.4). Прочие проверенные отступы: край тротуара и садовой дорожки — 14.0 м при норме 0.5 м; силовой кабель и кабель связи — 20.0 м при норме 0.7 м; водопровод, дренаж — 24.0 м при норме 1.0 м."
S-0005;кустарник;Спирея серая 'Grefsheim';5.375;6.125;СП 42.13330.2016;"таблица 9.1; ППМ № 743-ПП, прил. 1, п. 3.6.3, табл. 3.6.1 (МГСН 1.01-99); ППМ № 623-ПП (МГСН 1.02-02), п. 4.2.4";Край проезжей части, кромка укреплённой полосы обочины;1.0;2.0;"Посадка (кустарник) допустима. Определяющее ограничение — край проезжей части, кромка укреплённой полосы обочины: требуется не менее 1.0 м, фактически 2.0 м (СП 42.13330.2016, таблица 9.1; ППМ № 743-ПП, прил. 1, п. 3.6.3, табл. 3.6.1 (МГСН 1.01-99); ППМ № 623-ПП (МГСН 1.02-02), п. 4.2.4). Прочие проверенные отступы: край тротуара и садовой дорожки — 14.0 м при норме 0.5 м; силовой кабель и кабель связи — 20.0 м при норме 0.7 м; водопровод, дренаж — 24.0 м при норме 1.0 м."
S-0006;кустарник;Спирея серая 'Grefsheim';6.625;6.125;СП 42.13330.2016;"таблица 9.1; ППМ № 743-ПП, прил. 1, п. 3.6.3, табл. 3.6.1 (МГСН 1.01-99); ППМ № 623-ПП (МГСН 1.02-02), п. 4.2.4";Край проезжей части, кромка укреплённой полосы обочины;1.0;2.0;"Посадка (кустарник) допустима. Определяющее ограничение — край проезжей части, кромка укреплённой полосы обочины: требуется не менее 1.0 м, фактически 2.0 м (СП 42.13330.2016, таблица 9.1; ППМ № 743-ПП, прил. 1, п. 3.6.3, табл. 3.6.1 (МГСН 1.01-99); ППМ № 623-ПП (МГСН 1.02-02), п. 4.2.4). Прочие проверенные отступы: край тротуара и садовой дорожки — 14.0 м при норме 0.5 м; силовой кабель и кабель связи — 20.0 м при норме 0.7 м; водопровод, дренаж — 24.0 м при норме 1.0 м."
S-0007;кустарник;Спирея серая 'Grefsheim';7.875;6.125;СП 42.13330.2016;"таблица 9.1; ППМ № 743-ПП, прил. 1, п. 3.6.3, табл. 3.6.1 (МГСН 1.01-99); ППМ № 623-ПП (МГСН 1.02-02), п. 4.2.4";Край проезжей части, кромка укреплённой полосы обочины;1.0;2.0;"Посадка (кустарник) допустима. Определяющее ограничение — край проезжей части, кромка укреплённой полосы обочины: требуется не менее 1.0 м, фактически 2.0 м (СП 42.13330.2016, таблица 9.1; ППМ № 743-ПП, прил. 1, п. 3.6.3, табл. 3.6.1 (МГСН 1.01-99); ППМ № 623-ПП (МГСН 1.02-02), п. 4.2.4). Прочие проверенные отступы: край тротуара и садовой дорожки — 14.0 м при норме 0.5 м; силовой кабель и кабель связи — 20.0 м при норме 0.7 м; водопровод, дренаж — 24.0 м при норме 1.0 м."
S-0008;кустарник;Спирея серая 'Grefsheim';9.125;6.125;СП 42.13330.2016;"таблица 9.1; ППМ № 743-ПП, прил. 1, п. 3.6.3, табл. 3.6.1 (МГСН 1.01-99); ППМ № 623-ПП (МГСН 1.02-02), п. 4.2.4";Край проезжей части, кромка укреплённой полосы обочины;1.0;2.0;"Посадка (кустарник) допустима. Определяющее ограничение — край проезжей части, кромка укреплённой полосы обочины: требуется не менее 1.0 м, фактически 2.0 м (СП 42.13330.2016, таблица 9.1; ППМ № 743-ПП, прил. 1, п. 3.6.3, табл. 3.6.1 (МГСН 1.01-99); ППМ № 623-ПП (МГСН 1.02-02), п. 4.2.4). Прочие проверенные отступы: край тротуара и садовой дорожки — 14.0 м при норме 0.5 м; силовой кабель и кабель связи — 20.0 м при норме 0.7 м; водопровод, дренаж — 24.0 м при норме 1.0 м."
S-0009;кустарник;Спирея серая 'Grefsheim';10.375;6.125;СП 42.13330.2016;"таблица 9.1; ППМ № 743-ПП, прил. 1, п. 3.6.3, табл. 3.6.1 (МГСН 1.01-99); ППМ № 623-ПП (МГСН 1.02-02), п. 4.2.4";Край проезжей части, кромка укреплённой полосы обочины;1.0;2.0;"Посадка (кустарник) допустима. Определяющее ограничение — край проезжей части, кромка укреплённой полосы обочины: требуется не менее 1.0 м, фактически 2.0 м (СП 42.13330.2016, таблица 9.1; ППМ № 743-ПП, прил. 1, п. 3.6.3, табл. 3.6.1 (МГСН 1.01-99); ППМ № 623-ПП (МГСН 1.02-02), п. 4.2.4). Прочие проверенные отступы: край тротуара и садовой дорожки — 14.0 м при норме 0.5 м; силовой кабель и кабель связи — 20.0 м при норме 0.7 м; водопровод, дренаж — 24.0 м при норме 1.0 м."
S-0010;кустарник;Спирея серая 'Grefsheim';11.625;6.125;СП 42.13330.2016;"таблица 9.1; ППМ № 743-ПП, прил. 1, п. 3.6.3, табл. 3.6.1 (МГСН 1.01-99); ППМ № 623-ПП (МГСН 1.02-02), п. 4.2.4";Край проезжей части, кромка укреплённой полосы обочины;1.0;2.0;"Посадка (кустарник) допустима. Определяющее ограничение — край проезжей части, кромка укреплённой полосы обочины: требуется не менее 1.0 м, фактически 2.0 м (СП 42.13330.2016, таблица 9.1; ППМ № 743-ПП, прил. 1, п. 3.6.3, табл. 3.6.1 (МГСН 1.01-99); ППМ № 623-ПП (МГСН 1.02-02), п. 4.2.4). Прочие проверенные отступы: край тротуара и садовой дорожки — 14.0 м при норме 0.5 м; силовой кабель и кабель связи — 20.0 м при норме 0.7 м; водопровод, дренаж — 24.0 м при норме 1.0 м."
S-0011;кустарник;Спирея серая 'Grefsheim';12.875;6.125;СП 42.13330.2016;"таблица 9.1; ППМ № 743-ПП, прил. 1, п. 3.6.3, табл. 3.6.1 (МГСН 1.01-99); ППМ № 623-ПП (МГСН 1.02-02), п. 4.2.4";Край проезжей части, кромка укреплённой полосы обочины;1.0;2.0;"Посадка (кустарник) допустима. Определяющее ограничение — край проезжей части, кромка укреплённой полосы обочины: требуется не менее 1.0 м, фактически 2.0 м (СП 42.13330.2016, таблица 9.1; ППМ № 743-ПП, прил. 1, п. 3.6.3, табл. 3.6.1 (МГСН 1.01-99); ППМ № 623-ПП (МГСН 1.02-02), п. 4.2.4). Прочие проверенные отступы: край тротуара и садовой дорожки — 14.0 м при норме 0.5 м; силовой кабель и кабель связи — 20.0 м при норме 0.7 м; водопровод, дренаж — 24.0 м при норме 1.0 м."
S-0012;кустарник;Спирея серая 'Grefsheim';14.125;6.125;СП 42.13330.2016;"таблица 9.1; ППМ № 743-ПП, прил. 1, п. 3.6.3, табл. 3.6.1 (МГСН 1.01-99); ППМ № 623-ПП (МГСН 1.02-02), п. 4.2.4";Край проезжей части, кромка укреплённой полосы обочины;1.0;2.0;"Посадка (кустарник) допустима. Определяющее ограничение — край проезжей части, кромка укреплённой полосы обочины: требуется не менее 1.0 м, фактически 2.0 м (СП 42.13330.2016, таблица 9.1; ППМ № 743-ПП, прил. 1, п. 3.6.3, табл. 3.6.1 (МГСН 1.01-99); ППМ № 623-ПП (МГСН 1.02-02), п. 4.2.4). Прочие проверенные отступы: край тротуара и садовой дорожки — 14.0 м при норме 0.5 м; силовой кабель и кабель связи — 20.0 м при норме 0.7 м; водопровод, дренаж — 24.0 м при норме 1.0 м."
S-0013;кустарник;Спирея серая 'Grefsheim';15.375;6.125;СП 42.13330.2016;"таблица 9.1; ППМ № 743-ПП, прил. 1, п. 3.6.3, табл. 3.6.1 (МГСН 1.01-99); ППМ № 623-ПП (МГСН 1.02-02), п. 4.2.4";Край проезжей части, кромка укреплённой полосы обочины;1.0;2.0;"Посадка (кустарник) допустима. Определяющее ограничение — край проезжей части, кромка укреплённой полосы обочины: требуется не менее 1.0 м, фактически 2.0 м (СП 42.13330.2016, таблица 9.1; ППМ № 743-ПП, прил. 1, п. 3.6.3, табл. 3.6.1 (МГСН 1.01-99); ППМ № 623-ПП (МГСН 1.02-02), п. 4.2.4). Прочие проверенные отступы: край тротуара и садовой дорожки — 14.0 м при норме 0.5 м; силовой кабель и кабель связи — 20.0 м при норме 0.7 м; водопровод, дренаж — 24.0 м при норме 1.0 м."
S-0014;кустарник;Спирея серая 'Grefsheim';16.625;6.125;СП 42.13330.2016;"таблица 9.1; ППМ № 743-ПП, прил. 1, п. 3.6.3, табл. 3.6.1 (МГСН 1.01-99); ППМ № 623-ПП (МГСН 1.02-02), п. 4.2.4";Край проезжей части, кромка укреплённой полосы обочины;1.0;2.0;"Посадка (кустарник) допустима. Определяющее ограничение — край проезжей части, кромка укреплённой полосы обочины: требуется не менее 1.0 м, фактически 2.0 м (СП 42.13330.2016, таблица 9.1; ППМ № 743-ПП, прил. 1, п. 3.6.3, табл. 3.6.1 (МГСН 1.01-99); ППМ № 623-ПП (МГСН 1.02-02), п. 4.2.4). Прочие проверенные отступы: край тротуара и садовой дорожки — 14.0 м при норме 0.5 м; силовой кабель и кабель связи — 20.0 м при норме 0.7 м; водопровод, дренаж — 24.0 м при норме 1.0 м."
S-0015;кустарник;Спирея серая 'Grefsheim';17.875;6.125;СП 42.13330.2016;"таблица 9.1; ППМ № 743-ПП, прил. 1, п. 3.6.3, табл. 3.6.1 (МГСН 1.01-99); ППМ № 623-ПП (МГСН 1.02-02), п. 4.2.4";Край проезжей части, кромка укреплённой полосы обочины;1.0;2.0;"Посадка (кустарник) допустима. Определяющее ограничение — край проезжей части, кромка укреплённой полосы обочины: требуется не менее 1.0 м, фактически 2.0 м (СП 42.13330.2016, таблица 9.1; ППМ № 743-ПП, прил. 1, п. 3.6.3, табл. 3.6.1 (МГСН 1.01-99); ППМ № 623-ПП (МГСН 1.02-02), п. 4.2.4). Прочие проверенные отступы: край тротуара и садовой дорожки — 14.0 м при норме 0.5 м; силовой кабель и кабель связи — 20.0 м при норме 0.7 м; водопровод, дренаж — 24.0 м при норме 1.0 м."
S-0016;кустарник;Спирея серая 'Grefsheim';19.125;6.125;СП 42.13330.2016;"таблица 9.1; ППМ № 743-ПП, прил. 1, п. 3.6.3, табл. 3.6.1 (МГСН 1.01-99); ППМ № 623-ПП (МГСН 1.02-02), п. 4.2.4";Край проезжей части, кромка укреплённой полосы обочины;1.0;2.0;"Посадка (кустарник) допустима. Определяющее ограничение — край проезжей части, кромка укреплённой полосы обочины: требуется не менее 1.0 м, фактически 2.0 м (СП 42.13330.2016, таблица 9.1; ППМ № 743-ПП, прил. 1, п. 3.6.3, табл. 3.6.1 (МГСН 1.01-99); ППМ № 623-ПП (МГСН 1.02-02), п. 4.2.4). Прочие проверенные отступы: край тротуара и садовой дорожки — 14.0 м при норме 0.5 м; силовой кабель и кабель связи — 20.0 м при норме 0.7 м; водопровод, дренаж — 24.0 м при норме 1.0 м."
S-0017;кустарник;Спирея серая 'Grefsheim';20.375;6.125;СП 42.13330.2016;"таблица 9.1; ППМ № 743-ПП, прил. 1, п. 3.6.3, табл. 3.6.1 (МГСН 1.01-99); ППМ № 623-ПП (МГСН 1.02-02), п. 4.2.4";Край проезжей части, кромка укреплённой полосы обочины;1.0;2.0;"Посадка (кустарник) допустима. Определяющее ограничение — край проезжей части, кромка укреплённой полосы обочины: требуется не менее 1.0 м, фактически 2.0 м (СП 42.13330.2016, таблица 9.1; ППМ № 743-ПП, прил. 1, п. 3.6.3, табл. 3.6.1 (МГСН 1.01-99); ППМ № 623-ПП (МГСН 1.02-02), п. 4.2.4). Прочие проверенные отступы: край тротуара и садовой дорожки — 14.0 м при норме 0.5 м; силовой кабель и кабель связи — 20.0 м при норме 0.7 м; водопровод, дренаж — 24.0 м при норме 1.0 м."
S-0018;кустарник;Спирея серая 'Grefsheim';21.625;6.125;СП 42.13330.2016;"таблица 9.1; ППМ № 743-ПП, прил. 1, п. 3.6.3, табл. 3.6.1 (МГСН 1.01-99); ППМ № 623-ПП (МГСН 1.02-02), п. 4.2.4";Край проезжей части, кромка укреплённой полосы обочины;1.0;2.0;"Посадка (кустарник) допустима. Определяющее ограничение — край проезжей части, кромка укреплённой полосы обочины: требуется не менее 1.0 м, фактически 2.0 м (СП 42.13330.2016, таблица 9.1; ППМ № 743-ПП, прил. 1, п. 3.6.3, табл. 3.6.1 (МГСН 1.01-99); ППМ № 623-ПП (МГСН 1.02-02), п. 4.2.4). Прочие проверенные отступы: край тротуара и садовой дорожки — 14.0 м при норме 0.5 м; силовой кабель и кабель связи — 20.0 м при норме 0.7 м; водопровод, дренаж — 24.0 м при норме 1.0 м."
S-0019;кустарник;Спирея серая 'Grefsheim';22.875;6.125;СП 42.13330.2016;"таблица 9.1; ППМ № 743-ПП, прил. 1, п. 3.6.3, табл. 3.6.1 (МГСН 1.01-99); ППМ № 623-ПП (МГСН 1.02-02), п. 4.2.4";Край проезжей части, кромка укреплённой полосы обочины;1.0;2.0;"Посадка (кустарник) допустима. Определяющее ограничение — край проезжей части, кромка укреплённой полосы обочины: требуется не менее 1.0 м, фактически 2.0 м (СП 42.13330.2016, таблица 9.1; ППМ № 743-ПП, прил. 1, п. 3.6.3, табл. 3.6.1 (МГСН 1.01-99); ППМ № 623-ПП (МГСН 1.02-02), п. 4.2.4). Прочие проверенные отступы: край тротуара и садовой дорожки — 14.0 м при норме 0.5 м; силовой кабель и кабель связи — 20.0 м при норме 0.7 м; водопровод, дренаж — 24.0 м при норме 1.0 м."
S-0020;кустарник;Спирея серая 'Grefsheim';24.125;6.125;СП 42.13330.2016;"таблица 9.1; ППМ № 743-ПП, прил. 1, п. 3.6.3, табл. 3.6.1 (МГСН 1.01-99); ППМ № 623-ПП (МГСН 1.02-02), п. 4.2.4";Край проезжей части, кромка укреплённой полосы обочины;1.0;2.0;"Посадка (кустарник) допустима. Определяющее ограничение — край проезжей части, кромка укреплённой полосы обочины: требуется не менее 1.0 м, фактически 2.0 м (СП 42.13330.2016, таблица 9.1; ППМ № 743-ПП, прил. 1, п. 3.6.3, табл. 3.6.1 (МГСН 1.01-99); ППМ № 623-ПП (МГСН 1.02-02), п. 4.2.4). Прочие проверенные отступы: край тротуара и садовой дорожки — 14.0 м при норме 0.5 м; силовой кабель и кабель связи — 20.0 м при норме 0.7 м; водопровод, дренаж — 24.0 м при норме 1.0 м."
S-0021;кустарник;Спирея серая 'Grefsheim';25.375;6.125;СП 42.13330.2016;"таблица 9.1; ППМ № 743-ПП, прил. 1, п. 3.6.3, табл. 3.6.1 (МГСН 1.01-99); ППМ № 623-ПП (МГСН 1.02-02), п. 4.2.4";Край проезжей части, кромка укреплённой полосы обочины;1.0;2.0;"Посадка (кустарник) допустима. Определяющее ограничение — край проезжей части, кромка укреплённой полосы обочины: требуется не менее 1.0 м, фактически 2.0 м (СП 42.13330.2016, таблица 9.1; ППМ № 743-ПП, прил. 1, п. 3.6.3, табл. 3.6.1 (МГСН 1.01-99); ППМ № 623-ПП (МГСН 1.02-02), п. 4.2.4). Прочие проверенные отступы: край тротуара и садовой дорожки — 14.0 м при норме 0.5 м; силовой кабель и кабель связи — 20.0 м при норме 0.7 м; водопровод, дренаж — 24.0 м при норме 1.0 м."
S-0022;кустарник;Спирея серая 'Grefsheim';26.625;6.125;СП 42.13330.2016;"таблица 9.1; ППМ № 743-ПП, прил. 1, п. 3.6.3, табл. 3.6.1 (МГСН 1.01-99); ППМ № 623-ПП (МГСН 1.02-02), п. 4.2.4";Край проезжей части, кромка укреплённой полосы обочины;1.0;2.0;"Посадка (кустарник) допустима. Определяющее ограничение — край проезжей части, кромка укреплённой полосы обочины: требуется не менее 1.0 м, фактически 2.0 м (СП 42.13330.2016, таблица 9.1; ППМ № 743-ПП, прил. 1, п. 3.6.3, табл. 3.6.1 (МГСН 1.01-99); ППМ № 623-ПП (МГСН 1.02-02), п. 4.2.4). Прочие проверенные отступы: край тротуара и садовой дорожки — 14.0 м при норме 0.5 м; силовой кабель и кабель связи — 20.0 м при норме 0.7 м; водопровод, дренаж — 24.0 м при норме 1.0 м."
S-0023;кустарник;Спирея серая 'Grefsheim';27.875;6.125;СП 42.13330.2016;"таблица 9.1; ППМ № 743-ПП, прил. 1, п. 3.6.3, табл. 3.6.1 (МГСН 1.01-99); ППМ № 623-ПП (МГСН 1.02-02), п. 4.2.4";Край проезжей части, кромка укреплённой полосы обочины;1.0;2.0;"Посадка (кустарник) допустима. Определяющее ограничение — край проезжей части, кромка укреплённой полосы обочины: требуется не менее 1.0 м, фактически 2.0 м (СП 42.13330.2016, таблица 9.1; ППМ № 743-ПП, прил. 1, п. 3.6.3, табл. 3.6.1 (МГСН 1.01-99); ППМ № 623-ПП (МГСН 1.02-02), п. 4.2.4). Прочие проверенные отступы: край тротуара и садовой дорожки — 14.0 м при норме 0.5 м; силовой кабель и кабель связи — 20.0 м при норме 0.7 м; водопровод, дренаж — 24.0 м при норме 1.0 м."
S-0024;кустарник;Спирея серая 'Grefsheim';29.125;6.125;СП 42.13330.2016;"таблица 9.1; ППМ № 743-ПП, прил. 1, п. 3.6.3, табл. 3.6.1 (МГСН 1.01-99); ППМ № 623-ПП (МГСН 1.02-02), п. 4.2.4";Край проезжей части, кромка укреплённой полосы обочины;1.0;2.0;"Посадка (кустарник) допустима. Определяющее ограничение — край проезжей части, кромка укреплённой полосы обочины: требуется не менее 1.0 м, фактически 2.0 м (СП 42.13330.2016, таблица 9.1; ППМ № 743-ПП, прил. 1, п. 3.6.3, табл. 3.6.1 (МГСН 1.01-99); ППМ № 623-ПП (МГСН 1.02-02), п. 4.2.4). Прочие проверенные отступы: край тротуара и садовой дорожки — 14.0 м при норме 0.5 м; силовой кабель и кабель связи — 20.0 м при норме 0.7 м; водопровод, дренаж — 24.0 м при норме 1.0 м."
S-0025;кустарник;Спирея серая 'Grefsheim';30.375;6.125;СП 42.13330.2016;"таблица 9.1; ППМ № 743-ПП, прил. 1, п. 3.6.3, табл. 3.6.1 (МГСН 1.01-99); ППМ № 623-ПП (МГСН 1.02-02), п. 4.2.4";Край проезжей части, кромка укреплённой полосы обочины;1.0;2.0;"Посадка (кустарник) допустима. Определяющее ограничение — край проезжей части, кромка укреплённой полосы обочины: требуется не менее 1.0 м, фактически 2.0 м (СП 42.13330.2016, таблица 9.1; ППМ № 743-ПП, прил. 1, п. 3.6.3, табл. 3.6.1 (МГСН 1.01-99); ППМ № 623-ПП (МГСН 1.02-02), п. 4.2.4). Прочие проверенные отступы: край тротуара и садовой дорожки — 14.0 м при норме 0.5 м; силовой кабель и кабель связи — 20.0 м при норме 0.7 м; водопровод, дренаж — 24.0 м при норме 1.0 м."
S-0026;кустарник;Спирея серая 'Grefsheim';31.625;6.125;СП 42.13330.2016;"таблица 9.1; ППМ № 743-ПП, прил. 1, п. 3.6.3, табл. 3.6.1 (МГСН 1.01-99); ППМ № 623-ПП (МГСН 1.02-02), п. 4.2.4";Край проезжей части, кромка укреплённой полосы обочины;1.0;2.0;"Посадка (кустарник) допустима. Определяющее ограничение — край проезжей части, кромка укреплённой полосы обочины: требуется не менее 1.0 м, фактически 2.0 м (СП 42.13330.2016, таблица 9.1; ППМ № 743-ПП, прил. 1, п. 3.6.3, табл. 3.6.1 (МГСН 1.01-99); ППМ № 623-ПП (МГСН 1.02-02), п. 4.2.4). Прочие проверенные отступы: край тротуара и садовой дорожки — 14.0 м при норме 0.5 м; силовой кабель и кабель связи — 20.0 м при норме 0.7 м; водопровод, дренаж — 24.0 м при норме 1.0 м."
S-0027;кустарник;Спирея серая 'Grefsheim';32.875;6.125;СП 42.13330.2016;"таблица 9.1; ППМ № 743-ПП, прил. 1, п. 3.6.3, табл. 3.6.1 (МГСН 1.01-99); ППМ № 623-ПП (МГСН 1.02-02), п. 4.2.4";Край проезжей части, кромка укреплённой полосы обочины;1.0;2.0;"Посадка (кустарник) допустима. Определяющее ограничение — край проезжей части, кромка укреплённой полосы обочины: требуется не менее 1.0 м, фактически 2.0 м (СП 42.13330.2016, таблица 9.1; ППМ № 743-ПП, прил. 1, п. 3.6.3, табл. 3.6.1 (МГСН 1.01-99); ППМ № 623-ПП (МГСН 1.02-02), п. 4.2.4). Прочие проверенные отступы: край тротуара и садовой дорожки — 14.0 м при норме 0.5 м; силовой кабель и кабель связи — 20.0 м при норме 0.7 м; водопровод, дренаж — 24.0 м при норме 1.0 м."
S-0028;кустарник;Спирея серая 'Grefsheim';34.125;6.125;СП 42.13330.2016;"таблица 9.1; ППМ № 743-ПП, прил. 1, п. 3.6.3, табл. 3.6.1 (МГСН 1.01-99); ППМ № 623-ПП (МГСН 1.02-02), п. 4.2.4";Край проезжей части, кромка укреплённой полосы обочины;1.0;2.0;"Посадка (кустарник) допустима. Определяющее ограничение — край проезжей части, кромка укреплённой полосы обочины: требуется не менее 1.0 м, фактически 2.0 м (СП 42.13330.2016, таблица 9.1; ППМ № 743-ПП, прил. 1, п. 3.6.3, табл. 3.6.1 (МГСН 1.01-99); ППМ № 623-ПП (МГСН 1.02-02), п. 4.2.4). Прочие проверенные отступы: край тротуара и садовой дорожки — 14.0 м при норме 0.5 м; силовой кабель и кабель связи — 20.0 м при норме 0.7 м; водопровод, дренаж — 24.0 м при норме 1.0 м."
S-0029;кустарник;Спирея серая 'Grefsheim';35.375;6.125;СП 42.13330.2016;"таблица 9.1; ППМ № 743-ПП, прил. 1, п. 3.6.3, табл. 3.6.1 (МГСН 1.01-99); ППМ № 623-ПП (МГСН 1.02-02), п. 4.2.4";Край проезжей части, кромка укреплённой полосы обочины;1.0;2.0;"Посадка (кустарник) допустима. Определяющее ограничение — край проезжей части, кромка укреплённой полосы обочины: требуется не менее 1.0 м, фактически 2.0 м (СП 42.13330.2016, таблица 9.1; ППМ № 743-ПП, прил. 1, п. 3.6.3, табл. 3.6.1 (МГСН 1.01-99); ППМ № 623-ПП (МГСН 1.02-02), п. 4.2.4). Прочие проверенные отступы: край тротуара и садовой дорожки — 14.0 м при норме 0.5 м; силовой кабель и кабель связи — 20.0 м при норме 0.7 м; водопровод, дренаж — 24.0 м при норме 1.0 м."
S-0030;кустарник;Спирея серая 'Grefsheim';36.625;6.125;СП 42.13330.2016;"таблица 9.1; ППМ № 743-ПП, прил. 1, п. 3.6.3, табл. 3.6.1 (МГСН 1.01-99); ППМ № 623-ПП (МГСН 1.02-02), п. 4.2.4";Край проезжей части, кромка укреплённой полосы обочины;1.0;2.0;"Посадка (кустарник) допустима. Определяющее ограничение — край проезжей части, кромка укреплённой полосы обочины: требуется не менее 1.0 м, фактически 2.0 м (СП 42.13330.2016, таблица 9.1; ППМ № 743-ПП, прил. 1, п. 3.6.3, табл. 3.6.1 (МГСН 1.01-99); ППМ № 623-ПП (МГСН 1.02-02), п. 4.2.4). Прочие проверенные отступы: край тротуара и садовой дорожки — 14.0 м при норме 0.5 м; силовой кабель и кабель связи — 20.0 м при норме 0.7 м; водопровод, дренаж — 24.0 м при норме 1.0 м."
S-0031;кустарник;Спирея серая 'Grefsheim';37.875;6.125;СП 42.13330.2016;"таблица 9.1; ППМ № 743-ПП, прил. 1, п. 3.6.3, табл. 3.6.1 (МГСН 1.01-99); ППМ № 623-ПП (МГСН 1.02-02), п. 4.2.4";Край проезжей части, кромка укреплённой полосы обочины;1.0;2.0;"Посадка (кустарник) допустима. Определяющее ограничение — край проезжей части, кромка укреплённой полосы обочины: требуется не менее 1.0 м, фактически 2.0 м (СП 42.13330.2016, таблица 9.1; ППМ № 743-ПП, прил. 1, п. 3.6.3, табл. 3.6.1 (МГСН 1.01-99); ППМ № 623-ПП (МГСН 1.02-02), п. 4.2.4). Прочие проверенные отступы: край тротуара и садовой дорожки — 14.0 м при норме 0.5 м; силовой кабель и кабель связи — 20.0 м при норме 0.7 м; водопровод, дренаж — 24.0 м при норме 1.0 м."
S-0032;кустарник;Спирея серая 'Grefsheim';39.125;6.125;СП 42.13330.2016;"таблица 9.1; ППМ № 743-ПП, прил. 1, п. 3.6.3, табл. 3.6.1 (МГСН 1.01-99); ППМ № 623-ПП (МГСН 1.02-02), п. 4.2.4";Край проезжей части, кромка укреплённой полосы обочины;1.0;2.0;"Посадка (кустарник) допустима. Определяющее ограничение — край проезжей части, кромка укреплённой полосы обочины: требуется не менее 1.0 м, фактически 2.0 м (СП 42.13330.2016, таблица 9.1; ППМ № 743-ПП, прил. 1, п. 3.6.3, табл. 3.6.1 (МГСН 1.01-99); ППМ № 623-ПП (МГСН 1.02-02), п. 4.2.4). Прочие проверенные отступы: край тротуара и садовой дорожки — 14.0 м при норме 0.5 м; силовой кабель и кабель связи — 20.0 м при норме 0.7 м; водопровод, дренаж — 24.0 м при норме 1.0 м."
S-0033;кустарник;Спирея серая 'Grefsheim';40.375;6.125;СП 42.13330.2016;"таблица 9.1; ППМ № 743-ПП, прил. 1, п. 3.6.3, табл. 3.6.1 (МГСН 1.01-99); ППМ № 623-ПП (МГСН 1.02-02), п. 4.2.4";Край проезжей части, кромка укреплённой полосы обочины;1.0;2.0;"Посадка (кустарник) допустима. Определяющее ограничение — край проезжей части, кромка укреплённой полосы обочины: требуется не менее 1.0 м, фактически 2.0 м (СП 42.13330.2016, таблица 9.1; ППМ № 743-ПП, прил. 1, п. 3.6.3, табл. 3.6.1 (МГСН 1.01-99); ППМ № 623-ПП (МГСН 1.02-02), п. 4.2.4). Прочие проверенные отступы: край тротуара и садовой дорожки — 14.0 м при норме 0.5 м; силовой кабель и кабель связи — 20.0 м при норме 0.7 м; водопровод, дренаж — 24.0 м при норме 1.0 м."
S-0034;кустарник;Спирея серая 'Grefsheim';41.625;6.125;СП 42.13330.2016;"таблица 9.1; ППМ № 743-ПП, прил. 1, п. 3.6.3, табл. 3.6.1 (МГСН 1.01-99); ППМ № 623-ПП (МГСН 1.02-02), п. 4.2.4";Край проезжей части, кромка укреплённой полосы обочины;1.0;2.0;"Посадка (кустарник) допустима. Определяющее ограничение — край проезжей части, кромка укреплённой полосы обочины: требуется не менее 1.0 м, фактически 2.0 м (СП 42.13330.2016, таблица 9.1; ППМ № 743-ПП, прил. 1, п. 3.6.3, табл. 3.6.1 (МГСН 1.01-99); ППМ № 623-ПП (МГСН 1.02-02), п. 4.2.4). Прочие проверенные отступы: край тротуара и садовой дорожки — 14.0 м при норме 0.5 м; силовой кабель и кабель связи — 20.0 м при норме 0.7 м; водопровод, дренаж — 24.0 м при норме 1.0 м."
S-0035;кустарник;Спирея серая 'Grefsheim';42.875;6.125;СП 42.13330.2016;"таблица 9.1; ППМ № 743-ПП, прил. 1, п. 3.6.3, табл. 3.6.1 (МГСН 1.01-99); ППМ № 623-ПП (МГСН 1.02-02), п. 4.2.4";Край проезжей части, кромка укреплённой полосы обочины;1.0;2.0;"Посадка (кустарник) допустима. Определяющее ограничение — край проезжей части, кромка укреплённой полосы обочины: требуется не менее 1.0 м, фактически 2.0 м (СП 42.13330.2016, таблица 9.1; ППМ № 743-ПП, прил. 1, п. 3.6.3, табл. 3.6.1 (МГСН 1.01-99); ППМ № 623-ПП (МГСН 1.02-02), п. 4.2.4). Прочие проверенные отступы: край тротуара и садовой дорожки — 14.0 м при норме 0.5 м; силовой кабель и кабель связи — 20.0 м при норме 0.7 м; водопровод, дренаж — 24.0 м при норме 1.0 м."
S-0036;кустарник;Спирея серая 'Grefsheim';44.125;6.125;СП 42.13330.2016;"таблица 9.1; ППМ № 743-ПП, прил. 1, п. 3.6.3, табл. 3.6.1 (МГСН 1.01-99); ППМ № 623-ПП (МГСН 1.02-02), п. 4.2.4";Край проезжей части, кромка укреплённой полосы обочины;1.0;2.0;"Посадка (кустарник) допустима. Определяющее ограничение — край проезжей части, кромка укреплённой полосы обочины: требуется не менее 1.0 м, фактически 2.0 м (СП 42.13330.2016, таблица 9.1; ППМ № 743-ПП, прил. 1, п. 3.6.3, табл. 3.6.1 (МГСН 1.01-99); ППМ № 623-ПП (МГСН 1.02-02), п. 4.2.4). Прочие проверенные отступы: край тротуара и садовой дорожки — 14.0 м при норме 0.5 м; силовой кабель и кабель связи — 20.0 м при норме 0.7 м; водопровод, дренаж — 24.0 м при норме 1.0 м."
S-0037;кустарник;Спирея серая 'Grefsheim';45.375;6.125;СП 42.13330.2016;"таблица 9.1; ППМ № 743-ПП, прил. 1, п. 3.6.3, табл. 3.6.1 (МГСН 1.01-99); ППМ № 623-ПП (МГСН 1.02-02), п. 4.2.4";Край проезжей части, кромка укреплённой полосы обочины;1.0;2.0;"Посадка (кустарник) допустима. Определяющее ограничение — край проезжей части, кромка укреплённой полосы обочины: требуется не менее 1.0 м, фактически 2.0 м (СП 42.13330.2016, таблица 9.1; ППМ № 743-ПП, прил. 1, п. 3.6.3, табл. 3.6.1 (МГСН 1.01-99); ППМ № 623-ПП (МГСН 1.02-02), п. 4.2.4). Прочие проверенные отступы: край тротуара и садовой дорожки — 14.0 м при норме 0.5 м; силовой кабель и кабель связи — 20.0 м при норме 0.7 м; водопровод, дренаж — 24.0 м при норме 1.0 м."
S-0038;кустарник;Спирея серая 'Grefsheim';46.625;6.125;СП 42.13330.2016;"таблица 9.1; ППМ № 743-ПП, прил. 1, п. 3.6.3, табл. 3.6.1 (МГСН 1.01-99); ППМ № 623-ПП (МГСН 1.02-02), п. 4.2.4";Край проезжей части, кромка укреплённой полосы обочины;1.0;2.0;"Посадка (кустарник) допустима. Определяющее ограничение — край проезжей части, кромка укреплённой полосы обочины: требуется не менее 1.0 м, фактически 2.0 м (СП 42.13330.2016, таблица 9.1; ППМ № 743-ПП, прил. 1, п. 3.6.3, табл. 3.6.1 (МГСН 1.01-99); ППМ № 623-ПП (МГСН 1.02-02), п. 4.2.4). Прочие проверенные отступы: край тротуара и садовой дорожки — 14.0 м при норме 0.5 м; силовой кабель и кабель связи — 20.0 м при норме 0.7 м; водопровод, дренаж — 24.0 м при норме 1.0 м."
S-0039;кустарник;Спирея серая 'Grefsheim';47.875;6.125;СП 42.13330.2016;"таблица 9.1; ППМ № 743-ПП, прил. 1, п. 3.6.3, табл. 3.6.1 (МГСН 1.01-99); ППМ № 623-ПП (МГСН 1.02-02), п. 4.2.4";Край проезжей части, кромка укреплённой полосы обочины;1.0;2.0;"Посадка (кустарник) допустима. Определяющее ограничение — край проезжей части, кромка укреплённой полосы обочины: требуется не менее 1.0 м, фактически 2.0 м (СП 42.13330.2016, таблица 9.1; ППМ № 743-ПП, прил. 1, п. 3.6.3, табл. 3.6.1 (МГСН 1.01-99); ППМ № 623-ПП (МГСН 1.02-02), п. 4.2.4). Прочие проверенные отступы: край тротуара и садовой дорожки — 14.0 м при норме 0.5 м; силовой кабель и кабель связи — 20.0 м при норме 0.7 м; водопровод, дренаж — 24.0 м при норме 1.0 м."
S-0040;кустарник;Спирея серая 'Grefsheim';49.125;6.125;СП 42.13330.2016;"таблица 9.1; ППМ № 743-ПП, прил. 1, п. 3.6.3, табл. 3.6.1 (МГСН 1.01-99); ППМ № 623-ПП (МГСН 1.02-02), п. 4.2.4";Край проезжей части, кромка укреплённой полосы обочины;1.0;2.0;"Посадка (кустарник) допустима. Определяющее ограничение — край проезжей части, кромка укреплённой полосы обочины: требуется не менее 1.0 м, фактически 2.0 м (СП 42.13330.2016, таблица 9.1; ППМ № 743-ПП, прил. 1, п. 3.6.3, табл. 3.6.1 (МГСН 1.01-99); ППМ № 623-ПП (МГСН 1.02-02), п. 4.2.4). Прочие проверенные отступы: край тротуара и садовой дорожки — 14.0 м при норме 0.5 м; силовой кабель и кабель связи — 20.0 м при норме 0.7 м; водопровод, дренаж — 24.0 м при норме 1.0 м."
S-0041;кустарник;Спирея Вангутта;50.375;6.125;СП 42.13330.2016;"таблица 9.1; ППМ № 743-ПП, прил. 1, п. 3.6.3, табл. 3.6.1 (МГСН 1.01-99); ППМ № 623-ПП (МГСН 1.02-02), п. 4.2.4";Край проезжей части, кромка укреплённой полосы обочины;1.0;2.0;"Посадка (кустарник) допустима. Определяющее ограничение — край проезжей части, кромка укреплённой полосы обочины: требуется не менее 1.0 м, фактически 2.0 м (СП 42.13330.2016, таблица 9.1; ППМ № 743-ПП, прил. 1, п. 3.6.3, табл. 3.6.1 (МГСН 1.01-99); ППМ № 623-ПП (МГСН 1.02-02), п. 4.2.4). Прочие проверенные отступы: край тротуара и садовой дорожки — 14.0 м при норме 0.5 м; силовой кабель и кабель связи — 20.0 м при норме 0.7 м; водопровод, дренаж — 24.0 м при норме 1.0 м."
S-0042;кустарник;Спирея Вангутта;51.625;6.125;СП 42.13330.2016;"таблица 9.1; ППМ № 743-ПП, прил. 1, п. 3.6.3, табл. 3.6.1 (МГСН 1.01-99); ППМ № 623-ПП (МГСН 1.02-02), п. 4.2.4";Край проезжей части, кромка укреплённой полосы обочины;1.0;2.0;"Посадка (кустарник) допустима. Определяющее ограничение — край проезжей части, кромка укреплённой полосы обочины: требуется не менее 1.0 м, фактически 2.0 м (СП 42.13330.2016, таблица 9.1; ППМ № 743-ПП, прил. 1, п. 3.6.3, табл. 3.6.1 (МГСН 1.01-99); ППМ № 623-ПП (МГСН 1.02-02), п. 4.2.4). Прочие проверенные отступы: край тротуара и садовой дорожки — 14.0 м при норме 0.5 м; силовой кабель и кабель связи — 20.0 м при норме 0.7 м; водопровод, дренаж — 24.0 м при норме 1.0 м."
S-0043;кустарник;Спирея Вангутта;52.875;6.125;СП 42.13330.2016;"таблица 9.1; ППМ № 743-ПП, прил. 1, п. 3.6.3, табл. 3.6.1 (МГСН 1.01-99); ППМ № 623-ПП (МГСН 1.02-02), п. 4.2.4";Край проезжей части, кромка укреплённой полосы обочины;1.0;2.0;"Посадка (кустарник) допустима. Определяющее ограничение — край проезжей части, кромка укреплённой полосы обочины: требуется не менее 1.0 м, фактически 2.0 м (СП 42.13330.2016, таблица 9.1; ППМ № 743-ПП, прил. 1, п. 3.6.3, табл. 3.6.1 (МГСН 1.01-99); ППМ № 623-ПП (МГСН 1.02-02), п. 4.2.4). Прочие проверенные отступы: край тротуара и садовой дорожки — 14.0 м при норме 0.5 м; силовой кабель и кабель связи — 20.0 м при норме 0.7 м; водопровод, дренаж — 24.0 м при норме 1.0 м."
S-0044;кустарник;Спирея Вангутта;54.125;6.125;СП 42.13330.2016;"таблица 9.1; ППМ № 743-ПП, прил. 1, п. 3.6.3, табл. 3.6.1 (МГСН 1.01-99); ППМ № 623-ПП (МГСН 1.02-02), п. 4.2.4";Край проезжей части, кромка укреплённой полосы обочины;1.0;2.0;"Посадка (кустарник) допустима. Определяющее ограничение — край проезжей части, кромка укреплённой полосы обочины: требуется не менее 1.0 м, фактически 2.0 м (СП 42.13330.2016, таблица 9.1; ППМ № 743-ПП, прил. 1, п. 3.6.3, табл. 3.6.1 (МГСН 1.01-99); ППМ № 623-ПП (МГСН 1.02-02), п. 4.2.4). Прочие проверенные отступы: край тротуара и садовой дорожки — 14.0 м при норме 0.5 м; силовой кабель и кабель связи — 20.0 м при норме 0.7 м; водопровод, дренаж — 24.0 м при норме 1.0 м."
S-0045;кустарник;Спирея Вангутта;55.375;6.125;СП 42.13330.2016;"таблица 9.1; ППМ № 743-ПП, прил. 1, п. 3.6.3, табл. 3.6.1 (МГСН 1.01-99); ППМ № 623-ПП (МГСН 1.02-02), п. 4.2.4";Край проезжей части, кромка укреплённой полосы обочины;1.0;2.0;"Посадка (кустарник) допустима. Определяющее ограничение — край проезжей части, кромка укреплённой полосы обочины: требуется не менее 1.0 м, фактически 2.0 м (СП 42.13330.2016, таблица 9.1; ППМ № 743-ПП, прил. 1, п. 3.6.3, табл. 3.6.1 (МГСН 1.01-99); ППМ № 623-ПП (МГСН 1.02-02), п. 4.2.4). Прочие проверенные отступы: край тротуара и садовой дорожки — 14.0 м при норме 0.5 м; силовой кабель и кабель связи — 20.0 м при норме 0.7 м; водопровод, дренаж — 24.0 м при норме 1.0 м."
S-0046;кустарник;Спирея Вангутта;56.625;6.125;СП 42.13330.2016;"таблица 9.1; ППМ № 743-ПП, прил. 1, п. 3.6.3, табл. 3.6.1 (МГСН 1.01-99); ППМ № 623-ПП (МГСН 1.02-02), п. 4.2.4";Край проезжей части, кромка укреплённой полосы обочины;1.0;2.0;"Посадка (кустарник) допустима. Определяющее ограничение — край проезжей части, кромка укреплённой полосы обочины: требуется не менее 1.0 м, фактически 2.0 м (СП 42.13330.2016, таблица 9.1; ППМ № 743-ПП, прил. 1, п. 3.6.3, табл. 3.6.1 (МГСН 1.01-99); ППМ № 623-ПП (МГСН 1.02-02), п. 4.2.4). Прочие проверенные отступы: край тротуара и садовой дорожки — 14.0 м при норме 0.5 м; силовой кабель и кабель связи — 20.0 м при норме 0.7 м; канализация — 23.5 м при норме 1.0 м."
S-0047;кустарник;Спирея Вангутта;57.875;6.125;СП 42.13330.2016;"таблица 9.1; ППМ № 743-ПП, прил. 1, п. 3.6.3, табл. 3.6.1 (МГСН 1.01-99); ППМ № 623-ПП (МГСН 1.02-02), п. 4.2.4";Край проезжей части, кромка укреплённой полосы обочины;1.0;2.0;"Посадка (кустарник) допустима. Определяющее ограничение — край проезжей части, кромка укреплённой полосы обочины: требуется не менее 1.0 м, фактически 2.0 м (СП 42.13330.2016, таблица 9.1; ППМ № 743-ПП, прил. 1, п. 3.6.3, табл. 3.6.1 (МГСН 1.01-99); ППМ № 623-ПП (МГСН 1.02-02), п. 4.2.4). Прочие проверенные отступы: край тротуара и садовой дорожки — 14.0 м при норме 0.5 м; силовой кабель и кабель связи — 20.0 м при норме 0.7 м; канализация — 22.25 м при норме 1.0 м."
S-0048;кустарник;Спирея Вангутта;59.125;6.125;СП 42.13330.2016;"таблица 9.1; ППМ № 743-ПП, прил. 1, п. 3.6.3, табл. 3.6.1 (МГСН 1.01-99); ППМ № 623-ПП (МГСН 1.02-02), п. 4.2.4";Край проезжей части, кромка укреплённой полосы обочины;1.0;2.0;"Посадка (кустарник) допустима. Определяющее ограничение — край проезжей части, кромка укреплённой полосы обочины: требуется не менее 1.0 м, фактически 2.0 м (СП 42.13330.2016, таблица 9.1; ППМ № 743-ПП, прил. 1, п. 3.6.3, табл. 3.6.1 (МГСН 1.01-99); ППМ № 623-ПП (МГСН 1.02-02), п. 4.2.4). Прочие проверенные отступы: край тротуара и садовой дорожки — 14.0 м при норме 0.5 м; силовой кабель и кабель связи — 20.0 м при норме 0.7 м; канализация — 21.0 м при норме 1.0 м."
S-0049;кустарник;Спирея Вангутта;60.375;6.125;СП 42.13330.2016;"таблица 9.1; ППМ № 743-ПП, прил. 1, п. 3.6.3, табл. 3.6.1 (МГСН 1.01-99); ППМ № 623-ПП (МГСН 1.02-02), п. 4.2.4";Край проезжей части, кромка укреплённой полосы обочины;1.0;2.0;"Посадка (кустарник) допустима. Определяющее ограничение — край проезжей части, кромка укреплённой полосы обочины: требуется не менее 1.0 м, фактически 2.0 м (СП 42.13330.2016, таблица 9.1; ППМ № 743-ПП, прил. 1, п. 3.6.3, табл. 3.6.1 (МГСН 1.01-99); ППМ № 623-ПП (МГСН 1.02-02), п. 4.2.4). Прочие проверенные отступы: край тротуара и садовой дорожки — 14.0 м при норме 0.5 м; канализация — 19.75 м при норме 1.0 м; силовой кабель и кабель связи — 20.0 м при норме 0.7 м."
S-0050;кустарник;Спирея Вангутта;61.625;6.125;СП 42.13330.2016;"таблица 9.1; ППМ № 743-ПП, прил. 1, п. 3.6.3, табл. 3.6.1 (МГСН 1.01-99); ППМ № 623-ПП (МГСН 1.02-02), п. 4.2.4";Край проезжей части, кромка укреплённой полосы обочины;1.0;2.0;"Посадка (кустарник) допустима. Определяющее ограничение — край проезжей части, кромка укреплённой полосы обочины: требуется не менее 1.0 м, фактически 2.0 м (СП 42.13330.2016, таблица 9.1; ППМ № 743-ПП, прил. 1, п. 3.6.3, табл. 3.6.1 (МГСН 1.01-99); ППМ № 623-ПП (МГСН 1.02-02), п. 4.2.4). Прочие проверенные отступы: край тротуара и садовой дорожки — 14.0 м при норме 0.5 м; канализация — 18.5 м при норме 1.0 м; силовой кабель и кабель связи — 20.0 м при норме 0.7 м."
S-0051;кустарник;Спирея Вангутта;62.875;6.125;СП 42.13330.2016;"таблица 9.1; ППМ № 743-ПП, прил. 1, п. 3.6.3, табл. 3.6.1 (МГСН 1.01-99); ППМ № 623-ПП (МГСН 1.02-02), п. 4.2.4";Край проезжей части, кромка укреплённой полосы обочины;1.0;2.0;"Посадка (кустарник) допустима. Определяющее ограничение — край проезжей части, кромка укреплённой полосы обочины: требуется не менее 1.0 м, фактически 2.0 м (СП 42.13330.2016, таблица 9.1; ППМ № 743-ПП, прил. 1, п. 3.6.3, табл. 3.6.1 (МГСН 1.01-99); ППМ № 623-ПП (МГСН 1.02-02), п. 4.2.4). Прочие проверенные отступы: край тротуара и садовой дорожки — 14.0 м при норме 0.5 м; канализация — 17.25 м при норме 1.0 м; силовой кабель и кабель связи — 20.0 м при норме 0.7 м."
S-0052;кустарник;Спирея Вангутта;64.125;6.125;СП 42.13330.2016;"таблица 9.1; ППМ № 743-ПП, прил. 1, п. 3.6.3, табл. 3.6.1 (МГСН 1.01-99); ППМ № 623-ПП (МГСН 1.02-02), п. 4.2.4";Край проезжей части, кромка укреплённой полосы обочины;1.0;2.0;"Посадка (кустарник) допустима. Определяющее ограничение — край проезжей части, кромка укреплённой полосы обочины: требуется не менее 1.0 м, фактически 2.0 м (СП 42.13330.2016, таблица 9.1; ППМ № 743-ПП, прил. 1, п. 3.6.3, табл. 3.6.1 (МГСН 1.01-99); ППМ № 623-ПП (МГСН 1.02-02), п. 4.2.4). Прочие проверенные отступы: край тротуара и садовой дорожки — 14.0 м при норме 0.5 м; канализация — 16.0 м при норме 1.0 м; силовой кабель и кабель связи — 20.0 м при норме 0.7 м."
S-0053;кустарник;Спирея Вангутта;65.375;6.125;СП 42.13330.2016;"таблица 9.1; ППМ № 743-ПП, прил. 1, п. 3.6.3, табл. 3.6.1 (МГСН 1.01-99); ППМ № 623-ПП (МГСН 1.02-02), п. 4.2.4";Край проезжей части, кромка укреплённой полосы обочины;1.0;2.0;"Посадка (кустарник) допустима. Определяющее ограничение — край проезжей части, кромка укреплённой полосы обочины: требуется не менее 1.0 м, фактически 2.0 м (СП 42.13330.2016, таблица 9.1; ППМ № 743-ПП, прил. 1, п. 3.6.3, табл. 3.6.1 (МГСН 1.01-99); ППМ № 623-ПП (МГСН 1.02-02), п. 4.2.4). Прочие проверенные отступы: край тротуара и садовой дорожки — 14.0 м при норме 0.5 м; канализация — 14.75 м при норме 1.0 м; силовой кабель и кабель связи — 20.0 м при норме 0.7 м."
S-0054;кустарник;Спирея Вангутта;66.625;6.125;СП 42.13330.2016;"таблица 9.1; ППМ № 743-ПП, прил. 1, п. 3.6.3, табл. 3.6.1 (МГСН 1.01-99); ППМ № 623-ПП (МГСН 1.02-02), п. 4.2.4";Край проезжей части, кромка укреплённой полосы обочины;1.0;2.0;"Посадка (кустарник) допустима. Определяющее ограничение — край проезжей части, кромка укреплённой полосы обочины: требуется не менее 1.0 м, фактически 2.0 м (СП 42.13330.2016, таблица 9.1; ППМ № 743-ПП, прил. 1, п. 3.6.3, табл. 3.6.1 (МГСН 1.01-99); ППМ № 623-ПП (МГСН 1.02-02), п. 4.2.4). Прочие проверенные отступы: канализация — 13.5 м при норме 1.0 м; край тротуара и садовой дорожки — 14.0 м при норме 0.5 м; силовой кабель и кабель связи — 20.0 м при норме 0.7 м."
S-0055;кустарник;Спирея Вангутта;67.875;6.125;СП 42.13330.2016;"таблица 9.1; ППМ № 743-ПП, прил. 1, п. 3.6.3, табл. 3.6.1 (МГСН 1.01-99); ППМ № 623-ПП (МГСН 1.02-02), п. 4.2.4";Край проезжей части, кромка укреплённой полосы обочины;1.0;2.0;"Посадка (кустарник) допустима. Определяющее ограничение — край проезжей части, кромка укреплённой полосы обочины: требуется не менее 1.0 м, фактически 2.0 м (СП 42.13330.2016, таблица 9.1; ППМ № 743-ПП, прил. 1, п. 3.6.3, табл. 3.6.1 (МГСН 1.01-99); ППМ № 623-ПП (МГСН 1.02-02), п. 4.2.4). Прочие проверенные отступы: канализация — 12.25 м при норме 1.0 м; край тротуара и садовой дорожки — 14.0 м при норме 0.5 м; силовой кабель и кабель связи — 20.0 м при норме 0.7 м."
S-0056;кустарник;Спирея Вангутта;69.125;6.125;СП 42.13330.2016;"таблица 9.1; ППМ № 743-ПП, прил. 1, п. 3.6.3, табл. 3.6.1 (МГСН 1.01-99); ППМ № 623-ПП (МГСН 1.02-02), п. 4.2.4";Край проезжей части, кромка укреплённой полосы обочины;1.0;2.0;"Посадка (кустарник) допустима. Определяющее ограничение — край проезжей части, кромка укреплённой полосы обочины: требуется не менее 1.0 м, фактически 2.0 м (СП 42.13330.2016, таблица 9.1; ППМ № 743-ПП, прил. 1, п. 3.6.3, табл. 3.6.1 (МГСН 1.01-99); ППМ № 623-ПП (МГСН 1.02-02), п. 4.2.4). Прочие проверенные отступы: канализация — 11.0 м при норме 1.0 м; край тротуара и садовой дорожки — 14.0 м при норме 0.5 м; силовой кабель и кабель связи — 20.0 м при норме 0.7 м."
S-0057;кустарник;Спирея Вангутта;70.375;6.125;СП 42.13330.2016;"таблица 9.1; ППМ № 743-ПП, прил. 1, п. 3.6.3, табл. 3.6.1 (МГСН 1.01-99); ППМ № 623-ПП (МГСН 1.02-02), п. 4.2.4";Край проезжей части, кромка укреплённой полосы обочины;1.0;2.0;"Посадка (кустарник) допустима. Определяющее ограничение — край проезжей части, кромка укреплённой полосы обочины: требуется не менее 1.0 м, фактически 2.0 м (СП 42.13330.2016, таблица 9.1; ППМ № 743-ПП, прил. 1, п. 3.6.3, табл. 3.6.1 (МГСН 1.01-99); ППМ № 623-ПП (МГСН 1.02-02), п. 4.2.4). Прочие проверенные отступы: канализация — 9.75 м при норме 1.0 м; край тротуара и садовой дорожки — 14.0 м при норме 0.5 м; силовой кабель и кабель связи — 20.0 м при норме 0.7 м."
S-0058;кустарник;Спирея Вангутта;71.625;6.125;СП 42.13330.2016;"таблица 9.1; ППМ № 743-ПП, прил. 1, п. 3.6.3, табл. 3.6.1 (МГСН 1.01-99); ППМ № 623-ПП (МГСН 1.02-02), п. 4.2.4";Край проезжей части, кромка укреплённой полосы обочины;1.0;2.0;"Посадка (кустарник) допустима. Определяющее ограничение — край проезжей части, кромка укреплённой полосы обочины: требуется не менее 1.0 м, фактически 2.0 м (СП 42.13330.2016, таблица 9.1; ППМ № 743-ПП, прил. 1, п. 3.6.3, табл. 3.6.1 (МГСН 1.01-99); ППМ № 623-ПП (МГСН 1.02-02), п. 4.2.4). Прочие проверенные отступы: канализация — 8.5 м при норме 1.0 м; край тротуара и садовой дорожки — 14.0 м при норме 0.5 м; силовой кабель и кабель связи — 20.0 м при норме 0.7 м."
S-0059;кустарник;Спирея Вангутта;72.875;6.125;СП 42.13330.2016;"таблица 9.1; ППМ № 743-ПП, прил. 1, п. 3.6.3, табл. 3.6.1 (МГСН 1.01-99); ППМ № 623-ПП (МГСН 1.02-02), п. 4.2.4";Край проезжей части, кромка укреплённой полосы обочины;1.0;2.0;"Посадка (кустарник) допустима. Определяющее ограничение — край проезжей части, кромка укреплённой полосы обочины: требуется не менее 1.0 м, фактически 2.0 м (СП 42.13330.2016, таблица 9.1; ППМ № 743-ПП, прил. 1, п. 3.6.3, табл. 3.6.1 (МГСН 1.01-99); ППМ № 623-ПП (МГСН 1.02-02), п. 4.2.4). Прочие проверенные отступы: канализация — 7.25 м при норме 1.0 м; край тротуара и садовой дорожки — 14.0 м при норме 0.5 м; силовой кабель и кабель связи — 20.0 м при норме 0.7 м."
S-0060;кустарник;Спирея Вангутта;74.125;6.125;СП 42.13330.2016;"таблица 9.1; ППМ № 743-ПП, прил. 1, п. 3.6.3, табл. 3.6.1 (МГСН 1.01-99); ППМ № 623-ПП (МГСН 1.02-02), п. 4.2.4";Край проезжей части, кромка укреплённой полосы обочины;1.0;2.0;"Посадка (кустарник) допустима. Определяющее ограничение — край проезжей части, кромка укреплённой полосы обочины: требуется не менее 1.0 м, фактически 2.0 м (СП 42.13330.2016, таблица 9.1; ППМ № 743-ПП, прил. 1, п. 3.6.3, табл. 3.6.1 (МГСН 1.01-99); ППМ № 623-ПП (МГСН 1.02-02), п. 4.2.4). Прочие проверенные отступы: канализация — 6.0 м при норме 1.0 м; край тротуара и садовой дорожки — 14.0 м при норме 0.5 м; силовой кабель и кабель связи — 20.0 м при норме 0.7 м."
S-0061;кустарник;Спирея Вангутта;75.375;6.125;СП 42.13330.2016;"таблица 9.1; ППМ № 743-ПП, прил. 1, п. 3.6.3, табл. 3.6.1 (МГСН 1.01-99); ППМ № 623-ПП (МГСН 1.02-02), п. 4.2.4";Край проезжей части, кромка укреплённой полосы обочины;1.0;2.0;"Посадка (кустарник) допустима. Определяющее ограничение — край проезжей части, кромка укреплённой полосы обочины: требуется не менее 1.0 м, фактически 2.0 м (СП 42.13330.2016, таблица 9.1; ППМ № 743-ПП, прил. 1, п. 3.6.3, табл. 3.6.1 (МГСН 1.01-99); ППМ № 623-ПП (МГСН 1.02-02), п. 4.2.4). Прочие проверенные отступы: канализация — 4.75 м при норме 1.0 м; край тротуара и садовой дорожки — 14.0 м при норме 0.5 м; силовой кабель и кабель связи — 20.0 м при норме 0.7 м."
S-0062;кустарник;Спирея Вангутта;76.625;6.125;СП 42.13330.2016;"таблица 9.1; ППМ № 743-ПП, прил. 1, п. 3.6.3, табл. 3.6.1 (МГСН 1.01-99); ППМ № 623-ПП (МГСН 1.02-02), п. 4.2.4";Край проезжей части, кромка укреплённой полосы обочины;1.0;2.0;"Посадка (кустарник) допустима. Определяющее ограничение — край проезжей части, кромка укреплённой полосы обочины: требуется не менее 1.0 м, фактически 2.0 м (СП 42.13330.2016, таблица 9.1; ППМ № 743-ПП, прил. 1, п. 3.6.3, табл. 3.6.1 (МГСН 1.01-99); ППМ № 623-ПП (МГСН 1.02-02), п. 4.2.4). Прочие проверенные отступы: канализация — 3.5 м при норме 1.0 м; край тротуара и садовой дорожки — 14.0 м при норме 0.5 м; силовой кабель и кабель связи — 20.0 м при норме 0.7 м."
S-0063;кустарник;Спирея Вангутта;77.875;6.125;СП 42.13330.2016;"таблица 9.1; ППМ № 743-ПП, прил. 1, п. 3.6.3, табл. 3.6.1 (МГСН 1.01-99); ППМ № 623-ПП (МГСН 1.02-02), п. 4.2.4";Край проезжей части, кромка укреплённой полосы обочины;1.0;2.0;"Посадка (кустарник) допустима. Определяющее ограничение — край проезжей части, кромка укреплённой полосы обочины: требуется не менее 1.0 м, фактически 2.0 м (СП 42.13330.2016, таблица 9.1; ППМ № 743-ПП, прил. 1, п. 3.6.3, табл. 3.6.1 (МГСН 1.01-99); ППМ № 623-ПП (МГСН 1.02-02), п. 4.2.4). Прочие проверенные отступы: канализация — 2.25 м при норме 1.0 м; край тротуара и садовой дорожки — 14.0 м при норме 0.5 м; силовой кабель и кабель связи — 20.0 м при норме 0.7 м."
S-0064;кустарник;Спирея Вангутта;81.875;6.125;СП 42.13330.2016;"таблица 9.1; ППМ № 743-ПП, прил. 1, п. 3.6.3, табл. 3.6.1 (МГСН 1.01-99); ППМ № 623-ПП (МГСН 1.02-02), п. 4.2.4";Канализация;1.0;1.75;"Посадка (кустарник) допустима. Определяющее ограничение — канализация: требуется не менее 1.0 м, фактически 1.75 м (СП 42.13330.2016, таблица 9.1; ППМ № 743-ПП, прил. 1, п. 3.6.3, табл. 3.6.1 (МГСН 1.01-99); ППМ № 623-ПП (МГСН 1.02-02), п. 4.2.4). Прочие проверенные отступы: край проезжей части, кромка укреплённой полосы обочины — 2.0 м при норме 1.0 м; край тротуара и садовой дорожки — 14.0 м при норме 0.5 м; силовой кабель и кабель связи — 20.0 м при норме 0.7 м."
S-0065;кустарник;Спирея Вангутта;83.125;6.125;СП 42.13330.2016;"таблица 9.1; ППМ № 743-ПП, прил. 1, п. 3.6.3, табл. 3.6.1 (МГСН 1.01-99); ППМ № 623-ПП (МГСН 1.02-02), п. 4.2.4";Край проезжей части, кромка укреплённой полосы обочины;1.0;2.0;"Посадка (кустарник) допустима. Определяющее ограничение — край проезжей части, кромка укреплённой полосы обочины: требуется не менее 1.0 м, фактически 2.0 м (СП 42.13330.2016, таблица 9.1; ППМ № 743-ПП, прил. 1, п. 3.6.3, табл. 3.6.1 (МГСН 1.01-99); ППМ № 623-ПП (МГСН 1.02-02), п. 4.2.4). Прочие проверенные отступы: канализация — 3.0 м при норме 1.0 м; край тротуара и садовой дорожки — 14.0 м при норме 0.5 м; силовой кабель и кабель связи — 20.0 м при норме 0.7 м."
S-0066;кустарник;Спирея Вангутта;84.375;6.125;СП 42.13330.2016;"таблица 9.1; ППМ № 743-ПП, прил. 1, п. 3.6.3, табл. 3.6.1 (МГСН 1.01-99); ППМ № 623-ПП (МГСН 1.02-02), п. 4.2.4";Край проезжей части, кромка укреплённой полосы обочины;1.0;2.0;"Посадка (кустарник) допустима. Определяющее ограничение — край проезжей части, кромка укреплённой полосы обочины: требуется не менее 1.0 м, фактически 2.0 м (СП 42.13330.2016, таблица 9.1; ППМ № 743-ПП, прил. 1, п. 3.6.3, табл. 3.6.1 (МГСН 1.01-99); ППМ № 623-ПП (МГСН 1.02-02), п. 4.2.4). Прочие проверенные отступы: канализация — 4.25 м при норме 1.0 м; край тротуара и садовой дорожки — 14.0 м при норме 0.5 м; силовой кабель и кабель связи — 20.0 м при норме 0.7 м."
S-0067;кустарник;Спирея Вангутта;85.625;6.125;СП 42.13330.2016;"таблица 9.1; ППМ № 743-ПП, прил. 1, п. 3.6.3, табл. 3.6.1 (МГСН 1.01-99); ППМ № 623-ПП (МГСН 1.02-02), п. 4.2.4";Край проезжей части, кромка укреплённой полосы обочины;1.0;2.0;"Посадка (кустарник) допустима. Определяющее ограничение — край проезжей части, кромка укреплённой полосы обочины: требуется не менее 1.0 м, фактически 2.0 м (СП 42.13330.2016, таблица 9.1; ППМ № 743-ПП, прил. 1, п. 3.6.3, табл. 3.6.1 (МГСН 1.01-99); ППМ № 623-ПП (МГСН 1.02-02), п. 4.2.4). Прочие проверенные отступы: канализация — 5.5 м при норме 1.0 м; край тротуара и садовой дорожки — 14.0 м при норме 0.5 м; силовой кабель и кабель связи — 20.0 м при норме 0.7 м."
S-0068;кустарник;Спирея Вангутта;86.875;6.125;СП 42.13330.2016;"таблица 9.1; ППМ № 743-ПП, прил. 1, п. 3.6.3, табл. 3.6.1 (МГСН 1.01-99); ППМ № 623-ПП (МГСН 1.02-02), п. 4.2.4";Край проезжей части, кромка укреплённой полосы обочины;1.0;2.0;"Посадка (кустарник) допустима. Определяющее ограничение — край проезжей части, кромка укреплённой полосы обочины: требуется не менее 1.0 м, фактически 2.0 м (СП 42.13330.2016, таблица 9.1; ППМ № 743-ПП, прил. 1, п. 3.6.3, табл. 3.6.1 (МГСН 1.01-99); ППМ № 623-ПП (МГСН 1.02-02), п. 4.2.4). Прочие проверенные отступы: канализация — 6.75 м при норме 1.0 м; край тротуара и садовой дорожки — 14.0 м при норме 0.5 м; силовой кабель и кабель связи — 20.0 м при норме 0.7 м."
S-0069;кустарник;Спирея Вангутта;88.125;6.125;СП 42.13330.2016;"таблица 9.1; ППМ № 743-ПП, прил. 1, п. 3.6.3, табл. 3.6.1 (МГСН 1.01-99); ППМ № 623-ПП (МГСН 1.02-02), п. 4.2.4";Край проезжей части, кромка укреплённой полосы обочины;1.0;2.0;"Посадка (кустарник) допустима. Определяющее ограничение — край проезжей части, кромка укреплённой полосы обочины: требуется не менее 1.0 м, фактически 2.0 м (СП 42.13330.2016, таблица 9.1; ППМ № 743-ПП, прил. 1, п. 3.6.3, табл. 3.6.1 (МГСН 1.01-99); ППМ № 623-ПП (МГСН 1.02-02), п. 4.2.4). Прочие проверенные отступы: канализация — 8.0 м при норме 1.0 м; край тротуара и садовой дорожки — 14.0 м при норме 0.5 м; силовой кабель и кабель связи — 20.0 м при норме 0.7 м."
S-0070;кустарник;Спирея Вангутта;89.375;6.125;СП 42.13330.2016;"таблица 9.1; ППМ № 743-ПП, прил. 1, п. 3.6.3, табл. 3.6.1 (МГСН 1.01-99); ППМ № 623-ПП (МГСН 1.02-02), п. 4.2.4";Край проезжей части, кромка укреплённой полосы обочины;1.0;2.0;"Посадка (кустарник) допустима. Определяющее ограничение — край проезжей части, кромка укреплённой полосы обочины: требуется не менее 1.0 м, фактически 2.0 м (СП 42.13330.2016, таблица 9.1; ППМ № 743-ПП, прил. 1, п. 3.6.3, табл. 3.6.1 (МГСН 1.01-99); ППМ № 623-ПП (МГСН 1.02-02), п. 4.2.4). Прочие проверенные отступы: канализация — 9.25 м при норме 1.0 м; край тротуара и садовой дорожки — 14.0 м при норме 0.5 м; силовой кабель и кабель связи — 20.0 м при норме 0.7 м."
S-0071;кустарник;Спирея Вангутта;90.625;6.125;СП 42.13330.2016;"таблица 9.1; ППМ № 743-ПП, прил. 1, п. 3.6.3, табл. 3.6.1 (МГСН 1.01-99); ППМ № 623-ПП (МГСН 1.02-02), п. 4.2.4";Край проезжей части, кромка укреплённой полосы обочины;1.0;2.0;"Посадка (кустарник) допустима. Определяющее ограничение — край проезжей части, кромка укреплённой полосы обочины: требуется не менее 1.0 м, фактически 2.0 м (СП 42.13330.2016, таблица 9.1; ППМ № 743-ПП, прил. 1, п. 3.6.3, табл. 3.6.1 (МГСН 1.01-99); ППМ № 623-ПП (МГСН 1.02-02), п. 4.2.4). Прочие проверенные отступы: канализация — 10.5 м при норме 1.0 м; край тротуара и садовой дорожки — 14.0 м при норме 0.5 м; силовой кабель и кабель связи — 20.0 м при норме 0.7 м."
S-0072;кустарник;Спирея Вангутта;91.875;6.125;СП 42.13330.2016;"таблица 9.1; ППМ № 743-ПП, прил. 1, п. 3.6.3, табл. 3.6.1 (МГСН 1.01-99); ППМ № 623-ПП (МГСН 1.02-02), п. 4.2.4";Край проезжей части, кромка укреплённой полосы обочины;1.0;2.0;"Посадка (кустарник) допустима. Определяющее ограничение — край проезжей части, кромка укреплённой полосы обочины: требуется не менее 1.0 м, фактически 2.0 м (СП 42.13330.2016, таблица 9.1; ППМ № 743-ПП, прил. 1, п. 3.6.3, табл. 3.6.1 (МГСН 1.01-99); ППМ № 623-ПП (МГСН 1.02-02), п. 4.2.4). Прочие проверенные отступы: канализация — 11.75 м при норме 1.0 м; край тротуара и садовой дорожки — 14.0 м при норме 0.5 м; силовой кабель и кабель связи — 20.0 м при норме 0.7 м."
S-0073;кустарник;Спирея Вангутта;93.125;6.125;СП 42.13330.2016;"таблица 9.1; ППМ № 743-ПП, прил. 1, п. 3.6.3, табл. 3.6.1 (МГСН 1.01-99); ППМ № 623-ПП (МГСН 1.02-02), п. 4.2.4";Край проезжей части, кромка укреплённой полосы обочины;1.0;2.0;"Посадка (кустарник) допустима. Определяющее ограничение — край проезжей части, кромка укреплённой полосы обочины: требуется не менее 1.0 м, фактически 2.0 м (СП 42.13330.2016, таблица 9.1; ППМ № 743-ПП, прил. 1, п. 3.6.3, табл. 3.6.1 (МГСН 1.01-99); ППМ № 623-ПП (МГСН 1.02-02), п. 4.2.4). Прочие проверенные отступы: канализация — 13.0 м при норме 1.0 м; край тротуара и садовой дорожки — 14.0 м при норме 0.5 м; силовой кабель и кабель связи — 20.0 м при норме 0.7 м."
S-0074;кустарник;Спирея Вангутта;94.375;6.125;СП 42.13330.2016;"таблица 9.1; ППМ № 743-ПП, прил. 1, п. 3.6.3, табл. 3.6.1 (МГСН 1.01-99); ППМ № 623-ПП (МГСН 1.02-02), п. 4.2.4";Край проезжей части, кромка укреплённой полосы обочины;1.0;2.0;"Посадка (кустарник) допустима. Определяющее ограничение — край проезжей части, кромка укреплённой полосы обочины: требуется не менее 1.0 м, фактически 2.0 м (СП 42.13330.2016, таблица 9.1; ППМ № 743-ПП, прил. 1, п. 3.6.3, табл. 3.6.1 (МГСН 1.01-99); ППМ № 623-ПП (МГСН 1.02-02), п. 4.2.4). Прочие проверенные отступы: канализация — 14.25 м при норме 1.0 м; край тротуара и садовой дорожки — 14.0 м при норме 0.5 м; силовой кабель и кабель связи — 20.0 м при норме 0.7 м."
S-0075;кустарник;Спирея Вангутта;95.625;6.125;СП 42.13330.2016;"таблица 9.1; ППМ № 743-ПП, прил. 1, п. 3.6.3, табл. 3.6.1 (МГСН 1.01-99); ППМ № 623-ПП (МГСН 1.02-02), п. 4.2.4";Край проезжей части, кромка укреплённой полосы обочины;1.0;2.0;"Посадка (кустарник) допустима. Определяющее ограничение — край проезжей части, кромка укреплённой полосы обочины: требуется не менее 1.0 м, фактически 2.0 м (СП 42.13330.2016, таблица 9.1; ППМ № 743-ПП, прил. 1, п. 3.6.3, табл. 3.6.1 (МГСН 1.01-99); ППМ № 623-ПП (МГСН 1.02-02), п. 4.2.4). Прочие проверенные отступы: край тротуара и садовой дорожки — 14.0 м при норме 0.5 м; канализация — 15.5 м при норме 1.0 м; силовой кабель и кабель связи — 20.0 м при норме 0.7 м."
S-0076;кустарник;Спирея Вангутта;96.875;6.125;СП 42.13330.2016;"таблица 9.1; ППМ № 743-ПП, прил. 1, п. 3.6.3, табл. 3.6.1 (МГСН 1.01-99); ППМ № 623-ПП (МГСН 1.02-02), п. 4.2.4";Край проезжей части, кромка укреплённой полосы обочины;1.0;2.0;"Посадка (кустарник) допустима. Определяющее ограничение — край проезжей части, кромка укреплённой полосы обочины: требуется не менее 1.0 м, фактически 2.0 м (СП 42.13330.2016, таблица 9.1; ППМ № 743-ПП, прил. 1, п. 3.6.3, табл. 3.6.1 (МГСН 1.01-99); ППМ № 623-ПП (МГСН 1.02-02), п. 4.2.4). Прочие проверенные отступы: край тротуара и садовой дорожки — 14.0 м при норме 0.5 м; канализация — 16.75 м при норме 1.0 м; силовой кабель и кабель связи — 20.0 м при норме 0.7 м."
S-0077;кустарник;Спирея Вангутта;98.125;6.125;СП 42.13330.2016;"таблица 9.1; ППМ № 743-ПП, прил. 1, п. 3.6.3, табл. 3.6.1 (МГСН 1.01-99); ППМ № 623-ПП (МГСН 1.02-02), п. 4.2.4";Край проезжей части, кромка укреплённой полосы обочины;1.0;2.0;"Посадка (кустарник) допустима. Определяющее ограничение — край проезжей части, кромка укреплённой полосы обочины: требуется не менее 1.0 м, фактически 2.0 м (СП 42.13330.2016, таблица 9.1; ППМ № 743-ПП, прил. 1, п. 3.6.3, табл. 3.6.1 (МГСН 1.01-99); ППМ № 623-ПП (МГСН 1.02-02), п. 4.2.4). Прочие проверенные отступы: край тротуара и садовой дорожки — 14.0 м при норме 0.5 м; канализация — 18.0 м при норме 1.0 м; силовой кабель и кабель связи — 20.0 м при норме 0.7 м."
S-0078;кустарник;Спирея Вангутта;99.375;6.125;СП 42.13330.2016;"таблица 9.1; ППМ № 743-ПП, прил. 1, п. 3.6.3, табл. 3.6.1 (МГСН 1.01-99); ППМ № 623-ПП (МГСН 1.02-02), п. 4.2.4";Край проезжей части, кромка укреплённой полосы обочины;1.0;2.0;"Посадка (кустарник) допустима. Определяющее ограничение — край проезжей части, кромка укреплённой полосы обочины: требуется не менее 1.0 м, фактически 2.0 м (СП 42.13330.2016, таблица 9.1; ППМ № 743-ПП, прил. 1, п. 3.6.3, табл. 3.6.1 (МГСН 1.01-99); ППМ № 623-ПП (МГСН 1.02-02), п. 4.2.4). Прочие проверенные отступы: край тротуара и садовой дорожки — 14.0 м при норме 0.5 м; канализация — 19.25 м при норме 1.0 м; силовой кабель и кабель связи — 20.0 м при норме 0.7 м."
S-0079;кустарник;Спирея Вангутта;100.625;6.125;СП 42.13330.2016;"таблица 9.1; ППМ № 743-ПП, прил. 1, п. 3.6.3, табл. 3.6.1 (МГСН 1.01-99); ППМ № 623-ПП (МГСН 1.02-02), п. 4.2.4";Край проезжей части, кромка укреплённой полосы обочины;1.0;2.0;"Посадка (кустарник) допустима. Определяющее ограничение — край проезжей части, кромка укреплённой полосы обочины: требуется не менее 1.0 м, фактически 2.0 м (СП 42.13330.2016, таблица 9.1; ППМ № 743-ПП, прил. 1, п. 3.6.3, табл. 3.6.1 (МГСН 1.01-99); ППМ № 623-ПП (МГСН 1.02-02), п. 4.2.4). Прочие проверенные отступы: край тротуара и садовой дорожки — 14.0 м при норме 0.5 м; силовой кабель и кабель связи — 20.0 м при норме 0.7 м; канализация — 20.5 м при норме 1.0 м."
S-0080;кустарник;Спирея Вангутта;101.875;6.125;СП 42.13330.2016;"таблица 9.1; ППМ № 743-ПП, прил. 1, п. 3.6.3, табл. 3.6.1 (МГСН 1.01-99); ППМ № 623-ПП (МГСН 1.02-02), п. 4.2.4";Край проезжей части, кромка укреплённой полосы обочины;1.0;2.0;"Посадка (кустарник) допустима. Определяющее ограничение — край проезжей части, кромка укреплённой полосы обочины: требуется не менее 1.0 м, фактически 2.0 м (СП 42.13330.2016, таблица 9.1; ППМ № 743-ПП, прил. 1, п. 3.6.3, табл. 3.6.1 (МГСН 1.01-99); ППМ № 623-ПП (МГСН 1.02-02), п. 4.2.4). Прочие проверенные отступы: край тротуара и садовой дорожки — 14.0 м при норме 0.5 м; силовой кабель и кабель связи — 20.0 м при норме 0.7 м; канализация — 21.75 м при норме 1.0 м."
S-0081;кустарник;Кизильник блестящий;103.125;6.125;СП 42.13330.2016;"таблица 9.1; ППМ № 743-ПП, прил. 1, п. 3.6.3, табл. 3.6.1 (МГСН 1.01-99); ППМ № 623-ПП (МГСН 1.02-02), п. 4.2.4";Край проезжей части, кромка укреплённой полосы обочины;1.0;2.0;"Посадка (кустарник) допустима. Определяющее ограничение — край проезжей части, кромка укреплённой полосы обочины: требуется не менее 1.0 м, фактически 2.0 м (СП 42.13330.2016, таблица 9.1; ППМ № 743-ПП, прил. 1, п. 3.6.3, табл. 3.6.1 (МГСН 1.01-99); ППМ № 623-ПП (МГСН 1.02-02), п. 4.2.4). Прочие проверенные отступы: край тротуара и садовой дорожки — 14.0 м при норме 0.5 м; силовой кабель и кабель связи — 20.0 м при норме 0.7 м; канализация — 23.0 м при норме 1.0 м."
S-0082;кустарник;Кизильник блестящий;104.375;6.125;СП 42.13330.2016;"таблица 9.1; ППМ № 743-ПП, прил. 1, п. 3.6.3, табл. 3.6.1 (МГСН 1.01-99); ППМ № 623-ПП (МГСН 1.02-02), п. 4.2.4";Край проезжей части, кромка укреплённой полосы обочины;1.0;2.0;"Посадка (кустарник) допустима. Определяющее ограничение — край проезжей части, кромка укреплённой полосы обочины: требуется не менее 1.0 м, фактически 2.0 м (СП 42.13330.2016, таблица 9.1; ППМ № 743-ПП, прил. 1, п. 3.6.3, табл. 3.6.1 (МГСН 1.01-99); ППМ № 623-ПП (МГСН 1.02-02), п. 4.2.4). Прочие проверенные отступы: край тротуара и садовой дорожки — 14.0 м при норме 0.5 м; силовой кабель и кабель связи — 20.0 м при норме 0.7 м; водопровод, дренаж — 24.0 м при норме 1.0 м."
S-0083;кустарник;Кизильник блестящий;105.625;6.125;СП 42.13330.2016;"таблица 9.1; ППМ № 743-ПП, прил. 1, п. 3.6.3, табл. 3.6.1 (МГСН 1.01-99); ППМ № 623-ПП (МГСН 1.02-02), п. 4.2.4";Край проезжей части, кромка укреплённой полосы обочины;1.0;2.0;"Посадка (кустарник) допустима. Определяющее ограничение — край проезжей части, кромка укреплённой полосы обочины: требуется не менее 1.0 м, фактически 2.0 м (СП 42.13330.2016, таблица 9.1; ППМ № 743-ПП, прил. 1, п. 3.6.3, табл. 3.6.1 (МГСН 1.01-99); ППМ № 623-ПП (МГСН 1.02-02), п. 4.2.4). Прочие проверенные отступы: край тротуара и садовой дорожки — 14.0 м при норме 0.5 м; силовой кабель и кабель связи — 20.0 м при норме 0.7 м; водопровод, дренаж — 24.0 м при норме 1.0 м."
S-0084;кустарник;Кизильник блестящий;106.875;6.125;СП 42.13330.2016;"таблица 9.1; ППМ № 743-ПП, прил. 1, п. 3.6.3, табл. 3.6.1 (МГСН 1.01-99); ППМ № 623-ПП (МГСН 1.02-02), п. 4.2.4";Край проезжей части, кромка укреплённой полосы обочины;1.0;2.0;"Посадка (кустарник) допустима. Определяющее ограничение — край проезжей части, кромка укреплённой полосы обочины: требуется не менее 1.0 м, фактически 2.0 м (СП 42.13330.2016, таблица 9.1; ППМ № 743-ПП, прил. 1, п. 3.6.3, табл. 3.6.1 (МГСН 1.01-99); ППМ № 623-ПП (МГСН 1.02-02), п. 4.2.4). Прочие проверенные отступы: край тротуара и садовой дорожки — 14.0 м при норме 0.5 м; силовой кабель и кабель связи — 20.0 м при норме 0.7 м; водопровод, дренаж — 24.0 м при норме 1.0 м."
S-0085;кустарник;Кизильник блестящий;108.125;6.125;СП 42.13330.2016;"таблица 9.1; ППМ № 743-ПП, прил. 1, п. 3.6.3, табл. 3.6.1 (МГСН 1.01-99); ППМ № 623-ПП (МГСН 1.02-02), п. 4.2.4";Край проезжей части, кромка укреплённой полосы обочины;1.0;2.0;"Посадка (кустарник) допустима. Определяющее ограничение — край проезжей части, кромка укреплённой полосы обочины: требуется не менее 1.0 м, фактически 2.0 м (СП 42.13330.2016, таблица 9.1; ППМ № 743-ПП, прил. 1, п. 3.6.3, табл. 3.6.1 (МГСН 1.01-99); ППМ № 623-ПП (МГСН 1.02-02), п. 4.2.4). Прочие проверенные отступы: край тротуара и садовой дорожки — 14.0 м при норме 0.5 м; силовой кабель и кабель связи — 20.0 м при норме 0.7 м; водопровод, дренаж — 24.0 м при норме 1.0 м."
S-0086;кустарник;Кизильник блестящий;109.375;6.125;СП 42.13330.2016;"таблица 9.1; ППМ № 743-ПП, прил. 1, п. 3.6.3, табл. 3.6.1 (МГСН 1.01-99); ППМ № 623-ПП (МГСН 1.02-02), п. 4.2.4";Край проезжей части, кромка укреплённой полосы обочины;1.0;2.0;"Посадка (кустарник) допустима. Определяющее ограничение — край проезжей части, кромка укреплённой полосы обочины: требуется не менее 1.0 м, фактически 2.0 м (СП 42.13330.2016, таблица 9.1; ППМ № 743-ПП, прил. 1, п. 3.6.3, табл. 3.6.1 (МГСН 1.01-99); ППМ № 623-ПП (МГСН 1.02-02), п. 4.2.4). Прочие проверенные отступы: край тротуара и садовой дорожки — 14.0 м при норме 0.5 м; силовой кабель и кабель связи — 20.0 м при норме 0.7 м; водопровод, дренаж — 24.0 м при норме 1.0 м."
S-0087;кустарник;Кизильник блестящий;110.625;6.125;СП 42.13330.2016;"таблица 9.1; ППМ № 743-ПП, прил. 1, п. 3.6.3, табл. 3.6.1 (МГСН 1.01-99); ППМ № 623-ПП (МГСН 1.02-02), п. 4.2.4";Край проезжей части, кромка укреплённой полосы обочины;1.0;2.0;"Посадка (кустарник) допустима. Определяющее ограничение — край проезжей части, кромка укреплённой полосы обочины: требуется не менее 1.0 м, фактически 2.0 м (СП 42.13330.2016, таблица 9.1; ППМ № 743-ПП, прил. 1, п. 3.6.3, табл. 3.6.1 (МГСН 1.01-99); ППМ № 623-ПП (МГСН 1.02-02), п. 4.2.4). Прочие проверенные отступы: край тротуара и садовой дорожки — 14.0 м при норме 0.5 м; силовой кабель и кабель связи — 20.0 м при норме 0.7 м; водопровод, дренаж — 24.0 м при норме 1.0 м."
S-0088;кустарник;Кизильник блестящий;111.875;6.125;СП 42.13330.2016;"таблица 9.1; ППМ № 743-ПП, прил. 1, п. 3.6.3, табл. 3.6.1 (МГСН 1.01-99); ППМ № 623-ПП (МГСН 1.02-02), п. 4.2.4";Край проезжей части, кромка укреплённой полосы обочины;1.0;2.0;"Посадка (кустарник) допустима. Определяющее ограничение — край проезжей части, кромка укреплённой полосы обочины: требуется не менее 1.0 м, фактически 2.0 м (СП 42.13330.2016, таблица 9.1; ППМ № 743-ПП, прил. 1, п. 3.6.3, табл. 3.6.1 (МГСН 1.01-99); ППМ № 623-ПП (МГСН 1.02-02), п. 4.2.4). Прочие проверенные отступы: край тротуара и садовой дорожки — 14.0 м при норме 0.5 м; силовой кабель и кабель связи — 20.0 м при норме 0.7 м; водопровод, дренаж — 24.0 м при норме 1.0 м."
S-0089;кустарник;Кизильник блестящий;113.125;6.125;СП 42.13330.2016;"таблица 9.1; ППМ № 743-ПП, прил. 1, п. 3.6.3, табл. 3.6.1 (МГСН 1.01-99); ППМ № 623-ПП (МГСН 1.02-02), п. 4.2.4";Край проезжей части, кромка укреплённой полосы обочины;1.0;2.0;"Посадка (кустарник) допустима. Определяющее ограничение — край проезжей части, кромка укреплённой полосы обочины: требуется не менее 1.0 м, фактически 2.0 м (СП 42.13330.2016, таблица 9.1; ППМ № 743-ПП, прил. 1, п. 3.6.3, табл. 3.6.1 (МГСН 1.01-99); ППМ № 623-ПП (МГСН 1.02-02), п. 4.2.4). Прочие проверенные отступы: край тротуара и садовой дорожки — 14.0 м при норме 0.5 м; силовой кабель и кабель связи — 20.0 м при норме 0.7 м; водопровод, дренаж — 24.0 м при норме 1.0 м."
S-0090;кустарник;Кизильник блестящий;114.375;6.125;СП 42.13330.2016;"таблица 9.1; ППМ № 743-ПП, прил. 1, п. 3.6.3, табл. 3.6.1 (МГСН 1.01-99); ППМ № 623-ПП (МГСН 1.02-02), п. 4.2.4";Край проезжей части, кромка укреплённой полосы обочины;1.0;2.0;"Посадка (кустарник) допустима. Определяющее ограничение — край проезжей части, кромка укреплённой полосы обочины: требуется не менее 1.0 м, фактически 2.0 м (СП 42.13330.2016, таблица 9.1; ППМ № 743-ПП, прил. 1, п. 3.6.3, табл. 3.6.1 (МГСН 1.01-99); ППМ № 623-ПП (МГСН 1.02-02), п. 4.2.4). Прочие проверенные отступы: край тротуара и садовой дорожки — 14.0 м при норме 0.5 м; силовой кабель и кабель связи — 20.0 м при норме 0.7 м; водопровод, дренаж — 24.0 м при норме 1.0 м."
S-0091;кустарник;Кизильник блестящий;115.625;6.125;СП 42.13330.2016;"таблица 9.1; ППМ № 743-ПП, прил. 1, п. 3.6.3, табл. 3.6.1 (МГСН 1.01-99); ППМ № 623-ПП (МГСН 1.02-02), п. 4.2.4";Край проезжей части, кромка укреплённой полосы обочины;1.0;2.0;"Посадка (кустарник) допустима. Определяющее ограничение — край проезжей части, кромка укреплённой полосы обочины: требуется не менее 1.0 м, фактически 2.0 м (СП 42.13330.2016, таблица 9.1; ППМ № 743-ПП, прил. 1, п. 3.6.3, табл. 3.6.1 (МГСН 1.01-99); ППМ № 623-ПП (МГСН 1.02-02), п. 4.2.4). Прочие проверенные отступы: край тротуара и садовой дорожки — 14.0 м при норме 0.5 м; силовой кабель и кабель связи — 20.0 м при норме 0.7 м; водопровод, дренаж — 24.0 м при норме 1.0 м."
S-0092;кустарник;Кизильник блестящий;116.875;6.125;СП 42.13330.2016;"таблица 9.1; ППМ № 743-ПП, прил. 1, п. 3.6.3, табл. 3.6.1 (МГСН 1.01-99); ППМ № 623-ПП (МГСН 1.02-02), п. 4.2.4";Край проезжей части, кромка укреплённой полосы обочины;1.0;2.0;"Посадка (кустарник) допустима. Определяющее ограничение — край проезжей части, кромка укреплённой полосы обочины: требуется не менее 1.0 м, фактически 2.0 м (СП 42.13330.2016, таблица 9.1; ППМ № 743-ПП, прил. 1, п. 3.6.3, табл. 3.6.1 (МГСН 1.01-99); ППМ № 623-ПП (МГСН 1.02-02), п. 4.2.4). Прочие проверенные отступы: край тротуара и садовой дорожки — 14.0 м при норме 0.5 м; силовой кабель и кабель связи — 20.0 м при норме 0.7 м; водопровод, дренаж — 24.0 м при норме 1.0 м."
S-0093;кустарник;Кизильник блестящий;118.125;6.125;СП 42.13330.2016;"таблица 9.1; ППМ № 743-ПП, прил. 1, п. 3.6.3, табл. 3.6.1 (МГСН 1.01-99); ППМ № 623-ПП (МГСН 1.02-02), п. 4.2.4";Край проезжей части, кромка укреплённой полосы обочины;1.0;2.0;"Посадка (кустарник) допустима. Определяющее ограничение — край проезжей части, кромка укреплённой полосы обочины: требуется не менее 1.0 м, фактически 2.0 м (СП 42.13330.2016, таблица 9.1; ППМ № 743-ПП, прил. 1, п. 3.6.3, табл. 3.6.1 (МГСН 1.01-99); ППМ № 623-ПП (МГСН 1.02-02), п. 4.2.4). Прочие проверенные отступы: край тротуара и садовой дорожки — 14.0 м при норме 0.5 м; силовой кабель и кабель связи — 20.0 м при норме 0.7 м; водопровод, дренаж — 24.0 м при норме 1.0 м."
S-0094;кустарник;Кизильник блестящий;119.375;6.125;СП 42.13330.2016;"таблица 9.1; ППМ № 743-ПП, прил. 1, п. 3.6.3, табл. 3.6.1 (МГСН 1.01-99); ППМ № 623-ПП (МГСН 1.02-02), п. 4.2.4";Край проезжей части, кромка укреплённой полосы обочины;1.0;2.0;"Посадка (кустарник) допустима. Определяющее ограничение — край проезжей части, кромка укреплённой полосы обочины: требуется не менее 1.0 м, фактически 2.0 м (СП 42.13330.2016, таблица 9.1; ППМ № 743-ПП, прил. 1, п. 3.6.3, табл. 3.6.1 (МГСН 1.01-99); ППМ № 623-ПП (МГСН 1.02-02), п. 4.2.4). Прочие проверенные отступы: край тротуара и садовой дорожки — 14.0 м при норме 0.5 м; силовой кабель и кабель связи — 20.0 м при норме 0.7 м; водопровод, дренаж — 24.0 м при норме 1.0 м."
S-0095;кустарник;Кизильник блестящий;0.375;9.875;СП 42.13330.2016;"таблица 9.1; ППМ № 743-ПП, прил. 1, п. 3.6.3, табл. 3.6.1 (МГСН 1.01-99); ППМ № 623-ПП (МГСН 1.02-02), п. 4.2.4";Край проезжей части, кромка укреплённой полосы обочины;1.0;1.75;"Посадка (кустарник) допустима. Определяющее ограничение — край проезжей части, кромка укреплённой полосы обочины: требуется не менее 1.0 м, фактически 1.75 м (СП 42.13330.2016, таблица 9.1; ППМ № 743-ПП, прил. 1, п. 3.6.3, табл. 3.6.1 (МГСН 1.01-99); ППМ № 623-ПП (МГСН 1.02-02), п. 4.2.4). Прочие проверенные отступы: край тротуара и садовой дорожки — 10.25 м при норме 0.5 м; силовой кабель и кабель связи — 16.25 м при норме 0.7 м; водопровод, дренаж — 20.25 м при норме 1.0 м."
S-0096;кустарник;Кизильник блестящий;1.625;9.875;СП 42.13330.2016;"таблица 9.1; ППМ № 743-ПП, прил. 1, п. 3.6.3, табл. 3.6.1 (МГСН 1.01-99); ППМ № 623-ПП (МГСН 1.02-02), п. 4.2.4";Край проезжей части, кромка укреплённой полосы обочины;1.0;1.75;"Посадка (кустарник) допустима. Определяющее ограничение — край проезжей части, кромка укреплённой полосы обочины: требуется не менее 1.0 м, фактически 1.75 м (СП 42.13330.2016, таблица 9.1; ППМ № 743-ПП, прил. 1, п. 3.6.3, табл. 3.6.1 (МГСН 1.01-99); ППМ № 623-ПП (МГСН 1.02-02), п. 4.2.4). Прочие проверенные отступы: край тротуара и садовой дорожки — 10.25 м при норме 0.5 м; силовой кабель и кабель связи — 16.25 м при норме 0.7 м; водопровод, дренаж — 20.25 м при норме 1.0 м."
S-0097;кустарник;Кизильник блестящий;2.875;9.875;СП 42.13330.2016;"таблица 9.1; ППМ № 743-ПП, прил. 1, п. 3.6.3, табл. 3.6.1 (МГСН 1.01-99); ППМ № 623-ПП (МГСН 1.02-02), п. 4.2.4";Край проезжей части, кромка укреплённой полосы обочины;1.0;1.75;"Посадка (кустарник) допустима. Определяющее ограничение — край проезжей части, кромка укреплённой полосы обочины: требуется не менее 1.0 м, фактически 1.75 м (СП 42.13330.2016, таблица 9.1; ППМ № 743-ПП, прил. 1, п. 3.6.3, табл. 3.6.1 (МГСН 1.01-99); ППМ № 623-ПП (МГСН 1.02-02), п. 4.2.4). Прочие проверенные отступы: край тротуара и садовой дорожки — 10.25 м при норме 0.5 м; силовой кабель и кабель связи — 16.25 м при норме 0.7 м; водопровод, дренаж — 20.25 м при норме 1.0 м."
S-0098;кустарник;Кизильник блестящий;4.125;9.875;СП 42.13330.2016;"таблица 9.1; ППМ № 743-ПП, прил. 1, п. 3.6.3, табл. 3.6.1 (МГСН 1.01-99); ППМ № 623-ПП (МГСН 1.02-02), п. 4.2.4";Край проезжей части, кромка укреплённой полосы обочины;1.0;1.75;"Посадка (кустарник) допустима. Определяющее ограничение — край проезжей части, кромка укреплённой полосы обочины: требуется не менее 1.0 м, фактически 1.75 м (СП 42.13330.2016, таблица 9.1; ППМ № 743-ПП, прил. 1, п. 3.6.3, табл. 3.6.1 (МГСН 1.01-99); ППМ № 623-ПП (МГСН 1.02-02), п. 4.2.4). Прочие проверенные отступы: край тротуара и садовой дорожки — 10.25 м при норме 0.5 м; силовой кабель и кабель связи — 16.25 м при норме 0.7 м; водопровод, дренаж — 20.25 м при норме 1.0 м."
S-0099;кустарник;Кизильник блестящий;5.375;9.875;СП 42.13330.2016;"таблица 9.1; ППМ № 743-ПП, прил. 1, п. 3.6.3, табл. 3.6.1 (МГСН 1.01-99); ППМ № 623-ПП (МГСН 1.02-02), п. 4.2.4";Край проезжей части, кромка укреплённой полосы обочины;1.0;1.75;"Посадка (кустарник) допустима. Определяющее ограничение — край проезжей части, кромка укреплённой полосы обочины: требуется не менее 1.0 м, фактически 1.75 м (СП 42.13330.2016, таблица 9.1; ППМ № 743-ПП, прил. 1, п. 3.6.3, табл. 3.6.1 (МГСН 1.01-99); ППМ № 623-ПП (МГСН 1.02-02), п. 4.2.4). Прочие проверенные отступы: край тротуара и садовой дорожки — 10.25 м при норме 0.5 м; силовой кабель и кабель связи — 16.25 м при норме 0.7 м; водопровод, дренаж — 20.25 м при норме 1.0 м."
S-0100;кустарник;Кизильник блестящий;6.625;9.875;СП 42.13330.2016;"таблица 9.1; ППМ № 743-ПП, прил. 1, п. 3.6.3, табл. 3.6.1 (МГСН 1.01-99); ППМ № 623-ПП (МГСН 1.02-02), п. 4.2.4";Край проезжей части, кромка укреплённой полосы обочины;1.0;1.75;"Посадка (кустарник) допустима. Определяющее ограничение — край проезжей части, кромка укреплённой полосы обочины: требуется не менее 1.0 м, фактически 1.75 м (СП 42.13330.2016, таблица 9.1; ППМ № 743-ПП, прил. 1, п. 3.6.3, табл. 3.6.1 (МГСН 1.01-99); ППМ № 623-ПП (МГСН 1.02-02), п. 4.2.4). Прочие проверенные отступы: край тротуара и садовой дорожки — 10.25 м при норме 0.5 м; силовой кабель и кабель связи — 16.25 м при норме 0.7 м; водопровод, дренаж — 20.25 м при норме 1.0 м."
S-0101;кустарник;Кизильник блестящий;7.875;9.875;СП 42.13330.2016;"таблица 9.1; ППМ № 743-ПП, прил. 1, п. 3.6.3, табл. 3.6.1 (МГСН 1.01-99); ППМ № 623-ПП (МГСН 1.02-02), п. 4.2.4";Край проезжей части, кромка укреплённой полосы обочины;1.0;1.75;"Посадка (кустарник) допустима. Определяющее ограничение — край проезжей части, кромка укреплённой полосы обочины: требуется не менее 1.0 м, фактически 1.75 м (СП 42.13330.2016, таблица 9.1; ППМ № 743-ПП, прил. 1, п. 3.6.3, табл. 3.6.1 (МГСН 1.01-99); ППМ № 623-ПП (МГСН 1.02-02), п. 4.2.4). Прочие проверенные отступы: край тротуара и садовой дорожки — 10.25 м при норме 0.5 м; силовой кабель и кабель связи — 16.25 м при норме 0.7 м; водопровод, дренаж — 20.25 м при норме 1.0 м."
S-0102;кустарник;Кизильник блестящий;9.125;9.875;СП 42.13330.2016;"таблица 9.1; ППМ № 743-ПП, прил. 1, п. 3.6.3, табл. 3.6.1 (МГСН 1.01-99); ППМ № 623-ПП (МГСН 1.02-02), п. 4.2.4";Край проезжей части, кромка укреплённой полосы обочины;1.0;1.75;"Посадка (кустарник) допустима. Определяющее ограничение — край проезжей части, кромка укреплённой полосы обочины: требуется не менее 1.0 м, фактически 1.75 м (СП 42.13330.2016, таблица 9.1; ППМ № 743-ПП, прил. 1, п. 3.6.3, табл. 3.6.1 (МГСН 1.01-99); ППМ № 623-ПП (МГСН 1.02-02), п. 4.2.4). Прочие проверенные отступы: край тротуара и садовой дорожки — 10.25 м при норме 0.5 м; силовой кабель и кабель связи — 16.25 м при норме 0.7 м; водопровод, дренаж — 20.25 м при норме 1.0 м."
S-0103;кустарник;Кизильник блестящий;10.375;9.875;СП 42.13330.2016;"таблица 9.1; ППМ № 743-ПП, прил. 1, п. 3.6.3, табл. 3.6.1 (МГСН 1.01-99); ППМ № 623-ПП (МГСН 1.02-02), п. 4.2.4";Край проезжей части, кромка укреплённой полосы обочины;1.0;1.75;"Посадка (кустарник) допустима. Определяющее ограничение — край проезжей части, кромка укреплённой полосы обочины: требуется не менее 1.0 м, фактически 1.75 м (СП 42.13330.2016, таблица 9.1; ППМ № 743-ПП, прил. 1, п. 3.6.3, табл. 3.6.1 (МГСН 1.01-99); ППМ № 623-ПП (МГСН 1.02-02), п. 4.2.4). Прочие проверенные отступы: край тротуара и садовой дорожки — 10.25 м при норме 0.5 м; силовой кабель и кабель связи — 16.25 м при норме 0.7 м; водопровод, дренаж — 20.25 м при норме 1.0 м."
S-0104;кустарник;Кизильник блестящий;11.625;9.875;СП 42.13330.2016;"таблица 9.1; ППМ № 743-ПП, прил. 1, п. 3.6.3, табл. 3.6.1 (МГСН 1.01-99); ППМ № 623-ПП (МГСН 1.02-02), п. 4.2.4";Край проезжей части, кромка укреплённой полосы обочины;1.0;1.75;"Посадка (кустарник) допустима. Определяющее ограничение — край проезжей части, кромка укреплённой полосы обочины: требуется не менее 1.0 м, фактически 1.75 м (СП 42.13330.2016, таблица 9.1; ППМ № 743-ПП, прил. 1, п. 3.6.3, табл. 3.6.1 (МГСН 1.01-99); ППМ № 623-ПП (МГСН 1.02-02), п. 4.2.4). Прочие проверенные отступы: край тротуара и садовой дорожки — 10.25 м при норме 0.5 м; силовой кабель и кабель связи — 16.25 м при норме 0.7 м; водопровод, дренаж — 20.25 м при норме 1.0 м."
S-0105;кустарник;Кизильник блестящий;12.875;9.875;СП 42.13330.2016;"таблица 9.1; ППМ № 743-ПП, прил. 1, п. 3.6.3, табл. 3.6.1 (МГСН 1.01-99); ППМ № 623-ПП (МГСН 1.02-02), п. 4.2.4";Край проезжей части, кромка укреплённой полосы обочины;1.0;1.75;"Посадка (кустарник) допустима. Определяющее ограничение — край проезжей части, кромка укреплённой полосы обочины: требуется не менее 1.0 м, фактически 1.75 м (СП 42.13330.2016, таблица 9.1; ППМ № 743-ПП, прил. 1, п. 3.6.3, табл. 3.6.1 (МГСН 1.01-99); ППМ № 623-ПП (МГСН 1.02-02), п. 4.2.4). Прочие проверенные отступы: край тротуара и садовой дорожки — 10.25 м при норме 0.5 м; силовой кабель и кабель связи — 16.25 м при норме 0.7 м; водопровод, дренаж — 20.25 м при норме 1.0 м."
S-0106;кустарник;Кизильник блестящий;14.125;9.875;СП 42.13330.2016;"таблица 9.1; ППМ № 743-ПП, прил. 1, п. 3.6.3, табл. 3.6.1 (МГСН 1.01-99); ППМ № 623-ПП (МГСН 1.02-02), п. 4.2.4";Край проезжей части, кромка укреплённой полосы обочины;1.0;1.75;"Посадка (кустарник) допустима. Определяющее ограничение — край проезжей части, кромка укреплённой полосы обочины: требуется не менее 1.0 м, фактически 1.75 м (СП 42.13330.2016, таблица 9.1; ППМ № 743-ПП, прил. 1, п. 3.6.3, табл. 3.6.1 (МГСН 1.01-99); ППМ № 623-ПП (МГСН 1.02-02), п. 4.2.4). Прочие проверенные отступы: край тротуара и садовой дорожки — 10.25 м при норме 0.5 м; силовой кабель и кабель связи — 16.25 м при норме 0.7 м; водопровод, дренаж — 20.25 м при норме 1.0 м."
S-0107;кустарник;Кизильник блестящий;15.375;9.875;СП 42.13330.2016;"таблица 9.1; ППМ № 743-ПП, прил. 1, п. 3.6.3, табл. 3.6.1 (МГСН 1.01-99); ППМ № 623-ПП (МГСН 1.02-02), п. 4.2.4";Край проезжей части, кромка укреплённой полосы обочины;1.0;1.75;"Посадка (кустарник) допустима. Определяющее ограничение — край проезжей части, кромка укреплённой полосы обочины: требуется не менее 1.0 м, фактически 1.75 м (СП 42.13330.2016, таблица 9.1; ППМ № 743-ПП, прил. 1, п. 3.6.3, табл. 3.6.1 (МГСН 1.01-99); ППМ № 623-ПП (МГСН 1.02-02), п. 4.2.4). Прочие проверенные отступы: край тротуара и садовой дорожки — 10.25 м при норме 0.5 м; силовой кабель и кабель связи — 16.25 м при норме 0.7 м; водопровод, дренаж — 20.25 м при норме 1.0 м."
S-0108;кустарник;Кизильник блестящий;16.625;9.875;СП 42.13330.2016;"таблица 9.1; ППМ № 743-ПП, прил. 1, п. 3.6.3, табл. 3.6.1 (МГСН 1.01-99); ППМ № 623-ПП (МГСН 1.02-02), п. 4.2.4";Край проезжей части, кромка укреплённой полосы обочины;1.0;1.75;"Посадка (кустарник) допустима. Определяющее ограничение — край проезжей части, кромка укреплённой полосы обочины: требуется не менее 1.0 м, фактически 1.75 м (СП 42.13330.2016, таблица 9.1; ППМ № 743-ПП, прил. 1, п. 3.6.3, табл. 3.6.1 (МГСН 1.01-99); ППМ № 623-ПП (МГСН 1.02-02), п. 4.2.4). Прочие проверенные отступы: край тротуара и садовой дорожки — 10.25 м при норме 0.5 м; силовой кабель и кабель связи — 16.25 м при норме 0.7 м; водопровод, дренаж — 20.25 м при норме 1.0 м."
S-0109;кустарник;Кизильник блестящий;17.875;9.875;СП 42.13330.2016;"таблица 9.1; ППМ № 743-ПП, прил. 1, п. 3.6.3, табл. 3.6.1 (МГСН 1.01-99); ППМ № 623-ПП (МГСН 1.02-02), п. 4.2.4";Край проезжей части, кромка укреплённой полосы обочины;1.0;1.75;"Посадка (кустарник) допустима. Определяющее ограничение — край проезжей части, кромка укреплённой полосы обочины: требуется не менее 1.0 м, фактически 1.75 м (СП 42.13330.2016, таблица 9.1; ППМ № 743-ПП, прил. 1, п. 3.6.3, табл. 3.6.1 (МГСН 1.01-99); ППМ № 623-ПП (МГСН 1.02-02), п. 4.2.4). Прочие проверенные отступы: край тротуара и садовой дорожки — 10.25 м при норме 0.5 м; силовой кабель и кабель связи — 16.25 м при норме 0.7 м; водопровод, дренаж — 20.25 м при норме 1.0 м."
S-0110;кустарник;Кизильник блестящий;19.125;9.875;СП 42.13330.2016;"таблица 9.1; ППМ № 743-ПП, прил. 1, п. 3.6.3, табл. 3.6.1 (МГСН 1.01-99); ППМ № 623-ПП (МГСН 1.02-02), п. 4.2.4";Край проезжей части, кромка укреплённой полосы обочины;1.0;1.75;"Посадка (кустарник) допустима. Определяющее ограничение — край проезжей части, кромка укреплённой полосы обочины: требуется не менее 1.0 м, фактически 1.75 м (СП 42.13330.2016, таблица 9.1; ППМ № 743-ПП, прил. 1, п. 3.6.3, табл. 3.6.1 (МГСН 1.01-99); ППМ № 623-ПП (МГСН 1.02-02), п. 4.2.4). Прочие проверенные отступы: край тротуара и садовой дорожки — 10.25 м при норме 0.5 м; силовой кабель и кабель связи — 16.25 м при норме 0.7 м; водопровод, дренаж — 20.25 м при норме 1.0 м."
S-0111;кустарник;Кизильник блестящий;20.375;9.875;СП 42.13330.2016;"таблица 9.1; ППМ № 743-ПП, прил. 1, п. 3.6.3, табл. 3.6.1 (МГСН 1.01-99); ППМ № 623-ПП (МГСН 1.02-02), п. 4.2.4";Край проезжей части, кромка укреплённой полосы обочины;1.0;1.75;"Посадка (кустарник) допустима. Определяющее ограничение — край проезжей части, кромка укреплённой полосы обочины: требуется не менее 1.0 м, фактически 1.75 м (СП 42.13330.2016, таблица 9.1; ППМ № 743-ПП, прил. 1, п. 3.6.3, табл. 3.6.1 (МГСН 1.01-99); ППМ № 623-ПП (МГСН 1.02-02), п. 4.2.4). Прочие проверенные отступы: край тротуара и садовой дорожки — 10.25 м при норме 0.5 м; силовой кабель и кабель связи — 16.25 м при норме 0.7 м; водопровод, дренаж — 20.25 м при норме 1.0 м."
S-0112;кустарник;Кизильник блестящий;21.625;9.875;СП 42.13330.2016;"таблица 9.1; ППМ № 743-ПП, прил. 1, п. 3.6.3, табл. 3.6.1 (МГСН 1.01-99); ППМ № 623-ПП (МГСН 1.02-02), п. 4.2.4";Край проезжей части, кромка укреплённой полосы обочины;1.0;1.75;"Посадка (кустарник) допустима. Определяющее ограничение — край проезжей части, кромка укреплённой полосы обочины: требуется не менее 1.0 м, фактически 1.75 м (СП 42.13330.2016, таблица 9.1; ППМ № 743-ПП, прил. 1, п. 3.6.3, табл. 3.6.1 (МГСН 1.01-99); ППМ № 623-ПП (МГСН 1.02-02), п. 4.2.4). Прочие проверенные отступы: край тротуара и садовой дорожки — 10.25 м при норме 0.5 м; силовой кабель и кабель связи — 16.25 м при норме 0.7 м; водопровод, дренаж — 20.25 м при норме 1.0 м."
S-0113;кустарник;Кизильник блестящий;22.875;9.875;СП 42.13330.2016;"таблица 9.1; ППМ № 743-ПП, прил. 1, п. 3.6.3, табл. 3.6.1 (МГСН 1.01-99); ППМ № 623-ПП (МГСН 1.02-02), п. 4.2.4";Край проезжей части, кромка укреплённой полосы обочины;1.0;1.75;"Посадка (кустарник) допустима. Определяющее ограничение — край проезжей части, кромка укреплённой полосы обочины: требуется не менее 1.0 м, фактически 1.75 м (СП 42.13330.2016, таблица 9.1; ППМ № 743-ПП, прил. 1, п. 3.6.3, табл. 3.6.1 (МГСН 1.01-99); ППМ № 623-ПП (МГСН 1.02-02), п. 4.2.4). Прочие проверенные отступы: край тротуара и садовой дорожки — 10.25 м при норме 0.5 м; силовой кабель и кабель связи — 16.25 м при норме 0.7 м; водопровод, дренаж — 20.25 м при норме 1.0 м."
S-0114;кустарник;Кизильник блестящий;24.125;9.875;СП 42.13330.2016;"таблица 9.1; ППМ № 743-ПП, прил. 1, п. 3.6.3, табл. 3.6.1 (МГСН 1.01-99); ППМ № 623-ПП (МГСН 1.02-02), п. 4.2.4";Край проезжей части, кромка укреплённой полосы обочины;1.0;1.75;"Посадка (кустарник) допустима. Определяющее ограничение — край проезжей части, кромка укреплённой полосы обочины: требуется не менее 1.0 м, фактически 1.75 м (СП 42.13330.2016, таблица 9.1; ППМ № 743-ПП, прил. 1, п. 3.6.3, табл. 3.6.1 (МГСН 1.01-99); ППМ № 623-ПП (МГСН 1.02-02), п. 4.2.4). Прочие проверенные отступы: край тротуара и садовой дорожки — 10.25 м при норме 0.5 м; силовой кабель и кабель связи — 16.25 м при норме 0.7 м; водопровод, дренаж — 20.25 м при норме 1.0 м."
S-0115;кустарник;Кизильник блестящий;25.375;9.875;СП 42.13330.2016;"таблица 9.1; ППМ № 743-ПП, прил. 1, п. 3.6.3, табл. 3.6.1 (МГСН 1.01-99); ППМ № 623-ПП (МГСН 1.02-02), п. 4.2.4";Край проезжей части, кромка укреплённой полосы обочины;1.0;1.75;"Посадка (кустарник) допустима. Определяющее ограничение — край проезжей части, кромка укреплённой полосы обочины: требуется не менее 1.0 м, фактически 1.75 м (СП 42.13330.2016, таблица 9.1; ППМ № 743-ПП, прил. 1, п. 3.6.3, табл. 3.6.1 (МГСН 1.01-99); ППМ № 623-ПП (МГСН 1.02-02), п. 4.2.4). Прочие проверенные отступы: край тротуара и садовой дорожки — 10.25 м при норме 0.5 м; силовой кабель и кабель связи — 16.25 м при норме 0.7 м; водопровод, дренаж — 20.25 м при норме 1.0 м."
S-0116;кустарник;Кизильник блестящий;26.625;9.875;СП 42.13330.2016;"таблица 9.1; ППМ № 743-ПП, прил. 1, п. 3.6.3, табл. 3.6.1 (МГСН 1.01-99); ППМ № 623-ПП (МГСН 1.02-02), п. 4.2.4";Край проезжей части, кромка укреплённой полосы обочины;1.0;1.75;"Посадка (кустарник) допустима. Определяющее ограничение — край проезжей части, кромка укреплённой полосы обочины: требуется не менее 1.0 м, фактически 1.75 м (СП 42.13330.2016, таблица 9.1; ППМ № 743-ПП, прил. 1, п. 3.6.3, табл. 3.6.1 (МГСН 1.01-99); ППМ № 623-ПП (МГСН 1.02-02), п. 4.2.4). Прочие проверенные отступы: край тротуара и садовой дорожки — 10.25 м при норме 0.5 м; силовой кабель и кабель связи — 16.25 м при норме 0.7 м; водопровод, дренаж — 20.25 м при норме 1.0 м."
S-0117;кустарник;Кизильник блестящий;27.875;9.875;СП 42.13330.2016;"таблица 9.1; ППМ № 743-ПП, прил. 1, п. 3.6.3, табл. 3.6.1 (МГСН 1.01-99); ППМ № 623-ПП (МГСН 1.02-02), п. 4.2.4";Край проезжей части, кромка укреплённой полосы обочины;1.0;1.75;"Посадка (кустарник) допустима. Определяющее ограничение — край проезжей части, кромка укреплённой полосы обочины: требуется не менее 1.0 м, фактически 1.75 м (СП 42.13330.2016, таблица 9.1; ППМ № 743-ПП, прил. 1, п. 3.6.3, табл. 3.6.1 (МГСН 1.01-99); ППМ № 623-ПП (МГСН 1.02-02), п. 4.2.4). Прочие проверенные отступы: край тротуара и садовой дорожки — 10.25 м при норме 0.5 м; силовой кабель и кабель связи — 16.25 м при норме 0.7 м; водопровод, дренаж — 20.25 м при норме 1.0 м."
S-0118;кустарник;Кизильник блестящий;29.125;9.875;СП 42.13330.2016;"таблица 9.1; ППМ № 743-ПП, прил. 1, п. 3.6.3, табл. 3.6.1 (МГСН 1.01-99); ППМ № 623-ПП (МГСН 1.02-02), п. 4.2.4";Край проезжей части, кромка укреплённой полосы обочины;1.0;1.75;"Посадка (кустарник) допустима. Определяющее ограничение — край проезжей части, кромка укреплённой полосы обочины: требуется не менее 1.0 м, фактически 1.75 м (СП 42.13330.2016, таблица 9.1; ППМ № 743-ПП, прил. 1, п. 3.6.3, табл. 3.6.1 (МГСН 1.01-99); ППМ № 623-ПП (МГСН 1.02-02), п. 4.2.4). Прочие проверенные отступы: край тротуара и садовой дорожки — 10.25 м при норме 0.5 м; силовой кабель и кабель связи — 16.25 м при норме 0.7 м; водопровод, дренаж — 20.25 м при норме 1.0 м."
S-0119;кустарник;Кизильник блестящий;30.375;9.875;СП 42.13330.2016;"таблица 9.1; ППМ № 743-ПП, прил. 1, п. 3.6.3, табл. 3.6.1 (МГСН 1.01-99); ППМ № 623-ПП (МГСН 1.02-02), п. 4.2.4";Край проезжей части, кромка укреплённой полосы обочины;1.0;1.75;"Посадка (кустарник) допустима. Определяющее ограничение — край проезжей части, кромка укреплённой полосы обочины: требуется не менее 1.0 м, фактически 1.75 м (СП 42.13330.2016, таблица 9.1; ППМ № 743-ПП, прил. 1, п. 3.6.3, табл. 3.6.1 (МГСН 1.01-99); ППМ № 623-ПП (МГСН 1.02-02), п. 4.2.4). Прочие проверенные отступы: край тротуара и садовой дорожки — 10.25 м при норме 0.5 м; силовой кабель и кабель связи — 16.25 м при норме 0.7 м; водопровод, дренаж — 20.25 м при норме 1.0 м."
S-0120;кустарник;Кизильник блестящий;31.625;9.875;СП 42.13330.2016;"таблица 9.1; ППМ № 743-ПП, прил. 1, п. 3.6.3, табл. 3.6.1 (МГСН 1.01-99); ППМ № 623-ПП (МГСН 1.02-02), п. 4.2.4";Край проезжей части, кромка укреплённой полосы обочины;1.0;1.75;"Посадка (кустарник) допустима. Определяющее ограничение — край проезжей части, кромка укреплённой полосы обочины: требуется не менее 1.0 м, фактически 1.75 м (СП 42.13330.2016, таблица 9.1; ППМ № 743-ПП, прил. 1, п. 3.6.3, табл. 3.6.1 (МГСН 1.01-99); ППМ № 623-ПП (МГСН 1.02-02), п. 4.2.4). Прочие проверенные отступы: край тротуара и садовой дорожки — 10.25 м при норме 0.5 м; силовой кабель и кабель связи — 16.25 м при норме 0.7 м; водопровод, дренаж — 20.25 м при норме 1.0 м."
S-0121;кустарник;Пузыреплодник калинолистный 'Luteus';32.875;9.875;СП 42.13330.2016;"таблица 9.1; ППМ № 743-ПП, прил. 1, п. 3.6.3, табл. 3.6.1 (МГСН 1.01-99); ППМ № 623-ПП (МГСН 1.02-02), п. 4.2.4";Край проезжей части, кромка укреплённой полосы обочины;1.0;1.75;"Посадка (кустарник) допустима. Определяющее ограничение — край проезжей части, кромка укреплённой полосы обочины: требуется не менее 1.0 м, фактически 1.75 м (СП 42.13330.2016, таблица 9.1; ППМ № 743-ПП, прил. 1, п. 3.6.3, табл. 3.6.1 (МГСН 1.01-99); ППМ № 623-ПП (МГСН 1.02-02), п. 4.2.4). Прочие проверенные отступы: край тротуара и садовой дорожки — 10.25 м при норме 0.5 м; силовой кабель и кабель связи — 16.25 м при норме 0.7 м; водопровод, дренаж — 20.25 м при норме 1.0 м."
S-0122;кустарник;Пузыреплодник калинолистный 'Luteus';34.125;9.875;СП 42.13330.2016;"таблица 9.1; ППМ № 743-ПП, прил. 1, п. 3.6.3, табл. 3.6.1 (МГСН 1.01-99); ППМ № 623-ПП (МГСН 1.02-02), п. 4.2.4";Край проезжей части, кромка укреплённой полосы обочины;1.0;1.75;"Посадка (кустарник) допустима. Определяющее ограничение — край проезжей части, кромка укреплённой полосы обочины: требуется не менее 1.0 м, фактически 1.75 м (СП 42.13330.2016, таблица 9.1; ППМ № 743-ПП, прил. 1, п. 3.6.3, табл. 3.6.1 (МГСН 1.01-99); ППМ № 623-ПП (МГСН 1.02-02), п. 4.2.4). Прочие проверенные отступы: край тротуара и садовой дорожки — 10.25 м при норме 0.5 м; силовой кабель и кабель связи — 16.25 м при норме 0.7 м; водопровод, дренаж — 20.25 м при норме 1.0 м."
S-0123;кустарник;Пузыреплодник калинолистный 'Luteus';35.375;9.875;СП 42.13330.2016;"таблица 9.1; ППМ № 743-ПП, прил. 1, п. 3.6.3, табл. 3.6.1 (МГСН 1.01-99); ППМ № 623-ПП (МГСН 1.02-02), п. 4.2.4";Край проезжей части, кромка укреплённой полосы обочины;1.0;1.75;"Посадка (кустарник) допустима. Определяющее ограничение — край проезжей части, кромка укреплённой полосы обочины: требуется не менее 1.0 м, фактически 1.75 м (СП 42.13330.2016, таблица 9.1; ППМ № 743-ПП, прил. 1, п. 3.6.3, табл. 3.6.1 (МГСН 1.01-99); ППМ № 623-ПП (МГСН 1.02-02), п. 4.2.4). Прочие проверенные отступы: край тротуара и садовой дорожки — 10.25 м при норме 0.5 м; силовой кабель и кабель связи — 16.25 м при норме 0.7 м; водопровод, дренаж — 20.25 м при норме 1.0 м."
S-0124;кустарник;Пузыреплодник калинолистный 'Luteus';36.625;9.875;СП 42.13330.2016;"таблица 9.1; ППМ № 743-ПП, прил. 1, п. 3.6.3, табл. 3.6.1 (МГСН 1.01-99); ППМ № 623-ПП (МГСН 1.02-02), п. 4.2.4";Край проезжей части, кромка укреплённой полосы обочины;1.0;1.75;"Посадка (кустарник) допустима. Определяющее ограничение — край проезжей части, кромка укреплённой полосы обочины: требуется не менее 1.0 м, фактически 1.75 м (СП 42.13330.2016, таблица 9.1; ППМ № 743-ПП, прил. 1, п. 3.6.3, табл. 3.6.1 (МГСН 1.01-99); ППМ № 623-ПП (МГСН 1.02-02), п. 4.2.4). Прочие проверенные отступы: край тротуара и садовой дорожки — 10.25 м при норме 0.5 м; силовой кабель и кабель связи — 16.25 м при норме 0.7 м; водопровод, дренаж — 20.25 м при норме 1.0 м."
S-0125;кустарник;Пузыреплодник калинолистный 'Luteus';37.875;9.875;СП 42.13330.2016;"таблица 9.1; ППМ № 743-ПП, прил. 1, п. 3.6.3, табл. 3.6.1 (МГСН 1.01-99); ППМ № 623-ПП (МГСН 1.02-02), п. 4.2.4";Край проезжей части, кромка укреплённой полосы обочины;1.0;1.75;"Посадка (кустарник) допустима. Определяющее ограничение — край проезжей части, кромка укреплённой полосы обочины: требуется не менее 1.0 м, фактически 1.75 м (СП 42.13330.2016, таблица 9.1; ППМ № 743-ПП, прил. 1, п. 3.6.3, табл. 3.6.1 (МГСН 1.01-99); ППМ № 623-ПП (МГСН 1.02-02), п. 4.2.4). Прочие проверенные отступы: край тротуара и садовой дорожки — 10.25 м при норме 0.5 м; силовой кабель и кабель связи — 16.25 м при норме 0.7 м; водопровод, дренаж — 20.25 м при норме 1.0 м."
S-0126;кустарник;Пузыреплодник калинолистный 'Luteus';39.125;9.875;СП 42.13330.2016;"таблица 9.1; ППМ № 743-ПП, прил. 1, п. 3.6.3, табл. 3.6.1 (МГСН 1.01-99); ППМ № 623-ПП (МГСН 1.02-02), п. 4.2.4";Край проезжей части, кромка укреплённой полосы обочины;1.0;1.75;"Посадка (кустарник) допустима. Определяющее ограничение — край проезжей части, кромка укреплённой полосы обочины: требуется не менее 1.0 м, фактически 1.75 м (СП 42.13330.2016, таблица 9.1; ППМ № 743-ПП, прил. 1, п. 3.6.3, табл. 3.6.1 (МГСН 1.01-99); ППМ № 623-ПП (МГСН 1.02-02), п. 4.2.4). Прочие проверенные отступы: край тротуара и садовой дорожки — 10.25 м при норме 0.5 м; силовой кабель и кабель связи — 16.25 м при норме 0.7 м; водопровод, дренаж — 20.25 м при норме 1.0 м."
S-0127;кустарник;Пузыреплодник калинолистный 'Luteus';40.375;9.875;СП 42.13330.2016;"таблица 9.1; ППМ № 743-ПП, прил. 1, п. 3.6.3, табл. 3.6.1 (МГСН 1.01-99); ППМ № 623-ПП (МГСН 1.02-02), п. 4.2.4";Край проезжей части, кромка укреплённой полосы обочины;1.0;1.75;"Посадка (кустарник) допустима. Определяющее ограничение — край проезжей части, кромка укреплённой полосы обочины: требуется не менее 1.0 м, фактически 1.75 м (СП 42.13330.2016, таблица 9.1; ППМ № 743-ПП, прил. 1, п. 3.6.3, табл. 3.6.1 (МГСН 1.01-99); ППМ № 623-ПП (МГСН 1.02-02), п. 4.2.4). Прочие проверенные отступы: край тротуара и садовой дорожки — 10.25 м при норме 0.5 м; силовой кабель и кабель связи — 16.25 м при норме 0.7 м; водопровод, дренаж — 20.25 м при норме 1.0 м."
S-0128;кустарник;Пузыреплодник калинолистный 'Luteus';41.625;9.875;СП 42.13330.2016;"таблица 9.1; ППМ № 743-ПП, прил. 1, п. 3.6.3, табл. 3.6.1 (МГСН 1.01-99); ППМ № 623-ПП (МГСН 1.02-02), п. 4.2.4";Край проезжей части, кромка укреплённой полосы обочины;1.0;1.75;"Посадка (кустарник) допустима. Определяющее ограничение — край проезжей части, кромка укреплённой полосы обочины: требуется не менее 1.0 м, фактически 1.75 м (СП 42.13330.2016, таблица 9.1; ППМ № 743-ПП, прил. 1, п. 3.6.3, табл. 3.6.1 (МГСН 1.01-99); ППМ № 623-ПП (МГСН 1.02-02), п. 4.2.4). Прочие проверенные отступы: край тротуара и садовой дорожки — 10.25 м при норме 0.5 м; силовой кабель и кабель связи — 16.25 м при норме 0.7 м; водопровод, дренаж — 20.25 м при норме 1.0 м."
S-0129;кустарник;Пузыреплодник калинолистный 'Luteus';42.875;9.875;СП 42.13330.2016;"таблица 9.1; ППМ № 743-ПП, прил. 1, п. 3.6.3, табл. 3.6.1 (МГСН 1.01-99); ППМ № 623-ПП (МГСН 1.02-02), п. 4.2.4";Край проезжей части, кромка укреплённой полосы обочины;1.0;1.75;"Посадка (кустарник) допустима. Определяющее ограничение — край проезжей части, кромка укреплённой полосы обочины: требуется не менее 1.0 м, фактически 1.75 м (СП 42.13330.2016, таблица 9.1; ППМ № 743-ПП, прил. 1, п. 3.6.3, табл. 3.6.1 (МГСН 1.01-99); ППМ № 623-ПП (МГСН 1.02-02), п. 4.2.4). Прочие проверенные отступы: край тротуара и садовой дорожки — 10.25 м при норме 0.5 м; силовой кабель и кабель связи — 16.25 м при норме 0.7 м; водопровод, дренаж — 20.25 м при норме 1.0 м."
S-0130;кустарник;Пузыреплодник калинолистный 'Luteus';44.125;9.875;СП 42.13330.2016;"таблица 9.1; ППМ № 743-ПП, прил. 1, п. 3.6.3, табл. 3.6.1 (МГСН 1.01-99); ППМ № 623-ПП (МГСН 1.02-02), п. 4.2.4";Край проезжей части, кромка укреплённой полосы обочины;1.0;1.75;"Посадка (кустарник) допустима. Определяющее ограничение — край проезжей части, кромка укреплённой полосы обочины: требуется не менее 1.0 м, фактически 1.75 м (СП 42.13330.2016, таблица 9.1; ППМ № 743-ПП, прил. 1, п. 3.6.3, табл. 3.6.1 (МГСН 1.01-99); ППМ № 623-ПП (МГСН 1.02-02), п. 4.2.4). Прочие проверенные отступы: край тротуара и садовой дорожки — 10.25 м при норме 0.5 м; силовой кабель и кабель связи — 16.25 м при норме 0.7 м; водопровод, дренаж — 20.25 м при норме 1.0 м."
S-0131;кустарник;Пузыреплодник калинолистный 'Luteus';45.375;9.875;СП 42.13330.2016;"таблица 9.1; ППМ № 743-ПП, прил. 1, п. 3.6.3, табл. 3.6.1 (МГСН 1.01-99); ППМ № 623-ПП (МГСН 1.02-02), п. 4.2.4";Край проезжей части, кромка укреплённой полосы обочины;1.0;1.75;"Посадка (кустарник) допустима. Определяющее ограничение — край проезжей части, кромка укреплённой полосы обочины: требуется не менее 1.0 м, фактически 1.75 м (СП 42.13330.2016, таблица 9.1; ППМ № 743-ПП, прил. 1, п. 3.6.3, табл. 3.6.1 (МГСН 1.01-99); ППМ № 623-ПП (МГСН 1.02-02), п. 4.2.4). Прочие проверенные отступы: край тротуара и садовой дорожки — 10.25 м при норме 0.5 м; силовой кабель и кабель связи — 16.25 м при норме 0.7 м; водопровод, дренаж — 20.25 м при норме 1.0 м."
S-0132;кустарник;Пузыреплодник калинолистный 'Luteus';46.625;9.875;СП 42.13330.2016;"таблица 9.1; ППМ № 743-ПП, прил. 1, п. 3.6.3, табл. 3.6.1 (МГСН 1.01-99); ППМ № 623-ПП (МГСН 1.02-02), п. 4.2.4";Край проезжей части, кромка укреплённой полосы обочины;1.0;1.75;"Посадка (кустарник) допустима. Определяющее ограничение — край проезжей части, кромка укреплённой полосы обочины: требуется не менее 1.0 м, фактически 1.75 м (СП 42.13330.2016, таблица 9.1; ППМ № 743-ПП, прил. 1, п. 3.6.3, табл. 3.6.1 (МГСН 1.01-99); ППМ № 623-ПП (МГСН 1.02-02), п. 4.2.4). Прочие проверенные отступы: край тротуара и садовой дорожки — 10.25 м при норме 0.5 м; силовой кабель и кабель связи — 16.25 м при норме 0.7 м; водопровод, дренаж — 20.25 м при норме 1.0 м."
S-0133;кустарник;Пузыреплодник калинолистный 'Luteus';47.875;9.875;СП 42.13330.2016;"таблица 9.1; ППМ № 743-ПП, прил. 1, п. 3.6.3, табл. 3.6.1 (МГСН 1.01-99); ППМ № 623-ПП (МГСН 1.02-02), п. 4.2.4";Край проезжей части, кромка укреплённой полосы обочины;1.0;1.75;"Посадка (кустарник) допустима. Определяющее ограничение — край проезжей части, кромка укреплённой полосы обочины: требуется не менее 1.0 м, фактически 1.75 м (СП 42.13330.2016, таблица 9.1; ППМ № 743-ПП, прил. 1, п. 3.6.3, табл. 3.6.1 (МГСН 1.01-99); ППМ № 623-ПП (МГСН 1.02-02), п. 4.2.4). Прочие проверенные отступы: край тротуара и садовой дорожки — 10.25 м при норме 0.5 м; силовой кабель и кабель связи — 16.25 м при норме 0.7 м; водопровод, дренаж — 20.25 м при норме 1.0 м."
S-0134;кустарник;Пузыреплодник калинолистный 'Luteus';49.125;9.875;СП 42.13330.2016;"таблица 9.1; ППМ № 743-ПП, прил. 1, п. 3.6.3, табл. 3.6.1 (МГСН 1.01-99); ППМ № 623-ПП (МГСН 1.02-02), п. 4.2.4";Край проезжей части, кромка укреплённой полосы обочины;1.0;1.75;"Посадка (кустарник) допустима. Определяющее ограничение — край проезжей части, кромка укреплённой полосы обочины: требуется не менее 1.0 м, фактически 1.75 м (СП 42.13330.2016, таблица 9.1; ППМ № 743-ПП, прил. 1, п. 3.6.3, табл. 3.6.1 (МГСН 1.01-99); ППМ № 623-ПП (МГСН 1.02-02), п. 4.2.4). Прочие проверенные отступы: край тротуара и садовой дорожки — 10.25 м при норме 0.5 м; силовой кабель и кабель связи — 16.25 м при норме 0.7 м; водопровод, дренаж — 20.25 м при норме 1.0 м."
S-0135;кустарник;Пузыреплодник калинолистный 'Luteus';50.375;9.875;СП 42.13330.2016;"таблица 9.1; ППМ № 743-ПП, прил. 1, п. 3.6.3, табл. 3.6.1 (МГСН 1.01-99); ППМ № 623-ПП (МГСН 1.02-02), п. 4.2.4";Край проезжей части, кромка укреплённой полосы обочины;1.0;1.75;"Посадка (кустарник) допустима. Определяющее ограничение — край проезжей части, кромка укреплённой полосы обочины: требуется не менее 1.0 м, фактически 1.75 м (СП 42.13330.2016, таблица 9.1; ППМ № 743-ПП, прил. 1, п. 3.6.3, табл. 3.6.1 (МГСН 1.01-99); ППМ № 623-ПП (МГСН 1.02-02), п. 4.2.4). Прочие проверенные отступы: край тротуара и садовой дорожки — 10.25 м при норме 0.5 м; силовой кабель и кабель связи — 16.25 м при норме 0.7 м; водопровод, дренаж — 20.25 м при норме 1.0 м."
S-0136;кустарник;Пузыреплодник калинолистный 'Luteus';51.625;9.875;СП 42.13330.2016;"таблица 9.1; ППМ № 743-ПП, прил. 1, п. 3.6.3, табл. 3.6.1 (МГСН 1.01-99); ППМ № 623-ПП (МГСН 1.02-02), п. 4.2.4";Край проезжей части, кромка укреплённой полосы обочины;1.0;1.75;"Посадка (кустарник) допустима. Определяющее ограничение — край проезжей части, кромка укреплённой полосы обочины: требуется не менее 1.0 м, фактически 1.75 м (СП 42.13330.2016, таблица 9.1; ППМ № 743-ПП, прил. 1, п. 3.6.3, табл. 3.6.1 (МГСН 1.01-99); ППМ № 623-ПП (МГСН 1.02-02), п. 4.2.4). Прочие проверенные отступы: край тротуара и садовой дорожки — 10.25 м при норме 0.5 м; силовой кабель и кабель связи — 16.25 м при норме 0.7 м; водопровод, дренаж — 20.25 м при норме 1.0 м."
S-0137;кустарник;Пузыреплодник калинолистный 'Luteus';52.875;9.875;СП 42.13330.2016;"таблица 9.1; ППМ № 743-ПП, прил. 1, п. 3.6.3, табл. 3.6.1 (МГСН 1.01-99); ППМ № 623-ПП (МГСН 1.02-02), п. 4.2.4";Край проезжей части, кромка укреплённой полосы обочины;1.0;1.75;"Посадка (кустарник) допустима. Определяющее ограничение — край проезжей части, кромка укреплённой полосы обочины: требуется не менее 1.0 м, фактически 1.75 м (СП 42.13330.2016, таблица 9.1; ППМ № 743-ПП, прил. 1, п. 3.6.3, табл. 3.6.1 (МГСН 1.01-99); ППМ № 623-ПП (МГСН 1.02-02), п. 4.2.4). Прочие проверенные отступы: край тротуара и садовой дорожки — 10.25 м при норме 0.5 м; силовой кабель и кабель связи — 16.25 м при норме 0.7 м; водопровод, дренаж — 20.25 м при норме 1.0 м."
S-0138;кустарник;Пузыреплодник калинолистный 'Luteus';54.125;9.875;СП 42.13330.2016;"таблица 9.1; ППМ № 743-ПП, прил. 1, п. 3.6.3, табл. 3.6.1 (МГСН 1.01-99); ППМ № 623-ПП (МГСН 1.02-02), п. 4.2.4";Край проезжей части, кромка укреплённой полосы обочины;1.0;1.75;"Посадка (кустарник) допустима. Определяющее ограничение — край проезжей части, кромка укреплённой полосы обочины: требуется не менее 1.0 м, фактически 1.75 м (СП 42.13330.2016, таблица 9.1; ППМ № 743-ПП, прил. 1, п. 3.6.3, табл. 3.6.1 (МГСН 1.01-99); ППМ № 623-ПП (МГСН 1.02-02), п. 4.2.4). Прочие проверенные отступы: край тротуара и садовой дорожки — 10.25 м при норме 0.5 м; силовой кабель и кабель связи — 16.25 м при норме 0.7 м; водопровод, дренаж — 20.25 м при норме 1.0 м."
S-0139;кустарник;Пузыреплодник калинолистный 'Luteus';55.375;9.875;СП 42.13330.2016;"таблица 9.1; ППМ № 743-ПП, прил. 1, п. 3.6.3, табл. 3.6.1 (МГСН 1.01-99); ППМ № 623-ПП (МГСН 1.02-02), п. 4.2.4";Край проезжей части, кромка укреплённой полосы обочины;1.0;1.75;"Посадка (кустарник) допустима. Определяющее ограничение — край проезжей части, кромка укреплённой полосы обочины: требуется не менее 1.0 м, фактически 1.75 м (СП 42.13330.2016, таблица 9.1; ППМ № 743-ПП, прил. 1, п. 3.6.3, табл. 3.6.1 (МГСН 1.01-99); ППМ № 623-ПП (МГСН 1.02-02), п. 4.2.4). Прочие проверенные отступы: край тротуара и садовой дорожки — 10.25 м при норме 0.5 м; силовой кабель и кабель связи — 16.25 м при норме 0.7 м; водопровод, дренаж — 20.25 м при норме 1.0 м."
S-0140;кустарник;Пузыреплодник калинолистный 'Luteus';56.625;9.875;СП 42.13330.2016;"таблица 9.1; ППМ № 743-ПП, прил. 1, п. 3.6.3, табл. 3.6.1 (МГСН 1.01-99); ППМ № 623-ПП (МГСН 1.02-02), п. 4.2.4";Край проезжей части, кромка укреплённой полосы обочины;1.0;1.75;"Посадка (кустарник) допустима. Определяющее ограничение — край проезжей части, кромка укреплённой полосы обочины: требуется не менее 1.0 м, фактически 1.75 м (СП 42.13330.2016, таблица 9.1; ППМ № 743-ПП, прил. 1, п. 3.6.3, табл. 3.6.1 (МГСН 1.01-99); ППМ № 623-ПП (МГСН 1.02-02), п. 4.2.4). Прочие проверенные отступы: край тротуара и садовой дорожки — 10.25 м при норме 0.5 м; силовой кабель и кабель связи — 16.25 м при норме 0.7 м; водопровод, дренаж — 20.25 м при норме 1.0 м."
S-0141;кустарник;Пузыреплодник калинолистный 'Luteus';57.875;9.875;СП 42.13330.2016;"таблица 9.1; ППМ № 743-ПП, прил. 1, п. 3.6.3, табл. 3.6.1 (МГСН 1.01-99); ППМ № 623-ПП (МГСН 1.02-02), п. 4.2.4";Край проезжей части, кромка укреплённой полосы обочины;1.0;1.75;"Посадка (кустарник) допустима. Определяющее ограничение — край проезжей части, кромка укреплённой полосы обочины: требуется не менее 1.0 м, фактически 1.75 м (СП 42.13330.2016, таблица 9.1; ППМ № 743-ПП, прил. 1, п. 3.6.3, табл. 3.6.1 (МГСН 1.01-99); ППМ № 623-ПП (МГСН 1.02-02), п. 4.2.4). Прочие проверенные отступы: край тротуара и садовой дорожки — 10.25 м при норме 0.5 м; силовой кабель и кабель связи — 16.25 м при норме 0.7 м; водопровод, дренаж — 20.25 м при норме 1.0 м."
S-0142;кустарник;Пузыреплодник калинолистный 'Luteus';59.125;9.875;СП 42.13330.2016;"таблица 9.1; ППМ № 743-ПП, прил. 1, п. 3.6.3, табл. 3.6.1 (МГСН 1.01-99); ППМ № 623-ПП (МГСН 1.02-02), п. 4.2.4";Край проезжей части, кромка укреплённой полосы обочины;1.0;1.75;"Посадка (кустарник) допустима. Определяющее ограничение — край проезжей части, кромка укреплённой полосы обочины: требуется не менее 1.0 м, фактически 1.75 м (СП 42.13330.2016, таблица 9.1; ППМ № 743-ПП, прил. 1, п. 3.6.3, табл. 3.6.1 (МГСН 1.01-99); ППМ № 623-ПП (МГСН 1.02-02), п. 4.2.4). Прочие проверенные отступы: край тротуара и садовой дорожки — 10.25 м при норме 0.5 м; силовой кабель и кабель связи — 16.25 м при норме 0.7 м; водопровод, дренаж — 20.25 м при норме 1.0 м."
S-0143;кустарник;Пузыреплодник калинолистный 'Luteus';60.375;9.875;СП 42.13330.2016;"таблица 9.1; ППМ № 743-ПП, прил. 1, п. 3.6.3, табл. 3.6.1 (МГСН 1.01-99); ППМ № 623-ПП (МГСН 1.02-02), п. 4.2.4";Край проезжей части, кромка укреплённой полосы обочины;1.0;1.75;"Посадка (кустарник) допустима. Определяющее ограничение — край проезжей части, кромка укреплённой полосы обочины: требуется не менее 1.0 м, фактически 1.75 м (СП 42.13330.2016, таблица 9.1; ППМ № 743-ПП, прил. 1, п. 3.6.3, табл. 3.6.1 (МГСН 1.01-99); ППМ № 623-ПП (МГСН 1.02-02), п. 4.2.4). Прочие проверенные отступы: край тротуара и садовой дорожки — 10.25 м при норме 0.5 м; силовой кабель и кабель связи — 16.25 м при норме 0.7 м; канализация — 19.75 м при норме 1.0 м."
S-0144;кустарник;Пузыреплодник калинолистный 'Luteus';61.625;9.875;СП 42.13330.2016;"таблица 9.1; ППМ № 743-ПП, прил. 1, п. 3.6.3, табл. 3.6.1 (МГСН 1.01-99); ППМ № 623-ПП (МГСН 1.02-02), п. 4.2.4";Край проезжей части, кромка укреплённой полосы обочины;1.0;1.75;"Посадка (кустарник) допустима. Определяющее ограничение — край проезжей части, кромка укреплённой полосы обочины: требуется не менее 1.0 м, фактически 1.75 м (СП 42.13330.2016, таблица 9.1; ППМ № 743-ПП, прил. 1, п. 3.6.3, табл. 3.6.1 (МГСН 1.01-99); ППМ № 623-ПП (МГСН 1.02-02), п. 4.2.4). Прочие проверенные отступы: край тротуара и садовой дорожки — 10.25 м при норме 0.5 м; силовой кабель и кабель связи — 16.25 м при норме 0.7 м; канализация — 18.5 м при норме 1.0 м."
S-0145;кустарник;Пузыреплодник калинолистный 'Luteus';62.875;9.875;СП 42.13330.2016;"таблица 9.1; ППМ № 743-ПП, прил. 1, п. 3.6.3, табл. 3.6.1 (МГСН 1.01-99); ППМ № 623-ПП (МГСН 1.02-02), п. 4.2.4";Край проезжей части, кромка укреплённой полосы обочины;1.0;1.75;"Посадка (кустарник) допустима. Определяющее ограничение — край проезжей части, кромка укреплённой полосы обочины: требуется не менее 1.0 м, фактически 1.75 м (СП 42.13330.2016, таблица 9.1; ППМ № 743-ПП, прил. 1, п. 3.6.3, табл. 3.6.1 (МГСН 1.01-99); ППМ № 623-ПП (МГСН 1.02-02), п. 4.2.4). Прочие проверенные отступы: край тротуара и садовой дорожки — 10.25 м при норме 0.5 м; силовой кабель и кабель связи — 16.25 м при норме 0.7 м; канализация — 17.25 м при норме 1.0 м."
S-0146;кустарник;Пузыреплодник калинолистный 'Luteus';64.125;9.875;СП 42.13330.2016;"таблица 9.1; ППМ № 743-ПП, прил. 1, п. 3.6.3, табл. 3.6.1 (МГСН 1.01-99); ППМ № 623-ПП (МГСН 1.02-02), п. 4.2.4";Край проезжей части, кромка укреплённой полосы обочины;1.0;1.75;"Посадка (кустарник) допустима. Определяющее ограничение — край проезжей части, кромка укреплённой полосы обочины: требуется не менее 1.0 м, фактически 1.75 м (СП 42.13330.2016, таблица 9.1; ППМ № 743-ПП, прил. 1, п. 3.6.3, табл. 3.6.1 (МГСН 1.01-99); ППМ № 623-ПП (МГСН 1.02-02), п. 4.2.4). Прочие проверенные отступы: край тротуара и садовой дорожки — 10.25 м при норме 0.5 м; канализация — 16.0 м при норме 1.0 м; силовой кабель и кабель связи — 16.25 м при норме 0.7 м."
S-0147;кустарник;Пузыреплодник калинолистный 'Luteus';65.375;9.875;СП 42.13330.2016;"таблица 9.1; ППМ № 743-ПП, прил. 1, п. 3.6.3, табл. 3.6.1 (МГСН 1.01-99); ППМ № 623-ПП (МГСН 1.02-02), п. 4.2.4";Край проезжей части, кромка укреплённой полосы обочины;1.0;1.75;"Посадка (кустарник) допустима. Определяющее ограничение — край проезжей части, кромка укреплённой полосы обочины: требуется не менее 1.0 м, фактически 1.75 м (СП 42.13330.2016, таблица 9.1; ППМ № 743-ПП, прил. 1, п. 3.6.3, табл. 3.6.1 (МГСН 1.01-99); ППМ № 623-ПП (МГСН 1.02-02), п. 4.2.4). Прочие проверенные отступы: край тротуара и садовой дорожки — 10.25 м при норме 0.5 м; канализация — 14.75 м при норме 1.0 м; силовой кабель и кабель связи — 16.25 м при норме 0.7 м."
S-0148;кустарник;Пузыреплодник калинолистный 'Luteus';66.625;9.875;СП 42.13330.2016;"таблица 9.1; ППМ № 743-ПП, прил. 1, п. 3.6.3, табл. 3.6.1 (МГСН 1.01-99); ППМ № 623-ПП (МГСН 1.02-02), п. 4.2.4";Край проезжей части, кромка укреплённой полосы обочины;1.0;1.75;"Посадка (кустарник) допустима. Определяющее ограничение — край проезжей части, кромка укреплённой полосы обочины: требуется не менее 1.0 м, фактически 1.75 м (СП 42.13330.2016, таблица 9.1; ППМ № 743-ПП, прил. 1, п. 3.6.3, табл. 3.6.1 (МГСН 1.01-99); ППМ № 623-ПП (МГСН 1.02-02), п. 4.2.4). Прочие проверенные отступы: край тротуара и садовой дорожки — 10.25 м при норме 0.5 м; канализация — 13.5 м при норме 1.0 м; силовой кабель и кабель связи — 16.25 м при норме 0.7 м."
S-0149;кустарник;Пузыреплодник калинолистный 'Luteus';67.875;9.875;СП 42.13330.2016;"таблица 9.1; ППМ № 743-ПП, прил. 1, п. 3.6.3, табл. 3.6.1 (МГСН 1.01-99); ППМ № 623-ПП (МГСН 1.02-02), п. 4.2.4";Край проезжей части, кромка укреплённой полосы обочины;1.0;1.75;"Посадка (кустарник) допустима. Определяющее ограничение — край проезжей части, кромка укреплённой полосы обочины: требуется не менее 1.0 м, фактически 1.75 м (СП 42.13330.2016, таблица 9.1; ППМ № 743-ПП, прил. 1, п. 3.6.3, табл. 3.6.1 (МГСН 1.01-99); ППМ № 623-ПП (МГСН 1.02-02), п. 4.2.4). Прочие проверенные отступы: край тротуара и садовой дорожки — 10.25 м при норме 0.5 м; канализация — 12.25 м при норме 1.0 м; силовой кабель и кабель связи — 16.25 м при норме 0.7 м."
S-0150;кустарник;Пузыреплодник калинолистный 'Luteus';69.125;9.875;СП 42.13330.2016;"таблица 9.1; ППМ № 743-ПП, прил. 1, п. 3.6.3, табл. 3.6.1 (МГСН 1.01-99); ППМ № 623-ПП (МГСН 1.02-02), п. 4.2.4";Край проезжей части, кромка укреплённой полосы обочины;1.0;1.75;"Посадка (кустарник) допустима. Определяющее ограничение — край проезжей части, кромка укреплённой полосы обочины: требуется не менее 1.0 м, фактически 1.75 м (СП 42.13330.2016, таблица 9.1; ППМ № 743-ПП, прил. 1, п. 3.6.3, табл. 3.6.1 (МГСН 1.01-99); ППМ № 623-ПП (МГСН 1.02-02), п. 4.2.4). Прочие проверенные отступы: край тротуара и садовой дорожки — 10.25 м при норме 0.5 м; канализация — 11.0 м при норме 1.0 м; силовой кабель и кабель связи — 16.25 м при норме 0.7 м."
S-0151;кустарник;Пузыреплодник калинолистный 'Luteus';70.375;9.875;СП 42.13330.2016;"таблица 9.1; ППМ № 743-ПП, прил. 1, п. 3.6.3, табл. 3.6.1 (МГСН 1.01-99); ППМ № 623-ПП (МГСН 1.02-02), п. 4.2.4";Край проезжей части, кромка укреплённой полосы обочины;1.0;1.75;"Посадка (кустарник) допустима. Определяющее ограничение — край проезжей части, кромка укреплённой полосы обочины: требуется не менее 1.0 м, фактически 1.75 м (СП 42.13330.2016, таблица 9.1; ППМ № 743-ПП, прил. 1, п. 3.6.3, табл. 3.6.1 (МГСН 1.01-99); ППМ № 623-ПП (МГСН 1.02-02), п. 4.2.4). Прочие проверенные отступы: канализация — 9.75 м при норме 1.0 м; край тротуара и садовой дорожки — 10.25 м при норме 0.5 м; силовой кабель и кабель связи — 16.25 м при норме 0.7 м."
S-0152;кустарник;Пузыреплодник калинолистный 'Luteus';71.625;9.875;СП 42.13330.2016;"таблица 9.1; ППМ № 743-ПП, прил. 1, п. 3.6.3, табл. 3.6.1 (МГСН 1.01-99); ППМ № 623-ПП (МГСН 1.02-02), п. 4.2.4";Край проезжей части, кромка укреплённой полосы обочины;1.0;1.75;"Посадка (кустарник) допустима. Определяющее ограничение — край проезжей части, кромка укреплённой полосы обочины: требуется не менее 1.0 м, фактически 1.75 м (СП 42.13330.2016, таблица 9.1; ППМ № 743-ПП, прил. 1, п. 3.6.3, табл. 3.6.1 (МГСН 1.01-99); ППМ № 623-ПП (МГСН 1.02-02), п. 4.2.4). Прочие проверенные отступы: канализация — 8.5 м при норме 1.0 м; край тротуара и садовой дорожки — 10.25 м при норме 0.5 м; силовой кабель и кабель связи — 16.25 м при норме 0.7 м."
S-0153;кустарник;Пузыреплодник калинолистный 'Luteus';72.875;9.875;СП 42.13330.2016;"таблица 9.1; ППМ № 743-ПП, прил. 1, п. 3.6.3, табл. 3.6.1 (МГСН 1.01-99); ППМ № 623-ПП (МГСН 1.02-02), п. 4.2.4";Край проезжей части, кромка укреплённой полосы обочины;1.0;1.75;"Посадка (кустарник) допустима. Определяющее ограничение — край проезжей части, кромка укреплённой полосы обочины: требуется не менее 1.0 м, фактически 1.75 м (СП 42.13330.2016, таблица 9.1; ППМ № 743-ПП, прил. 1, п. 3.6.3, табл. 3.6.1 (МГСН 1.01-99); ППМ № 623-ПП (МГСН 1.02-02), п. 4.2.4). Прочие проверенные отступы: канализация — 7.25 м при норме 1.0 м; край тротуара и садовой дорожки — 10.25 м при норме 0.5 м; силовой кабель и кабель связи — 16.25 м при норме 0.7 м."
S-0154;кустарник;Пузыреплодник калинолистный 'Luteus';74.125;9.875;СП 42.13330.2016;"таблица 9.1; ППМ № 743-ПП, прил. 1, п. 3.6.3, табл. 3.6.1 (МГСН 1.01-99); ППМ № 623-ПП (МГСН 1.02-02), п. 4.2.4";Край проезжей части, кромка укреплённой полосы обочины;1.0;1.75;"Посадка (кустарник) допустима. Определяющее ограничение — край проезжей части, кромка укреплённой полосы обочины: требуется не менее 1.0 м, фактически 1.75 м (СП 42.13330.2016, таблица 9.1; ППМ № 743-ПП, прил. 1, п. 3.6.3, табл. 3.6.1 (МГСН 1.01-99); ППМ № 623-ПП (МГСН 1.02-02), п. 4.2.4). Прочие проверенные отступы: канализация — 6.0 м при норме 1.0 м; край тротуара и садовой дорожки — 10.25 м при норме 0.5 м; силовой кабель и кабель связи — 16.25 м при норме 0.7 м."
S-0155;кустарник;Пузыреплодник калинолистный 'Luteus';75.375;9.875;СП 42.13330.2016;"таблица 9.1; ППМ № 743-ПП, прил. 1, п. 3.6.3, табл. 3.6.1 (МГСН 1.01-99); ППМ № 623-ПП (МГСН 1.02-02), п. 4.2.4";Край проезжей части, кромка укреплённой полосы обочины;1.0;1.75;"Посадка (кустарник) допустима. Определяющее ограничение — край проезжей части, кромка укреплённой полосы обочины: требуется не менее 1.0 м, фактически 1.75 м (СП 42.13330.2016, таблица 9.1; ППМ № 743-ПП, прил. 1, п. 3.6.3, табл. 3.6.1 (МГСН 1.01-99); ППМ № 623-ПП (МГСН 1.02-02), п. 4.2.4). Прочие проверенные отступы: канализация — 4.75 м при норме 1.0 м; край тротуара и садовой дорожки — 10.25 м при норме 0.5 м; силовой кабель и кабель связи — 16.25 м при норме 0.7 м."
S-0156;кустарник;Пузыреплодник калинолистный 'Luteus';76.625;9.875;СП 42.13330.2016;"таблица 9.1; ППМ № 743-ПП, прил. 1, п. 3.6.3, табл. 3.6.1 (МГСН 1.01-99); ППМ № 623-ПП (МГСН 1.02-02), п. 4.2.4";Край проезжей части, кромка укреплённой полосы обочины;1.0;1.75;"Посадка (кустарник) допустима. Определяющее ограничение — край проезжей части, кромка укреплённой полосы обочины: требуется не менее 1.0 м, фактически 1.75 м (СП 42.13330.2016, таблица 9.1; ППМ № 743-ПП, прил. 1, п. 3.6.3, табл. 3.6.1 (МГСН 1.01-99); ППМ № 623-ПП (МГСН 1.02-02), п. 4.2.4). Прочие проверенные отступы: канализация — 3.5 м при норме 1.0 м; край тротуара и садовой дорожки — 10.25 м при норме 0.5 м; силовой кабель и кабель связи — 16.25 м при норме 0.7 м."
S-0157;кустарник;Пузыреплодник калинолистный 'Luteus';77.875;9.875;СП 42.13330.2016;"таблица 9.1; ППМ № 743-ПП, прил. 1, п. 3.6.3, табл. 3.6.1 (МГСН 1.01-99); ППМ № 623-ПП (МГСН 1.02-02), п. 4.2.4";Край проезжей части, кромка укреплённой полосы обочины;1.0;1.75;"Посадка (кустарник) допустима. Определяющее ограничение — край проезжей части, кромка укреплённой полосы обочины: требуется не менее 1.0 м, фактически 1.75 м (СП 42.13330.2016, таблица 9.1; ППМ № 743-ПП, прил. 1, п. 3.6.3, табл. 3.6.1 (МГСН 1.01-99); ППМ № 623-ПП (МГСН 1.02-02), п. 4.2.4). Прочие проверенные отступы: канализация — 2.25 м при норме 1.0 м; край тротуара и садовой дорожки — 10.25 м при норме 0.5 м; силовой кабель и кабель связи — 16.25 м при норме 0.7 м."
S-0158;кустарник;Пузыреплодник калинолистный 'Luteus';81.875;9.875;СП 42.13330.2016;"таблица 9.1; ППМ № 743-ПП, прил. 1, п. 3.6.3, табл. 3.6.1 (МГСН 1.01-99); ППМ № 623-ПП (МГСН 1.02-02), п. 4.2.4";Канализация;1.0;1.75;"Посадка (кустарник) допустима. Определяющее ограничение — канализация: требуется не менее 1.0 м, фактически 1.75 м (СП 42.13330.2016, таблица 9.1; ППМ № 743-ПП, прил. 1, п. 3.6.3, табл. 3.6.1 (МГСН 1.01-99); ППМ № 623-ПП (МГСН 1.02-02), п. 4.2.4). Прочие проверенные отступы: край проезжей части, кромка укреплённой полосы обочины — 1.75 м при норме 1.0 м; край тротуара и садовой дорожки — 10.25 м при норме 0.5 м; силовой кабель и кабель связи — 16.25 м при норме 0.7 м."
S-0159;кустарник;Пузыреплодник калинолистный 'Luteus';83.125;9.875;СП 42.13330.2016;"таблица 9.1; ППМ № 743-ПП, прил. 1, п. 3.6.3, табл. 3.6.1 (МГСН 1.01-99); ППМ № 623-ПП (МГСН 1.02-02), п. 4.2.4";Край проезжей части, кромка укреплённой полосы обочины;1.0;1.75;"Посадка (кустарник) допустима. Определяющее ограничение — край проезжей части, кромка укреплённой полосы обочины: требуется не менее 1.0 м, фактически 1.75 м (СП 42.13330.2016, таблица 9.1; ППМ № 743-ПП, прил. 1, п. 3.6.3, табл. 3.6.1 (МГСН 1.01-99); ППМ № 623-ПП (МГСН 1.02-02), п. 4.2.4). Прочие проверенные отступы: канализация — 3.0 м при норме 1.0 м; край тротуара и садовой дорожки — 10.25 м при норме 0.5 м; силовой кабель и кабель связи — 16.25 м при норме 0.7 м."
S-0160;кустарник;Пузыреплодник калинолистный 'Luteus';84.375;9.875;СП 42.13330.2016;"таблица 9.1; ППМ № 743-ПП, прил. 1, п. 3.6.3, табл. 3.6.1 (МГСН 1.01-99); ППМ № 623-ПП (МГСН 1.02-02), п. 4.2.4";Край проезжей части, кромка укреплённой полосы обочины;1.0;1.75;"Посадка (кустарник) допустима. Определяющее ограничение — край проезжей части, кромка укреплённой полосы обочины: требуется не менее 1.0 м, фактически 1.75 м (СП 42.13330.2016, таблица 9.1; ППМ № 743-ПП, прил. 1, п. 3.6.3, табл. 3.6.1 (МГСН 1.01-99); ППМ № 623-ПП (МГСН 1.02-02), п. 4.2.4). Прочие проверенные отступы: канализация — 4.25 м при норме 1.0 м; край тротуара и садовой дорожки — 10.25 м при норме 0.5 м; силовой кабель и кабель связи — 16.25 м при норме 0.7 м."
S-0161;кустарник;Пузыреплодник 'Diabolo';85.625;9.875;СП 42.13330.2016;"таблица 9.1; ППМ № 743-ПП, прил. 1, п. 3.6.3, табл. 3.6.1 (МГСН 1.01-99); ППМ № 623-ПП (МГСН 1.02-02), п. 4.2.4";Край проезжей части, кромка укреплённой полосы обочины;1.0;1.75;"Посадка (кустарник) допустима. Определяющее ограничение — край проезжей части, кромка укреплённой полосы обочины: требуется не менее 1.0 м, фактически 1.75 м (СП 42.13330.2016, таблица 9.1; ППМ № 743-ПП, прил. 1, п. 3.6.3, табл. 3.6.1 (МГСН 1.01-99); ППМ № 623-ПП (МГСН 1.02-02), п. 4.2.4). Прочие проверенные отступы: канализация — 5.5 м при норме 1.0 м; край тротуара и садовой дорожки — 10.25 м при норме 0.5 м; силовой кабель и кабель связи — 16.25 м при норме 0.7 м."
S-0162;кустарник;Пузыреплодник 'Diabolo';86.875;9.875;СП 42.13330.2016;"таблица 9.1; ППМ № 743-ПП, прил. 1, п. 3.6.3, табл. 3.6.1 (МГСН 1.01-99); ППМ № 623-ПП (МГСН 1.02-02), п. 4.2.4";Край проезжей части, кромка укреплённой полосы обочины;1.0;1.75;"Посадка (кустарник) допустима. Определяющее ограничение — край проезжей части, кромка укреплённой полосы обочины: требуется не менее 1.0 м, фактически 1.75 м (СП 42.13330.2016, таблица 9.1; ППМ № 743-ПП, прил. 1, п. 3.6.3, табл. 3.6.1 (МГСН 1.01-99); ППМ № 623-ПП (МГСН 1.02-02), п. 4.2.4). Прочие проверенные отступы: канализация — 6.75 м при норме 1.0 м; край тротуара и садовой дорожки — 10.25 м при норме 0.5 м; силовой кабель и кабель связи — 16.25 м при норме 0.7 м."
S-0163;кустарник;Пузыреплодник 'Diabolo';88.125;9.875;СП 42.13330.2016;"таблица 9.1; ППМ № 743-ПП, прил. 1, п. 3.6.3, табл. 3.6.1 (МГСН 1.01-99); ППМ № 623-ПП (МГСН 1.02-02), п. 4.2.4";Край проезжей части, кромка укреплённой полосы обочины;1.0;1.75;"Посадка (кустарник) допустима. Определяющее ограничение — край проезжей части, кромка укреплённой полосы обочины: требуется не менее 1.0 м, фактически 1.75 м (СП 42.13330.2016, таблица 9.1; ППМ № 743-ПП, прил. 1, п. 3.6.3, табл. 3.6.1 (МГСН 1.01-99); ППМ № 623-ПП (МГСН 1.02-02), п. 4.2.4). Прочие проверенные отступы: канализация — 8.0 м при норме 1.0 м; край тротуара и садовой дорожки — 10.25 м при норме 0.5 м; силовой кабель и кабель связи — 16.25 м при норме 0.7 м."
S-0164;кустарник;Пузыреплодник 'Diabolo';89.375;9.875;СП 42.13330.2016;"таблица 9.1; ППМ № 743-ПП, прил. 1, п. 3.6.3, табл. 3.6.1 (МГСН 1.01-99); ППМ № 623-ПП (МГСН 1.02-02), п. 4.2.4";Край проезжей части, кромка укреплённой полосы обочины;1.0;1.75;"Посадка (кустарник) допустима. Определяющее ограничение — край проезжей части, кромка укреплённой полосы обочины: требуется не менее 1.0 м, фактически 1.75 м (СП 42.13330.2016, таблица 9.1; ППМ № 743-ПП, прил. 1, п. 3.6.3, табл. 3.6.1 (МГСН 1.01-99); ППМ № 623-ПП (МГСН 1.02-02), п. 4.2.4). Прочие проверенные отступы: канализация — 9.25 м при норме 1.0 м; край тротуара и садовой дорожки — 10.25 м при норме 0.5 м; силовой кабель и кабель связи — 16.25 м при норме 0.7 м."
S-0165;кустарник;Пузыреплодник 'Diabolo';90.625;9.875;СП 42.13330.2016;"таблица 9.1; ППМ № 743-ПП, прил. 1, п. 3.6.3, табл. 3.6.1 (МГСН 1.01-99); ППМ № 623-ПП (МГСН 1.02-02), п. 4.2.4";Край проезжей части, кромка укреплённой полосы обочины;1.0;1.75;"Посадка (кустарник) допустима. Определяющее ограничение — край проезжей части, кромка укреплённой полосы обочины: требуется не менее 1.0 м, фактически 1.75 м (СП 42.13330.2016, таблица 9.1; ППМ № 743-ПП, прил. 1, п. 3.6.3, табл. 3.6.1 (МГСН 1.01-99); ППМ № 623-ПП (МГСН 1.02-02), п. 4.2.4). Прочие проверенные отступы: канализация — 10.5 м при норме 1.0 м; край тротуара и садовой дорожки — 10.25 м при норме 0.5 м; силовой кабель и кабель связи — 16.25 м при норме 0.7 м."
S-0166;кустарник;Пузыреплодник 'Diabolo';91.875;9.875;СП 42.13330.2016;"таблица 9.1; ППМ № 743-ПП, прил. 1, п. 3.6.3, табл. 3.6.1 (МГСН 1.01-99); ППМ № 623-ПП (МГСН 1.02-02), п. 4.2.4";Край проезжей части, кромка укреплённой полосы обочины;1.0;1.75;"Посадка (кустарник) допустима. Определяющее ограничение — край проезжей части, кромка укреплённой полосы обочины: требуется не менее 1.0 м, фактически 1.75 м (СП 42.13330.2016, таблица 9.1; ППМ № 743-ПП, прил. 1, п. 3.6.3, табл. 3.6.1 (МГСН 1.01-99); ППМ № 623-ПП (МГСН 1.02-02), п. 4.2.4). Прочие проверенные отступы: край тротуара и садовой дорожки — 10.25 м при норме 0.5 м; канализация — 11.75 м при норме 1.0 м; силовой кабель и кабель связи — 16.25 м при норме 0.7 м."
S-0167;кустарник;Пузыреплодник 'Diabolo';93.125;9.875;СП 42.13330.2016;"таблица 9.1; ППМ № 743-ПП, прил. 1, п. 3.6.3, табл. 3.6.1 (МГСН 1.01-99); ППМ № 623-ПП (МГСН 1.02-02), п. 4.2.4";Край проезжей части, кромка укреплённой полосы обочины;1.0;1.75;"Посадка (кустарник) допустима. Определяющее ограничение — край проезжей части, кромка укреплённой полосы обочины: требуется не менее 1.0 м, фактически 1.75 м (СП 42.13330.2016, таблица 9.1; ППМ № 743-ПП, прил. 1, п. 3.6.3, табл. 3.6.1 (МГСН 1.01-99); ППМ № 623-ПП (МГСН 1.02-02), п. 4.2.4). Прочие проверенные отступы: край тротуара и садовой дорожки — 10.25 м при норме 0.5 м; канализация — 13.0 м при норме 1.0 м; силовой кабель и кабель связи — 16.25 м при норме 0.7 м."
S-0168;кустарник;Пузыреплодник 'Diabolo';94.375;9.875;СП 42.13330.2016;"таблица 9.1; ППМ № 743-ПП, прил. 1, п. 3.6.3, табл. 3.6.1 (МГСН 1.01-99); ППМ № 623-ПП (МГСН 1.02-02), п. 4.2.4";Край проезжей части, кромка укреплённой полосы обочины;1.0;1.75;"Посадка (кустарник) допустима. Определяющее ограничение — край проезжей части, кромка укреплённой полосы обочины: требуется не менее 1.0 м, фактически 1.75 м (СП 42.13330.2016, таблица 9.1; ППМ № 743-ПП, прил. 1, п. 3.6.3, табл. 3.6.1 (МГСН 1.01-99); ППМ № 623-ПП (МГСН 1.02-02), п. 4.2.4). Прочие проверенные отступы: край тротуара и садовой дорожки — 10.25 м при норме 0.5 м; канализация — 14.25 м при норме 1.0 м; силовой кабель и кабель связи — 16.25 м при норме 0.7 м."
S-0169;кустарник;Пузыреплодник 'Diabolo';95.625;9.875;СП 42.13330.2016;"таблица 9.1; ППМ № 743-ПП, прил. 1, п. 3.6.3, табл. 3.6.1 (МГСН 1.01-99); ППМ № 623-ПП (МГСН 1.02-02), п. 4.2.4";Край проезжей части, кромка укреплённой полосы обочины;1.0;1.75;"Посадка (кустарник) допустима. Определяющее ограничение — край проезжей части, кромка укреплённой полосы обочины: требуется не менее 1.0 м, фактически 1.75 м (СП 42.13330.2016, таблица 9.1; ППМ № 743-ПП, прил. 1, п. 3.6.3, табл. 3.6.1 (МГСН 1.01-99); ППМ № 623-ПП (МГСН 1.02-02), п. 4.2.4). Прочие проверенные отступы: край тротуара и садовой дорожки — 10.25 м при норме 0.5 м; канализация — 15.5 м при норме 1.0 м; силовой кабель и кабель связи — 16.25 м при норме 0.7 м."
S-0170;кустарник;Пузыреплодник 'Diabolo';96.875;9.875;СП 42.13330.2016;"таблица 9.1; ППМ № 743-ПП, прил. 1, п. 3.6.3, табл. 3.6.1 (МГСН 1.01-99); ППМ № 623-ПП (МГСН 1.02-02), п. 4.2.4";Край проезжей части, кромка укреплённой полосы обочины;1.0;1.75;"Посадка (кустарник) допустима. Определяющее ограничение — край проезжей части, кромка укреплённой полосы обочины: требуется не менее 1.0 м, фактически 1.75 м (СП 42.13330.2016, таблица 9.1; ППМ № 743-ПП, прил. 1, п. 3.6.3, табл. 3.6.1 (МГСН 1.01-99); ППМ № 623-ПП (МГСН 1.02-02), п. 4.2.4). Прочие проверенные отступы: край тротуара и садовой дорожки — 10.25 м при норме 0.5 м; силовой кабель и кабель связи — 16.25 м при норме 0.7 м; канализация — 16.75 м при норме 1.0 м."
S-0171;кустарник;Пузыреплодник 'Diabolo';98.125;9.875;СП 42.13330.2016;"таблица 9.1; ППМ № 743-ПП, прил. 1, п. 3.6.3, табл. 3.6.1 (МГСН 1.01-99); ППМ № 623-ПП (МГСН 1.02-02), п. 4.2.4";Край проезжей части, кромка укреплённой полосы обочины;1.0;1.75;"Посадка (кустарник) допустима. Определяющее ограничение — край проезжей части, кромка укреплённой полосы обочины: требуется не менее 1.0 м, фактически 1.75 м (СП 42.13330.2016, таблица 9.1; ППМ № 743-ПП, прил. 1, п. 3.6.3, табл. 3.6.1 (МГСН 1.01-99); ППМ № 623-ПП (МГСН 1.02-02), п. 4.2.4). Прочие проверенные отступы: край тротуара и садовой дорожки — 10.25 м при норме 0.5 м; силовой кабель и кабель связи — 16.25 м при норме 0.7 м; канализация — 18.0 м при норме 1.0 м."
S-0172;кустарник;Пузыреплодник 'Diabolo';99.375;9.875;СП 42.13330.2016;"таблица 9.1; ППМ № 743-ПП, прил. 1, п. 3.6.3, табл. 3.6.1 (МГСН 1.01-99); ППМ № 623-ПП (МГСН 1.02-02), п. 4.2.4";Край проезжей части, кромка укреплённой полосы обочины;1.0;1.75;"Посадка (кустарник) допустима. Определяющее ограничение — край проезжей части, кромка укреплённой полосы обочины: требуется не менее 1.0 м, фактически 1.75 м (СП 42.13330.2016, таблица 9.1; ППМ № 743-ПП, прил. 1, п. 3.6.3, табл. 3.6.1 (МГСН 1.01-99); ППМ № 623-ПП (МГСН 1.02-02), п. 4.2.4). Прочие проверенные отступы: край тротуара и садовой дорожки — 10.25 м при норме 0.5 м; силовой кабель и кабель связи — 16.25 м при норме 0.7 м; канализация — 19.25 м при норме 1.0 м."
S-0173;кустарник;Пузыреплодник 'Diabolo';100.625;9.875;СП 42.13330.2016;"таблица 9.1; ППМ № 743-ПП, прил. 1, п. 3.6.3, табл. 3.6.1 (МГСН 1.01-99); ППМ № 623-ПП (МГСН 1.02-02), п. 4.2.4";Край проезжей части, кромка укреплённой полосы обочины;1.0;1.75;"Посадка (кустарник) допустима. Определяющее ограничение — край проезжей части, кромка укреплённой полосы обочины: требуется не менее 1.0 м, фактически 1.75 м (СП 42.13330.2016, таблица 9.1; ППМ № 743-ПП, прил. 1, п. 3.6.3, табл. 3.6.1 (МГСН 1.01-99); ППМ № 623-ПП (МГСН 1.02-02), п. 4.2.4). Прочие проверенные отступы: край тротуара и садовой дорожки — 10.25 м при норме 0.5 м; силовой кабель и кабель связи — 16.25 м при норме 0.7 м; водопровод, дренаж — 20.25 м при норме 1.0 м."
S-0174;кустарник;Пузыреплодник 'Diabolo';101.875;9.875;СП 42.13330.2016;"таблица 9.1; ППМ № 743-ПП, прил. 1, п. 3.6.3, табл. 3.6.1 (МГСН 1.01-99); ППМ № 623-ПП (МГСН 1.02-02), п. 4.2.4";Край проезжей части, кромка укреплённой полосы обочины;1.0;1.75;"Посадка (кустарник) допустима. Определяющее ограничение — край проезжей части, кромка укреплённой полосы обочины: требуется не менее 1.0 м, фактически 1.75 м (СП 42.13330.2016, таблица 9.1; ППМ № 743-ПП, прил. 1, п. 3.6.3, табл. 3.6.1 (МГСН 1.01-99); ППМ № 623-ПП (МГСН 1.02-02), п. 4.2.4). Прочие проверенные отступы: край тротуара и садовой дорожки — 10.25 м при норме 0.5 м; силовой кабель и кабель связи — 16.25 м при норме 0.7 м; водопровод, дренаж — 20.25 м при норме 1.0 м."
S-0175;кустарник;Пузыреплодник 'Diabolo';103.125;9.875;СП 42.13330.2016;"таблица 9.1; ППМ № 743-ПП, прил. 1, п. 3.6.3, табл. 3.6.1 (МГСН 1.01-99); ППМ № 623-ПП (МГСН 1.02-02), п. 4.2.4";Край проезжей части, кромка укреплённой полосы обочины;1.0;1.75;"Посадка (кустарник) допустима. Определяющее ограничение — край проезжей части, кромка укреплённой полосы обочины: требуется не менее 1.0 м, фактически 1.75 м (СП 42.13330.2016, таблица 9.1; ППМ № 743-ПП, прил. 1, п. 3.6.3, табл. 3.6.1 (МГСН 1.01-99); ППМ № 623-ПП (МГСН 1.02-02), п. 4.2.4). Прочие проверенные отступы: край тротуара и садовой дорожки — 10.25 м при норме 0.5 м; силовой кабель и кабель связи — 16.25 м при норме 0.7 м; водопровод, дренаж — 20.25 м при норме 1.0 м."
S-0176;кустарник;Пузыреплодник 'Diabolo';104.375;9.875;СП 42.13330.2016;"таблица 9.1; ППМ № 743-ПП, прил. 1, п. 3.6.3, табл. 3.6.1 (МГСН 1.01-99); ППМ № 623-ПП (МГСН 1.02-02), п. 4.2.4";Край проезжей части, кромка укреплённой полосы обочины;1.0;1.75;"Посадка (кустарник) допустима. Определяющее ограничение — край проезжей части, кромка укреплённой полосы обочины: требуется не менее 1.0 м, фактически 1.75 м (СП 42.13330.2016, таблица 9.1; ППМ № 743-ПП, прил. 1, п. 3.6.3, табл. 3.6.1 (МГСН 1.01-99); ППМ № 623-ПП (МГСН 1.02-02), п. 4.2.4). Прочие проверенные отступы: край тротуара и садовой дорожки — 10.25 м при норме 0.5 м; силовой кабель и кабель связи — 16.25 м при норме 0.7 м; водопровод, дренаж — 20.25 м при норме 1.0 м."
S-0177;кустарник;Пузыреплодник 'Diabolo';105.625;9.875;СП 42.13330.2016;"таблица 9.1; ППМ № 743-ПП, прил. 1, п. 3.6.3, табл. 3.6.1 (МГСН 1.01-99); ППМ № 623-ПП (МГСН 1.02-02), п. 4.2.4";Край проезжей части, кромка укреплённой полосы обочины;1.0;1.75;"Посадка (кустарник) допустима. Определяющее ограничение — край проезжей части, кромка укреплённой полосы обочины: требуется не менее 1.0 м, фактически 1.75 м (СП 42.13330.2016, таблица 9.1; ППМ № 743-ПП, прил. 1, п. 3.6.3, табл. 3.6.1 (МГСН 1.01-99); ППМ № 623-ПП (МГСН 1.02-02), п. 4.2.4). Прочие проверенные отступы: край тротуара и садовой дорожки — 10.25 м при норме 0.5 м; силовой кабель и кабель связи — 16.25 м при норме 0.7 м; водопровод, дренаж — 20.25 м при норме 1.0 м."
S-0178;кустарник;Пузыреплодник 'Diabolo';106.875;9.875;СП 42.13330.2016;"таблица 9.1; ППМ № 743-ПП, прил. 1, п. 3.6.3, табл. 3.6.1 (МГСН 1.01-99); ППМ № 623-ПП (МГСН 1.02-02), п. 4.2.4";Край проезжей части, кромка укреплённой полосы обочины;1.0;1.75;"Посадка (кустарник) допустима. Определяющее ограничение — край проезжей части, кромка укреплённой полосы обочины: требуется не менее 1.0 м, фактически 1.75 м (СП 42.13330.2016, таблица 9.1; ППМ № 743-ПП, прил. 1, п. 3.6.3, табл. 3.6.1 (МГСН 1.01-99); ППМ № 623-ПП (МГСН 1.02-02), п. 4.2.4). Прочие проверенные отступы: край тротуара и садовой дорожки — 10.25 м при норме 0.5 м; силовой кабель и кабель связи — 16.25 м при норме 0.7 м; водопровод, дренаж — 20.25 м при норме 1.0 м."
S-0179;кустарник;Пузыреплодник 'Diabolo';108.125;9.875;СП 42.13330.2016;"таблица 9.1; ППМ № 743-ПП, прил. 1, п. 3.6.3, табл. 3.6.1 (МГСН 1.01-99); ППМ № 623-ПП (МГСН 1.02-02), п. 4.2.4";Край проезжей части, кромка укреплённой полосы обочины;1.0;1.75;"Посадка (кустарник) допустима. Определяющее ограничение — край проезжей части, кромка укреплённой полосы обочины: требуется не менее 1.0 м, фактически 1.75 м (СП 42.13330.2016, таблица 9.1; ППМ № 743-ПП, прил. 1, п. 3.6.3, табл. 3.6.1 (МГСН 1.01-99); ППМ № 623-ПП (МГСН 1.02-02), п. 4.2.4). Прочие проверенные отступы: край тротуара и садовой дорожки — 10.25 м при норме 0.5 м; силовой кабель и кабель связи — 16.25 м при норме 0.7 м; водопровод, дренаж — 20.25 м при норме 1.0 м."
S-0180;кустарник;Пузыреплодник 'Diabolo';109.375;9.875;СП 42.13330.2016;"таблица 9.1; ППМ № 743-ПП, прил. 1, п. 3.6.3, табл. 3.6.1 (МГСН 1.01-99); ППМ № 623-ПП (МГСН 1.02-02), п. 4.2.4";Край проезжей части, кромка укреплённой полосы обочины;1.0;1.75;"Посадка (кустарник) допустима. Определяющее ограничение — край проезжей части, кромка укреплённой полосы обочины: требуется не менее 1.0 м, фактически 1.75 м (СП 42.13330.2016, таблица 9.1; ППМ № 743-ПП, прил. 1, п. 3.6.3, табл. 3.6.1 (МГСН 1.01-99); ППМ № 623-ПП (МГСН 1.02-02), п. 4.2.4). Прочие проверенные отступы: край тротуара и садовой дорожки — 10.25 м при норме 0.5 м; силовой кабель и кабель связи — 16.25 м при норме 0.7 м; водопровод, дренаж — 20.25 м при норме 1.0 м."
S-0181;кустарник;Пузыреплодник 'Diabolo';110.625;9.875;СП 42.13330.2016;"таблица 9.1; ППМ № 743-ПП, прил. 1, п. 3.6.3, табл. 3.6.1 (МГСН 1.01-99); ППМ № 623-ПП (МГСН 1.02-02), п. 4.2.4";Край проезжей части, кромка укреплённой полосы обочины;1.0;1.75;"Посадка (кустарник) допустима. Определяющее ограничение — край проезжей части, кромка укреплённой полосы обочины: требуется не менее 1.0 м, фактически 1.75 м (СП 42.13330.2016, таблица 9.1; ППМ № 743-ПП, прил. 1, п. 3.6.3, табл. 3.6.1 (МГСН 1.01-99); ППМ № 623-ПП (МГСН 1.02-02), п. 4.2.4). Прочие проверенные отступы: край тротуара и садовой дорожки — 10.25 м при норме 0.5 м; силовой кабель и кабель связи — 16.25 м при норме 0.7 м; водопровод, дренаж — 20.25 м при норме 1.0 м."
S-0182;кустарник;Пузыреплодник 'Diabolo';111.875;9.875;СП 42.13330.2016;"таблица 9.1; ППМ № 743-ПП, прил. 1, п. 3.6.3, табл. 3.6.1 (МГСН 1.01-99); ППМ № 623-ПП (МГСН 1.02-02), п. 4.2.4";Край проезжей части, кромка укреплённой полосы обочины;1.0;1.75;"Посадка (кустарник) допустима. Определяющее ограничение — край проезжей части, кромка укреплённой полосы обочины: требуется не менее 1.0 м, фактически 1.75 м (СП 42.13330.2016, таблица 9.1; ППМ № 743-ПП, прил. 1, п. 3.6.3, табл. 3.6.1 (МГСН 1.01-99); ППМ № 623-ПП (МГСН 1.02-02), п. 4.2.4). Прочие проверенные отступы: край тротуара и садовой дорожки — 10.25 м при норме 0.5 м; силовой кабель и кабель связи — 16.25 м при норме 0.7 м; водопровод, дренаж — 20.25 м при норме 1.0 м."
S-0183;кустарник;Пузыреплодник 'Diabolo';113.125;9.875;СП 42.13330.2016;"таблица 9.1; ППМ № 743-ПП, прил. 1, п. 3.6.3, табл. 3.6.1 (МГСН 1.01-99); ППМ № 623-ПП (МГСН 1.02-02), п. 4.2.4";Край проезжей части, кромка укреплённой полосы обочины;1.0;1.75;"Посадка (кустарник) допустима. Определяющее ограничение — край проезжей части, кромка укреплённой полосы обочины: требуется не менее 1.0 м, фактически 1.75 м (СП 42.13330.2016, таблица 9.1; ППМ № 743-ПП, прил. 1, п. 3.6.3, табл. 3.6.1 (МГСН 1.01-99); ППМ № 623-ПП (МГСН 1.02-02), п. 4.2.4). Прочие проверенные отступы: край тротуара и садовой дорожки — 10.25 м при норме 0.5 м; силовой кабель и кабель связи — 16.25 м при норме 0.7 м; водопровод, дренаж — 20.25 м при норме 1.0 м."
S-0184;кустарник;Пузыреплодник 'Diabolo';114.375;9.875;СП 42.13330.2016;"таблица 9.1; ППМ № 743-ПП, прил. 1, п. 3.6.3, табл. 3.6.1 (МГСН 1.01-99); ППМ № 623-ПП (МГСН 1.02-02), п. 4.2.4";Край проезжей части, кромка укреплённой полосы обочины;1.0;1.75;"Посадка (кустарник) допустима. Определяющее ограничение — край проезжей части, кромка укреплённой полосы обочины: требуется не менее 1.0 м, фактически 1.75 м (СП 42.13330.2016, таблица 9.1; ППМ № 743-ПП, прил. 1, п. 3.6.3, табл. 3.6.1 (МГСН 1.01-99); ППМ № 623-ПП (МГСН 1.02-02), п. 4.2.4). Прочие проверенные отступы: край тротуара и садовой дорожки — 10.25 м при норме 0.5 м; силовой кабель и кабель связи — 16.25 м при норме 0.7 м; водопровод, дренаж — 20.25 м при норме 1.0 м."
S-0185;кустарник;Пузыреплодник 'Diabolo';115.625;9.875;СП 42.13330.2016;"таблица 9.1; ППМ № 743-ПП, прил. 1, п. 3.6.3, табл. 3.6.1 (МГСН 1.01-99); ППМ № 623-ПП (МГСН 1.02-02), п. 4.2.4";Край проезжей части, кромка укреплённой полосы обочины;1.0;1.75;"Посадка (кустарник) допустима. Определяющее ограничение — край проезжей части, кромка укреплённой полосы обочины: требуется не менее 1.0 м, фактически 1.75 м (СП 42.13330.2016, таблица 9.1; ППМ № 743-ПП, прил. 1, п. 3.6.3, табл. 3.6.1 (МГСН 1.01-99); ППМ № 623-ПП (МГСН 1.02-02), п. 4.2.4). Прочие проверенные отступы: край тротуара и садовой дорожки — 10.25 м при норме 0.5 м; силовой кабель и кабель связи — 16.25 м при норме 0.7 м; водопровод, дренаж — 20.25 м при норме 1.0 м."
S-0186;кустарник;Пузыреплодник 'Diabolo';116.875;9.875;СП 42.13330.2016;"таблица 9.1; ППМ № 743-ПП, прил. 1, п. 3.6.3, табл. 3.6.1 (МГСН 1.01-99); ППМ № 623-ПП (МГСН 1.02-02), п. 4.2.4";Край проезжей части, кромка укреплённой полосы обочины;1.0;1.75;"Посадка (кустарник) допустима. Определяющее ограничение — край проезжей части, кромка укреплённой полосы обочины: требуется не менее 1.0 м, фактически 1.75 м (СП 42.13330.2016, таблица 9.1; ППМ № 743-ПП, прил. 1, п. 3.6.3, табл. 3.6.1 (МГСН 1.01-99); ППМ № 623-ПП (МГСН 1.02-02), п. 4.2.4). Прочие проверенные отступы: край тротуара и садовой дорожки — 10.25 м при норме 0.5 м; силовой кабель и кабель связи — 16.25 м при норме 0.7 м; водопровод, дренаж — 20.25 м при норме 1.0 м."
S-0187;кустарник;Пузыреплодник 'Diabolo';118.125;9.875;СП 42.13330.2016;"таблица 9.1; ППМ № 743-ПП, прил. 1, п. 3.6.3, табл. 3.6.1 (МГСН 1.01-99); ППМ № 623-ПП (МГСН 1.02-02), п. 4.2.4";Край проезжей части, кромка укреплённой полосы обочины;1.0;1.75;"Посадка (кустарник) допустима. Определяющее ограничение — край проезжей части, кромка укреплённой полосы обочины: требуется не менее 1.0 м, фактически 1.75 м (СП 42.13330.2016, таблица 9.1; ППМ № 743-ПП, прил. 1, п. 3.6.3, табл. 3.6.1 (МГСН 1.01-99); ППМ № 623-ПП (МГСН 1.02-02), п. 4.2.4). Прочие проверенные отступы: край тротуара и садовой дорожки — 10.25 м при норме 0.5 м; силовой кабель и кабель связи — 16.25 м при норме 0.7 м; водопровод, дренаж — 20.25 м при норме 1.0 м."
S-0188;кустарник;Пузыреплодник 'Diabolo';119.375;9.875;СП 42.13330.2016;"таблица 9.1; ППМ № 743-ПП, прил. 1, п. 3.6.3, табл. 3.6.1 (МГСН 1.01-99); ППМ № 623-ПП (МГСН 1.02-02), п. 4.2.4";Край проезжей части, кромка укреплённой полосы обочины;1.0;1.75;"Посадка (кустарник) допустима. Определяющее ограничение — край проезжей части, кромка укреплённой полосы обочины: требуется не менее 1.0 м, фактически 1.75 м (СП 42.13330.2016, таблица 9.1; ППМ № 743-ПП, прил. 1, п. 3.6.3, табл. 3.6.1 (МГСН 1.01-99); ППМ № 623-ПП (МГСН 1.02-02), п. 4.2.4). Прочие проверенные отступы: край тротуара и садовой дорожки — 10.25 м при норме 0.5 м; силовой кабель и кабель связи — 16.25 м при норме 0.7 м; водопровод, дренаж — 20.25 м при норме 1.0 м."
S-0189;кустарник;Пузыреплодник 'Diabolo';0.375;12.125;СП 42.13330.2016;"таблица 9.1; ППМ № 743-ПП, прил. 1, п. 3.6.3, табл. 3.6.1 (МГСН 1.01-99); ППМ № 623-ПП (МГСН 1.02-02), п. 4.2.4";Край проезжей части, кромка укреплённой полосы обочины;1.0;2.0;"Посадка (кустарник) допустима. Определяющее ограничение — край проезжей части, кромка укреплённой полосы обочины: требуется не менее 1.0 м, фактически 2.0 м (СП 42.13330.2016, таблица 9.1; ППМ № 743-ПП, прил. 1, п. 3.6.3, табл. 3.6.1 (МГСН 1.01-99); ППМ № 623-ПП (МГСН 1.02-02), п. 4.2.4). Прочие проверенные отступы: край тротуара и садовой дорожки — 8.0 м при норме 0.5 м; силовой кабель и кабель связи — 14.0 м при норме 0.7 м; водопровод, дренаж — 18.0 м при норме 1.0 м."
S-0190;кустарник;Пузыреплодник 'Diabolo';1.625;12.125;СП 42.13330.2016;"таблица 9.1; ППМ № 743-ПП, прил. 1, п. 3.6.3, табл. 3.6.1 (МГСН 1.01-99); ППМ № 623-ПП (МГСН 1.02-02), п. 4.2.4";Край проезжей части, кромка укреплённой полосы обочины;1.0;2.0;"Посадка (кустарник) допустима. Определяющее ограничение — край проезжей части, кромка укреплённой полосы обочины: требуется не менее 1.0 м, фактически 2.0 м (СП 42.13330.2016, таблица 9.1; ППМ № 743-ПП, прил. 1, п. 3.6.3, табл. 3.6.1 (МГСН 1.01-99); ППМ № 623-ПП (МГСН 1.02-02), п. 4.2.4). Прочие проверенные отступы: край тротуара и садовой дорожки — 8.0 м при норме 0.5 м; силовой кабель и кабель связи — 14.0 м при норме 0.7 м; водопровод, дренаж — 18.0 м при норме 1.0 м."
S-0191;кустарник;Пузыреплодник 'Diabolo';2.875;12.125;СП 42.13330.2016;"таблица 9.1; ППМ № 743-ПП, прил. 1, п. 3.6.3, табл. 3.6.1 (МГСН 1.01-99); ППМ № 623-ПП (МГСН 1.02-02), п. 4.2.4";Край проезжей части, кромка укреплённой полосы обочины;1.0;2.0;"Посадка (кустарник) допустима. Определяющее ограничение — край проезжей части, кромка укреплённой полосы обочины: требуется не менее 1.0 м, фактически 2.0 м (СП 42.13330.2016, таблица 9.1; ППМ № 743-ПП, прил. 1, п. 3.6.3, табл. 3.6.1 (МГСН 1.01-99); ППМ № 623-ПП (МГСН 1.02-02), п. 4.2.4). Прочие проверенные отступы: край тротуара и садовой дорожки — 8.0 м при норме 0.5 м; силовой кабель и кабель связи — 14.0 м при норме 0.7 м; водопровод, дренаж — 18.0 м при норме 1.0 м."
S-0192;кустарник;Пузыреплодник 'Diabolo';4.125;12.125;СП 42.13330.2016;"таблица 9.1; ППМ № 743-ПП, прил. 1, п. 3.6.3, табл. 3.6.1 (МГСН 1.01-99); ППМ № 623-ПП (МГСН 1.02-02), п. 4.2.4";Край проезжей части, кромка укреплённой полосы обочины;1.0;2.0;"Посадка (кустарник) допустима. Определяющее ограничение — край проезжей части, кромка укреплённой полосы обочины: требуется не менее 1.0 м, фактически 2.0 м (СП 42.13330.2016, таблица 9.1; ППМ № 743-ПП, прил. 1, п. 3.6.3, табл. 3.6.1 (МГСН 1.01-99); ППМ № 623-ПП (МГСН 1.02-02), п. 4.2.4). Прочие проверенные отступы: край тротуара и садовой дорожки — 8.0 м при норме 0.5 м; силовой кабель и кабель связи — 14.0 м при норме 0.7 м; водопровод, дренаж — 18.0 м при норме 1.0 м."
S-0193;кустарник;Пузыреплодник 'Diabolo';5.375;12.125;СП 42.13330.2016;"таблица 9.1; ППМ № 743-ПП, прил. 1, п. 3.6.3, табл. 3.6.1 (МГСН 1.01-99); ППМ № 623-ПП (МГСН 1.02-02), п. 4.2.4";Край проезжей части, кромка укреплённой полосы обочины;1.0;2.0;"Посадка (кустарник) допустима. Определяющее ограничение — край проезжей части, кромка укреплённой полосы обочины: требуется не менее 1.0 м, фактически 2.0 м (СП 42.13330.2016, таблица 9.1; ППМ № 743-ПП, прил. 1, п. 3.6.3, табл. 3.6.1 (МГСН 1.01-99); ППМ № 623-ПП (МГСН 1.02-02), п. 4.2.4). Прочие проверенные отступы: край тротуара и садовой дорожки — 8.0 м при норме 0.5 м; силовой кабель и кабель связи — 14.0 м при норме 0.7 м; водопровод, дренаж — 18.0 м при норме 1.0 м."
S-0194;кустарник;Пузыреплодник 'Diabolo';6.625;12.125;СП 42.13330.2016;"таблица 9.1; ППМ № 743-ПП, прил. 1, п. 3.6.3, табл. 3.6.1 (МГСН 1.01-99); ППМ № 623-ПП (МГСН 1.02-02), п. 4.2.4";Край проезжей части, кромка укреплённой полосы обочины;1.0;2.0;"Посадка (кустарник) допустима. Определяющее ограничение — край проезжей части, кромка укреплённой полосы обочины: требуется не менее 1.0 м, фактически 2.0 м (СП 42.13330.2016, таблица 9.1; ППМ № 743-ПП, прил. 1, п. 3.6.3, табл. 3.6.1 (МГСН 1.01-99); ППМ № 623-ПП (МГСН 1.02-02), п. 4.2.4). Прочие проверенные отступы: край тротуара и садовой дорожки — 8.0 м при норме 0.5 м; силовой кабель и кабель связи — 14.0 м при норме 0.7 м; водопровод, дренаж — 18.0 м при норме 1.0 м."
S-0195;кустарник;Пузыреплодник 'Diabolo';7.875;12.125;СП 42.13330.2016;"таблица 9.1; ППМ № 743-ПП, прил. 1, п. 3.6.3, табл. 3.6.1 (МГСН 1.01-99); ППМ № 623-ПП (МГСН 1.02-02), п. 4.2.4";Край проезжей части, кромка укреплённой полосы обочины;1.0;2.0;"Посадка (кустарник) допустима. Определяющее ограничение — край проезжей части, кромка укреплённой полосы обочины: требуется не менее 1.0 м, фактически 2.0 м (СП 42.13330.2016, таблица 9.1; ППМ № 743-ПП, прил. 1, п. 3.6.3, табл. 3.6.1 (МГСН 1.01-99); ППМ № 623-ПП (МГСН 1.02-02), п. 4.2.4). Прочие проверенные отступы: край тротуара и садовой дорожки — 8.0 м при норме 0.5 м; силовой кабель и кабель связи — 14.0 м при норме 0.7 м; водопровод, дренаж — 18.0 м при норме 1.0 м."
S-0196;кустарник;Пузыреплодник 'Diabolo';9.125;12.125;СП 42.13330.2016;"таблица 9.1; ППМ № 743-ПП, прил. 1, п. 3.6.3, табл. 3.6.1 (МГСН 1.01-99); ППМ № 623-ПП (МГСН 1.02-02), п. 4.2.4";Край проезжей части, кромка укреплённой полосы обочины;1.0;2.0;"Посадка (кустарник) допустима. Определяющее ограничение — край проезжей части, кромка укреплённой полосы обочины: требуется не менее 1.0 м, фактически 2.0 м (СП 42.13330.2016, таблица 9.1; ППМ № 743-ПП, прил. 1, п. 3.6.3, табл. 3.6.1 (МГСН 1.01-99); ППМ № 623-ПП (МГСН 1.02-02), п. 4.2.4). Прочие проверенные отступы: край тротуара и садовой дорожки — 8.0 м при норме 0.5 м; силовой кабель и кабель связи — 14.0 м при норме 0.7 м; водопровод, дренаж — 18.0 м при норме 1.0 м."
S-0197;кустарник;Пузыреплодник 'Diabolo';10.375;12.125;СП 42.13330.2016;"таблица 9.1; ППМ № 743-ПП, прил. 1, п. 3.6.3, табл. 3.6.1 (МГСН 1.01-99); ППМ № 623-ПП (МГСН 1.02-02), п. 4.2.4";Край проезжей части, кромка укреплённой полосы обочины;1.0;2.0;"Посадка (кустарник) допустима. Определяющее ограничение — край проезжей части, кромка укреплённой полосы обочины: требуется не менее 1.0 м, фактически 2.0 м (СП 42.13330.2016, таблица 9.1; ППМ № 743-ПП, прил. 1, п. 3.6.3, табл. 3.6.1 (МГСН 1.01-99); ППМ № 623-ПП (МГСН 1.02-02), п. 4.2.4). Прочие проверенные отступы: край тротуара и садовой дорожки — 8.0 м при норме 0.5 м; силовой кабель и кабель связи — 14.0 м при норме 0.7 м; водопровод, дренаж — 18.0 м при норме 1.0 м."
S-0198;кустарник;Пузыреплодник 'Diabolo';11.625;12.125;СП 42.13330.2016;"таблица 9.1; ППМ № 743-ПП, прил. 1, п. 3.6.3, табл. 3.6.1 (МГСН 1.01-99); ППМ № 623-ПП (МГСН 1.02-02), п. 4.2.4";Край проезжей части, кромка укреплённой полосы обочины;1.0;2.0;"Посадка (кустарник) допустима. Определяющее ограничение — край проезжей части, кромка укреплённой полосы обочины: требуется не менее 1.0 м, фактически 2.0 м (СП 42.13330.2016, таблица 9.1; ППМ № 743-ПП, прил. 1, п. 3.6.3, табл. 3.6.1 (МГСН 1.01-99); ППМ № 623-ПП (МГСН 1.02-02), п. 4.2.4). Прочие проверенные отступы: край тротуара и садовой дорожки — 8.0 м при норме 0.5 м; силовой кабель и кабель связи — 14.0 м при норме 0.7 м; водопровод, дренаж — 18.0 м при норме 1.0 м."
S-0199;кустарник;Пузыреплодник 'Diabolo';12.875;12.125;СП 42.13330.2016;"таблица 9.1; ППМ № 743-ПП, прил. 1, п. 3.6.3, табл. 3.6.1 (МГСН 1.01-99); ППМ № 623-ПП (МГСН 1.02-02), п. 4.2.4";Край проезжей части, кромка укреплённой полосы обочины;1.0;2.0;"Посадка (кустарник) допустима. Определяющее ограничение — край проезжей части, кромка укреплённой полосы обочины: требуется не менее 1.0 м, фактически 2.0 м (СП 42.13330.2016, таблица 9.1; ППМ № 743-ПП, прил. 1, п. 3.6.3, табл. 3.6.1 (МГСН 1.01-99); ППМ № 623-ПП (МГСН 1.02-02), п. 4.2.4). Прочие проверенные отступы: край тротуара и садовой дорожки — 8.0 м при норме 0.5 м; силовой кабель и кабель связи — 14.0 м при норме 0.7 м; водопровод, дренаж — 18.0 м при норме 1.0 м."
S-0200;кустарник;Пузыреплодник 'Diabolo';14.125;12.125;СП 42.13330.2016;"таблица 9.1; ППМ № 743-ПП, прил. 1, п. 3.6.3, табл. 3.6.1 (МГСН 1.01-99); ППМ № 623-ПП (МГСН 1.02-02), п. 4.2.4";Край проезжей части, кромка укреплённой полосы обочины;1.0;2.0;"Посадка (кустарник) допустима. Определяющее ограничение — край проезжей части, кромка укреплённой полосы обочины: требуется не менее 1.0 м, фактически 2.0 м (СП 42.13330.2016, таблица 9.1; ППМ № 743-ПП, прил. 1, п. 3.6.3, табл. 3.6.1 (МГСН 1.01-99); ППМ № 623-ПП (МГСН 1.02-02), п. 4.2.4). Прочие проверенные отступы: край тротуара и садовой дорожки — 8.0 м при норме 0.5 м; силовой кабель и кабель связи — 14.0 м при норме 0.7 м; водопровод, дренаж — 18.0 м при норме 1.0 м."
S-0201;кустарник;Роза морщинистая;15.375;12.125;СП 42.13330.2016;"таблица 9.1; ППМ № 743-ПП, прил. 1, п. 3.6.3, табл. 3.6.1 (МГСН 1.01-99); ППМ № 623-ПП (МГСН 1.02-02), п. 4.2.4";Край проезжей части, кромка укреплённой полосы обочины;1.0;2.0;"Посадка (кустарник) допустима. Определяющее ограничение — край проезжей части, кромка укреплённой полосы обочины: требуется не менее 1.0 м, фактически 2.0 м (СП 42.13330.2016, таблица 9.1; ППМ № 743-ПП, прил. 1, п. 3.6.3, табл. 3.6.1 (МГСН 1.01-99); ППМ № 623-ПП (МГСН 1.02-02), п. 4.2.4). Прочие проверенные отступы: край тротуара и садовой дорожки — 8.0 м при норме 0.5 м; силовой кабель и кабель связи — 14.0 м при норме 0.7 м; водопровод, дренаж — 18.0 м при норме 1.0 м."
S-0202;кустарник;Роза морщинистая;16.625;12.125;СП 42.13330.2016;"таблица 9.1; ППМ № 743-ПП, прил. 1, п. 3.6.3, табл. 3.6.1 (МГСН 1.01-99); ППМ № 623-ПП (МГСН 1.02-02), п. 4.2.4";Край проезжей части, кромка укреплённой полосы обочины;1.0;2.0;"Посадка (кустарник) допустима. Определяющее ограничение — край проезжей части, кромка укреплённой полосы обочины: требуется не менее 1.0 м, фактически 2.0 м (СП 42.13330.2016, таблица 9.1; ППМ № 743-ПП, прил. 1, п. 3.6.3, табл. 3.6.1 (МГСН 1.01-99); ППМ № 623-ПП (МГСН 1.02-02), п. 4.2.4). Прочие проверенные отступы: край тротуара и садовой дорожки — 8.0 м при норме 0.5 м; силовой кабель и кабель связи — 14.0 м при норме 0.7 м; водопровод, дренаж — 18.0 м при норме 1.0 м."
S-0203;кустарник;Роза морщинистая;17.875;12.125;СП 42.13330.2016;"таблица 9.1; ППМ № 743-ПП, прил. 1, п. 3.6.3, табл. 3.6.1 (МГСН 1.01-99); ППМ № 623-ПП (МГСН 1.02-02), п. 4.2.4";Край проезжей части, кромка укреплённой полосы обочины;1.0;2.0;"Посадка (кустарник) допустима. Определяющее ограничение — край проезжей части, кромка укреплённой полосы обочины: требуется не менее 1.0 м, фактически 2.0 м (СП 42.13330.2016, таблица 9.1; ППМ № 743-ПП, прил. 1, п. 3.6.3, табл. 3.6.1 (МГСН 1.01-99); ППМ № 623-ПП (МГСН 1.02-02), п. 4.2.4). Прочие проверенные отступы: край тротуара и садовой дорожки — 8.0 м при норме 0.5 м; силовой кабель и кабель связи — 14.0 м при норме 0.7 м; водопровод, дренаж — 18.0 м при норме 1.0 м."
S-0204;кустарник;Роза морщинистая;19.125;12.125;СП 42.13330.2016;"таблица 9.1; ППМ № 743-ПП, прил. 1, п. 3.6.3, табл. 3.6.1 (МГСН 1.01-99); ППМ № 623-ПП (МГСН 1.02-02), п. 4.2.4";Край проезжей части, кромка укреплённой полосы обочины;1.0;2.0;"Посадка (кустарник) допустима. Определяющее ограничение — край проезжей части, кромка укреплённой полосы обочины: требуется не менее 1.0 м, фактически 2.0 м (СП 42.13330.2016, таблица 9.1; ППМ № 743-ПП, прил. 1, п. 3.6.3, табл. 3.6.1 (МГСН 1.01-99); ППМ № 623-ПП (МГСН 1.02-02), п. 4.2.4). Прочие проверенные отступы: край тротуара и садовой дорожки — 8.0 м при норме 0.5 м; силовой кабель и кабель связи — 14.0 м при норме 0.7 м; водопровод, дренаж — 18.0 м при норме 1.0 м."
S-0205;кустарник;Роза морщинистая;20.375;12.125;СП 42.13330.2016;"таблица 9.1; ППМ № 743-ПП, прил. 1, п. 3.6.3, табл. 3.6.1 (МГСН 1.01-99); ППМ № 623-ПП (МГСН 1.02-02), п. 4.2.4";Край проезжей части, кромка укреплённой полосы обочины;1.0;2.0;"Посадка (кустарник) допустима. Определяющее ограничение — край проезжей части, кромка укреплённой полосы обочины: требуется не менее 1.0 м, фактически 2.0 м (СП 42.13330.2016, таблица 9.1; ППМ № 743-ПП, прил. 1, п. 3.6.3, табл. 3.6.1 (МГСН 1.01-99); ППМ № 623-ПП (МГСН 1.02-02), п. 4.2.4). Прочие проверенные отступы: край тротуара и садовой дорожки — 8.0 м при норме 0.5 м; силовой кабель и кабель связи — 14.0 м при норме 0.7 м; водопровод, дренаж — 18.0 м при норме 1.0 м."
S-0206;кустарник;Роза морщинистая;21.625;12.125;СП 42.13330.2016;"таблица 9.1; ППМ № 743-ПП, прил. 1, п. 3.6.3, табл. 3.6.1 (МГСН 1.01-99); ППМ № 623-ПП (МГСН 1.02-02), п. 4.2.4";Край проезжей части, кромка укреплённой полосы обочины;1.0;2.0;"Посадка (кустарник) допустима. Определяющее ограничение — край проезжей части, кромка укреплённой полосы обочины: требуется не менее 1.0 м, фактически 2.0 м (СП 42.13330.2016, таблица 9.1; ППМ № 743-ПП, прил. 1, п. 3.6.3, табл. 3.6.1 (МГСН 1.01-99); ППМ № 623-ПП (МГСН 1.02-02), п. 4.2.4). Прочие проверенные отступы: край тротуара и садовой дорожки — 8.0 м при норме 0.5 м; силовой кабель и кабель связи — 14.0 м при норме 0.7 м; водопровод, дренаж — 18.0 м при норме 1.0 м."
S-0207;кустарник;Роза морщинистая;22.875;12.125;СП 42.13330.2016;"таблица 9.1; ППМ № 743-ПП, прил. 1, п. 3.6.3, табл. 3.6.1 (МГСН 1.01-99); ППМ № 623-ПП (МГСН 1.02-02), п. 4.2.4";Край проезжей части, кромка укреплённой полосы обочины;1.0;2.0;"Посадка (кустарник) допустима. Определяющее ограничение — край проезжей части, кромка укреплённой полосы обочины: требуется не менее 1.0 м, фактически 2.0 м (СП 42.13330.2016, таблица 9.1; ППМ № 743-ПП, прил. 1, п. 3.6.3, табл. 3.6.1 (МГСН 1.01-99); ППМ № 623-ПП (МГСН 1.02-02), п. 4.2.4). Прочие проверенные отступы: край тротуара и садовой дорожки — 8.0 м при норме 0.5 м; силовой кабель и кабель связи — 14.0 м при норме 0.7 м; водопровод, дренаж — 18.0 м при норме 1.0 м."
S-0208;кустарник;Роза морщинистая;24.125;12.125;СП 42.13330.2016;"таблица 9.1; ППМ № 743-ПП, прил. 1, п. 3.6.3, табл. 3.6.1 (МГСН 1.01-99); ППМ № 623-ПП (МГСН 1.02-02), п. 4.2.4";Край проезжей части, кромка укреплённой полосы обочины;1.0;2.0;"Посадка (кустарник) допустима. Определяющее ограничение — край проезжей части, кромка укреплённой полосы обочины: требуется не менее 1.0 м, фактически 2.0 м (СП 42.13330.2016, таблица 9.1; ППМ № 743-ПП, прил. 1, п. 3.6.3, табл. 3.6.1 (МГСН 1.01-99); ППМ № 623-ПП (МГСН 1.02-02), п. 4.2.4). Прочие проверенные отступы: край тротуара и садовой дорожки — 8.0 м при норме 0.5 м; силовой кабель и кабель связи — 14.0 м при норме 0.7 м; водопровод, дренаж — 18.0 м при норме 1.0 м."
S-0209;кустарник;Роза морщинистая;25.375;12.125;СП 42.13330.2016;"таблица 9.1; ППМ № 743-ПП, прил. 1, п. 3.6.3, табл. 3.6.1 (МГСН 1.01-99); ППМ № 623-ПП (МГСН 1.02-02), п. 4.2.4";Край проезжей части, кромка укреплённой полосы обочины;1.0;2.0;"Посадка (кустарник) допустима. Определяющее ограничение — край проезжей части, кромка укреплённой полосы обочины: требуется не менее 1.0 м, фактически 2.0 м (СП 42.13330.2016, таблица 9.1; ППМ № 743-ПП, прил. 1, п. 3.6.3, табл. 3.6.1 (МГСН 1.01-99); ППМ № 623-ПП (МГСН 1.02-02), п. 4.2.4). Прочие проверенные отступы: край тротуара и садовой дорожки — 8.0 м при норме 0.5 м; силовой кабель и кабель связи — 14.0 м при норме 0.7 м; водопровод, дренаж — 18.0 м при норме 1.0 м."
S-0210;кустарник;Роза морщинистая;26.625;12.125;СП 42.13330.2016;"таблица 9.1; ППМ № 743-ПП, прил. 1, п. 3.6.3, табл. 3.6.1 (МГСН 1.01-99); ППМ № 623-ПП (МГСН 1.02-02), п. 4.2.4";Край проезжей части, кромка укреплённой полосы обочины;1.0;2.0;"Посадка (кустарник) допустима. Определяющее ограничение — край проезжей части, кромка укреплённой полосы обочины: требуется не менее 1.0 м, фактически 2.0 м (СП 42.13330.2016, таблица 9.1; ППМ № 743-ПП, прил. 1, п. 3.6.3, табл. 3.6.1 (МГСН 1.01-99); ППМ № 623-ПП (МГСН 1.02-02), п. 4.2.4). Прочие проверенные отступы: край тротуара и садовой дорожки — 8.0 м при норме 0.5 м; силовой кабель и кабель связи — 14.0 м при норме 0.7 м; водопровод, дренаж — 18.0 м при норме 1.0 м."
S-0211;кустарник;Роза морщинистая;27.875;12.125;СП 42.13330.2016;"таблица 9.1; ППМ № 743-ПП, прил. 1, п. 3.6.3, табл. 3.6.1 (МГСН 1.01-99); ППМ № 623-ПП (МГСН 1.02-02), п. 4.2.4";Край проезжей части, кромка укреплённой полосы обочины;1.0;2.0;"Посадка (кустарник) допустима. Определяющее ограничение — край проезжей части, кромка укреплённой полосы обочины: требуется не менее 1.0 м, фактически 2.0 м (СП 42.13330.2016, таблица 9.1; ППМ № 743-ПП, прил. 1, п. 3.6.3, табл. 3.6.1 (МГСН 1.01-99); ППМ № 623-ПП (МГСН 1.02-02), п. 4.2.4). Прочие проверенные отступы: край тротуара и садовой дорожки — 8.0 м при норме 0.5 м; силовой кабель и кабель связи — 14.0 м при норме 0.7 м; водопровод, дренаж — 18.0 м при норме 1.0 м."
S-0212;кустарник;Роза морщинистая;29.125;12.125;СП 42.13330.2016;"таблица 9.1; ППМ № 743-ПП, прил. 1, п. 3.6.3, табл. 3.6.1 (МГСН 1.01-99); ППМ № 623-ПП (МГСН 1.02-02), п. 4.2.4";Край проезжей части, кромка укреплённой полосы обочины;1.0;2.0;"Посадка (кустарник) допустима. Определяющее ограничение — край проезжей части, кромка укреплённой полосы обочины: требуется не менее 1.0 м, фактически 2.0 м (СП 42.13330.2016, таблица 9.1; ППМ № 743-ПП, прил. 1, п. 3.6.3, табл. 3.6.1 (МГСН 1.01-99); ППМ № 623-ПП (МГСН 1.02-02), п. 4.2.4). Прочие проверенные отступы: край тротуара и садовой дорожки — 8.0 м при норме 0.5 м; силовой кабель и кабель связи — 14.0 м при норме 0.7 м; водопровод, дренаж — 18.0 м при норме 1.0 м."
S-0213;кустарник;Роза морщинистая;30.375;12.125;СП 42.13330.2016;"таблица 9.1; ППМ № 743-ПП, прил. 1, п. 3.6.3, табл. 3.6.1 (МГСН 1.01-99); ППМ № 623-ПП (МГСН 1.02-02), п. 4.2.4";Край проезжей части, кромка укреплённой полосы обочины;1.0;2.0;"Посадка (кустарник) допустима. Определяющее ограничение — край проезжей части, кромка укреплённой полосы обочины: требуется не менее 1.0 м, фактически 2.0 м (СП 42.13330.2016, таблица 9.1; ППМ № 743-ПП, прил. 1, п. 3.6.3, табл. 3.6.1 (МГСН 1.01-99); ППМ № 623-ПП (МГСН 1.02-02), п. 4.2.4). Прочие проверенные отступы: край тротуара и садовой дорожки — 8.0 м при норме 0.5 м; силовой кабель и кабель связи — 14.0 м при норме 0.7 м; водопровод, дренаж — 18.0 м при норме 1.0 м."
S-0214;кустарник;Роза морщинистая;31.625;12.125;СП 42.13330.2016;"таблица 9.1; ППМ № 743-ПП, прил. 1, п. 3.6.3, табл. 3.6.1 (МГСН 1.01-99); ППМ № 623-ПП (МГСН 1.02-02), п. 4.2.4";Край проезжей части, кромка укреплённой полосы обочины;1.0;2.0;"Посадка (кустарник) допустима. Определяющее ограничение — край проезжей части, кромка укреплённой полосы обочины: требуется не менее 1.0 м, фактически 2.0 м (СП 42.13330.2016, таблица 9.1; ППМ № 743-ПП, прил. 1, п. 3.6.3, табл. 3.6.1 (МГСН 1.01-99); ППМ № 623-ПП (МГСН 1.02-02), п. 4.2.4). Прочие проверенные отступы: край тротуара и садовой дорожки — 8.0 м при норме 0.5 м; силовой кабель и кабель связи — 14.0 м при норме 0.7 м; водопровод, дренаж — 18.0 м при норме 1.0 м."
S-0215;кустарник;Роза морщинистая;32.875;12.125;СП 42.13330.2016;"таблица 9.1; ППМ № 743-ПП, прил. 1, п. 3.6.3, табл. 3.6.1 (МГСН 1.01-99); ППМ № 623-ПП (МГСН 1.02-02), п. 4.2.4";Край проезжей части, кромка укреплённой полосы обочины;1.0;2.0;"Посадка (кустарник) допустима. Определяющее ограничение — край проезжей части, кромка укреплённой полосы обочины: требуется не менее 1.0 м, фактически 2.0 м (СП 42.13330.2016, таблица 9.1; ППМ № 743-ПП, прил. 1, п. 3.6.3, табл. 3.6.1 (МГСН 1.01-99); ППМ № 623-ПП (МГСН 1.02-02), п. 4.2.4). Прочие проверенные отступы: край тротуара и садовой дорожки — 8.0 м при норме 0.5 м; силовой кабель и кабель связи — 14.0 м при норме 0.7 м; водопровод, дренаж — 18.0 м при норме 1.0 м."
S-0216;кустарник;Роза морщинистая;34.125;12.125;СП 42.13330.2016;"таблица 9.1; ППМ № 743-ПП, прил. 1, п. 3.6.3, табл. 3.6.1 (МГСН 1.01-99); ППМ № 623-ПП (МГСН 1.02-02), п. 4.2.4";Край проезжей части, кромка укреплённой полосы обочины;1.0;2.0;"Посадка (кустарник) допустима. Определяющее ограничение — край проезжей части, кромка укреплённой полосы обочины: требуется не менее 1.0 м, фактически 2.0 м (СП 42.13330.2016, таблица 9.1; ППМ № 743-ПП, прил. 1, п. 3.6.3, табл. 3.6.1 (МГСН 1.01-99); ППМ № 623-ПП (МГСН 1.02-02), п. 4.2.4). Прочие проверенные отступы: край тротуара и садовой дорожки — 8.0 м при норме 0.5 м; силовой кабель и кабель связи — 14.0 м при норме 0.7 м; водопровод, дренаж — 18.0 м при норме 1.0 м."
S-0217;кустарник;Роза морщинистая;35.375;12.125;СП 42.13330.2016;"таблица 9.1; ППМ № 743-ПП, прил. 1, п. 3.6.3, табл. 3.6.1 (МГСН 1.01-99); ППМ № 623-ПП (МГСН 1.02-02), п. 4.2.4";Край проезжей части, кромка укреплённой полосы обочины;1.0;2.0;"Посадка (кустарник) допустима. Определяющее ограничение — край проезжей части, кромка укреплённой полосы обочины: требуется не менее 1.0 м, фактически 2.0 м (СП 42.13330.2016, таблица 9.1; ППМ № 743-ПП, прил. 1, п. 3.6.3, табл. 3.6.1 (МГСН 1.01-99); ППМ № 623-ПП (МГСН 1.02-02), п. 4.2.4). Прочие проверенные отступы: край тротуара и садовой дорожки — 8.0 м при норме 0.5 м; силовой кабель и кабель связи — 14.0 м при норме 0.7 м; водопровод, дренаж — 18.0 м при норме 1.0 м."
S-0218;кустарник;Роза морщинистая;36.625;12.125;СП 42.13330.2016;"таблица 9.1; ППМ № 743-ПП, прил. 1, п. 3.6.3, табл. 3.6.1 (МГСН 1.01-99); ППМ № 623-ПП (МГСН 1.02-02), п. 4.2.4";Край проезжей части, кромка укреплённой полосы обочины;1.0;2.0;"Посадка (кустарник) допустима. Определяющее ограничение — край проезжей части, кромка укреплённой полосы обочины: требуется не менее 1.0 м, фактически 2.0 м (СП 42.13330.2016, таблица 9.1; ППМ № 743-ПП, прил. 1, п. 3.6.3, табл. 3.6.1 (МГСН 1.01-99); ППМ № 623-ПП (МГСН 1.02-02), п. 4.2.4). Прочие проверенные отступы: край тротуара и садовой дорожки — 8.0 м при норме 0.5 м; силовой кабель и кабель связи — 14.0 м при норме 0.7 м; водопровод, дренаж — 18.0 м при норме 1.0 м."
S-0219;кустарник;Роза морщинистая;37.875;12.125;СП 42.13330.2016;"таблица 9.1; ППМ № 743-ПП, прил. 1, п. 3.6.3, табл. 3.6.1 (МГСН 1.01-99); ППМ № 623-ПП (МГСН 1.02-02), п. 4.2.4";Край проезжей части, кромка укреплённой полосы обочины;1.0;2.0;"Посадка (кустарник) допустима. Определяющее ограничение — край проезжей части, кромка укреплённой полосы обочины: требуется не менее 1.0 м, фактически 2.0 м (СП 42.13330.2016, таблица 9.1; ППМ № 743-ПП, прил. 1, п. 3.6.3, табл. 3.6.1 (МГСН 1.01-99); ППМ № 623-ПП (МГСН 1.02-02), п. 4.2.4). Прочие проверенные отступы: край тротуара и садовой дорожки — 8.0 м при норме 0.5 м; силовой кабель и кабель связи — 14.0 м при норме 0.7 м; водопровод, дренаж — 18.0 м при норме 1.0 м."
S-0220;кустарник;Роза морщинистая;39.125;12.125;СП 42.13330.2016;"таблица 9.1; ППМ № 743-ПП, прил. 1, п. 3.6.3, табл. 3.6.1 (МГСН 1.01-99); ППМ № 623-ПП (МГСН 1.02-02), п. 4.2.4";Край проезжей части, кромка укреплённой полосы обочины;1.0;2.0;"Посадка (кустарник) допустима. Определяющее ограничение — край проезжей части, кромка укреплённой полосы обочины: требуется не менее 1.0 м, фактически 2.0 м (СП 42.13330.2016, таблица 9.1; ППМ № 743-ПП, прил. 1, п. 3.6.3, табл. 3.6.1 (МГСН 1.01-99); ППМ № 623-ПП (МГСН 1.02-02), п. 4.2.4). Прочие проверенные отступы: край тротуара и садовой дорожки — 8.0 м при норме 0.5 м; силовой кабель и кабель связи — 14.0 м при норме 0.7 м; водопровод, дренаж — 18.0 м при норме 1.0 м."
S-0221;кустарник;Роза морщинистая;40.375;12.125;СП 42.13330.2016;"таблица 9.1; ППМ № 743-ПП, прил. 1, п. 3.6.3, табл. 3.6.1 (МГСН 1.01-99); ППМ № 623-ПП (МГСН 1.02-02), п. 4.2.4";Край проезжей части, кромка укреплённой полосы обочины;1.0;2.0;"Посадка (кустарник) допустима. Определяющее ограничение — край проезжей части, кромка укреплённой полосы обочины: требуется не менее 1.0 м, фактически 2.0 м (СП 42.13330.2016, таблица 9.1; ППМ № 743-ПП, прил. 1, п. 3.6.3, табл. 3.6.1 (МГСН 1.01-99); ППМ № 623-ПП (МГСН 1.02-02), п. 4.2.4). Прочие проверенные отступы: край тротуара и садовой дорожки — 8.0 м при норме 0.5 м; силовой кабель и кабель связи — 14.0 м при норме 0.7 м; водопровод, дренаж — 18.0 м при норме 1.0 м."
S-0222;кустарник;Роза морщинистая;41.625;12.125;СП 42.13330.2016;"таблица 9.1; ППМ № 743-ПП, прил. 1, п. 3.6.3, табл. 3.6.1 (МГСН 1.01-99); ППМ № 623-ПП (МГСН 1.02-02), п. 4.2.4";Край проезжей части, кромка укреплённой полосы обочины;1.0;2.0;"Посадка (кустарник) допустима. Определяющее ограничение — край проезжей части, кромка укреплённой полосы обочины: требуется не менее 1.0 м, фактически 2.0 м (СП 42.13330.2016, таблица 9.1; ППМ № 743-ПП, прил. 1, п. 3.6.3, табл. 3.6.1 (МГСН 1.01-99); ППМ № 623-ПП (МГСН 1.02-02), п. 4.2.4). Прочие проверенные отступы: край тротуара и садовой дорожки — 8.0 м при норме 0.5 м; силовой кабель и кабель связи — 14.0 м при норме 0.7 м; водопровод, дренаж — 18.0 м при норме 1.0 м."
S-0223;кустарник;Роза морщинистая;42.875;12.125;СП 42.13330.2016;"таблица 9.1; ППМ № 743-ПП, прил. 1, п. 3.6.3, табл. 3.6.1 (МГСН 1.01-99); ППМ № 623-ПП (МГСН 1.02-02), п. 4.2.4";Край проезжей части, кромка укреплённой полосы обочины;1.0;2.0;"Посадка (кустарник) допустима. Определяющее ограничение — край проезжей части, кромка укреплённой полосы обочины: требуется не менее 1.0 м, фактически 2.0 м (СП 42.13330.2016, таблица 9.1; ППМ № 743-ПП, прил. 1, п. 3.6.3, табл. 3.6.1 (МГСН 1.01-99); ППМ № 623-ПП (МГСН 1.02-02), п. 4.2.4). Прочие проверенные отступы: край тротуара и садовой дорожки — 8.0 м при норме 0.5 м; силовой кабель и кабель связи — 14.0 м при норме 0.7 м; водопровод, дренаж — 18.0 м при норме 1.0 м."
S-0224;кустарник;Роза морщинистая;44.125;12.125;СП 42.13330.2016;"таблица 9.1; ППМ № 743-ПП, прил. 1, п. 3.6.3, табл. 3.6.1 (МГСН 1.01-99); ППМ № 623-ПП (МГСН 1.02-02), п. 4.2.4";Край проезжей части, кромка укреплённой полосы обочины;1.0;2.0;"Посадка (кустарник) допустима. Определяющее ограничение — край проезжей части, кромка укреплённой полосы обочины: требуется не менее 1.0 м, фактически 2.0 м (СП 42.13330.2016, таблица 9.1; ППМ № 743-ПП, прил. 1, п. 3.6.3, табл. 3.6.1 (МГСН 1.01-99); ППМ № 623-ПП (МГСН 1.02-02), п. 4.2.4). Прочие проверенные отступы: край тротуара и садовой дорожки — 8.0 м при норме 0.5 м; силовой кабель и кабель связи — 14.0 м при норме 0.7 м; водопровод, дренаж — 18.0 м при норме 1.0 м."
S-0225;кустарник;Роза морщинистая;45.375;12.125;СП 42.13330.2016;"таблица 9.1; ППМ № 743-ПП, прил. 1, п. 3.6.3, табл. 3.6.1 (МГСН 1.01-99); ППМ № 623-ПП (МГСН 1.02-02), п. 4.2.4";Край проезжей части, кромка укреплённой полосы обочины;1.0;2.0;"Посадка (кустарник) допустима. Определяющее ограничение — край проезжей части, кромка укреплённой полосы обочины: требуется не менее 1.0 м, фактически 2.0 м (СП 42.13330.2016, таблица 9.1; ППМ № 743-ПП, прил. 1, п. 3.6.3, табл. 3.6.1 (МГСН 1.01-99); ППМ № 623-ПП (МГСН 1.02-02), п. 4.2.4). Прочие проверенные отступы: край тротуара и садовой дорожки — 8.0 м при норме 0.5 м; силовой кабель и кабель связи — 14.0 м при норме 0.7 м; водопровод, дренаж — 18.0 м при норме 1.0 м."
S-0226;кустарник;Роза морщинистая;46.625;12.125;СП 42.13330.2016;"таблица 9.1; ППМ № 743-ПП, прил. 1, п. 3.6.3, табл. 3.6.1 (МГСН 1.01-99); ППМ № 623-ПП (МГСН 1.02-02), п. 4.2.4";Край проезжей части, кромка укреплённой полосы обочины;1.0;2.0;"Посадка (кустарник) допустима. Определяющее ограничение — край проезжей части, кромка укреплённой полосы обочины: требуется не менее 1.0 м, фактически 2.0 м (СП 42.13330.2016, таблица 9.1; ППМ № 743-ПП, прил. 1, п. 3.6.3, табл. 3.6.1 (МГСН 1.01-99); ППМ № 623-ПП (МГСН 1.02-02), п. 4.2.4). Прочие проверенные отступы: край тротуара и садовой дорожки — 8.0 м при норме 0.5 м; силовой кабель и кабель связи — 14.0 м при норме 0.7 м; водопровод, дренаж — 18.0 м при норме 1.0 м."
S-0227;кустарник;Роза морщинистая;47.875;12.125;СП 42.13330.2016;"таблица 9.1; ППМ № 743-ПП, прил. 1, п. 3.6.3, табл. 3.6.1 (МГСН 1.01-99); ППМ № 623-ПП (МГСН 1.02-02), п. 4.2.4";Край проезжей части, кромка укреплённой полосы обочины;1.0;2.0;"Посадка (кустарник) допустима. Определяющее ограничение — край проезжей части, кромка укреплённой полосы обочины: требуется не менее 1.0 м, фактически 2.0 м (СП 42.13330.2016, таблица 9.1; ППМ № 743-ПП, прил. 1, п. 3.6.3, табл. 3.6.1 (МГСН 1.01-99); ППМ № 623-ПП (МГСН 1.02-02), п. 4.2.4). Прочие проверенные отступы: край тротуара и садовой дорожки — 8.0 м при норме 0.5 м; силовой кабель и кабель связи — 14.0 м при норме 0.7 м; водопровод, дренаж — 18.0 м при норме 1.0 м."
S-0228;кустарник;Роза морщинистая;49.125;12.125;СП 42.13330.2016;"таблица 9.1; ППМ № 743-ПП, прил. 1, п. 3.6.3, табл. 3.6.1 (МГСН 1.01-99); ППМ № 623-ПП (МГСН 1.02-02), п. 4.2.4";Край проезжей части, кромка укреплённой полосы обочины;1.0;2.0;"Посадка (кустарник) допустима. Определяющее ограничение — край проезжей части, кромка укреплённой полосы обочины: требуется не менее 1.0 м, фактически 2.0 м (СП 42.13330.2016, таблица 9.1; ППМ № 743-ПП, прил. 1, п. 3.6.3, табл. 3.6.1 (МГСН 1.01-99); ППМ № 623-ПП (МГСН 1.02-02), п. 4.2.4). Прочие проверенные отступы: край тротуара и садовой дорожки — 8.0 м при норме 0.5 м; силовой кабель и кабель связи — 14.0 м при норме 0.7 м; водопровод, дренаж — 18.0 м при норме 1.0 м."
S-0229;кустарник;Роза морщинистая;50.375;12.125;СП 42.13330.2016;"таблица 9.1; ППМ № 743-ПП, прил. 1, п. 3.6.3, табл. 3.6.1 (МГСН 1.01-99); ППМ № 623-ПП (МГСН 1.02-02), п. 4.2.4";Край проезжей части, кромка укреплённой полосы обочины;1.0;2.0;"Посадка (кустарник) допустима. Определяющее ограничение — край проезжей части, кромка укреплённой полосы обочины: требуется не менее 1.0 м, фактически 2.0 м (СП 42.13330.2016, таблица 9.1; ППМ № 743-ПП, прил. 1, п. 3.6.3, табл. 3.6.1 (МГСН 1.01-99); ППМ № 623-ПП (МГСН 1.02-02), п. 4.2.4). Прочие проверенные отступы: край тротуара и садовой дорожки — 8.0 м при норме 0.5 м; силовой кабель и кабель связи — 14.0 м при норме 0.7 м; водопровод, дренаж — 18.0 м при норме 1.0 м."
S-0230;кустарник;Роза морщинистая;51.625;12.125;СП 42.13330.2016;"таблица 9.1; ППМ № 743-ПП, прил. 1, п. 3.6.3, табл. 3.6.1 (МГСН 1.01-99); ППМ № 623-ПП (МГСН 1.02-02), п. 4.2.4";Край проезжей части, кромка укреплённой полосы обочины;1.0;2.0;"Посадка (кустарник) допустима. Определяющее ограничение — край проезжей части, кромка укреплённой полосы обочины: требуется не менее 1.0 м, фактически 2.0 м (СП 42.13330.2016, таблица 9.1; ППМ № 743-ПП, прил. 1, п. 3.6.3, табл. 3.6.1 (МГСН 1.01-99); ППМ № 623-ПП (МГСН 1.02-02), п. 4.2.4). Прочие проверенные отступы: край тротуара и садовой дорожки — 8.0 м при норме 0.5 м; силовой кабель и кабель связи — 14.0 м при норме 0.7 м; водопровод, дренаж — 18.0 м при норме 1.0 м."
S-0231;кустарник;Роза морщинистая;52.875;12.125;СП 42.13330.2016;"таблица 9.1; ППМ № 743-ПП, прил. 1, п. 3.6.3, табл. 3.6.1 (МГСН 1.01-99); ППМ № 623-ПП (МГСН 1.02-02), п. 4.2.4";Край проезжей части, кромка укреплённой полосы обочины;1.0;2.0;"Посадка (кустарник) допустима. Определяющее ограничение — край проезжей части, кромка укреплённой полосы обочины: требуется не менее 1.0 м, фактически 2.0 м (СП 42.13330.2016, таблица 9.1; ППМ № 743-ПП, прил. 1, п. 3.6.3, табл. 3.6.1 (МГСН 1.01-99); ППМ № 623-ПП (МГСН 1.02-02), п. 4.2.4). Прочие проверенные отступы: край тротуара и садовой дорожки — 8.0 м при норме 0.5 м; силовой кабель и кабель связи — 14.0 м при норме 0.7 м; водопровод, дренаж — 18.0 м при норме 1.0 м."
S-0232;кустарник;Роза морщинистая;54.125;12.125;СП 42.13330.2016;"таблица 9.1; ППМ № 743-ПП, прил. 1, п. 3.6.3, табл. 3.6.1 (МГСН 1.01-99); ППМ № 623-ПП (МГСН 1.02-02), п. 4.2.4";Край проезжей части, кромка укреплённой полосы обочины;1.0;2.0;"Посадка (кустарник) допустима. Определяющее ограничение — край проезжей части, кромка укреплённой полосы обочины: требуется не менее 1.0 м, фактически 2.0 м (СП 42.13330.2016, таблица 9.1; ППМ № 743-ПП, прил. 1, п. 3.6.3, табл. 3.6.1 (МГСН 1.01-99); ППМ № 623-ПП (МГСН 1.02-02), п. 4.2.4). Прочие проверенные отступы: край тротуара и садовой дорожки — 8.0 м при норме 0.5 м; силовой кабель и кабель связи — 14.0 м при норме 0.7 м; водопровод, дренаж — 18.0 м при норме 1.0 м."
S-0233;кустарник;Роза морщинистая;55.375;12.125;СП 42.13330.2016;"таблица 9.1; ППМ № 743-ПП, прил. 1, п. 3.6.3, табл. 3.6.1 (МГСН 1.01-99); ППМ № 623-ПП (МГСН 1.02-02), п. 4.2.4";Край проезжей части, кромка укреплённой полосы обочины;1.0;2.0;"Посадка (кустарник) допустима. Определяющее ограничение — край проезжей части, кромка укреплённой полосы обочины: требуется не менее 1.0 м, фактически 2.0 м (СП 42.13330.2016, таблица 9.1; ППМ № 743-ПП, прил. 1, п. 3.6.3, табл. 3.6.1 (МГСН 1.01-99); ППМ № 623-ПП (МГСН 1.02-02), п. 4.2.4). Прочие проверенные отступы: край тротуара и садовой дорожки — 8.0 м при норме 0.5 м; силовой кабель и кабель связи — 14.0 м при норме 0.7 м; водопровод, дренаж — 18.0 м при норме 1.0 м."
S-0234;кустарник;Роза морщинистая;56.625;12.125;СП 42.13330.2016;"таблица 9.1; ППМ № 743-ПП, прил. 1, п. 3.6.3, табл. 3.6.1 (МГСН 1.01-99); ППМ № 623-ПП (МГСН 1.02-02), п. 4.2.4";Край проезжей части, кромка укреплённой полосы обочины;1.0;2.0;"Посадка (кустарник) допустима. Определяющее ограничение — край проезжей части, кромка укреплённой полосы обочины: требуется не менее 1.0 м, фактически 2.0 м (СП 42.13330.2016, таблица 9.1; ППМ № 743-ПП, прил. 1, п. 3.6.3, табл. 3.6.1 (МГСН 1.01-99); ППМ № 623-ПП (МГСН 1.02-02), п. 4.2.4). Прочие проверенные отступы: край тротуара и садовой дорожки — 8.0 м при норме 0.5 м; силовой кабель и кабель связи — 14.0 м при норме 0.7 м; водопровод, дренаж — 18.0 м при норме 1.0 м."
S-0235;кустарник;Роза морщинистая;57.875;12.125;СП 42.13330.2016;"таблица 9.1; ППМ № 743-ПП, прил. 1, п. 3.6.3, табл. 3.6.1 (МГСН 1.01-99); ППМ № 623-ПП (МГСН 1.02-02), п. 4.2.4";Край проезжей части, кромка укреплённой полосы обочины;1.0;2.0;"Посадка (кустарник) допустима. Определяющее ограничение — край проезжей части, кромка укреплённой полосы обочины: требуется не менее 1.0 м, фактически 2.0 м (СП 42.13330.2016, таблица 9.1; ППМ № 743-ПП, прил. 1, п. 3.6.3, табл. 3.6.1 (МГСН 1.01-99); ППМ № 623-ПП (МГСН 1.02-02), п. 4.2.4). Прочие проверенные отступы: край тротуара и садовой дорожки — 8.0 м при норме 0.5 м; силовой кабель и кабель связи — 14.0 м при норме 0.7 м; водопровод, дренаж — 18.0 м при норме 1.0 м."
S-0236;кустарник;Роза морщинистая;59.125;12.125;СП 42.13330.2016;"таблица 9.1; ППМ № 743-ПП, прил. 1, п. 3.6.3, табл. 3.6.1 (МГСН 1.01-99); ППМ № 623-ПП (МГСН 1.02-02), п. 4.2.4";Край проезжей части, кромка укреплённой полосы обочины;1.0;2.0;"Посадка (кустарник) допустима. Определяющее ограничение — край проезжей части, кромка укреплённой полосы обочины: требуется не менее 1.0 м, фактически 2.0 м (СП 42.13330.2016, таблица 9.1; ППМ № 743-ПП, прил. 1, п. 3.6.3, табл. 3.6.1 (МГСН 1.01-99); ППМ № 623-ПП (МГСН 1.02-02), п. 4.2.4). Прочие проверенные отступы: край тротуара и садовой дорожки — 8.0 м при норме 0.5 м; силовой кабель и кабель связи — 14.0 м при норме 0.7 м; водопровод, дренаж — 18.0 м при норме 1.0 м."
S-0237;кустарник;Роза морщинистая;60.375;12.125;СП 42.13330.2016;"таблица 9.1; ППМ № 743-ПП, прил. 1, п. 3.6.3, табл. 3.6.1 (МГСН 1.01-99); ППМ № 623-ПП (МГСН 1.02-02), п. 4.2.4";Край проезжей части, кромка укреплённой полосы обочины;1.0;2.0;"Посадка (кустарник) допустима. Определяющее ограничение — край проезжей части, кромка укреплённой полосы обочины: требуется не менее 1.0 м, фактически 2.0 м (СП 42.13330.2016, таблица 9.1; ППМ № 743-ПП, прил. 1, п. 3.6.3, табл. 3.6.1 (МГСН 1.01-99); ППМ № 623-ПП (МГСН 1.02-02), п. 4.2.4). Прочие проверенные отступы: край тротуара и садовой дорожки — 8.0 м при норме 0.5 м; силовой кабель и кабель связи — 14.0 м при норме 0.7 м; водопровод, дренаж — 18.0 м при норме 1.0 м."
S-0238;кустарник;Роза морщинистая;61.625;12.125;СП 42.13330.2016;"таблица 9.1; ППМ № 743-ПП, прил. 1, п. 3.6.3, табл. 3.6.1 (МГСН 1.01-99); ППМ № 623-ПП (МГСН 1.02-02), п. 4.2.4";Край проезжей части, кромка укреплённой полосы обочины;1.0;2.0;"Посадка (кустарник) допустима. Определяющее ограничение — край проезжей части, кромка укреплённой полосы обочины: требуется не менее 1.0 м, фактически 2.0 м (СП 42.13330.2016, таблица 9.1; ППМ № 743-ПП, прил. 1, п. 3.6.3, табл. 3.6.1 (МГСН 1.01-99); ППМ № 623-ПП (МГСН 1.02-02), п. 4.2.4). Прочие проверенные отступы: край тротуара и садовой дорожки — 8.0 м при норме 0.5 м; силовой кабель и кабель связи — 14.0 м при норме 0.7 м; водопровод, дренаж — 18.0 м при норме 1.0 м."
S-0239;кустарник;Роза морщинистая;62.875;12.125;СП 42.13330.2016;"таблица 9.1; ППМ № 743-ПП, прил. 1, п. 3.6.3, табл. 3.6.1 (МГСН 1.01-99); ППМ № 623-ПП (МГСН 1.02-02), п. 4.2.4";Край проезжей части, кромка укреплённой полосы обочины;1.0;2.0;"Посадка (кустарник) допустима. Определяющее ограничение — край проезжей части, кромка укреплённой полосы обочины: требуется не менее 1.0 м, фактически 2.0 м (СП 42.13330.2016, таблица 9.1; ППМ № 743-ПП, прил. 1, п. 3.6.3, табл. 3.6.1 (МГСН 1.01-99); ППМ № 623-ПП (МГСН 1.02-02), п. 4.2.4). Прочие проверенные отступы: край тротуара и садовой дорожки — 8.0 м при норме 0.5 м; силовой кабель и кабель связи — 14.0 м при норме 0.7 м; канализация — 17.25 м при норме 1.0 м."
S-0240;кустарник;Роза морщинистая;64.125;12.125;СП 42.13330.2016;"таблица 9.1; ППМ № 743-ПП, прил. 1, п. 3.6.3, табл. 3.6.1 (МГСН 1.01-99); ППМ № 623-ПП (МГСН 1.02-02), п. 4.2.4";Край проезжей части, кромка укреплённой полосы обочины;1.0;2.0;"Посадка (кустарник) допустима. Определяющее ограничение — край проезжей части, кромка укреплённой полосы обочины: требуется не менее 1.0 м, фактически 2.0 м (СП 42.13330.2016, таблица 9.1; ППМ № 743-ПП, прил. 1, п. 3.6.3, табл. 3.6.1 (МГСН 1.01-99); ППМ № 623-ПП (МГСН 1.02-02), п. 4.2.4). Прочие проверенные отступы: край тротуара и садовой дорожки — 8.0 м при норме 0.5 м; силовой кабель и кабель связи — 14.0 м при норме 0.7 м; канализация — 16.0 м при норме 1.0 м."
S-0241;кустарник;Снежноягодник Доренбоза;65.375;12.125;СП 42.13330.2016;"таблица 9.1; ППМ № 743-ПП, прил. 1, п. 3.6.3, табл. 3.6.1 (МГСН 1.01-99); ППМ № 623-ПП (МГСН 1.02-02), п. 4.2.4";Край проезжей части, кромка укреплённой полосы обочины;1.0;2.0;"Посадка (кустарник) допустима. Определяющее ограничение — край проезжей части, кромка укреплённой полосы обочины: требуется не менее 1.0 м, фактически 2.0 м (СП 42.13330.2016, таблица 9.1; ППМ № 743-ПП, прил. 1, п. 3.6.3, табл. 3.6.1 (МГСН 1.01-99); ППМ № 623-ПП (МГСН 1.02-02), п. 4.2.4). Прочие проверенные отступы: край тротуара и садовой дорожки — 8.0 м при норме 0.5 м; силовой кабель и кабель связи — 14.0 м при норме 0.7 м; канализация — 14.75 м при норме 1.0 м."
S-0242;кустарник;Снежноягодник Доренбоза;66.625;12.125;СП 42.13330.2016;"таблица 9.1; ППМ № 743-ПП, прил. 1, п. 3.6.3, табл. 3.6.1 (МГСН 1.01-99); ППМ № 623-ПП (МГСН 1.02-02), п. 4.2.4";Край проезжей части, кромка укреплённой полосы обочины;1.0;2.0;"Посадка (кустарник) допустима. Определяющее ограничение — край проезжей части, кромка укреплённой полосы обочины: требуется не менее 1.0 м, фактически 2.0 м (СП 42.13330.2016, таблица 9.1; ППМ № 743-ПП, прил. 1, п. 3.6.3, табл. 3.6.1 (МГСН 1.01-99); ППМ № 623-ПП (МГСН 1.02-02), п. 4.2.4). Прочие проверенные отступы: край тротуара и садовой дорожки — 8.0 м при норме 0.5 м; канализация — 13.5 м при норме 1.0 м; силовой кабель и кабель связи — 14.0 м при норме 0.7 м."
S-0243;кустарник;Снежноягодник Доренбоза;67.875;12.125;СП 42.13330.2016;"таблица 9.1; ППМ № 743-ПП, прил. 1, п. 3.6.3, табл. 3.6.1 (МГСН 1.01-99); ППМ № 623-ПП (МГСН 1.02-02), п. 4.2.4";Край проезжей части, кромка укреплённой полосы обочины;1.0;2.0;"Посадка (кустарник) допустима. Определяющее ограничение — край проезжей части, кромка укреплённой полосы обочины: требуется не менее 1.0 м, фактически 2.0 м (СП 42.13330.2016, таблица 9.1; ППМ № 743-ПП, прил. 1, п. 3.6.3, табл. 3.6.1 (МГСН 1.01-99); ППМ № 623-ПП (МГСН 1.02-02), п. 4.2.4). Прочие проверенные отступы: край тротуара и садовой дорожки — 8.0 м при норме 0.5 м; канализация — 12.25 м при норме 1.0 м; силовой кабель и кабель связи — 14.0 м при норме 0.7 м."
S-0244;кустарник;Снежноягодник Доренбоза;69.125;12.125;СП 42.13330.2016;"таблица 9.1; ППМ № 743-ПП, прил. 1, п. 3.6.3, табл. 3.6.1 (МГСН 1.01-99); ППМ № 623-ПП (МГСН 1.02-02), п. 4.2.4";Край проезжей части, кромка укреплённой полосы обочины;1.0;2.0;"Посадка (кустарник) допустима. Определяющее ограничение — край проезжей части, кромка укреплённой полосы обочины: требуется не менее 1.0 м, фактически 2.0 м (СП 42.13330.2016, таблица 9.1; ППМ № 743-ПП, прил. 1, п. 3.6.3, табл. 3.6.1 (МГСН 1.01-99); ППМ № 623-ПП (МГСН 1.02-02), п. 4.2.4). Прочие проверенные отступы: край тротуара и садовой дорожки — 8.0 м при норме 0.5 м; канализация — 11.0 м при норме 1.0 м; силовой кабель и кабель связи — 14.0 м при норме 0.7 м."
S-0245;кустарник;Снежноягодник Доренбоза;70.375;12.125;СП 42.13330.2016;"таблица 9.1; ППМ № 743-ПП, прил. 1, п. 3.6.3, табл. 3.6.1 (МГСН 1.01-99); ППМ № 623-ПП (МГСН 1.02-02), п. 4.2.4";Край проезжей части, кромка укреплённой полосы обочины;1.0;2.0;"Посадка (кустарник) допустима. Определяющее ограничение — край проезжей части, кромка укреплённой полосы обочины: требуется не менее 1.0 м, фактически 2.0 м (СП 42.13330.2016, таблица 9.1; ППМ № 743-ПП, прил. 1, п. 3.6.3, табл. 3.6.1 (МГСН 1.01-99); ППМ № 623-ПП (МГСН 1.02-02), п. 4.2.4). Прочие проверенные отступы: край тротуара и садовой дорожки — 8.0 м при норме 0.5 м; канализация — 9.75 м при норме 1.0 м; силовой кабель и кабель связи — 14.0 м при норме 0.7 м."
S-0246;кустарник;Снежноягодник Доренбоза;71.625;12.125;СП 42.13330.2016;"таблица 9.1; ППМ № 743-ПП, прил. 1, п. 3.6.3, табл. 3.6.1 (МГСН 1.01-99); ППМ № 623-ПП (МГСН 1.02-02), п. 4.2.4";Край проезжей части, кромка укреплённой полосы обочины;1.0;2.0;"Посадка (кустарник) допустима. Определяющее ограничение — край проезжей части, кромка укреплённой полосы обочины: требуется не менее 1.0 м, фактически 2.0 м (СП 42.13330.2016, таблица 9.1; ППМ № 743-ПП, прил. 1, п. 3.6.3, табл. 3.6.1 (МГСН 1.01-99); ППМ № 623-ПП (МГСН 1.02-02), п. 4.2.4). Прочие проверенные отступы: канализация — 8.5 м при норме 1.0 м; край тротуара и садовой дорожки — 8.0 м при норме 0.5 м; силовой кабель и кабель связи — 14.0 м при норме 0.7 м."
S-0247;кустарник;Снежноягодник Доренбоза;72.875;12.125;СП 42.13330.2016;"таблица 9.1; ППМ № 743-ПП, прил. 1, п. 3.6.3, табл. 3.6.1 (МГСН 1.01-99); ППМ № 623-ПП (МГСН 1.02-02), п. 4.2.4";Край проезжей части, кромка укреплённой полосы обочины;1.0;2.0;"Посадка (кустарник) допустима. Определяющее ограничение — край проезжей части, кромка укреплённой полосы обочины: требуется не менее 1.0 м, фактически 2.0 м (СП 42.13330.2016, таблица 9.1; ППМ № 743-ПП, прил. 1, п. 3.6.3, табл. 3.6.1 (МГСН 1.01-99); ППМ № 623-ПП (МГСН 1.02-02), п. 4.2.4). Прочие проверенные отступы: канализация — 7.25 м при норме 1.0 м; край тротуара и садовой дорожки — 8.0 м при норме 0.5 м; силовой кабель и кабель связи — 14.0 м при норме 0.7 м."
S-0248;кустарник;Снежноягодник Доренбоза;74.125;12.125;СП 42.13330.2016;"таблица 9.1; ППМ № 743-ПП, прил. 1, п. 3.6.3, табл. 3.6.1 (МГСН 1.01-99); ППМ № 623-ПП (МГСН 1.02-02), п. 4.2.4";Край проезжей части, кромка укреплённой полосы обочины;1.0;2.0;"Посадка (кустарник) допустима. Определяющее ограничение — край проезжей части, кромка укреплённой полосы обочины: требуется не менее 1.0 м, фактически 2.0 м (СП 42.13330.2016, таблица 9.1; ППМ № 743-ПП, прил. 1, п. 3.6.3, табл. 3.6.1 (МГСН 1.01-99); ППМ № 623-ПП (МГСН 1.02-02), п. 4.2.4). Прочие проверенные отступы: канализация — 6.0 м при норме 1.0 м; край тротуара и садовой дорожки — 8.0 м при норме 0.5 м; силовой кабель и кабель связи — 14.0 м при норме 0.7 м."
S-0249;кустарник;Снежноягодник Доренбоза;75.375;12.125;СП 42.13330.2016;"таблица 9.1; ППМ № 743-ПП, прил. 1, п. 3.6.3, табл. 3.6.1 (МГСН 1.01-99); ППМ № 623-ПП (МГСН 1.02-02), п. 4.2.4";Край проезжей части, кромка укреплённой полосы обочины;1.0;2.0;"Посадка (кустарник) допустима. Определяющее ограничение — край проезжей части, кромка укреплённой полосы обочины: требуется не менее 1.0 м, фактически 2.0 м (СП 42.13330.2016, таблица 9.1; ППМ № 743-ПП, прил. 1, п. 3.6.3, табл. 3.6.1 (МГСН 1.01-99); ППМ № 623-ПП (МГСН 1.02-02), п. 4.2.4). Прочие проверенные отступы: канализация — 4.75 м при норме 1.0 м; край тротуара и садовой дорожки — 8.0 м при норме 0.5 м; силовой кабель и кабель связи — 14.0 м при норме 0.7 м."
S-0250;кустарник;Снежноягодник Доренбоза;76.625;12.125;СП 42.13330.2016;"таблица 9.1; ППМ № 743-ПП, прил. 1, п. 3.6.3, табл. 3.6.1 (МГСН 1.01-99); ППМ № 623-ПП (МГСН 1.02-02), п. 4.2.4";Край проезжей части, кромка укреплённой полосы обочины;1.0;2.0;"Посадка (кустарник) допустима. Определяющее ограничение — край проезжей части, кромка укреплённой полосы обочины: требуется не менее 1.0 м, фактически 2.0 м (СП 42.13330.2016, таблица 9.1; ППМ № 743-ПП, прил. 1, п. 3.6.3, табл. 3.6.1 (МГСН 1.01-99); ППМ № 623-ПП (МГСН 1.02-02), п. 4.2.4). Прочие проверенные отступы: канализация — 3.5 м при норме 1.0 м; край тротуара и садовой дорожки — 8.0 м при норме 0.5 м; силовой кабель и кабель связи — 14.0 м при норме 0.7 м."
S-0251;кустарник;Снежноягодник Доренбоза;77.875;12.125;СП 42.13330.2016;"таблица 9.1; ППМ № 743-ПП, прил. 1, п. 3.6.3, табл. 3.6.1 (МГСН 1.01-99); ППМ № 623-ПП (МГСН 1.02-02), п. 4.2.4";Край проезжей части, кромка укреплённой полосы обочины;1.0;2.0;"Посадка (кустарник) допустима. Определяющее ограничение — край проезжей части, кромка укреплённой полосы обочины: требуется не менее 1.0 м, фактически 2.0 м (СП 42.13330.2016, таблица 9.1; ППМ № 743-ПП, прил. 1, п. 3.6.3, табл. 3.6.1 (МГСН 1.01-99); ППМ № 623-ПП (МГСН 1.02-02), п. 4.2.4). Прочие проверенные отступы: канализация — 2.25 м при норме 1.0 м; край тротуара и садовой дорожки — 8.0 м при норме 0.5 м; силовой кабель и кабель связи — 14.0 м при норме 0.7 м."
S-0252;кустарник;Снежноягодник Доренбоза;81.875;12.125;СП 42.13330.2016;"таблица 9.1; ППМ № 743-ПП, прил. 1, п. 3.6.3, табл. 3.6.1 (МГСН 1.01-99); ППМ № 623-ПП (МГСН 1.02-02), п. 4.2.4";Канализация;1.0;1.75;"Посадка (кустарник) допустима. Определяющее ограничение — канализация: требуется не менее 1.0 м, фактически 1.75 м (СП 42.13330.2016, таблица 9.1; ППМ № 743-ПП, прил. 1, п. 3.6.3, табл. 3.6.1 (МГСН 1.01-99); ППМ № 623-ПП (МГСН 1.02-02), п. 4.2.4). Прочие проверенные отступы: край проезжей части, кромка укреплённой полосы обочины — 2.0 м при норме 1.0 м; край тротуара и садовой дорожки — 8.0 м при норме 0.5 м; силовой кабель и кабель связи — 14.0 м при норме 0.7 м."
S-0253;кустарник;Снежноягодник Доренбоза;83.125;12.125;СП 42.13330.2016;"таблица 9.1; ППМ № 743-ПП, прил. 1, п. 3.6.3, табл. 3.6.1 (МГСН 1.01-99); ППМ № 623-ПП (МГСН 1.02-02), п. 4.2.4";Край проезжей части, кромка укреплённой полосы обочины;1.0;2.0;"Посадка (кустарник) допустима. Определяющее ограничение — край проезжей части, кромка укреплённой полосы обочины: требуется не менее 1.0 м, фактически 2.0 м (СП 42.13330.2016, таблица 9.1; ППМ № 743-ПП, прил. 1, п. 3.6.3, табл. 3.6.1 (МГСН 1.01-99); ППМ № 623-ПП (МГСН 1.02-02), п. 4.2.4). Прочие проверенные отступы: канализация — 3.0 м при норме 1.0 м; край тротуара и садовой дорожки — 8.0 м при норме 0.5 м; силовой кабель и кабель связи — 14.0 м при норме 0.7 м."
S-0254;кустарник;Снежноягодник Доренбоза;84.375;12.125;СП 42.13330.2016;"таблица 9.1; ППМ № 743-ПП, прил. 1, п. 3.6.3, табл. 3.6.1 (МГСН 1.01-99); ППМ № 623-ПП (МГСН 1.02-02), п. 4.2.4";Край проезжей части, кромка укреплённой полосы обочины;1.0;2.0;"Посадка (кустарник) допустима. Определяющее ограничение — край проезжей части, кромка укреплённой полосы обочины: требуется не менее 1.0 м, фактически 2.0 м (СП 42.13330.2016, таблица 9.1; ППМ № 743-ПП, прил. 1, п. 3.6.3, табл. 3.6.1 (МГСН 1.01-99); ППМ № 623-ПП (МГСН 1.02-02), п. 4.2.4). Прочие проверенные отступы: канализация — 4.25 м при норме 1.0 м; край тротуара и садовой дорожки — 8.0 м при норме 0.5 м; силовой кабель и кабель связи — 14.0 м при норме 0.7 м."
S-0255;кустарник;Снежноягодник Доренбоза;85.625;12.125;СП 42.13330.2016;"таблица 9.1; ППМ № 743-ПП, прил. 1, п. 3.6.3, табл. 3.6.1 (МГСН 1.01-99); ППМ № 623-ПП (МГСН 1.02-02), п. 4.2.4";Край проезжей части, кромка укреплённой полосы обочины;1.0;2.0;"Посадка (кустарник) допустима. Определяющее ограничение — край проезжей части, кромка укреплённой полосы обочины: требуется не менее 1.0 м, фактически 2.0 м (СП 42.13330.2016, таблица 9.1; ППМ № 743-ПП, прил. 1, п. 3.6.3, табл. 3.6.1 (МГСН 1.01-99); ППМ № 623-ПП (МГСН 1.02-02), п. 4.2.4). Прочие проверенные отступы: канализация — 5.5 м при норме 1.0 м; край тротуара и садовой дорожки — 8.0 м при норме 0.5 м; силовой кабель и кабель связи — 14.0 м при норме 0.7 м."
S-0256;кустарник;Снежноягодник Доренбоза;86.875;12.125;СП 42.13330.2016;"таблица 9.1; ППМ № 743-ПП, прил. 1, п. 3.6.3, табл. 3.6.1 (МГСН 1.01-99); ППМ № 623-ПП (МГСН 1.02-02), п. 4.2.4";Край проезжей части, кромка укреплённой полосы обочины;1.0;2.0;"Посадка (кустарник) допустима. Определяющее ограничение — край проезжей части, кромка укреплённой полосы обочины: требуется не менее 1.0 м, фактически 2.0 м (СП 42.13330.2016, таблица 9.1; ППМ № 743-ПП, прил. 1, п. 3.6.3, табл. 3.6.1 (МГСН 1.01-99); ППМ № 623-ПП (МГСН 1.02-02), п. 4.2.4). Прочие проверенные отступы: канализация — 6.75 м при норме 1.0 м; край тротуара и садовой дорожки — 8.0 м при норме 0.5 м; силовой кабель и кабель связи — 14.0 м при норме 0.7 м."
S-0257;кустарник;Снежноягодник Доренбоза;88.125;12.125;СП 42.13330.2016;"таблица 9.1; ППМ № 743-ПП, прил. 1, п. 3.6.3, табл. 3.6.1 (МГСН 1.01-99); ППМ № 623-ПП (МГСН 1.02-02), п. 4.2.4";Край проезжей части, кромка укреплённой полосы обочины;1.0;2.0;"Посадка (кустарник) допустима. Определяющее ограничение — край проезжей части, кромка укреплённой полосы обочины: требуется не менее 1.0 м, фактически 2.0 м (СП 42.13330.2016, таблица 9.1; ППМ № 743-ПП, прил. 1, п. 3.6.3, табл. 3.6.1 (МГСН 1.01-99); ППМ № 623-ПП (МГСН 1.02-02), п. 4.2.4). Прочие проверенные отступы: канализация — 8.0 м при норме 1.0 м; край тротуара и садовой дорожки — 8.0 м при норме 0.5 м; силовой кабель и кабель связи — 14.0 м при норме 0.7 м."
S-0258;кустарник;Снежноягодник Доренбоза;89.375;12.125;СП 42.13330.2016;"таблица 9.1; ППМ № 743-ПП, прил. 1, п. 3.6.3, табл. 3.6.1 (МГСН 1.01-99); ППМ № 623-ПП (МГСН 1.02-02), п. 4.2.4";Край проезжей части, кромка укреплённой полосы обочины;1.0;2.0;"Посадка (кустарник) допустима. Определяющее ограничение — край проезжей части, кромка укреплённой полосы обочины: требуется не менее 1.0 м, фактически 2.0 м (СП 42.13330.2016, таблица 9.1; ППМ № 743-ПП, прил. 1, п. 3.6.3, табл. 3.6.1 (МГСН 1.01-99); ППМ № 623-ПП (МГСН 1.02-02), п. 4.2.4). Прочие проверенные отступы: край тротуара и садовой дорожки — 8.0 м при норме 0.5 м; канализация — 9.25 м при норме 1.0 м; силовой кабель и кабель связи — 14.0 м при норме 0.7 м."
S-0259;кустарник;Снежноягодник Доренбоза;90.625;12.125;СП 42.13330.2016;"таблица 9.1; ППМ № 743-ПП, прил. 1, п. 3.6.3, табл. 3.6.1 (МГСН 1.01-99); ППМ № 623-ПП (МГСН 1.02-02), п. 4.2.4";Край проезжей части, кромка укреплённой полосы обочины;1.0;2.0;"Посадка (кустарник) допустима. Определяющее ограничение — край проезжей части, кромка укреплённой полосы обочины: требуется не менее 1.0 м, фактически 2.0 м (СП 42.13330.2016, таблица 9.1; ППМ № 743-ПП, прил. 1, п. 3.6.3, табл. 3.6.1 (МГСН 1.01-99); ППМ № 623-ПП (МГСН 1.02-02), п. 4.2.4). Прочие проверенные отступы: край тротуара и садовой дорожки — 8.0 м при норме 0.5 м; канализация — 10.5 м при норме 1.0 м; силовой кабель и кабель связи — 14.0 м при норме 0.7 м."
S-0260;кустарник;Снежноягодник Доренбоза;91.875;12.125;СП 42.13330.2016;"таблица 9.1; ППМ № 743-ПП, прил. 1, п. 3.6.3, табл. 3.6.1 (МГСН 1.01-99); ППМ № 623-ПП (МГСН 1.02-02), п. 4.2.4";Край проезжей части, кромка укреплённой полосы обочины;1.0;2.0;"Посадка (кустарник) допустима. Определяющее ограничение — край проезжей части, кромка укреплённой полосы обочины: требуется не менее 1.0 м, фактически 2.0 м (СП 42.13330.2016, таблица 9.1; ППМ № 743-ПП, прил. 1, п. 3.6.3, табл. 3.6.1 (МГСН 1.01-99); ППМ № 623-ПП (МГСН 1.02-02), п. 4.2.4). Прочие проверенные отступы: край тротуара и садовой дорожки — 8.0 м при норме 0.5 м; канализация — 11.75 м при норме 1.0 м; силовой кабель и кабель связи — 14.0 м при норме 0.7 м."
S-0261;кустарник;Снежноягодник Доренбоза;93.125;12.125;СП 42.13330.2016;"таблица 9.1; ППМ № 743-ПП, прил. 1, п. 3.6.3, табл. 3.6.1 (МГСН 1.01-99); ППМ № 623-ПП (МГСН 1.02-02), п. 4.2.4";Край проезжей части, кромка укреплённой полосы обочины;1.0;2.0;"Посадка (кустарник) допустима. Определяющее ограничение — край проезжей части, кромка укреплённой полосы обочины: требуется не менее 1.0 м, фактически 2.0 м (СП 42.13330.2016, таблица 9.1; ППМ № 743-ПП, прил. 1, п. 3.6.3, табл. 3.6.1 (МГСН 1.01-99); ППМ № 623-ПП (МГСН 1.02-02), п. 4.2.4). Прочие проверенные отступы: край тротуара и садовой дорожки — 8.0 м при норме 0.5 м; канализация — 13.0 м при норме 1.0 м; силовой кабель и кабель связи — 14.0 м при норме 0.7 м."
S-0262;кустарник;Снежноягодник Доренбоза;94.375;12.125;СП 42.13330.2016;"таблица 9.1; ППМ № 743-ПП, прил. 1, п. 3.6.3, табл. 3.6.1 (МГСН 1.01-99); ППМ № 623-ПП (МГСН 1.02-02), п. 4.2.4";Край проезжей части, кромка укреплённой полосы обочины;1.0;2.0;"Посадка (кустарник) допустима. Определяющее ограничение — край проезжей части, кромка укреплённой полосы обочины: требуется не менее 1.0 м, фактически 2.0 м (СП 42.13330.2016, таблица 9.1; ППМ № 743-ПП, прил. 1, п. 3.6.3, табл. 3.6.1 (МГСН 1.01-99); ППМ № 623-ПП (МГСН 1.02-02), п. 4.2.4). Прочие проверенные отступы: край тротуара и садовой дорожки — 8.0 м при норме 0.5 м; канализация — 14.25 м при норме 1.0 м; силовой кабель и кабель связи — 14.0 м при норме 0.7 м."
S-0263;кустарник;Снежноягодник Доренбоза;95.625;12.125;СП 42.13330.2016;"таблица 9.1; ППМ № 743-ПП, прил. 1, п. 3.6.3, табл. 3.6.1 (МГСН 1.01-99); ППМ № 623-ПП (МГСН 1.02-02), п. 4.2.4";Край проезжей части, кромка укреплённой полосы обочины;1.0;2.0;"Посадка (кустарник) допустима. Определяющее ограничение — край проезжей части, кромка укреплённой полосы обочины: требуется не менее 1.0 м, фактически 2.0 м (СП 42.13330.2016, таблица 9.1; ППМ № 743-ПП, прил. 1, п. 3.6.3, табл. 3.6.1 (МГСН 1.01-99); ППМ № 623-ПП (МГСН 1.02-02), п. 4.2.4). Прочие проверенные отступы: край тротуара и садовой дорожки — 8.0 м при норме 0.5 м; силовой кабель и кабель связи — 14.0 м при норме 0.7 м; канализация — 15.5 м при норме 1.0 м."
S-0264;кустарник;Снежноягодник Доренбоза;96.875;12.125;СП 42.13330.2016;"таблица 9.1; ППМ № 743-ПП, прил. 1, п. 3.6.3, табл. 3.6.1 (МГСН 1.01-99); ППМ № 623-ПП (МГСН 1.02-02), п. 4.2.4";Край проезжей части, кромка укреплённой полосы обочины;1.0;2.0;"Посадка (кустарник) допустима. Определяющее ограничение — край проезжей части, кромка укреплённой полосы обочины: требуется не менее 1.0 м, фактически 2.0 м (СП 42.13330.2016, таблица 9.1; ППМ № 743-ПП, прил. 1, п. 3.6.3, табл. 3.6.1 (МГСН 1.01-99); ППМ № 623-ПП (МГСН 1.02-02), п. 4.2.4). Прочие проверенные отступы: край тротуара и садовой дорожки — 8.0 м при норме 0.5 м; силовой кабель и кабель связи — 14.0 м при норме 0.7 м; канализация — 16.75 м при норме 1.0 м."
S-0265;кустарник;Снежноягодник Доренбоза;98.125;12.125;СП 42.13330.2016;"таблица 9.1; ППМ № 743-ПП, прил. 1, п. 3.6.3, табл. 3.6.1 (МГСН 1.01-99); ППМ № 623-ПП (МГСН 1.02-02), п. 4.2.4";Край проезжей части, кромка укреплённой полосы обочины;1.0;2.0;"Посадка (кустарник) допустима. Определяющее ограничение — край проезжей части, кромка укреплённой полосы обочины: требуется не менее 1.0 м, фактически 2.0 м (СП 42.13330.2016, таблица 9.1; ППМ № 743-ПП, прил. 1, п. 3.6.3, табл. 3.6.1 (МГСН 1.01-99); ППМ № 623-ПП (МГСН 1.02-02), п. 4.2.4). Прочие проверенные отступы: край тротуара и садовой дорожки — 8.0 м при норме 0.5 м; силовой кабель и кабель связи — 14.0 м при норме 0.7 м; водопровод, дренаж — 18.0 м при норме 1.0 м."
S-0266;кустарник;Снежноягодник Доренбоза;99.375;12.125;СП 42.13330.2016;"таблица 9.1; ППМ № 743-ПП, прил. 1, п. 3.6.3, табл. 3.6.1 (МГСН 1.01-99); ППМ № 623-ПП (МГСН 1.02-02), п. 4.2.4";Край проезжей части, кромка укреплённой полосы обочины;1.0;2.0;"Посадка (кустарник) допустима. Определяющее ограничение — край проезжей части, кромка укреплённой полосы обочины: требуется не менее 1.0 м, фактически 2.0 м (СП 42.13330.2016, таблица 9.1; ППМ № 743-ПП, прил. 1, п. 3.6.3, табл. 3.6.1 (МГСН 1.01-99); ППМ № 623-ПП (МГСН 1.02-02), п. 4.2.4). Прочие проверенные отступы: край тротуара и садовой дорожки — 8.0 м при норме 0.5 м; силовой кабель и кабель связи — 14.0 м при норме 0.7 м; водопровод, дренаж — 18.0 м при норме 1.0 м."
S-0267;кустарник;Снежноягодник Доренбоза;100.625;12.125;СП 42.13330.2016;"таблица 9.1; ППМ № 743-ПП, прил. 1, п. 3.6.3, табл. 3.6.1 (МГСН 1.01-99); ППМ № 623-ПП (МГСН 1.02-02), п. 4.2.4";Край проезжей части, кромка укреплённой полосы обочины;1.0;2.0;"Посадка (кустарник) допустима. Определяющее ограничение — край проезжей части, кромка укреплённой полосы обочины: требуется не менее 1.0 м, фактически 2.0 м (СП 42.13330.2016, таблица 9.1; ППМ № 743-ПП, прил. 1, п. 3.6.3, табл. 3.6.1 (МГСН 1.01-99); ППМ № 623-ПП (МГСН 1.02-02), п. 4.2.4). Прочие проверенные отступы: край тротуара и садовой дорожки — 8.0 м при норме 0.5 м; силовой кабель и кабель связи — 14.0 м при норме 0.7 м; водопровод, дренаж — 18.0 м при норме 1.0 м."
S-0268;кустарник;Снежноягодник Доренбоза;101.875;12.125;СП 42.13330.2016;"таблица 9.1; ППМ № 743-ПП, прил. 1, п. 3.6.3, табл. 3.6.1 (МГСН 1.01-99); ППМ № 623-ПП (МГСН 1.02-02), п. 4.2.4";Край проезжей части, кромка укреплённой полосы обочины;1.0;2.0;"Посадка (кустарник) допустима. Определяющее ограничение — край проезжей части, кромка укреплённой полосы обочины: требуется не менее 1.0 м, фактически 2.0 м (СП 42.13330.2016, таблица 9.1; ППМ № 743-ПП, прил. 1, п. 3.6.3, табл. 3.6.1 (МГСН 1.01-99); ППМ № 623-ПП (МГСН 1.02-02), п. 4.2.4). Прочие проверенные отступы: край тротуара и садовой дорожки — 8.0 м при норме 0.5 м; силовой кабель и кабель связи — 14.0 м при норме 0.7 м; водопровод, дренаж — 18.0 м при норме 1.0 м."
S-0269;кустарник;Снежноягодник Доренбоза;103.125;12.125;СП 42.13330.2016;"таблица 9.1; ППМ № 743-ПП, прил. 1, п. 3.6.3, табл. 3.6.1 (МГСН 1.01-99); ППМ № 623-ПП (МГСН 1.02-02), п. 4.2.4";Край проезжей части, кромка укреплённой полосы обочины;1.0;2.0;"Посадка (кустарник) допустима. Определяющее ограничение — край проезжей части, кромка укреплённой полосы обочины: требуется не менее 1.0 м, фактически 2.0 м (СП 42.13330.2016, таблица 9.1; ППМ № 743-ПП, прил. 1, п. 3.6.3, табл. 3.6.1 (МГСН 1.01-99); ППМ № 623-ПП (МГСН 1.02-02), п. 4.2.4). Прочие проверенные отступы: край тротуара и садовой дорожки — 8.0 м при норме 0.5 м; силовой кабель и кабель связи — 14.0 м при норме 0.7 м; водопровод, дренаж — 18.0 м при норме 1.0 м."
S-0270;кустарник;Снежноягодник Доренбоза;104.375;12.125;СП 42.13330.2016;"таблица 9.1; ППМ № 743-ПП, прил. 1, п. 3.6.3, табл. 3.6.1 (МГСН 1.01-99); ППМ № 623-ПП (МГСН 1.02-02), п. 4.2.4";Край проезжей части, кромка укреплённой полосы обочины;1.0;2.0;"Посадка (кустарник) допустима. Определяющее ограничение — край проезжей части, кромка укреплённой полосы обочины: требуется не менее 1.0 м, фактически 2.0 м (СП 42.13330.2016, таблица 9.1; ППМ № 743-ПП, прил. 1, п. 3.6.3, табл. 3.6.1 (МГСН 1.01-99); ППМ № 623-ПП (МГСН 1.02-02), п. 4.2.4). Прочие проверенные отступы: край тротуара и садовой дорожки — 8.0 м при норме 0.5 м; силовой кабель и кабель связи — 14.0 м при норме 0.7 м; водопровод, дренаж — 18.0 м при норме 1.0 м."
S-0271;кустарник;Снежноягодник Доренбоза;105.625;12.125;СП 42.13330.2016;"таблица 9.1; ППМ № 743-ПП, прил. 1, п. 3.6.3, табл. 3.6.1 (МГСН 1.01-99); ППМ № 623-ПП (МГСН 1.02-02), п. 4.2.4";Край проезжей части, кромка укреплённой полосы обочины;1.0;2.0;"Посадка (кустарник) допустима. Определяющее ограничение — край проезжей части, кромка укреплённой полосы обочины: требуется не менее 1.0 м, фактически 2.0 м (СП 42.13330.2016, таблица 9.1; ППМ № 743-ПП, прил. 1, п. 3.6.3, табл. 3.6.1 (МГСН 1.01-99); ППМ № 623-ПП (МГСН 1.02-02), п. 4.2.4). Прочие проверенные отступы: край тротуара и садовой дорожки — 8.0 м при норме 0.5 м; силовой кабель и кабель связи — 14.0 м при норме 0.7 м; водопровод, дренаж — 18.0 м при норме 1.0 м."
S-0272;кустарник;Снежноягодник Доренбоза;106.875;12.125;СП 42.13330.2016;"таблица 9.1; ППМ № 743-ПП, прил. 1, п. 3.6.3, табл. 3.6.1 (МГСН 1.01-99); ППМ № 623-ПП (МГСН 1.02-02), п. 4.2.4";Край проезжей части, кромка укреплённой полосы обочины;1.0;2.0;"Посадка (кустарник) допустима. Определяющее ограничение — край проезжей части, кромка укреплённой полосы обочины: требуется не менее 1.0 м, фактически 2.0 м (СП 42.13330.2016, таблица 9.1; ППМ № 743-ПП, прил. 1, п. 3.6.3, табл. 3.6.1 (МГСН 1.01-99); ППМ № 623-ПП (МГСН 1.02-02), п. 4.2.4). Прочие проверенные отступы: край тротуара и садовой дорожки — 8.0 м при норме 0.5 м; силовой кабель и кабель связи — 14.0 м при норме 0.7 м; водопровод, дренаж — 18.0 м при норме 1.0 м."
S-0273;кустарник;Снежноягодник Доренбоза;108.125;12.125;СП 42.13330.2016;"таблица 9.1; ППМ № 743-ПП, прил. 1, п. 3.6.3, табл. 3.6.1 (МГСН 1.01-99); ППМ № 623-ПП (МГСН 1.02-02), п. 4.2.4";Край проезжей части, кромка укреплённой полосы обочины;1.0;2.0;"Посадка (кустарник) допустима. Определяющее ограничение — край проезжей части, кромка укреплённой полосы обочины: требуется не менее 1.0 м, фактически 2.0 м (СП 42.13330.2016, таблица 9.1; ППМ № 743-ПП, прил. 1, п. 3.6.3, табл. 3.6.1 (МГСН 1.01-99); ППМ № 623-ПП (МГСН 1.02-02), п. 4.2.4). Прочие проверенные отступы: край тротуара и садовой дорожки — 8.0 м при норме 0.5 м; силовой кабель и кабель связи — 14.0 м при норме 0.7 м; водопровод, дренаж — 18.0 м при норме 1.0 м."
S-0274;кустарник;Снежноягодник Доренбоза;109.375;12.125;СП 42.13330.2016;"таблица 9.1; ППМ № 743-ПП, прил. 1, п. 3.6.3, табл. 3.6.1 (МГСН 1.01-99); ППМ № 623-ПП (МГСН 1.02-02), п. 4.2.4";Край проезжей части, кромка укреплённой полосы обочины;1.0;2.0;"Посадка (кустарник) допустима. Определяющее ограничение — край проезжей части, кромка укреплённой полосы обочины: требуется не менее 1.0 м, фактически 2.0 м (СП 42.13330.2016, таблица 9.1; ППМ № 743-ПП, прил. 1, п. 3.6.3, табл. 3.6.1 (МГСН 1.01-99); ППМ № 623-ПП (МГСН 1.02-02), п. 4.2.4). Прочие проверенные отступы: край тротуара и садовой дорожки — 8.0 м при норме 0.5 м; силовой кабель и кабель связи — 14.0 м при норме 0.7 м; водопровод, дренаж — 18.0 м при норме 1.0 м."
S-0275;кустарник;Снежноягодник Доренбоза;110.625;12.125;СП 42.13330.2016;"таблица 9.1; ППМ № 743-ПП, прил. 1, п. 3.6.3, табл. 3.6.1 (МГСН 1.01-99); ППМ № 623-ПП (МГСН 1.02-02), п. 4.2.4";Край проезжей части, кромка укреплённой полосы обочины;1.0;2.0;"Посадка (кустарник) допустима. Определяющее ограничение — край проезжей части, кромка укреплённой полосы обочины: требуется не менее 1.0 м, фактически 2.0 м (СП 42.13330.2016, таблица 9.1; ППМ № 743-ПП, прил. 1, п. 3.6.3, табл. 3.6.1 (МГСН 1.01-99); ППМ № 623-ПП (МГСН 1.02-02), п. 4.2.4). Прочие проверенные отступы: край тротуара и садовой дорожки — 8.0 м при норме 0.5 м; силовой кабель и кабель связи — 14.0 м при норме 0.7 м; водопровод, дренаж — 18.0 м при норме 1.0 м."
S-0276;кустарник;Снежноягодник Доренбоза;111.875;12.125;СП 42.13330.2016;"таблица 9.1; ППМ № 743-ПП, прил. 1, п. 3.6.3, табл. 3.6.1 (МГСН 1.01-99); ППМ № 623-ПП (МГСН 1.02-02), п. 4.2.4";Край проезжей части, кромка укреплённой полосы обочины;1.0;2.0;"Посадка (кустарник) допустима. Определяющее ограничение — край проезжей части, кромка укреплённой полосы обочины: требуется не менее 1.0 м, фактически 2.0 м (СП 42.13330.2016, таблица 9.1; ППМ № 743-ПП, прил. 1, п. 3.6.3, табл. 3.6.1 (МГСН 1.01-99); ППМ № 623-ПП (МГСН 1.02-02), п. 4.2.4). Прочие проверенные отступы: край тротуара и садовой дорожки — 8.0 м при норме 0.5 м; силовой кабель и кабель связи — 14.0 м при норме 0.7 м; водопровод, дренаж — 18.0 м при норме 1.0 м."
S-0277;кустарник;Снежноягодник Доренбоза;113.125;12.125;СП 42.13330.2016;"таблица 9.1; ППМ № 743-ПП, прил. 1, п. 3.6.3, табл. 3.6.1 (МГСН 1.01-99); ППМ № 623-ПП (МГСН 1.02-02), п. 4.2.4";Край проезжей части, кромка укреплённой полосы обочины;1.0;2.0;"Посадка (кустарник) допустима. Определяющее ограничение — край проезжей части, кромка укреплённой полосы обочины: требуется не менее 1.0 м, фактически 2.0 м (СП 42.13330.2016, таблица 9.1; ППМ № 743-ПП, прил. 1, п. 3.6.3, табл. 3.6.1 (МГСН 1.01-99); ППМ № 623-ПП (МГСН 1.02-02), п. 4.2.4). Прочие проверенные отступы: край тротуара и садовой дорожки — 8.0 м при норме 0.5 м; силовой кабель и кабель связи — 14.0 м при норме 0.7 м; водопровод, дренаж — 18.0 м при норме 1.0 м."
S-0278;кустарник;Снежноягодник Доренбоза;114.375;12.125;СП 42.13330.2016;"таблица 9.1; ППМ № 743-ПП, прил. 1, п. 3.6.3, табл. 3.6.1 (МГСН 1.01-99); ППМ № 623-ПП (МГСН 1.02-02), п. 4.2.4";Край проезжей части, кромка укреплённой полосы обочины;1.0;2.0;"Посадка (кустарник) допустима. Определяющее ограничение — край проезжей части, кромка укреплённой полосы обочины: требуется не менее 1.0 м, фактически 2.0 м (СП 42.13330.2016, таблица 9.1; ППМ № 743-ПП, прил. 1, п. 3.6.3, табл. 3.6.1 (МГСН 1.01-99); ППМ № 623-ПП (МГСН 1.02-02), п. 4.2.4). Прочие проверенные отступы: край тротуара и садовой дорожки — 8.0 м при норме 0.5 м; силовой кабель и кабель связи — 14.0 м при норме 0.7 м; водопровод, дренаж — 18.0 м при норме 1.0 м."
S-0279;кустарник;Снежноягодник Доренбоза;115.625;12.125;СП 42.13330.2016;"таблица 9.1; ППМ № 743-ПП, прил. 1, п. 3.6.3, табл. 3.6.1 (МГСН 1.01-99); ППМ № 623-ПП (МГСН 1.02-02), п. 4.2.4";Край проезжей части, кромка укреплённой полосы обочины;1.0;2.0;"Посадка (кустарник) допустима. Определяющее ограничение — край проезжей части, кромка укреплённой полосы обочины: требуется не менее 1.0 м, фактически 2.0 м (СП 42.13330.2016, таблица 9.1; ППМ № 743-ПП, прил. 1, п. 3.6.3, табл. 3.6.1 (МГСН 1.01-99); ППМ № 623-ПП (МГСН 1.02-02), п. 4.2.4). Прочие проверенные отступы: край тротуара и садовой дорожки — 8.0 м при норме 0.5 м; силовой кабель и кабель связи — 14.0 м при норме 0.7 м; водопровод, дренаж — 18.0 м при норме 1.0 м."
S-0280;кустарник;Снежноягодник Доренбоза;116.875;12.125;СП 42.13330.2016;"таблица 9.1; ППМ № 743-ПП, прил. 1, п. 3.6.3, табл. 3.6.1 (МГСН 1.01-99); ППМ № 623-ПП (МГСН 1.02-02), п. 4.2.4";Край проезжей части, кромка укреплённой полосы обочины;1.0;2.0;"Посадка (кустарник) допустима. Определяющее ограничение — край проезжей части, кромка укреплённой полосы обочины: требуется не менее 1.0 м, фактически 2.0 м (СП 42.13330.2016, таблица 9.1; ППМ № 743-ПП, прил. 1, п. 3.6.3, табл. 3.6.1 (МГСН 1.01-99); ППМ № 623-ПП (МГСН 1.02-02), п. 4.2.4). Прочие проверенные отступы: край тротуара и садовой дорожки — 8.0 м при норме 0.5 м; силовой кабель и кабель связи — 14.0 м при норме 0.7 м; водопровод, дренаж — 18.0 м при норме 1.0 м."
S-0281;кустарник;Дерен белый 'Elegantissima';118.125;12.125;СП 42.13330.2016;"таблица 9.1; ППМ № 743-ПП, прил. 1, п. 3.6.3, табл. 3.6.1 (МГСН 1.01-99); ППМ № 623-ПП (МГСН 1.02-02), п. 4.2.4";Край проезжей части, кромка укреплённой полосы обочины;1.0;2.0;"Посадка (кустарник) допустима. Определяющее ограничение — край проезжей части, кромка укреплённой полосы обочины: требуется не менее 1.0 м, фактически 2.0 м (СП 42.13330.2016, таблица 9.1; ППМ № 743-ПП, прил. 1, п. 3.6.3, табл. 3.6.1 (МГСН 1.01-99); ППМ № 623-ПП (МГСН 1.02-02), п. 4.2.4). Прочие проверенные отступы: край тротуара и садовой дорожки — 8.0 м при норме 0.5 м; силовой кабель и кабель связи — 14.0 м при норме 0.7 м; водопровод, дренаж — 18.0 м при норме 1.0 м."
S-0282;кустарник;Дерен белый 'Elegantissima';119.375;12.125;СП 42.13330.2016;"таблица 9.1; ППМ № 743-ПП, прил. 1, п. 3.6.3, табл. 3.6.1 (МГСН 1.01-99); ППМ № 623-ПП (МГСН 1.02-02), п. 4.2.4";Край проезжей части, кромка укреплённой полосы обочины;1.0;2.0;"Посадка (кустарник) допустима. Определяющее ограничение — край проезжей части, кромка укреплённой полосы обочины: требуется не менее 1.0 м, фактически 2.0 м (СП 42.13330.2016, таблица 9.1; ППМ № 743-ПП, прил. 1, п. 3.6.3, табл. 3.6.1 (МГСН 1.01-99); ППМ № 623-ПП (МГСН 1.02-02), п. 4.2.4). Прочие проверенные отступы: край тротуара и садовой дорожки — 8.0 м при норме 0.5 м; силовой кабель и кабель связи — 14.0 м при норме 0.7 м; водопровод, дренаж — 18.0 м при норме 1.0 м."
S-0283;кустарник;Дерен белый 'Elegantissima';0.375;15.875;СП 42.13330.2016;"таблица 9.1; ППМ № 743-ПП, прил. 1, п. 3.6.3, табл. 3.6.1 (МГСН 1.01-99); ППМ № 623-ПП (МГСН 1.02-02), п. 4.2.4";Край проезжей части, кромка укреплённой полосы обочины;1.0;1.75;"Посадка (кустарник) допустима. Определяющее ограничение — край проезжей части, кромка укреплённой полосы обочины: требуется не менее 1.0 м, фактически 1.75 м (СП 42.13330.2016, таблица 9.1; ППМ № 743-ПП, прил. 1, п. 3.6.3, табл. 3.6.1 (МГСН 1.01-99); ППМ № 623-ПП (МГСН 1.02-02), п. 4.2.4). Прочие проверенные отступы: край тротуара и садовой дорожки — 4.25 м при норме 0.5 м; силовой кабель и кабель связи — 10.25 м при норме 0.7 м; водопровод, дренаж — 14.25 м при норме 1.0 м."
S-0284;кустарник;Дерен белый 'Elegantissima';1.625;15.875;СП 42.13330.2016;"таблица 9.1; ППМ № 743-ПП, прил. 1, п. 3.6.3, табл. 3.6.1 (МГСН 1.01-99); ППМ № 623-ПП (МГСН 1.02-02), п. 4.2.4";Край проезжей части, кромка укреплённой полосы обочины;1.0;1.75;"Посадка (кустарник) допустима. Определяющее ограничение — край проезжей части, кромка укреплённой полосы обочины: требуется не менее 1.0 м, фактически 1.75 м (СП 42.13330.2016, таблица 9.1; ППМ № 743-ПП, прил. 1, п. 3.6.3, табл. 3.6.1 (МГСН 1.01-99); ППМ № 623-ПП (МГСН 1.02-02), п. 4.2.4). Прочие проверенные отступы: край тротуара и садовой дорожки — 4.25 м при норме 0.5 м; силовой кабель и кабель связи — 10.25 м при норме 0.7 м; водопровод, дренаж — 14.25 м при норме 1.0 м."
S-0285;кустарник;Дерен белый 'Elegantissima';2.875;15.875;СП 42.13330.2016;"таблица 9.1; ППМ № 743-ПП, прил. 1, п. 3.6.3, табл. 3.6.1 (МГСН 1.01-99); ППМ № 623-ПП (МГСН 1.02-02), п. 4.2.4";Край проезжей части, кромка укреплённой полосы обочины;1.0;1.75;"Посадка (кустарник) допустима. Определяющее ограничение — край проезжей части, кромка укреплённой полосы обочины: требуется не менее 1.0 м, фактически 1.75 м (СП 42.13330.2016, таблица 9.1; ППМ № 743-ПП, прил. 1, п. 3.6.3, табл. 3.6.1 (МГСН 1.01-99); ППМ № 623-ПП (МГСН 1.02-02), п. 4.2.4). Прочие проверенные отступы: край тротуара и садовой дорожки — 4.25 м при норме 0.5 м; силовой кабель и кабель связи — 10.25 м при норме 0.7 м; водопровод, дренаж — 14.25 м при норме 1.0 м."
S-0286;кустарник;Дерен белый 'Elegantissima';4.125;15.875;СП 42.13330.2016;"таблица 9.1; ППМ № 743-ПП, прил. 1, п. 3.6.3, табл. 3.6.1 (МГСН 1.01-99); ППМ № 623-ПП (МГСН 1.02-02), п. 4.2.4";Край проезжей части, кромка укреплённой полосы обочины;1.0;1.75;"Посадка (кустарник) допустима. Определяющее ограничение — край проезжей части, кромка укреплённой полосы обочины: требуется не менее 1.0 м, фактически 1.75 м (СП 42.13330.2016, таблица 9.1; ППМ № 743-ПП, прил. 1, п. 3.6.3, табл. 3.6.1 (МГСН 1.01-99); ППМ № 623-ПП (МГСН 1.02-02), п. 4.2.4). Прочие проверенные отступы: край тротуара и садовой дорожки — 4.25 м при норме 0.5 м; силовой кабель и кабель связи — 10.25 м при норме 0.7 м; водопровод, дренаж — 14.25 м при норме 1.0 м."
S-0287;кустарник;Дерен белый 'Elegantissima';5.375;15.875;СП 42.13330.2016;"таблица 9.1; ППМ № 743-ПП, прил. 1, п. 3.6.3, табл. 3.6.1 (МГСН 1.01-99); ППМ № 623-ПП (МГСН 1.02-02), п. 4.2.4";Край проезжей части, кромка укреплённой полосы обочины;1.0;1.75;"Посадка (кустарник) допустима. Определяющее ограничение — край проезжей части, кромка укреплённой полосы обочины: требуется не менее 1.0 м, фактически 1.75 м (СП 42.13330.2016, таблица 9.1; ППМ № 743-ПП, прил. 1, п. 3.6.3, табл. 3.6.1 (МГСН 1.01-99); ППМ № 623-ПП (МГСН 1.02-02), п. 4.2.4). Прочие проверенные отступы: край тротуара и садовой дорожки — 4.25 м при норме 0.5 м; силовой кабель и кабель связи — 10.25 м при норме 0.7 м; водопровод, дренаж — 14.25 м при норме 1.0 м."
S-0288;кустарник;Дерен белый 'Elegantissima';6.625;15.875;СП 42.13330.2016;"таблица 9.1; ППМ № 743-ПП, прил. 1, п. 3.6.3, табл. 3.6.1 (МГСН 1.01-99); ППМ № 623-ПП (МГСН 1.02-02), п. 4.2.4";Край проезжей части, кромка укреплённой полосы обочины;1.0;1.75;"Посадка (кустарник) допустима. Определяющее ограничение — край проезжей части, кромка укреплённой полосы обочины: требуется не менее 1.0 м, фактически 1.75 м (СП 42.13330.2016, таблица 9.1; ППМ № 743-ПП, прил. 1, п. 3.6.3, табл. 3.6.1 (МГСН 1.01-99); ППМ № 623-ПП (МГСН 1.02-02), п. 4.2.4). Прочие проверенные отступы: край тротуара и садовой дорожки — 4.25 м при норме 0.5 м; силовой кабель и кабель связи — 10.25 м при норме 0.7 м; водопровод, дренаж — 14.25 м при норме 1.0 м."
S-0289;кустарник;Дерен белый 'Elegantissima';7.875;15.875;СП 42.13330.2016;"таблица 9.1; ППМ № 743-ПП, прил. 1, п. 3.6.3, табл. 3.6.1 (МГСН 1.01-99); ППМ № 623-ПП (МГСН 1.02-02), п. 4.2.4";Край проезжей части, кромка укреплённой полосы обочины;1.0;1.75;"Посадка (кустарник) допустима. Определяющее ограничение — край проезжей части, кромка укреплённой полосы обочины: требуется не менее 1.0 м, фактически 1.75 м (СП 42.13330.2016, таблица 9.1; ППМ № 743-ПП, прил. 1, п. 3.6.3, табл. 3.6.1 (МГСН 1.01-99); ППМ № 623-ПП (МГСН 1.02-02), п. 4.2.4). Прочие проверенные отступы: край тротуара и садовой дорожки — 4.25 м при норме 0.5 м; силовой кабель и кабель связи — 10.25 м при норме 0.7 м; водопровод, дренаж — 14.25 м при норме 1.0 м."
S-0290;кустарник;Дерен белый 'Elegantissima';9.125;15.875;СП 42.13330.2016;"таблица 9.1; ППМ № 743-ПП, прил. 1, п. 3.6.3, табл. 3.6.1 (МГСН 1.01-99); ППМ № 623-ПП (МГСН 1.02-02), п. 4.2.4";Край проезжей части, кромка укреплённой полосы обочины;1.0;1.75;"Посадка (кустарник) допустима. Определяющее ограничение — край проезжей части, кромка укреплённой полосы обочины: требуется не менее 1.0 м, фактически 1.75 м (СП 42.13330.2016, таблица 9.1; ППМ № 743-ПП, прил. 1, п. 3.6.3, табл. 3.6.1 (МГСН 1.01-99); ППМ № 623-ПП (МГСН 1.02-02), п. 4.2.4). Прочие проверенные отступы: край тротуара и садовой дорожки — 4.25 м при норме 0.5 м; силовой кабель и кабель связи — 10.25 м при норме 0.7 м; водопровод, дренаж — 14.25 м при норме 1.0 м."
S-0291;кустарник;Дерен белый 'Elegantissima';10.375;15.875;СП 42.13330.2016;"таблица 9.1; ППМ № 743-ПП, прил. 1, п. 3.6.3, табл. 3.6.1 (МГСН 1.01-99); ППМ № 623-ПП (МГСН 1.02-02), п. 4.2.4";Край проезжей части, кромка укреплённой полосы обочины;1.0;1.75;"Посадка (кустарник) допустима. Определяющее ограничение — край проезжей части, кромка укреплённой полосы обочины: требуется не менее 1.0 м, фактически 1.75 м (СП 42.13330.2016, таблица 9.1; ППМ № 743-ПП, прил. 1, п. 3.6.3, табл. 3.6.1 (МГСН 1.01-99); ППМ № 623-ПП (МГСН 1.02-02), п. 4.2.4). Прочие проверенные отступы: край тротуара и садовой дорожки — 4.25 м при норме 0.5 м; силовой кабель и кабель связи — 10.25 м при норме 0.7 м; водопровод, дренаж — 14.25 м при норме 1.0 м."
S-0292;кустарник;Дерен белый 'Elegantissima';11.625;15.875;СП 42.13330.2016;"таблица 9.1; ППМ № 743-ПП, прил. 1, п. 3.6.3, табл. 3.6.1 (МГСН 1.01-99); ППМ № 623-ПП (МГСН 1.02-02), п. 4.2.4";Край проезжей части, кромка укреплённой полосы обочины;1.0;1.75;"Посадка (кустарник) допустима. Определяющее ограничение — край проезжей части, кромка укреплённой полосы обочины: требуется не менее 1.0 м, фактически 1.75 м (СП 42.13330.2016, таблица 9.1; ППМ № 743-ПП, прил. 1, п. 3.6.3, табл. 3.6.1 (МГСН 1.01-99); ППМ № 623-ПП (МГСН 1.02-02), п. 4.2.4). Прочие проверенные отступы: край тротуара и садовой дорожки — 4.25 м при норме 0.5 м; силовой кабель и кабель связи — 10.25 м при норме 0.7 м; водопровод, дренаж — 14.25 м при норме 1.0 м."
S-0293;кустарник;Дерен белый 'Elegantissima';12.875;15.875;СП 42.13330.2016;"таблица 9.1; ППМ № 743-ПП, прил. 1, п. 3.6.3, табл. 3.6.1 (МГСН 1.01-99); ППМ № 623-ПП (МГСН 1.02-02), п. 4.2.4";Край проезжей части, кромка укреплённой полосы обочины;1.0;1.75;"Посадка (кустарник) допустима. Определяющее ограничение — край проезжей части, кромка укреплённой полосы обочины: требуется не менее 1.0 м, фактически 1.75 м (СП 42.13330.2016, таблица 9.1; ППМ № 743-ПП, прил. 1, п. 3.6.3, табл. 3.6.1 (МГСН 1.01-99); ППМ № 623-ПП (МГСН 1.02-02), п. 4.2.4). Прочие проверенные отступы: край тротуара и садовой дорожки — 4.25 м при норме 0.5 м; силовой кабель и кабель связи — 10.25 м при норме 0.7 м; водопровод, дренаж — 14.25 м при норме 1.0 м."
S-0294;кустарник;Дерен белый 'Elegantissima';14.125;15.875;СП 42.13330.2016;"таблица 9.1; ППМ № 743-ПП, прил. 1, п. 3.6.3, табл. 3.6.1 (МГСН 1.01-99); ППМ № 623-ПП (МГСН 1.02-02), п. 4.2.4";Край проезжей части, кромка укреплённой полосы обочины;1.0;1.75;"Посадка (кустарник) допустима. Определяющее ограничение — край проезжей части, кромка укреплённой полосы обочины: требуется не менее 1.0 м, фактически 1.75 м (СП 42.13330.2016, таблица 9.1; ППМ № 743-ПП, прил. 1, п. 3.6.3, табл. 3.6.1 (МГСН 1.01-99); ППМ № 623-ПП (МГСН 1.02-02), п. 4.2.4). Прочие проверенные отступы: край тротуара и садовой дорожки — 4.25 м при норме 0.5 м; силовой кабель и кабель связи — 10.25 м при норме 0.7 м; водопровод, дренаж — 14.25 м при норме 1.0 м."
S-0295;кустарник;Дерен белый 'Elegantissima';15.375;15.875;СП 42.13330.2016;"таблица 9.1; ППМ № 743-ПП, прил. 1, п. 3.6.3, табл. 3.6.1 (МГСН 1.01-99); ППМ № 623-ПП (МГСН 1.02-02), п. 4.2.4";Край проезжей части, кромка укреплённой полосы обочины;1.0;1.75;"Посадка (кустарник) допустима. Определяющее ограничение — край проезжей части, кромка укреплённой полосы обочины: требуется не менее 1.0 м, фактически 1.75 м (СП 42.13330.2016, таблица 9.1; ППМ № 743-ПП, прил. 1, п. 3.6.3, табл. 3.6.1 (МГСН 1.01-99); ППМ № 623-ПП (МГСН 1.02-02), п. 4.2.4). Прочие проверенные отступы: край тротуара и садовой дорожки — 4.25 м при норме 0.5 м; силовой кабель и кабель связи — 10.25 м при норме 0.7 м; водопровод, дренаж — 14.25 м при норме 1.0 м."
S-0296;кустарник;Дерен белый 'Elegantissima';16.625;15.875;СП 42.13330.2016;"таблица 9.1; ППМ № 743-ПП, прил. 1, п. 3.6.3, табл. 3.6.1 (МГСН 1.01-99); ППМ № 623-ПП (МГСН 1.02-02), п. 4.2.4";Край проезжей части, кромка укреплённой полосы обочины;1.0;1.75;"Посадка (кустарник) допустима. Определяющее ограничение — край проезжей части, кромка укреплённой полосы обочины: требуется не менее 1.0 м, фактически 1.75 м (СП 42.13330.2016, таблица 9.1; ППМ № 743-ПП, прил. 1, п. 3.6.3, табл. 3.6.1 (МГСН 1.01-99); ППМ № 623-ПП (МГСН 1.02-02), п. 4.2.4). Прочие проверенные отступы: край тротуара и садовой дорожки — 4.25 м при норме 0.5 м; силовой кабель и кабель связи — 10.25 м при норме 0.7 м; водопровод, дренаж — 14.25 м при норме 1.0 м."
S-0297;кустарник;Дерен белый 'Elegantissima';17.875;15.875;СП 42.13330.2016;"таблица 9.1; ППМ № 743-ПП, прил. 1, п. 3.6.3, табл. 3.6.1 (МГСН 1.01-99); ППМ № 623-ПП (МГСН 1.02-02), п. 4.2.4";Край проезжей части, кромка укреплённой полосы обочины;1.0;1.75;"Посадка (кустарник) допустима. Определяющее ограничение — край проезжей части, кромка укреплённой полосы обочины: требуется не менее 1.0 м, фактически 1.75 м (СП 42.13330.2016, таблица 9.1; ППМ № 743-ПП, прил. 1, п. 3.6.3, табл. 3.6.1 (МГСН 1.01-99); ППМ № 623-ПП (МГСН 1.02-02), п. 4.2.4). Прочие проверенные отступы: край тротуара и садовой дорожки — 4.25 м при норме 0.5 м; силовой кабель и кабель связи — 10.25 м при норме 0.7 м; водопровод, дренаж — 14.25 м при норме 1.0 м."
S-0298;кустарник;Дерен белый 'Elegantissima';19.125;15.875;СП 42.13330.2016;"таблица 9.1; ППМ № 743-ПП, прил. 1, п. 3.6.3, табл. 3.6.1 (МГСН 1.01-99); ППМ № 623-ПП (МГСН 1.02-02), п. 4.2.4";Край проезжей части, кромка укреплённой полосы обочины;1.0;1.75;"Посадка (кустарник) допустима. Определяющее ограничение — край проезжей части, кромка укреплённой полосы обочины: требуется не менее 1.0 м, фактически 1.75 м (СП 42.13330.2016, таблица 9.1; ППМ № 743-ПП, прил. 1, п. 3.6.3, табл. 3.6.1 (МГСН 1.01-99); ППМ № 623-ПП (МГСН 1.02-02), п. 4.2.4). Прочие проверенные отступы: край тротуара и садовой дорожки — 4.25 м при норме 0.5 м; силовой кабель и кабель связи — 10.25 м при норме 0.7 м; водопровод, дренаж — 14.25 м при норме 1.0 м."
S-0299;кустарник;Дерен белый 'Elegantissima';20.375;15.875;СП 42.13330.2016;"таблица 9.1; ППМ № 743-ПП, прил. 1, п. 3.6.3, табл. 3.6.1 (МГСН 1.01-99); ППМ № 623-ПП (МГСН 1.02-02), п. 4.2.4";Край проезжей части, кромка укреплённой полосы обочины;1.0;1.75;"Посадка (кустарник) допустима. Определяющее ограничение — край проезжей части, кромка укреплённой полосы обочины: требуется не менее 1.0 м, фактически 1.75 м (СП 42.13330.2016, таблица 9.1; ППМ № 743-ПП, прил. 1, п. 3.6.3, табл. 3.6.1 (МГСН 1.01-99); ППМ № 623-ПП (МГСН 1.02-02), п. 4.2.4). Прочие проверенные отступы: край тротуара и садовой дорожки — 4.25 м при норме 0.5 м; силовой кабель и кабель связи — 10.25 м при норме 0.7 м; водопровод, дренаж — 14.25 м при норме 1.0 м."
S-0300;кустарник;Дерен белый 'Elegantissima';21.625;15.875;СП 42.13330.2016;"таблица 9.1; ППМ № 743-ПП, прил. 1, п. 3.6.3, табл. 3.6.1 (МГСН 1.01-99); ППМ № 623-ПП (МГСН 1.02-02), п. 4.2.4";Край проезжей части, кромка укреплённой полосы обочины;1.0;1.75;"Посадка (кустарник) допустима. Определяющее ограничение — край проезжей части, кромка укреплённой полосы обочины: требуется не менее 1.0 м, фактически 1.75 м (СП 42.13330.2016, таблица 9.1; ППМ № 743-ПП, прил. 1, п. 3.6.3, табл. 3.6.1 (МГСН 1.01-99); ППМ № 623-ПП (МГСН 1.02-02), п. 4.2.4). Прочие проверенные отступы: край тротуара и садовой дорожки — 4.25 м при норме 0.5 м; силовой кабель и кабель связи — 10.25 м при норме 0.7 м; водопровод, дренаж — 14.25 м при норме 1.0 м."
S-0301;кустарник;Дерен белый 'Elegantissima';22.875;15.875;СП 42.13330.2016;"таблица 9.1; ППМ № 743-ПП, прил. 1, п. 3.6.3, табл. 3.6.1 (МГСН 1.01-99); ППМ № 623-ПП (МГСН 1.02-02), п. 4.2.4";Край проезжей части, кромка укреплённой полосы обочины;1.0;1.75;"Посадка (кустарник) допустима. Определяющее ограничение — край проезжей части, кромка укреплённой полосы обочины: требуется не менее 1.0 м, фактически 1.75 м (СП 42.13330.2016, таблица 9.1; ППМ № 743-ПП, прил. 1, п. 3.6.3, табл. 3.6.1 (МГСН 1.01-99); ППМ № 623-ПП (МГСН 1.02-02), п. 4.2.4). Прочие проверенные отступы: край тротуара и садовой дорожки — 4.25 м при норме 0.5 м; силовой кабель и кабель связи — 10.25 м при норме 0.7 м; водопровод, дренаж — 14.25 м при норме 1.0 м."
S-0302;кустарник;Дерен белый 'Elegantissima';24.125;15.875;СП 42.13330.2016;"таблица 9.1; ППМ № 743-ПП, прил. 1, п. 3.6.3, табл. 3.6.1 (МГСН 1.01-99); ППМ № 623-ПП (МГСН 1.02-02), п. 4.2.4";Край проезжей части, кромка укреплённой полосы обочины;1.0;1.75;"Посадка (кустарник) допустима. Определяющее ограничение — край проезжей части, кромка укреплённой полосы обочины: требуется не менее 1.0 м, фактически 1.75 м (СП 42.13330.2016, таблица 9.1; ППМ № 743-ПП, прил. 1, п. 3.6.3, табл. 3.6.1 (МГСН 1.01-99); ППМ № 623-ПП (МГСН 1.02-02), п. 4.2.4). Прочие проверенные отступы: край тротуара и садовой дорожки — 4.25 м при норме 0.5 м; силовой кабель и кабель связи — 10.25 м при норме 0.7 м; водопровод, дренаж — 14.25 м при норме 1.0 м."
S-0303;кустарник;Дерен белый 'Elegantissima';25.375;15.875;СП 42.13330.2016;"таблица 9.1; ППМ № 743-ПП, прил. 1, п. 3.6.3, табл. 3.6.1 (МГСН 1.01-99); ППМ № 623-ПП (МГСН 1.02-02), п. 4.2.4";Край проезжей части, кромка укреплённой полосы обочины;1.0;1.75;"Посадка (кустарник) допустима. Определяющее ограничение — край проезжей части, кромка укреплённой полосы обочины: требуется не менее 1.0 м, фактически 1.75 м (СП 42.13330.2016, таблица 9.1; ППМ № 743-ПП, прил. 1, п. 3.6.3, табл. 3.6.1 (МГСН 1.01-99); ППМ № 623-ПП (МГСН 1.02-02), п. 4.2.4). Прочие проверенные отступы: край тротуара и садовой дорожки — 4.25 м при норме 0.5 м; силовой кабель и кабель связи — 10.25 м при норме 0.7 м; водопровод, дренаж — 14.25 м при норме 1.0 м."
S-0304;кустарник;Дерен белый 'Elegantissima';26.625;15.875;СП 42.13330.2016;"таблица 9.1; ППМ № 743-ПП, прил. 1, п. 3.6.3, табл. 3.6.1 (МГСН 1.01-99); ППМ № 623-ПП (МГСН 1.02-02), п. 4.2.4";Край проезжей части, кромка укреплённой полосы обочины;1.0;1.75;"Посадка (кустарник) допустима. Определяющее ограничение — край проезжей части, кромка укреплённой полосы обочины: требуется не менее 1.0 м, фактически 1.75 м (СП 42.13330.2016, таблица 9.1; ППМ № 743-ПП, прил. 1, п. 3.6.3, табл. 3.6.1 (МГСН 1.01-99); ППМ № 623-ПП (МГСН 1.02-02), п. 4.2.4). Прочие проверенные отступы: край тротуара и садовой дорожки — 4.25 м при норме 0.5 м; силовой кабель и кабель связи — 10.25 м при норме 0.7 м; водопровод, дренаж — 14.25 м при норме 1.0 м."
S-0305;кустарник;Дерен белый 'Elegantissima';27.875;15.875;СП 42.13330.2016;"таблица 9.1; ППМ № 743-ПП, прил. 1, п. 3.6.3, табл. 3.6.1 (МГСН 1.01-99); ППМ № 623-ПП (МГСН 1.02-02), п. 4.2.4";Край проезжей части, кромка укреплённой полосы обочины;1.0;1.75;"Посадка (кустарник) допустима. Определяющее ограничение — край проезжей части, кромка укреплённой полосы обочины: требуется не менее 1.0 м, фактически 1.75 м (СП 42.13330.2016, таблица 9.1; ППМ № 743-ПП, прил. 1, п. 3.6.3, табл. 3.6.1 (МГСН 1.01-99); ППМ № 623-ПП (МГСН 1.02-02), п. 4.2.4). Прочие проверенные отступы: край тротуара и садовой дорожки — 4.25 м при норме 0.5 м; силовой кабель и кабель связи — 10.25 м при норме 0.7 м; водопровод, дренаж — 14.25 м при норме 1.0 м."
S-0306;кустарник;Дерен белый 'Elegantissima';29.125;15.875;СП 42.13330.2016;"таблица 9.1; ППМ № 743-ПП, прил. 1, п. 3.6.3, табл. 3.6.1 (МГСН 1.01-99); ППМ № 623-ПП (МГСН 1.02-02), п. 4.2.4";Край проезжей части, кромка укреплённой полосы обочины;1.0;1.75;"Посадка (кустарник) допустима. Определяющее ограничение — край проезжей части, кромка укреплённой полосы обочины: требуется не менее 1.0 м, фактически 1.75 м (СП 42.13330.2016, таблица 9.1; ППМ № 743-ПП, прил. 1, п. 3.6.3, табл. 3.6.1 (МГСН 1.01-99); ППМ № 623-ПП (МГСН 1.02-02), п. 4.2.4). Прочие проверенные отступы: край тротуара и садовой дорожки — 4.25 м при норме 0.5 м; силовой кабель и кабель связи — 10.25 м при норме 0.7 м; водопровод, дренаж — 14.25 м при норме 1.0 м."
S-0307;кустарник;Дерен белый 'Elegantissima';30.375;15.875;СП 42.13330.2016;"таблица 9.1; ППМ № 743-ПП, прил. 1, п. 3.6.3, табл. 3.6.1 (МГСН 1.01-99); ППМ № 623-ПП (МГСН 1.02-02), п. 4.2.4";Край проезжей части, кромка укреплённой полосы обочины;1.0;1.75;"Посадка (кустарник) допустима. Определяющее ограничение — край проезжей части, кромка укреплённой полосы обочины: требуется не менее 1.0 м, фактически 1.75 м (СП 42.13330.2016, таблица 9.1; ППМ № 743-ПП, прил. 1, п. 3.6.3, табл. 3.6.1 (МГСН 1.01-99); ППМ № 623-ПП (МГСН 1.02-02), п. 4.2.4). Прочие проверенные отступы: край тротуара и садовой дорожки — 4.25 м при норме 0.5 м; силовой кабель и кабель связи — 10.25 м при норме 0.7 м; водопровод, дренаж — 14.25 м при норме 1.0 м."
S-0308;кустарник;Дерен белый 'Elegantissima';31.625;15.875;СП 42.13330.2016;"таблица 9.1; ППМ № 743-ПП, прил. 1, п. 3.6.3, табл. 3.6.1 (МГСН 1.01-99); ППМ № 623-ПП (МГСН 1.02-02), п. 4.2.4";Край проезжей части, кромка укреплённой полосы обочины;1.0;1.75;"Посадка (кустарник) допустима. Определяющее ограничение — край проезжей части, кромка укреплённой полосы обочины: требуется не менее 1.0 м, фактически 1.75 м (СП 42.13330.2016, таблица 9.1; ППМ № 743-ПП, прил. 1, п. 3.6.3, табл. 3.6.1 (МГСН 1.01-99); ППМ № 623-ПП (МГСН 1.02-02), п. 4.2.4). Прочие проверенные отступы: край тротуара и садовой дорожки — 4.25 м при норме 0.5 м; силовой кабель и кабель связи — 10.25 м при норме 0.7 м; водопровод, дренаж — 14.25 м при норме 1.0 м."
S-0309;кустарник;Дерен белый 'Elegantissima';32.875;15.875;СП 42.13330.2016;"таблица 9.1; ППМ № 743-ПП, прил. 1, п. 3.6.3, табл. 3.6.1 (МГСН 1.01-99); ППМ № 623-ПП (МГСН 1.02-02), п. 4.2.4";Край проезжей части, кромка укреплённой полосы обочины;1.0;1.75;"Посадка (кустарник) допустима. Определяющее ограничение — край проезжей части, кромка укреплённой полосы обочины: требуется не менее 1.0 м, фактически 1.75 м (СП 42.13330.2016, таблица 9.1; ППМ № 743-ПП, прил. 1, п. 3.6.3, табл. 3.6.1 (МГСН 1.01-99); ППМ № 623-ПП (МГСН 1.02-02), п. 4.2.4). Прочие проверенные отступы: край тротуара и садовой дорожки — 4.25 м при норме 0.5 м; силовой кабель и кабель связи — 10.25 м при норме 0.7 м; водопровод, дренаж — 14.25 м при норме 1.0 м."
S-0310;кустарник;Дерен белый 'Elegantissima';34.125;15.875;СП 42.13330.2016;"таблица 9.1; ППМ № 743-ПП, прил. 1, п. 3.6.3, табл. 3.6.1 (МГСН 1.01-99); ППМ № 623-ПП (МГСН 1.02-02), п. 4.2.4";Край проезжей части, кромка укреплённой полосы обочины;1.0;1.75;"Посадка (кустарник) допустима. Определяющее ограничение — край проезжей части, кромка укреплённой полосы обочины: требуется не менее 1.0 м, фактически 1.75 м (СП 42.13330.2016, таблица 9.1; ППМ № 743-ПП, прил. 1, п. 3.6.3, табл. 3.6.1 (МГСН 1.01-99); ППМ № 623-ПП (МГСН 1.02-02), п. 4.2.4). Прочие проверенные отступы: край тротуара и садовой дорожки — 4.25 м при норме 0.5 м; силовой кабель и кабель связи — 10.25 м при норме 0.7 м; водопровод, дренаж — 14.25 м при норме 1.0 м."
S-0311;кустарник;Дерен белый 'Elegantissima';35.375;15.875;СП 42.13330.2016;"таблица 9.1; ППМ № 743-ПП, прил. 1, п. 3.6.3, табл. 3.6.1 (МГСН 1.01-99); ППМ № 623-ПП (МГСН 1.02-02), п. 4.2.4";Край проезжей части, кромка укреплённой полосы обочины;1.0;1.75;"Посадка (кустарник) допустима. Определяющее ограничение — край проезжей части, кромка укреплённой полосы обочины: требуется не менее 1.0 м, фактически 1.75 м (СП 42.13330.2016, таблица 9.1; ППМ № 743-ПП, прил. 1, п. 3.6.3, табл. 3.6.1 (МГСН 1.01-99); ППМ № 623-ПП (МГСН 1.02-02), п. 4.2.4). Прочие проверенные отступы: край тротуара и садовой дорожки — 4.25 м при норме 0.5 м; силовой кабель и кабель связи — 10.25 м при норме 0.7 м; водопровод, дренаж — 14.25 м при норме 1.0 м."
S-0312;кустарник;Дерен белый 'Elegantissima';36.625;15.875;СП 42.13330.2016;"таблица 9.1; ППМ № 743-ПП, прил. 1, п. 3.6.3, табл. 3.6.1 (МГСН 1.01-99); ППМ № 623-ПП (МГСН 1.02-02), п. 4.2.4";Край проезжей части, кромка укреплённой полосы обочины;1.0;1.75;"Посадка (кустарник) допустима. Определяющее ограничение — край проезжей части, кромка укреплённой полосы обочины: требуется не менее 1.0 м, фактически 1.75 м (СП 42.13330.2016, таблица 9.1; ППМ № 743-ПП, прил. 1, п. 3.6.3, табл. 3.6.1 (МГСН 1.01-99); ППМ № 623-ПП (МГСН 1.02-02), п. 4.2.4). Прочие проверенные отступы: край тротуара и садовой дорожки — 4.25 м при норме 0.5 м; силовой кабель и кабель связи — 10.25 м при норме 0.7 м; водопровод, дренаж — 14.25 м при норме 1.0 м."
S-0313;кустарник;Дерен белый 'Elegantissima';37.875;15.875;СП 42.13330.2016;"таблица 9.1; ППМ № 743-ПП, прил. 1, п. 3.6.3, табл. 3.6.1 (МГСН 1.01-99); ППМ № 623-ПП (МГСН 1.02-02), п. 4.2.4";Край проезжей части, кромка укреплённой полосы обочины;1.0;1.75;"Посадка (кустарник) допустима. Определяющее ограничение — край проезжей части, кромка укреплённой полосы обочины: требуется не менее 1.0 м, фактически 1.75 м (СП 42.13330.2016, таблица 9.1; ППМ № 743-ПП, прил. 1, п. 3.6.3, табл. 3.6.1 (МГСН 1.01-99); ППМ № 623-ПП (МГСН 1.02-02), п. 4.2.4). Прочие проверенные отступы: край тротуара и садовой дорожки — 4.25 м при норме 0.5 м; силовой кабель и кабель связи — 10.25 м при норме 0.7 м; водопровод, дренаж — 14.25 м при норме 1.0 м."
S-0314;кустарник;Дерен белый 'Elegantissima';39.125;15.875;СП 42.13330.2016;"таблица 9.1; ППМ № 743-ПП, прил. 1, п. 3.6.3, табл. 3.6.1 (МГСН 1.01-99); ППМ № 623-ПП (МГСН 1.02-02), п. 4.2.4";Край проезжей части, кромка укреплённой полосы обочины;1.0;1.75;"Посадка (кустарник) допустима. Определяющее ограничение — край проезжей части, кромка укреплённой полосы обочины: требуется не менее 1.0 м, фактически 1.75 м (СП 42.13330.2016, таблица 9.1; ППМ № 743-ПП, прил. 1, п. 3.6.3, табл. 3.6.1 (МГСН 1.01-99); ППМ № 623-ПП (МГСН 1.02-02), п. 4.2.4). Прочие проверенные отступы: край тротуара и садовой дорожки — 4.25 м при норме 0.5 м; силовой кабель и кабель связи — 10.25 м при норме 0.7 м; водопровод, дренаж — 14.25 м при норме 1.0 м."
S-0315;кустарник;Дерен белый 'Elegantissima';40.375;15.875;СП 42.13330.2016;"таблица 9.1; ППМ № 743-ПП, прил. 1, п. 3.6.3, табл. 3.6.1 (МГСН 1.01-99); ППМ № 623-ПП (МГСН 1.02-02), п. 4.2.4";Край проезжей части, кромка укреплённой полосы обочины;1.0;1.75;"Посадка (кустарник) допустима. Определяющее ограничение — край проезжей части, кромка укреплённой полосы обочины: требуется не менее 1.0 м, фактически 1.75 м (СП 42.13330.2016, таблица 9.1; ППМ № 743-ПП, прил. 1, п. 3.6.3, табл. 3.6.1 (МГСН 1.01-99); ППМ № 623-ПП (МГСН 1.02-02), п. 4.2.4). Прочие проверенные отступы: край тротуара и садовой дорожки — 4.25 м при норме 0.5 м; силовой кабель и кабель связи — 10.25 м при норме 0.7 м; водопровод, дренаж — 14.25 м при норме 1.0 м."
S-0316;кустарник;Дерен белый 'Elegantissima';41.625;15.875;СП 42.13330.2016;"таблица 9.1; ППМ № 743-ПП, прил. 1, п. 3.6.3, табл. 3.6.1 (МГСН 1.01-99); ППМ № 623-ПП (МГСН 1.02-02), п. 4.2.4";Край проезжей части, кромка укреплённой полосы обочины;1.0;1.75;"Посадка (кустарник) допустима. Определяющее ограничение — край проезжей части, кромка укреплённой полосы обочины: требуется не менее 1.0 м, фактически 1.75 м (СП 42.13330.2016, таблица 9.1; ППМ № 743-ПП, прил. 1, п. 3.6.3, табл. 3.6.1 (МГСН 1.01-99); ППМ № 623-ПП (МГСН 1.02-02), п. 4.2.4). Прочие проверенные отступы: край тротуара и садовой дорожки — 4.25 м при норме 0.5 м; силовой кабель и кабель связи — 10.25 м при норме 0.7 м; водопровод, дренаж — 14.25 м при норме 1.0 м."
S-0317;кустарник;Дерен белый 'Elegantissima';42.875;15.875;СП 42.13330.2016;"таблица 9.1; ППМ № 743-ПП, прил. 1, п. 3.6.3, табл. 3.6.1 (МГСН 1.01-99); ППМ № 623-ПП (МГСН 1.02-02), п. 4.2.4";Край проезжей части, кромка укреплённой полосы обочины;1.0;1.75;"Посадка (кустарник) допустима. Определяющее ограничение — край проезжей части, кромка укреплённой полосы обочины: требуется не менее 1.0 м, фактически 1.75 м (СП 42.13330.2016, таблица 9.1; ППМ № 743-ПП, прил. 1, п. 3.6.3, табл. 3.6.1 (МГСН 1.01-99); ППМ № 623-ПП (МГСН 1.02-02), п. 4.2.4). Прочие проверенные отступы: край тротуара и садовой дорожки — 4.25 м при норме 0.5 м; силовой кабель и кабель связи — 10.25 м при норме 0.7 м; водопровод, дренаж — 14.25 м при норме 1.0 м."
S-0318;кустарник;Дерен белый 'Elegantissima';44.125;15.875;СП 42.13330.2016;"таблица 9.1; ППМ № 743-ПП, прил. 1, п. 3.6.3, табл. 3.6.1 (МГСН 1.01-99); ППМ № 623-ПП (МГСН 1.02-02), п. 4.2.4";Край проезжей части, кромка укреплённой полосы обочины;1.0;1.75;"Посадка (кустарник) допустима. Определяющее ограничение — край проезжей части, кромка укреплённой полосы обочины: требуется не менее 1.0 м, фактически 1.75 м (СП 42.13330.2016, таблица 9.1; ППМ № 743-ПП, прил. 1, п. 3.6.3, табл. 3.6.1 (МГСН 1.01-99); ППМ № 623-ПП (МГСН 1.02-02), п. 4.2.4). Прочие проверенные отступы: край тротуара и садовой дорожки — 4.25 м при норме 0.5 м; силовой кабель и кабель связи — 10.25 м при норме 0.7 м; водопровод, дренаж — 14.25 м при норме 1.0 м."
S-0319;кустарник;Дерен белый 'Elegantissima';45.375;15.875;СП 42.13330.2016;"таблица 9.1; ППМ № 743-ПП, прил. 1, п. 3.6.3, табл. 3.6.1 (МГСН 1.01-99); ППМ № 623-ПП (МГСН 1.02-02), п. 4.2.4";Край проезжей части, кромка укреплённой полосы обочины;1.0;1.75;"Посадка (кустарник) допустима. Определяющее ограничение — край проезжей части, кромка укреплённой полосы обочины: требуется не менее 1.0 м, фактически 1.75 м (СП 42.13330.2016, таблица 9.1; ППМ № 743-ПП, прил. 1, п. 3.6.3, табл. 3.6.1 (МГСН 1.01-99); ППМ № 623-ПП (МГСН 1.02-02), п. 4.2.4). Прочие проверенные отступы: край тротуара и садовой дорожки — 4.25 м при норме 0.5 м; силовой кабель и кабель связи — 10.25 м при норме 0.7 м; водопровод, дренаж — 14.25 м при норме 1.0 м."
S-0320;кустарник;Дерен белый 'Elegantissima';46.625;15.875;СП 42.13330.2016;"таблица 9.1; ППМ № 743-ПП, прил. 1, п. 3.6.3, табл. 3.6.1 (МГСН 1.01-99); ППМ № 623-ПП (МГСН 1.02-02), п. 4.2.4";Край проезжей части, кромка укреплённой полосы обочины;1.0;1.75;"Посадка (кустарник) допустима. Определяющее ограничение — край проезжей части, кромка укреплённой полосы обочины: требуется не менее 1.0 м, фактически 1.75 м (СП 42.13330.2016, таблица 9.1; ППМ № 743-ПП, прил. 1, п. 3.6.3, табл. 3.6.1 (МГСН 1.01-99); ППМ № 623-ПП (МГСН 1.02-02), п. 4.2.4). Прочие проверенные отступы: край тротуара и садовой дорожки — 4.25 м при норме 0.5 м; силовой кабель и кабель связи — 10.25 м при норме 0.7 м; водопровод, дренаж — 14.25 м при норме 1.0 м."
S-0321;кустарник;Сирень обыкновенная;47.875;15.875;СП 42.13330.2016;"таблица 9.1; ППМ № 743-ПП, прил. 1, п. 3.6.3, табл. 3.6.1 (МГСН 1.01-99); ППМ № 623-ПП (МГСН 1.02-02), п. 4.2.4";Край проезжей части, кромка укреплённой полосы обочины;1.0;1.75;"Посадка (кустарник) допустима. Определяющее ограничение — край проезжей части, кромка укреплённой полосы обочины: требуется не менее 1.0 м, фактически 1.75 м (СП 42.13330.2016, таблица 9.1; ППМ № 743-ПП, прил. 1, п. 3.6.3, табл. 3.6.1 (МГСН 1.01-99); ППМ № 623-ПП (МГСН 1.02-02), п. 4.2.4). Прочие проверенные отступы: край тротуара и садовой дорожки — 4.25 м при норме 0.5 м; силовой кабель и кабель связи — 10.25 м при норме 0.7 м; водопровод, дренаж — 14.25 м при норме 1.0 м."
S-0322;кустарник;Сирень обыкновенная;49.125;15.875;СП 42.13330.2016;"таблица 9.1; ППМ № 743-ПП, прил. 1, п. 3.6.3, табл. 3.6.1 (МГСН 1.01-99); ППМ № 623-ПП (МГСН 1.02-02), п. 4.2.4";Край проезжей части, кромка укреплённой полосы обочины;1.0;1.75;"Посадка (кустарник) допустима. Определяющее ограничение — край проезжей части, кромка укреплённой полосы обочины: требуется не менее 1.0 м, фактически 1.75 м (СП 42.13330.2016, таблица 9.1; ППМ № 743-ПП, прил. 1, п. 3.6.3, табл. 3.6.1 (МГСН 1.01-99); ППМ № 623-ПП (МГСН 1.02-02), п. 4.2.4). Прочие проверенные отступы: край тротуара и садовой дорожки — 4.25 м при норме 0.5 м; силовой кабель и кабель связи — 10.25 м при норме 0.7 м; водопровод, дренаж — 14.25 м при норме 1.0 м."
S-0323;кустарник;Сирень обыкновенная;50.375;15.875;СП 42.13330.2016;"таблица 9.1; ППМ № 743-ПП, прил. 1, п. 3.6.3, табл. 3.6.1 (МГСН 1.01-99); ППМ № 623-ПП (МГСН 1.02-02), п. 4.2.4";Край проезжей части, кромка укреплённой полосы обочины;1.0;1.75;"Посадка (кустарник) допустима. Определяющее ограничение — край проезжей части, кромка укреплённой полосы обочины: требуется не менее 1.0 м, фактически 1.75 м (СП 42.13330.2016, таблица 9.1; ППМ № 743-ПП, прил. 1, п. 3.6.3, табл. 3.6.1 (МГСН 1.01-99); ППМ № 623-ПП (МГСН 1.02-02), п. 4.2.4). Прочие проверенные отступы: край тротуара и садовой дорожки — 4.25 м при норме 0.5 м; силовой кабель и кабель связи — 10.25 м при норме 0.7 м; водопровод, дренаж — 14.25 м при норме 1.0 м."
S-0324;кустарник;Сирень обыкновенная;51.625;15.875;СП 42.13330.2016;"таблица 9.1; ППМ № 743-ПП, прил. 1, п. 3.6.3, табл. 3.6.1 (МГСН 1.01-99); ППМ № 623-ПП (МГСН 1.02-02), п. 4.2.4";Край проезжей части, кромка укреплённой полосы обочины;1.0;1.75;"Посадка (кустарник) допустима. Определяющее ограничение — край проезжей части, кромка укреплённой полосы обочины: требуется не менее 1.0 м, фактически 1.75 м (СП 42.13330.2016, таблица 9.1; ППМ № 743-ПП, прил. 1, п. 3.6.3, табл. 3.6.1 (МГСН 1.01-99); ППМ № 623-ПП (МГСН 1.02-02), п. 4.2.4). Прочие проверенные отступы: край тротуара и садовой дорожки — 4.25 м при норме 0.5 м; силовой кабель и кабель связи — 10.25 м при норме 0.7 м; водопровод, дренаж — 14.25 м при норме 1.0 м."
S-0325;кустарник;Сирень обыкновенная;52.875;15.875;СП 42.13330.2016;"таблица 9.1; ППМ № 743-ПП, прил. 1, п. 3.6.3, табл. 3.6.1 (МГСН 1.01-99); ППМ № 623-ПП (МГСН 1.02-02), п. 4.2.4";Край проезжей части, кромка укреплённой полосы обочины;1.0;1.75;"Посадка (кустарник) допустима. Определяющее ограничение — край проезжей части, кромка укреплённой полосы обочины: требуется не менее 1.0 м, фактически 1.75 м (СП 42.13330.2016, таблица 9.1; ППМ № 743-ПП, прил. 1, п. 3.6.3, табл. 3.6.1 (МГСН 1.01-99); ППМ № 623-ПП (МГСН 1.02-02), п. 4.2.4). Прочие проверенные отступы: край тротуара и садовой дорожки — 4.25 м при норме 0.5 м; силовой кабель и кабель связи — 10.25 м при норме 0.7 м; водопровод, дренаж — 14.25 м при норме 1.0 м."
S-0326;кустарник;Сирень обыкновенная;54.125;15.875;СП 42.13330.2016;"таблица 9.1; ППМ № 743-ПП, прил. 1, п. 3.6.3, табл. 3.6.1 (МГСН 1.01-99); ППМ № 623-ПП (МГСН 1.02-02), п. 4.2.4";Край проезжей части, кромка укреплённой полосы обочины;1.0;1.75;"Посадка (кустарник) допустима. Определяющее ограничение — край проезжей части, кромка укреплённой полосы обочины: требуется не менее 1.0 м, фактически 1.75 м (СП 42.13330.2016, таблица 9.1; ППМ № 743-ПП, прил. 1, п. 3.6.3, табл. 3.6.1 (МГСН 1.01-99); ППМ № 623-ПП (МГСН 1.02-02), п. 4.2.4). Прочие проверенные отступы: край тротуара и садовой дорожки — 4.25 м при норме 0.5 м; силовой кабель и кабель связи — 10.25 м при норме 0.7 м; водопровод, дренаж — 14.25 м при норме 1.0 м."
S-0327;кустарник;Сирень обыкновенная;55.375;15.875;СП 42.13330.2016;"таблица 9.1; ППМ № 743-ПП, прил. 1, п. 3.6.3, табл. 3.6.1 (МГСН 1.01-99); ППМ № 623-ПП (МГСН 1.02-02), п. 4.2.4";Край проезжей части, кромка укреплённой полосы обочины;1.0;1.75;"Посадка (кустарник) допустима. Определяющее ограничение — край проезжей части, кромка укреплённой полосы обочины: требуется не менее 1.0 м, фактически 1.75 м (СП 42.13330.2016, таблица 9.1; ППМ № 743-ПП, прил. 1, п. 3.6.3, табл. 3.6.1 (МГСН 1.01-99); ППМ № 623-ПП (МГСН 1.02-02), п. 4.2.4). Прочие проверенные отступы: край тротуара и садовой дорожки — 4.25 м при норме 0.5 м; силовой кабель и кабель связи — 10.25 м при норме 0.7 м; водопровод, дренаж — 14.25 м при норме 1.0 м."
S-0328;кустарник;Сирень обыкновенная;56.625;15.875;СП 42.13330.2016;"таблица 9.1; ППМ № 743-ПП, прил. 1, п. 3.6.3, табл. 3.6.1 (МГСН 1.01-99); ППМ № 623-ПП (МГСН 1.02-02), п. 4.2.4";Край проезжей части, кромка укреплённой полосы обочины;1.0;1.75;"Посадка (кустарник) допустима. Определяющее ограничение — край проезжей части, кромка укреплённой полосы обочины: требуется не менее 1.0 м, фактически 1.75 м (СП 42.13330.2016, таблица 9.1; ППМ № 743-ПП, прил. 1, п. 3.6.3, табл. 3.6.1 (МГСН 1.01-99); ППМ № 623-ПП (МГСН 1.02-02), п. 4.2.4). Прочие проверенные отступы: край тротуара и садовой дорожки — 4.25 м при норме 0.5 м; силовой кабель и кабель связи — 10.25 м при норме 0.7 м; водопровод, дренаж — 14.25 м при норме 1.0 м."
S-0329;кустарник;Сирень обыкновенная;57.875;15.875;СП 42.13330.2016;"таблица 9.1; ППМ № 743-ПП, прил. 1, п. 3.6.3, табл. 3.6.1 (МГСН 1.01-99); ППМ № 623-ПП (МГСН 1.02-02), п. 4.2.4";Край проезжей части, кромка укреплённой полосы обочины;1.0;1.75;"Посадка (кустарник) допустима. Определяющее ограничение — край проезжей части, кромка укреплённой полосы обочины: требуется не менее 1.0 м, фактически 1.75 м (СП 42.13330.2016, таблица 9.1; ППМ № 743-ПП, прил. 1, п. 3.6.3, табл. 3.6.1 (МГСН 1.01-99); ППМ № 623-ПП (МГСН 1.02-02), п. 4.2.4). Прочие проверенные отступы: край тротуара и садовой дорожки — 4.25 м при норме 0.5 м; силовой кабель и кабель связи — 10.25 м при норме 0.7 м; водопровод, дренаж — 14.25 м при норме 1.0 м."
S-0330;кустарник;Сирень обыкновенная;59.125;15.875;СП 42.13330.2016;"таблица 9.1; ППМ № 743-ПП, прил. 1, п. 3.6.3, табл. 3.6.1 (МГСН 1.01-99); ППМ № 623-ПП (МГСН 1.02-02), п. 4.2.4";Край проезжей части, кромка укреплённой полосы обочины;1.0;1.75;"Посадка (кустарник) допустима. Определяющее ограничение — край проезжей части, кромка укреплённой полосы обочины: требуется не менее 1.0 м, фактически 1.75 м (СП 42.13330.2016, таблица 9.1; ППМ № 743-ПП, прил. 1, п. 3.6.3, табл. 3.6.1 (МГСН 1.01-99); ППМ № 623-ПП (МГСН 1.02-02), п. 4.2.4). Прочие проверенные отступы: край тротуара и садовой дорожки — 4.25 м при норме 0.5 м; силовой кабель и кабель связи — 10.25 м при норме 0.7 м; водопровод, дренаж — 14.25 м при норме 1.0 м."
S-0331;кустарник;Сирень обыкновенная;60.375;15.875;СП 42.13330.2016;"таблица 9.1; ППМ № 743-ПП, прил. 1, п. 3.6.3, табл. 3.6.1 (МГСН 1.01-99); ППМ № 623-ПП (МГСН 1.02-02), п. 4.2.4";Край проезжей части, кромка укреплённой полосы обочины;1.0;1.75;"Посадка (кустарник) допустима. Определяющее ограничение — край проезжей части, кромка укреплённой полосы обочины: требуется не менее 1.0 м, фактически 1.75 м (СП 42.13330.2016, таблица 9.1; ППМ № 743-ПП, прил. 1, п. 3.6.3, табл. 3.6.1 (МГСН 1.01-99); ППМ № 623-ПП (МГСН 1.02-02), п. 4.2.4). Прочие проверенные отступы: край тротуара и садовой дорожки — 4.25 м при норме 0.5 м; силовой кабель и кабель связи — 10.25 м при норме 0.7 м; водопровод, дренаж — 14.25 м при норме 1.0 м."
S-0332;кустарник;Сирень обыкновенная;61.625;15.875;СП 42.13330.2016;"таблица 9.1; ППМ № 743-ПП, прил. 1, п. 3.6.3, табл. 3.6.1 (МГСН 1.01-99); ППМ № 623-ПП (МГСН 1.02-02), п. 4.2.4";Край проезжей части, кромка укреплённой полосы обочины;1.0;1.75;"Посадка (кустарник) допустима. Определяющее ограничение — край проезжей части, кромка укреплённой полосы обочины: требуется не менее 1.0 м, фактически 1.75 м (СП 42.13330.2016, таблица 9.1; ППМ № 743-ПП, прил. 1, п. 3.6.3, табл. 3.6.1 (МГСН 1.01-99); ППМ № 623-ПП (МГСН 1.02-02), п. 4.2.4). Прочие проверенные отступы: край тротуара и садовой дорожки — 4.25 м при норме 0.5 м; силовой кабель и кабель связи — 10.25 м при норме 0.7 м; водопровод, дренаж — 14.25 м при норме 1.0 м."
S-0333;кустарник;Сирень обыкновенная;62.875;15.875;СП 42.13330.2016;"таблица 9.1; ППМ № 743-ПП, прил. 1, п. 3.6.3, табл. 3.6.1 (МГСН 1.01-99); ППМ № 623-ПП (МГСН 1.02-02), п. 4.2.4";Край проезжей части, кромка укреплённой полосы обочины;1.0;1.75;"Посадка (кустарник) допустима. Определяющее ограничение — край проезжей части, кромка укреплённой полосы обочины: требуется не менее 1.0 м, фактически 1.75 м (СП 42.13330.2016, таблица 9.1; ППМ № 743-ПП, прил. 1, п. 3.6.3, табл. 3.6.1 (МГСН 1.01-99); ППМ № 623-ПП (МГСН 1.02-02), п. 4.2.4). Прочие проверенные отступы: край тротуара и садовой дорожки — 4.25 м при норме 0.5 м; силовой кабель и кабель связи — 10.25 м при норме 0.7 м; водопровод, дренаж — 14.25 м при норме 1.0 м."
S-0334;кустарник;Сирень обыкновенная;64.125;15.875;СП 42.13330.2016;"таблица 9.1; ППМ № 743-ПП, прил. 1, п. 3.6.3, табл. 3.6.1 (МГСН 1.01-99); ППМ № 623-ПП (МГСН 1.02-02), п. 4.2.4";Край проезжей части, кромка укреплённой полосы обочины;1.0;1.75;"Посадка (кустарник) допустима. Определяющее ограничение — край проезжей части, кромка укреплённой полосы обочины: требуется не менее 1.0 м, фактически 1.75 м (СП 42.13330.2016, таблица 9.1; ППМ № 743-ПП, прил. 1, п. 3.6.3, табл. 3.6.1 (МГСН 1.01-99); ППМ № 623-ПП (МГСН 1.02-02), п. 4.2.4). Прочие проверенные отступы: край тротуара и садовой дорожки — 4.25 м при норме 0.5 м; силовой кабель и кабель связи — 10.25 м при норме 0.7 м; водопровод, дренаж — 14.25 м при норме 1.0 м."
S-0335;кустарник;Сирень обыкновенная;65.375;15.875;СП 42.13330.2016;"таблица 9.1; ППМ № 743-ПП, прил. 1, п. 3.6.3, табл. 3.6.1 (МГСН 1.01-99); ППМ № 623-ПП (МГСН 1.02-02), п. 4.2.4";Край проезжей части, кромка укреплённой полосы обочины;1.0;1.75;"Посадка (кустарник) допустима. Определяющее ограничение — край проезжей части, кромка укреплённой полосы обочины: требуется не менее 1.0 м, фактически 1.75 м (СП 42.13330.2016, таблица 9.1; ППМ № 743-ПП, прил. 1, п. 3.6.3, табл. 3.6.1 (МГСН 1.01-99); ППМ № 623-ПП (МГСН 1.02-02), п. 4.2.4). Прочие проверенные отступы: край тротуара и садовой дорожки — 4.25 м при норме 0.5 м; силовой кабель и кабель связи — 10.25 м при норме 0.7 м; водопровод, дренаж — 14.25 м при норме 1.0 м."
S-0336;кустарник;Сирень обыкновенная;66.625;15.875;СП 42.13330.2016;"таблица 9.1; ППМ № 743-ПП, прил. 1, п. 3.6.3, табл. 3.6.1 (МГСН 1.01-99); ППМ № 623-ПП (МГСН 1.02-02), п. 4.2.4";Край проезжей части, кромка укреплённой полосы обочины;1.0;1.75;"Посадка (кустарник) допустима. Определяющее ограничение — край проезжей части, кромка укреплённой полосы обочины: требуется не менее 1.0 м, фактически 1.75 м (СП 42.13330.2016, таблица 9.1; ППМ № 743-ПП, прил. 1, п. 3.6.3, табл. 3.6.1 (МГСН 1.01-99); ППМ № 623-ПП (МГСН 1.02-02), п. 4.2.4). Прочие проверенные отступы: край тротуара и садовой дорожки — 4.25 м при норме 0.5 м; силовой кабель и кабель связи — 10.25 м при норме 0.7 м; канализация — 13.5 м при норме 1.0 м."
S-0337;кустарник;Сирень обыкновенная;67.875;15.875;СП 42.13330.2016;"таблица 9.1; ППМ № 743-ПП, прил. 1, п. 3.6.3, табл. 3.6.1 (МГСН 1.01-99); ППМ № 623-ПП (МГСН 1.02-02), п. 4.2.4";Край проезжей части, кромка укреплённой полосы обочины;1.0;1.75;"Посадка (кустарник) допустима. Определяющее ограничение — край проезжей части, кромка укреплённой полосы обочины: требуется не менее 1.0 м, фактически 1.75 м (СП 42.13330.2016, таблица 9.1; ППМ № 743-ПП, прил. 1, п. 3.6.3, табл. 3.6.1 (МГСН 1.01-99); ППМ № 623-ПП (МГСН 1.02-02), п. 4.2.4). Прочие проверенные отступы: край тротуара и садовой дорожки — 4.25 м при норме 0.5 м; силовой кабель и кабель связи — 10.25 м при норме 0.7 м; канализация — 12.25 м при норме 1.0 м."
S-0338;кустарник;Сирень обыкновенная;69.125;15.875;СП 42.13330.2016;"таблица 9.1; ППМ № 743-ПП, прил. 1, п. 3.6.3, табл. 3.6.1 (МГСН 1.01-99); ППМ № 623-ПП (МГСН 1.02-02), п. 4.2.4";Край проезжей части, кромка укреплённой полосы обочины;1.0;1.75;"Посадка (кустарник) допустима. Определяющее ограничение — край проезжей части, кромка укреплённой полосы обочины: требуется не менее 1.0 м, фактически 1.75 м (СП 42.13330.2016, таблица 9.1; ППМ № 743-ПП, прил. 1, п. 3.6.3, табл. 3.6.1 (МГСН 1.01-99); ППМ № 623-ПП (МГСН 1.02-02), п. 4.2.4). Прочие проверенные отступы: край тротуара и садовой дорожки — 4.25 м при норме 0.5 м; силовой кабель и кабель связи — 10.25 м при норме 0.7 м; канализация — 11.0 м при норме 1.0 м."
S-0339;кустарник;Сирень обыкновенная;70.375;15.875;СП 42.13330.2016;"таблица 9.1; ППМ № 743-ПП, прил. 1, п. 3.6.3, табл. 3.6.1 (МГСН 1.01-99); ППМ № 623-ПП (МГСН 1.02-02), п. 4.2.4";Край проезжей части, кромка укреплённой полосы обочины;1.0;1.75;"Посадка (кустарник) допустима. Определяющее ограничение — край проезжей части, кромка укреплённой полосы обочины: требуется не менее 1.0 м, фактически 1.75 м (СП 42.13330.2016, таблица 9.1; ППМ № 743-ПП, прил. 1, п. 3.6.3, табл. 3.6.1 (МГСН 1.01-99); ППМ № 623-ПП (МГСН 1.02-02), п. 4.2.4). Прочие проверенные отступы: край тротуара и садовой дорожки — 4.25 м при норме 0.5 м; канализация — 9.75 м при норме 1.0 м; силовой кабель и кабель связи — 10.25 м при норме 0.7 м."
S-0340;кустарник;Сирень обыкновенная;71.625;15.875;СП 42.13330.2016;"таблица 9.1; ППМ № 743-ПП, прил. 1, п. 3.6.3, табл. 3.6.1 (МГСН 1.01-99); ППМ № 623-ПП (МГСН 1.02-02), п. 4.2.4";Край проезжей части, кромка укреплённой полосы обочины;1.0;1.75;"Посадка (кустарник) допустима. Определяющее ограничение — край проезжей части, кромка укреплённой полосы обочины: требуется не менее 1.0 м, фактически 1.75 м (СП 42.13330.2016, таблица 9.1; ППМ № 743-ПП, прил. 1, п. 3.6.3, табл. 3.6.1 (МГСН 1.01-99); ППМ № 623-ПП (МГСН 1.02-02), п. 4.2.4). Прочие проверенные отступы: край тротуара и садовой дорожки — 4.25 м при норме 0.5 м; канализация — 8.5 м при норме 1.0 м; силовой кабель и кабель связи — 10.25 м при норме 0.7 м."
S-0341;кустарник;Сирень обыкновенная;72.875;15.875;СП 42.13330.2016;"таблица 9.1; ППМ № 743-ПП, прил. 1, п. 3.6.3, табл. 3.6.1 (МГСН 1.01-99); ППМ № 623-ПП (МГСН 1.02-02), п. 4.2.4";Край проезжей части, кромка укреплённой полосы обочины;1.0;1.75;"Посадка (кустарник) допустима. Определяющее ограничение — край проезжей части, кромка укреплённой полосы обочины: требуется не менее 1.0 м, фактически 1.75 м (СП 42.13330.2016, таблица 9.1; ППМ № 743-ПП, прил. 1, п. 3.6.3, табл. 3.6.1 (МГСН 1.01-99); ППМ № 623-ПП (МГСН 1.02-02), п. 4.2.4). Прочие проверенные отступы: край тротуара и садовой дорожки — 4.25 м при норме 0.5 м; канализация — 7.25 м при норме 1.0 м; силовой кабель и кабель связи — 10.25 м при норме 0.7 м."
S-0342;кустарник;Сирень обыкновенная;74.125;15.875;СП 42.13330.2016;"таблица 9.1; ППМ № 743-ПП, прил. 1, п. 3.6.3, табл. 3.6.1 (МГСН 1.01-99); ППМ № 623-ПП (МГСН 1.02-02), п. 4.2.4";Край проезжей части, кромка укреплённой полосы обочины;1.0;1.75;"Посадка (кустарник) допустима. Определяющее ограничение — край проезжей части, кромка укреплённой полосы обочины: требуется не менее 1.0 м, фактически 1.75 м (СП 42.13330.2016, таблица 9.1; ППМ № 743-ПП, прил. 1, п. 3.6.3, табл. 3.6.1 (МГСН 1.01-99); ППМ № 623-ПП (МГСН 1.02-02), п. 4.2.4). Прочие проверенные отступы: край тротуара и садовой дорожки — 4.25 м при норме 0.5 м; канализация — 6.0 м при норме 1.0 м; силовой кабель и кабель связи — 10.25 м при норме 0.7 м."
S-0343;кустарник;Сирень обыкновенная;75.375;15.875;СП 42.13330.2016;"таблица 9.1; ППМ № 743-ПП, прил. 1, п. 3.6.3, табл. 3.6.1 (МГСН 1.01-99); ППМ № 623-ПП (МГСН 1.02-02), п. 4.2.4";Край проезжей части, кромка укреплённой полосы обочины;1.0;1.75;"Посадка (кустарник) допустима. Определяющее ограничение — край проезжей части, кромка укреплённой полосы обочины: требуется не менее 1.0 м, фактически 1.75 м (СП 42.13330.2016, таблица 9.1; ППМ № 743-ПП, прил. 1, п. 3.6.3, табл. 3.6.1 (МГСН 1.01-99); ППМ № 623-ПП (МГСН 1.02-02), п. 4.2.4). Прочие проверенные отступы: канализация — 4.75 м при норме 1.0 м; край тротуара и садовой дорожки — 4.25 м при норме 0.5 м; силовой кабель и кабель связи — 10.25 м при норме 0.7 м."
S-0344;кустарник;Сирень обыкновенная;76.625;15.875;СП 42.13330.2016;"таблица 9.1; ППМ № 743-ПП, прил. 1, п. 3.6.3, табл. 3.6.1 (МГСН 1.01-99); ППМ № 623-ПП (МГСН 1.02-02), п. 4.2.4";Край проезжей части, кромка укреплённой полосы обочины;1.0;1.75;"Посадка (кустарник) допустима. Определяющее ограничение — край проезжей части, кромка укреплённой полосы обочины: требуется не менее 1.0 м, фактически 1.75 м (СП 42.13330.2016, таблица 9.1; ППМ № 743-ПП, прил. 1, п. 3.6.3, табл. 3.6.1 (МГСН 1.01-99); ППМ № 623-ПП (МГСН 1.02-02), п. 4.2.4). Прочие проверенные отступы: канализация — 3.5 м при норме 1.0 м; край тротуара и садовой дорожки — 4.25 м при норме 0.5 м; силовой кабель и кабель связи — 10.25 м при норме 0.7 м."
S-0345;кустарник;Сирень обыкновенная;77.875;15.875;СП 42.13330.2016;"таблица 9.1; ППМ № 743-ПП, прил. 1, п. 3.6.3, табл. 3.6.1 (МГСН 1.01-99); ППМ № 623-ПП (МГСН 1.02-02), п. 4.2.4";Край проезжей части, кромка укреплённой полосы обочины;1.0;1.75;"Посадка (кустарник) допустима. Определяющее ограничение — край проезжей части, кромка укреплённой полосы обочины: требуется не менее 1.0 м, фактически 1.75 м (СП 42.13330.2016, таблица 9.1; ППМ № 743-ПП, прил. 1, п. 3.6.3, табл. 3.6.1 (МГСН 1.01-99); ППМ № 623-ПП (МГСН 1.02-02), п. 4.2.4). Прочие проверенные отступы: канализация — 2.25 м при норме 1.0 м; край тротуара и садовой дорожки — 4.25 м при норме 0.5 м; силовой кабель и кабель связи — 10.25 м при норме 0.7 м."
S-0346;кустарник;Сирень обыкновенная;81.875;15.875;СП 42.13330.2016;"таблица 9.1; ППМ № 743-ПП, прил. 1, п. 3.6.3, табл. 3.6.1 (МГСН 1.01-99); ППМ № 623-ПП (МГСН 1.02-02), п. 4.2.4";Канализация;1.0;1.75;"Посадка (кустарник) допустима. Определяющее ограничение — канализация: требуется не менее 1.0 м, фактически 1.75 м (СП 42.13330.2016, таблица 9.1; ППМ № 743-ПП, прил. 1, п. 3.6.3, табл. 3.6.1 (МГСН 1.01-99); ППМ № 623-ПП (МГСН 1.02-02), п. 4.2.4). Прочие проверенные отступы: край проезжей части, кромка укреплённой полосы обочины — 1.75 м при норме 1.0 м; край тротуара и садовой дорожки — 4.25 м при норме 0.5 м; силовой кабель и кабель связи — 10.25 м при норме 0.7 м."
S-0347;кустарник;Сирень обыкновенная;83.125;15.875;СП 42.13330.2016;"таблица 9.1; ППМ № 743-ПП, прил. 1, п. 3.6.3, табл. 3.6.1 (МГСН 1.01-99); ППМ № 623-ПП (МГСН 1.02-02), п. 4.2.4";Край проезжей части, кромка укреплённой полосы обочины;1.0;1.75;"Посадка (кустарник) допустима. Определяющее ограничение — край проезжей части, кромка укреплённой полосы обочины: требуется не менее 1.0 м, фактически 1.75 м (СП 42.13330.2016, таблица 9.1; ППМ № 743-ПП, прил. 1, п. 3.6.3, табл. 3.6.1 (МГСН 1.01-99); ППМ № 623-ПП (МГСН 1.02-02), п. 4.2.4). Прочие проверенные отступы: канализация — 3.0 м при норме 1.0 м; край тротуара и садовой дорожки — 4.25 м при норме 0.5 м; силовой кабель и кабель связи — 10.25 м при норме 0.7 м."
S-0348;кустарник;Сирень обыкновенная;84.375;15.875;СП 42.13330.2016;"таблица 9.1; ППМ № 743-ПП, прил. 1, п. 3.6.3, табл. 3.6.1 (МГСН 1.01-99); ППМ № 623-ПП (МГСН 1.02-02), п. 4.2.4";Край проезжей части, кромка укреплённой полосы обочины;1.0;1.75;"Посадка (кустарник) допустима. Определяющее ограничение — край проезжей части, кромка укреплённой полосы обочины: требуется не менее 1.0 м, фактически 1.75 м (СП 42.13330.2016, таблица 9.1; ППМ № 743-ПП, прил. 1, п. 3.6.3, табл. 3.6.1 (МГСН 1.01-99); ППМ № 623-ПП (МГСН 1.02-02), п. 4.2.4). Прочие проверенные отступы: канализация — 4.25 м при норме 1.0 м; край тротуара и садовой дорожки — 4.25 м при норме 0.5 м; силовой кабель и кабель связи — 10.25 м при норме 0.7 м."
S-0349;кустарник;Сирень обыкновенная;85.625;15.875;СП 42.13330.2016;"таблица 9.1; ППМ № 743-ПП, прил. 1, п. 3.6.3, табл. 3.6.1 (МГСН 1.01-99); ППМ № 623-ПП (МГСН 1.02-02), п. 4.2.4";Край проезжей части, кромка укреплённой полосы обочины;1.0;1.75;"Посадка (кустарник) допустима. Определяющее ограничение — край проезжей части, кромка укреплённой полосы обочины: требуется не менее 1.0 м, фактически 1.75 м (СП 42.13330.2016, таблица 9.1; ППМ № 743-ПП, прил. 1, п. 3.6.3, табл. 3.6.1 (МГСН 1.01-99); ППМ № 623-ПП (МГСН 1.02-02), п. 4.2.4). Прочие проверенные отступы: край тротуара и садовой дорожки — 4.25 м при норме 0.5 м; канализация — 5.5 м при норме 1.0 м; силовой кабель и кабель связи — 10.25 м при норме 0.7 м."
S-0350;кустарник;Сирень обыкновенная;86.875;15.875;СП 42.13330.2016;"таблица 9.1; ППМ № 743-ПП, прил. 1, п. 3.6.3, табл. 3.6.1 (МГСН 1.01-99); ППМ № 623-ПП (МГСН 1.02-02), п. 4.2.4";Край проезжей части, кромка укреплённой полосы обочины;1.0;1.75;"Посадка (кустарник) допустима. Определяющее ограничение — край проезжей части, кромка укреплённой полосы обочины: требуется не менее 1.0 м, фактически 1.75 м (СП 42.13330.2016, таблица 9.1; ППМ № 743-ПП, прил. 1, п. 3.6.3, табл. 3.6.1 (МГСН 1.01-99); ППМ № 623-ПП (МГСН 1.02-02), п. 4.2.4). Прочие проверенные отступы: край тротуара и садовой дорожки — 4.25 м при норме 0.5 м; канализация — 6.75 м при норме 1.0 м; силовой кабель и кабель связи — 10.25 м при норме 0.7 м."
S-0351;кустарник;Сирень обыкновенная;88.125;15.875;СП 42.13330.2016;"таблица 9.1; ППМ № 743-ПП, прил. 1, п. 3.6.3, табл. 3.6.1 (МГСН 1.01-99); ППМ № 623-ПП (МГСН 1.02-02), п. 4.2.4";Край проезжей части, кромка укреплённой полосы обочины;1.0;1.75;"Посадка (кустарник) допустима. Определяющее ограничение — край проезжей части, кромка укреплённой полосы обочины: требуется не менее 1.0 м, фактически 1.75 м (СП 42.13330.2016, таблица 9.1; ППМ № 743-ПП, прил. 1, п. 3.6.3, табл. 3.6.1 (МГСН 1.01-99); ППМ № 623-ПП (МГСН 1.02-02), п. 4.2.4). Прочие проверенные отступы: край тротуара и садовой дорожки — 4.25 м при норме 0.5 м; канализация — 8.0 м при норме 1.0 м; силовой кабель и кабель связи — 10.25 м при норме 0.7 м."
S-0352;кустарник;Сирень обыкновенная;89.375;15.875;СП 42.13330.2016;"таблица 9.1; ППМ № 743-ПП, прил. 1, п. 3.6.3, табл. 3.6.1 (МГСН 1.01-99); ППМ № 623-ПП (МГСН 1.02-02), п. 4.2.4";Край проезжей части, кромка укреплённой полосы обочины;1.0;1.75;"Посадка (кустарник) допустима. Определяющее ограничение — край проезжей части, кромка укреплённой полосы обочины: требуется не менее 1.0 м, фактически 1.75 м (СП 42.13330.2016, таблица 9.1; ППМ № 743-ПП, прил. 1, п. 3.6.3, табл. 3.6.1 (МГСН 1.01-99); ППМ № 623-ПП (МГСН 1.02-02), п. 4.2.4). Прочие проверенные отступы: край тротуара и садовой дорожки — 4.25 м при норме 0.5 м; канализация — 9.25 м при норме 1.0 м; силовой кабель и кабель связи — 10.25 м при норме 0.7 м."
S-0353;кустарник;Сирень обыкновенная;90.625;15.875;СП 42.13330.2016;"таблица 9.1; ППМ № 743-ПП, прил. 1, п. 3.6.3, табл. 3.6.1 (МГСН 1.01-99); ППМ № 623-ПП (МГСН 1.02-02), п. 4.2.4";Край проезжей части, кромка укреплённой полосы обочины;1.0;1.75;"Посадка (кустарник) допустима. Определяющее ограничение — край проезжей части, кромка укреплённой полосы обочины: требуется не менее 1.0 м, фактически 1.75 м (СП 42.13330.2016, таблица 9.1; ППМ № 743-ПП, прил. 1, п. 3.6.3, табл. 3.6.1 (МГСН 1.01-99); ППМ № 623-ПП (МГСН 1.02-02), п. 4.2.4). Прочие проверенные отступы: край тротуара и садовой дорожки — 4.25 м при норме 0.5 м; канализация — 10.5 м при норме 1.0 м; силовой кабель и кабель связи — 10.25 м при норме 0.7 м."
S-0354;кустарник;Сирень обыкновенная;91.875;15.875;СП 42.13330.2016;"таблица 9.1; ППМ № 743-ПП, прил. 1, п. 3.6.3, табл. 3.6.1 (МГСН 1.01-99); ППМ № 623-ПП (МГСН 1.02-02), п. 4.2.4";Край проезжей части, кромка укреплённой полосы обочины;1.0;1.75;"Посадка (кустарник) допустима. Определяющее ограничение — край проезжей части, кромка укреплённой полосы обочины: требуется не менее 1.0 м, фактически 1.75 м (СП 42.13330.2016, таблица 9.1; ППМ № 743-ПП, прил. 1, п. 3.6.3, табл. 3.6.1 (МГСН 1.01-99); ППМ № 623-ПП (МГСН 1.02-02), п. 4.2.4). Прочие проверенные отступы: край тротуара и садовой дорожки — 4.25 м при норме 0.5 м; силовой кабель и кабель связи — 10.25 м при норме 0.7 м; канализация — 11.75 м при норме 1.0 м."
S-0355;кустарник;Сирень обыкновенная;93.125;15.875;СП 42.13330.2016;"таблица 9.1; ППМ № 743-ПП, прил. 1, п. 3.6.3, табл. 3.6.1 (МГСН 1.01-99); ППМ № 623-ПП (МГСН 1.02-02), п. 4.2.4";Край проезжей части, кромка укреплённой полосы обочины;1.0;1.75;"Посадка (кустарник) допустима. Определяющее ограничение — край проезжей части, кромка укреплённой полосы обочины: требуется не менее 1.0 м, фактически 1.75 м (СП 42.13330.2016, таблица 9.1; ППМ № 743-ПП, прил. 1, п. 3.6.3, табл. 3.6.1 (МГСН 1.01-99); ППМ № 623-ПП (МГСН 1.02-02), п. 4.2.4). Прочие проверенные отступы: край тротуара и садовой дорожки — 4.25 м при норме 0.5 м; силовой кабель и кабель связи — 10.25 м при норме 0.7 м; канализация — 13.0 м при норме 1.0 м."
S-0356;кустарник;Сирень обыкновенная;94.375;15.875;СП 42.13330.2016;"таблица 9.1; ППМ № 743-ПП, прил. 1, п. 3.6.3, табл. 3.6.1 (МГСН 1.01-99); ППМ № 623-ПП (МГСН 1.02-02), п. 4.2.4";Край проезжей части, кромка укреплённой полосы обочины;1.0;1.75;"Посадка (кустарник) допустима. Определяющее ограничение — край проезжей части, кромка укреплённой полосы обочины: требуется не менее 1.0 м, фактически 1.75 м (СП 42.13330.2016, таблица 9.1; ППМ № 743-ПП, прил. 1, п. 3.6.3, табл. 3.6.1 (МГСН 1.01-99); ППМ № 623-ПП (МГСН 1.02-02), п. 4.2.4). Прочие проверенные отступы: край тротуара и садовой дорожки — 4.25 м при норме 0.5 м; силовой кабель и кабель связи — 10.25 м при норме 0.7 м; водопровод, дренаж — 14.25 м при норме 1.0 м."
S-0357;кустарник;Сирень обыкновенная;95.625;15.875;СП 42.13330.2016;"таблица 9.1; ППМ № 743-ПП, прил. 1, п. 3.6.3, табл. 3.6.1 (МГСН 1.01-99); ППМ № 623-ПП (МГСН 1.02-02), п. 4.2.4";Край проезжей части, кромка укреплённой полосы обочины;1.0;1.75;"Посадка (кустарник) допустима. Определяющее ограничение — край проезжей части, кромка укреплённой полосы обочины: требуется не менее 1.0 м, фактически 1.75 м (СП 42.13330.2016, таблица 9.1; ППМ № 743-ПП, прил. 1, п. 3.6.3, табл. 3.6.1 (МГСН 1.01-99); ППМ № 623-ПП (МГСН 1.02-02), п. 4.2.4). Прочие проверенные отступы: край тротуара и садовой дорожки — 4.25 м при норме 0.5 м; силовой кабель и кабель связи — 10.25 м при норме 0.7 м; водопровод, дренаж — 14.25 м при норме 1.0 м."
S-0358;кустарник;Сирень обыкновенная;96.875;15.875;СП 42.13330.2016;"таблица 9.1; ППМ № 743-ПП, прил. 1, п. 3.6.3, табл. 3.6.1 (МГСН 1.01-99); ППМ № 623-ПП (МГСН 1.02-02), п. 4.2.4";Край проезжей части, кромка укреплённой полосы обочины;1.0;1.75;"Посадка (кустарник) допустима. Определяющее ограничение — край проезжей части, кромка укреплённой полосы обочины: требуется не менее 1.0 м, фактически 1.75 м (СП 42.13330.2016, таблица 9.1; ППМ № 743-ПП, прил. 1, п. 3.6.3, табл. 3.6.1 (МГСН 1.01-99); ППМ № 623-ПП (МГСН 1.02-02), п. 4.2.4). Прочие проверенные отступы: край тротуара и садовой дорожки — 4.25 м при норме 0.5 м; силовой кабель и кабель связи — 10.25 м при норме 0.7 м; водопровод, дренаж — 14.25 м при норме 1.0 м."
S-0359;кустарник;Сирень обыкновенная;98.125;15.875;СП 42.13330.2016;"таблица 9.1; ППМ № 743-ПП, прил. 1, п. 3.6.3, табл. 3.6.1 (МГСН 1.01-99); ППМ № 623-ПП (МГСН 1.02-02), п. 4.2.4";Край проезжей части, кромка укреплённой полосы обочины;1.0;1.75;"Посадка (кустарник) допустима. Определяющее ограничение — край проезжей части, кромка укреплённой полосы обочины: требуется не менее 1.0 м, фактически 1.75 м (СП 42.13330.2016, таблица 9.1; ППМ № 743-ПП, прил. 1, п. 3.6.3, табл. 3.6.1 (МГСН 1.01-99); ППМ № 623-ПП (МГСН 1.02-02), п. 4.2.4). Прочие проверенные отступы: край тротуара и садовой дорожки — 4.25 м при норме 0.5 м; силовой кабель и кабель связи — 10.25 м при норме 0.7 м; водопровод, дренаж — 14.25 м при норме 1.0 м."
S-0360;кустарник;Сирень обыкновенная;99.375;15.875;СП 42.13330.2016;"таблица 9.1; ППМ № 743-ПП, прил. 1, п. 3.6.3, табл. 3.6.1 (МГСН 1.01-99); ППМ № 623-ПП (МГСН 1.02-02), п. 4.2.4";Край проезжей части, кромка укреплённой полосы обочины;1.0;1.75;"Посадка (кустарник) допустима. Определяющее ограничение — край проезжей части, кромка укреплённой полосы обочины: требуется не менее 1.0 м, фактически 1.75 м (СП 42.13330.2016, таблица 9.1; ППМ № 743-ПП, прил. 1, п. 3.6.3, табл. 3.6.1 (МГСН 1.01-99); ППМ № 623-ПП (МГСН 1.02-02), п. 4.2.4). Прочие проверенные отступы: край тротуара и садовой дорожки — 4.25 м при норме 0.5 м; силовой кабель и кабель связи — 10.25 м при норме 0.7 м; водопровод, дренаж — 14.25 м при норме 1.0 м."
S-0361;кустарник;Бересклет европейский;100.625;15.875;СП 42.13330.2016;"таблица 9.1; ППМ № 743-ПП, прил. 1, п. 3.6.3, табл. 3.6.1 (МГСН 1.01-99); ППМ № 623-ПП (МГСН 1.02-02), п. 4.2.4";Край проезжей части, кромка укреплённой полосы обочины;1.0;1.75;"Посадка (кустарник) допустима. Определяющее ограничение — край проезжей части, кромка укреплённой полосы обочины: требуется не менее 1.0 м, фактически 1.75 м (СП 42.13330.2016, таблица 9.1; ППМ № 743-ПП, прил. 1, п. 3.6.3, табл. 3.6.1 (МГСН 1.01-99); ППМ № 623-ПП (МГСН 1.02-02), п. 4.2.4). Прочие проверенные отступы: край тротуара и садовой дорожки — 4.25 м при норме 0.5 м; силовой кабель и кабель связи — 10.25 м при норме 0.7 м; водопровод, дренаж — 14.25 м при норме 1.0 м."
S-0362;кустарник;Бересклет европейский;101.875;15.875;СП 42.13330.2016;"таблица 9.1; ППМ № 743-ПП, прил. 1, п. 3.6.3, табл. 3.6.1 (МГСН 1.01-99); ППМ № 623-ПП (МГСН 1.02-02), п. 4.2.4";Край проезжей части, кромка укреплённой полосы обочины;1.0;1.75;"Посадка (кустарник) допустима. Определяющее ограничение — край проезжей части, кромка укреплённой полосы обочины: требуется не менее 1.0 м, фактически 1.75 м (СП 42.13330.2016, таблица 9.1; ППМ № 743-ПП, прил. 1, п. 3.6.3, табл. 3.6.1 (МГСН 1.01-99); ППМ № 623-ПП (МГСН 1.02-02), п. 4.2.4). Прочие проверенные отступы: край тротуара и садовой дорожки — 4.25 м при норме 0.5 м; силовой кабель и кабель связи — 10.25 м при норме 0.7 м; водопровод, дренаж — 14.25 м при норме 1.0 м."
S-0363;кустарник;Бересклет европейский;103.125;15.875;СП 42.13330.2016;"таблица 9.1; ППМ № 743-ПП, прил. 1, п. 3.6.3, табл. 3.6.1 (МГСН 1.01-99); ППМ № 623-ПП (МГСН 1.02-02), п. 4.2.4";Край проезжей части, кромка укреплённой полосы обочины;1.0;1.75;"Посадка (кустарник) допустима. Определяющее ограничение — край проезжей части, кромка укреплённой полосы обочины: требуется не менее 1.0 м, фактически 1.75 м (СП 42.13330.2016, таблица 9.1; ППМ № 743-ПП, прил. 1, п. 3.6.3, табл. 3.6.1 (МГСН 1.01-99); ППМ № 623-ПП (МГСН 1.02-02), п. 4.2.4). Прочие проверенные отступы: край тротуара и садовой дорожки — 4.25 м при норме 0.5 м; силовой кабель и кабель связи — 10.25 м при норме 0.7 м; водопровод, дренаж — 14.25 м при норме 1.0 м."
S-0364;кустарник;Бересклет европейский;104.375;15.875;СП 42.13330.2016;"таблица 9.1; ППМ № 743-ПП, прил. 1, п. 3.6.3, табл. 3.6.1 (МГСН 1.01-99); ППМ № 623-ПП (МГСН 1.02-02), п. 4.2.4";Край проезжей части, кромка укреплённой полосы обочины;1.0;1.75;"Посадка (кустарник) допустима. Определяющее ограничение — край проезжей части, кромка укреплённой полосы обочины: требуется не менее 1.0 м, фактически 1.75 м (СП 42.13330.2016, таблица 9.1; ППМ № 743-ПП, прил. 1, п. 3.6.3, табл. 3.6.1 (МГСН 1.01-99); ППМ № 623-ПП (МГСН 1.02-02), п. 4.2.4). Прочие проверенные отступы: край тротуара и садовой дорожки — 4.25 м при норме 0.5 м; силовой кабель и кабель связи — 10.25 м при норме 0.7 м; водопровод, дренаж — 14.25 м при норме 1.0 м."
S-0365;кустарник;Бересклет европейский;105.625;15.875;СП 42.13330.2016;"таблица 9.1; ППМ № 743-ПП, прил. 1, п. 3.6.3, табл. 3.6.1 (МГСН 1.01-99); ППМ № 623-ПП (МГСН 1.02-02), п. 4.2.4";Край проезжей части, кромка укреплённой полосы обочины;1.0;1.75;"Посадка (кустарник) допустима. Определяющее ограничение — край проезжей части, кромка укреплённой полосы обочины: требуется не менее 1.0 м, фактически 1.75 м (СП 42.13330.2016, таблица 9.1; ППМ № 743-ПП, прил. 1, п. 3.6.3, табл. 3.6.1 (МГСН 1.01-99); ППМ № 623-ПП (МГСН 1.02-02), п. 4.2.4). Прочие проверенные отступы: край тротуара и садовой дорожки — 4.25 м при норме 0.5 м; силовой кабель и кабель связи — 10.25 м при норме 0.7 м; водопровод, дренаж — 14.25 м при норме 1.0 м."
S-0366;кустарник;Бересклет европейский;106.875;15.875;СП 42.13330.2016;"таблица 9.1; ППМ № 743-ПП, прил. 1, п. 3.6.3, табл. 3.6.1 (МГСН 1.01-99); ППМ № 623-ПП (МГСН 1.02-02), п. 4.2.4";Край проезжей части, кромка укреплённой полосы обочины;1.0;1.75;"Посадка (кустарник) допустима. Определяющее ограничение — край проезжей части, кромка укреплённой полосы обочины: требуется не менее 1.0 м, фактически 1.75 м (СП 42.13330.2016, таблица 9.1; ППМ № 743-ПП, прил. 1, п. 3.6.3, табл. 3.6.1 (МГСН 1.01-99); ППМ № 623-ПП (МГСН 1.02-02), п. 4.2.4). Прочие проверенные отступы: край тротуара и садовой дорожки — 4.25 м при норме 0.5 м; силовой кабель и кабель связи — 10.25 м при норме 0.7 м; водопровод, дренаж — 14.25 м при норме 1.0 м."
S-0367;кустарник;Бересклет европейский;108.125;15.875;СП 42.13330.2016;"таблица 9.1; ППМ № 743-ПП, прил. 1, п. 3.6.3, табл. 3.6.1 (МГСН 1.01-99); ППМ № 623-ПП (МГСН 1.02-02), п. 4.2.4";Край проезжей части, кромка укреплённой полосы обочины;1.0;1.75;"Посадка (кустарник) допустима. Определяющее ограничение — край проезжей части, кромка укреплённой полосы обочины: требуется не менее 1.0 м, фактически 1.75 м (СП 42.13330.2016, таблица 9.1; ППМ № 743-ПП, прил. 1, п. 3.6.3, табл. 3.6.1 (МГСН 1.01-99); ППМ № 623-ПП (МГСН 1.02-02), п. 4.2.4). Прочие проверенные отступы: край тротуара и садовой дорожки — 4.25 м при норме 0.5 м; силовой кабель и кабель связи — 10.25 м при норме 0.7 м; водопровод, дренаж — 14.25 м при норме 1.0 м."
S-0368;кустарник;Бересклет европейский;109.375;15.875;СП 42.13330.2016;"таблица 9.1; ППМ № 743-ПП, прил. 1, п. 3.6.3, табл. 3.6.1 (МГСН 1.01-99); ППМ № 623-ПП (МГСН 1.02-02), п. 4.2.4";Край проезжей части, кромка укреплённой полосы обочины;1.0;1.75;"Посадка (кустарник) допустима. Определяющее ограничение — край проезжей части, кромка укреплённой полосы обочины: требуется не менее 1.0 м, фактически 1.75 м (СП 42.13330.2016, таблица 9.1; ППМ № 743-ПП, прил. 1, п. 3.6.3, табл. 3.6.1 (МГСН 1.01-99); ППМ № 623-ПП (МГСН 1.02-02), п. 4.2.4). Прочие проверенные отступы: край тротуара и садовой дорожки — 4.25 м при норме 0.5 м; силовой кабель и кабель связи — 10.25 м при норме 0.7 м; водопровод, дренаж — 14.25 м при норме 1.0 м."
S-0369;кустарник;Бересклет европейский;110.625;15.875;СП 42.13330.2016;"таблица 9.1; ППМ № 743-ПП, прил. 1, п. 3.6.3, табл. 3.6.1 (МГСН 1.01-99); ППМ № 623-ПП (МГСН 1.02-02), п. 4.2.4";Край проезжей части, кромка укреплённой полосы обочины;1.0;1.75;"Посадка (кустарник) допустима. Определяющее ограничение — край проезжей части, кромка укреплённой полосы обочины: требуется не менее 1.0 м, фактически 1.75 м (СП 42.13330.2016, таблица 9.1; ППМ № 743-ПП, прил. 1, п. 3.6.3, табл. 3.6.1 (МГСН 1.01-99); ППМ № 623-ПП (МГСН 1.02-02), п. 4.2.4). Прочие проверенные отступы: край тротуара и садовой дорожки — 4.25 м при норме 0.5 м; силовой кабель и кабель связи — 10.25 м при норме 0.7 м; водопровод, дренаж — 14.25 м при норме 1.0 м."
S-0370;кустарник;Бересклет европейский;111.875;15.875;СП 42.13330.2016;"таблица 9.1; ППМ № 743-ПП, прил. 1, п. 3.6.3, табл. 3.6.1 (МГСН 1.01-99); ППМ № 623-ПП (МГСН 1.02-02), п. 4.2.4";Край проезжей части, кромка укреплённой полосы обочины;1.0;1.75;"Посадка (кустарник) допустима. Определяющее ограничение — край проезжей части, кромка укреплённой полосы обочины: требуется не менее 1.0 м, фактически 1.75 м (СП 42.13330.2016, таблица 9.1; ППМ № 743-ПП, прил. 1, п. 3.6.3, табл. 3.6.1 (МГСН 1.01-99); ППМ № 623-ПП (МГСН 1.02-02), п. 4.2.4). Прочие проверенные отступы: край тротуара и садовой дорожки — 4.25 м при норме 0.5 м; силовой кабель и кабель связи — 10.25 м при норме 0.7 м; водопровод, дренаж — 14.25 м при норме 1.0 м."
S-0371;кустарник;Бересклет европейский;113.125;15.875;СП 42.13330.2016;"таблица 9.1; ППМ № 743-ПП, прил. 1, п. 3.6.3, табл. 3.6.1 (МГСН 1.01-99); ППМ № 623-ПП (МГСН 1.02-02), п. 4.2.4";Край проезжей части, кромка укреплённой полосы обочины;1.0;1.75;"Посадка (кустарник) допустима. Определяющее ограничение — край проезжей части, кромка укреплённой полосы обочины: требуется не менее 1.0 м, фактически 1.75 м (СП 42.13330.2016, таблица 9.1; ППМ № 743-ПП, прил. 1, п. 3.6.3, табл. 3.6.1 (МГСН 1.01-99); ППМ № 623-ПП (МГСН 1.02-02), п. 4.2.4). Прочие проверенные отступы: край тротуара и садовой дорожки — 4.25 м при норме 0.5 м; силовой кабель и кабель связи — 10.25 м при норме 0.7 м; водопровод, дренаж — 14.25 м при норме 1.0 м."
S-0372;кустарник;Бересклет европейский;114.375;15.875;СП 42.13330.2016;"таблица 9.1; ППМ № 743-ПП, прил. 1, п. 3.6.3, табл. 3.6.1 (МГСН 1.01-99); ППМ № 623-ПП (МГСН 1.02-02), п. 4.2.4";Край проезжей части, кромка укреплённой полосы обочины;1.0;1.75;"Посадка (кустарник) допустима. Определяющее ограничение — край проезжей части, кромка укреплённой полосы обочины: требуется не менее 1.0 м, фактически 1.75 м (СП 42.13330.2016, таблица 9.1; ППМ № 743-ПП, прил. 1, п. 3.6.3, табл. 3.6.1 (МГСН 1.01-99); ППМ № 623-ПП (МГСН 1.02-02), п. 4.2.4). Прочие проверенные отступы: край тротуара и садовой дорожки — 4.25 м при норме 0.5 м; силовой кабель и кабель связи — 10.25 м при норме 0.7 м; водопровод, дренаж — 14.25 м при норме 1.0 м."
S-0373;кустарник;Бересклет европейский;115.625;15.875;СП 42.13330.2016;"таблица 9.1; ППМ № 743-ПП, прил. 1, п. 3.6.3, табл. 3.6.1 (МГСН 1.01-99); ППМ № 623-ПП (МГСН 1.02-02), п. 4.2.4";Край проезжей части, кромка укреплённой полосы обочины;1.0;1.75;"Посадка (кустарник) допустима. Определяющее ограничение — край проезжей части, кромка укреплённой полосы обочины: требуется не менее 1.0 м, фактически 1.75 м (СП 42.13330.2016, таблица 9.1; ППМ № 743-ПП, прил. 1, п. 3.6.3, табл. 3.6.1 (МГСН 1.01-99); ППМ № 623-ПП (МГСН 1.02-02), п. 4.2.4). Прочие проверенные отступы: край тротуара и садовой дорожки — 4.25 м при норме 0.5 м; силовой кабель и кабель связи — 10.25 м при норме 0.7 м; водопровод, дренаж — 14.25 м при норме 1.0 м."
S-0374;кустарник;Бересклет европейский;116.875;15.875;СП 42.13330.2016;"таблица 9.1; ППМ № 743-ПП, прил. 1, п. 3.6.3, табл. 3.6.1 (МГСН 1.01-99); ППМ № 623-ПП (МГСН 1.02-02), п. 4.2.4";Край проезжей части, кромка укреплённой полосы обочины;1.0;1.75;"Посадка (кустарник) допустима. Определяющее ограничение — край проезжей части, кромка укреплённой полосы обочины: требуется не менее 1.0 м, фактически 1.75 м (СП 42.13330.2016, таблица 9.1; ППМ № 743-ПП, прил. 1, п. 3.6.3, табл. 3.6.1 (МГСН 1.01-99); ППМ № 623-ПП (МГСН 1.02-02), п. 4.2.4). Прочие проверенные отступы: край тротуара и садовой дорожки — 4.25 м при норме 0.5 м; силовой кабель и кабель связи — 10.25 м при норме 0.7 м; водопровод, дренаж — 14.25 м при норме 1.0 м."
S-0375;кустарник;Бересклет европейский;118.125;15.875;СП 42.13330.2016;"таблица 9.1; ППМ № 743-ПП, прил. 1, п. 3.6.3, табл. 3.6.1 (МГСН 1.01-99); ППМ № 623-ПП (МГСН 1.02-02), п. 4.2.4";Край проезжей части, кромка укреплённой полосы обочины;1.0;1.75;"Посадка (кустарник) допустима. Определяющее ограничение — край проезжей части, кромка укреплённой полосы обочины: требуется не менее 1.0 м, фактически 1.75 м (СП 42.13330.2016, таблица 9.1; ППМ № 743-ПП, прил. 1, п. 3.6.3, табл. 3.6.1 (МГСН 1.01-99); ППМ № 623-ПП (МГСН 1.02-02), п. 4.2.4). Прочие проверенные отступы: край тротуара и садовой дорожки — 4.25 м при норме 0.5 м; силовой кабель и кабель связи — 10.25 м при норме 0.7 м; водопровод, дренаж — 14.25 м при норме 1.0 м."
S-0376;кустарник;Бересклет европейский;119.375;15.875;СП 42.13330.2016;"таблица 9.1; ППМ № 743-ПП, прил. 1, п. 3.6.3, табл. 3.6.1 (МГСН 1.01-99); ППМ № 623-ПП (МГСН 1.02-02), п. 4.2.4";Край проезжей части, кромка укреплённой полосы обочины;1.0;1.75;"Посадка (кустарник) допустима. Определяющее ограничение — край проезжей части, кромка укреплённой полосы обочины: требуется не менее 1.0 м, фактически 1.75 м (СП 42.13330.2016, таблица 9.1; ППМ № 743-ПП, прил. 1, п. 3.6.3, табл. 3.6.1 (МГСН 1.01-99); ППМ № 623-ПП (МГСН 1.02-02), п. 4.2.4). Прочие проверенные отступы: край тротуара и садовой дорожки — 4.25 м при норме 0.5 м; силовой кабель и кабель связи — 10.25 м при норме 0.7 м; водопровод, дренаж — 14.25 м при норме 1.0 м."
S-0377;кустарник;Бересклет европейский;78.125;0.625;СП 42.13330.2016;"таблица 9.1; ППМ № 743-ПП, прил. 1, п. 3.6.3, табл. 3.6.1 (МГСН 1.01-99); ППМ № 623-ПП (МГСН 1.02-02), п. 4.2.4";Канализация;1.0;2.0;"Посадка (кустарник) допустима. Определяющее ограничение — канализация: требуется не менее 1.0 м, фактически 2.0 м (СП 42.13330.2016, таблица 9.1; ППМ № 743-ПП, прил. 1, п. 3.6.3, табл. 3.6.1 (МГСН 1.01-99); ППМ № 623-ПП (МГСН 1.02-02), п. 4.2.4). Прочие проверенные отступы: край проезжей части, кромка укреплённой полосы обочины — 7.5 м при норме 1.0 м; край тротуара и садовой дорожки — 19.5 м при норме 0.5 м; силовой кабель и кабель связи — 25.5 м при норме 0.7 м."
S-0378;кустарник;Бересклет европейский;82.125;0.625;СП 42.13330.2016;"таблица 9.1; ППМ № 743-ПП, прил. 1, п. 3.6.3, табл. 3.6.1 (МГСН 1.01-99); ППМ № 623-ПП (МГСН 1.02-02), п. 4.2.4";Канализация;1.0;2.0;"Посадка (кустарник) допустима. Определяющее ограничение — канализация: требуется не менее 1.0 м, фактически 2.0 м (СП 42.13330.2016, таблица 9.1; ППМ № 743-ПП, прил. 1, п. 3.6.3, табл. 3.6.1 (МГСН 1.01-99); ППМ № 623-ПП (МГСН 1.02-02), п. 4.2.4). Прочие проверенные отступы: край проезжей части, кромка укреплённой полосы обочины — 7.5 м при норме 1.0 м; край тротуара и садовой дорожки — 19.5 м при норме 0.5 м; силовой кабель и кабель связи — 25.5 м при норме 0.7 м."
S-0379;кустарник;Бересклет европейский;78.125;2.625;СП 42.13330.2016;"таблица 9.1; ППМ № 743-ПП, прил. 1, п. 3.6.3, табл. 3.6.1 (МГСН 1.01-99); ППМ № 623-ПП (МГСН 1.02-02), п. 4.2.4";Канализация;1.0;2.0;"Посадка (кустарник) допустима. Определяющее ограничение — канализация: требуется не менее 1.0 м, фактически 2.0 м (СП 42.13330.2016, таблица 9.1; ППМ № 743-ПП, прил. 1, п. 3.6.3, табл. 3.6.1 (МГСН 1.01-99); ППМ № 623-ПП (МГСН 1.02-02), п. 4.2.4). Прочие проверенные отступы: край проезжей части, кромка укреплённой полосы обочины — 5.5 м при норме 1.0 м; край тротуара и садовой дорожки — 17.5 м при норме 0.5 м; силовой кабель и кабель связи — 23.5 м при норме 0.7 м."
S-0380;кустарник;Бересклет европейский;82.125;2.625;СП 42.13330.2016;"таблица 9.1; ППМ № 743-ПП, прил. 1, п. 3.6.3, табл. 3.6.1 (МГСН 1.01-99); ППМ № 623-ПП (МГСН 1.02-02), п. 4.2.4";Канализация;1.0;2.0;"Посадка (кустарник) допустима. Определяющее ограничение — канализация: требуется не менее 1.0 м, фактически 2.0 м (СП 42.13330.2016, таблица 9.1; ППМ № 743-ПП, прил. 1, п. 3.6.3, табл. 3.6.1 (МГСН 1.01-99); ППМ № 623-ПП (МГСН 1.02-02), п. 4.2.4). Прочие проверенные отступы: край проезжей части, кромка укреплённой полосы обочины — 5.5 м при норме 1.0 м; край тротуара и садовой дорожки — 17.5 м при норме 0.5 м; силовой кабель и кабель связи — 23.5 м при норме 0.7 м."
S-0381;кустарник;Бересклет европейский;10.875;17.625;СП 42.13330.2016;"таблица 9.1; ППМ № 743-ПП, прил. 1, п. 3.6.3, табл. 3.6.1 (МГСН 1.01-99); ППМ № 623-ПП (МГСН 1.02-02), п. 4.2.4";Край тротуара и садовой дорожки;0.5;2.5;"Посадка (кустарник) допустима. Определяющее ограничение — край тротуара и садовой дорожки: требуется не менее 0.5 м, фактически 2.5 м (СП 42.13330.2016, таблица 9.1; ППМ № 743-ПП, прил. 1, п. 3.6.3, табл. 3.6.1 (МГСН 1.01-99); ППМ № 623-ПП (МГСН 1.02-02), п. 4.2.4). Прочие проверенные отступы: край проезжей части, кромка укреплённой полосы обочины — 3.5 м при норме 1.0 м; силовой кабель и кабель связи — 8.5 м при норме 0.7 м; водопровод, дренаж — 12.5 м при норме 1.0 м."
S-0382;кустарник;Бересклет европейский;13.375;17.625;СП 42.13330.2016;"таблица 9.1; ППМ № 743-ПП, прил. 1, п. 3.6.3, табл. 3.6.1 (МГСН 1.01-99); ППМ № 623-ПП (МГСН 1.02-02), п. 4.2.4";Край тротуара и садовой дорожки;0.5;2.5;"Посадка (кустарник) допустима. Определяющее ограничение — край тротуара и садовой дорожки: требуется не менее 0.5 м, фактически 2.5 м (СП 42.13330.2016, таблица 9.1; ППМ № 743-ПП, прил. 1, п. 3.6.3, табл. 3.6.1 (МГСН 1.01-99); ППМ № 623-ПП (МГСН 1.02-02), п. 4.2.4). Прочие проверенные отступы: край проезжей части, кромка укреплённой полосы обочины — 3.5 м при норме 1.0 м; силовой кабель и кабель связи — 8.5 м при норме 0.7 м; водопровод, дренаж — 12.5 м при норме 1.0 м."
S-0383;кустарник;Бересклет европейский;15.875;17.625;СП 42.13330.2016;"таблица 9.1; ППМ № 743-ПП, прил. 1, п. 3.6.3, табл. 3.6.1 (МГСН 1.01-99); ППМ № 623-ПП (МГСН 1.02-02), п. 4.2.4";Край тротуара и садовой дорожки;0.5;2.5;"Посадка (кустарник) допустима. Определяющее ограничение — край тротуара и садовой дорожки: требуется не менее 0.5 м, фактически 2.5 м (СП 42.13330.2016, таблица 9.1; ППМ № 743-ПП, прил. 1, п. 3.6.3, табл. 3.6.1 (МГСН 1.01-99); ППМ № 623-ПП (МГСН 1.02-02), п. 4.2.4). Прочие проверенные отступы: край проезжей части, кромка укреплённой полосы обочины — 3.5 м при норме 1.0 м; силовой кабель и кабель связи — 8.5 м при норме 0.7 м; водопровод, дренаж — 12.5 м при норме 1.0 м."
S-0384;кустарник;Бересклет европейский;18.375;17.625;СП 42.13330.2016;"таблица 9.1; ППМ № 743-ПП, прил. 1, п. 3.6.3, табл. 3.6.1 (МГСН 1.01-99); ППМ № 623-ПП (МГСН 1.02-02), п. 4.2.4";Край тротуара и садовой дорожки;0.5;2.5;"Посадка (кустарник) допустима. Определяющее ограничение — край тротуара и садовой дорожки: требуется не менее 0.5 м, фактически 2.5 м (СП 42.13330.2016, таблица 9.1; ППМ № 743-ПП, прил. 1, п. 3.6.3, табл. 3.6.1 (МГСН 1.01-99); ППМ № 623-ПП (МГСН 1.02-02), п. 4.2.4). Прочие проверенные отступы: край проезжей части, кромка укреплённой полосы обочины — 3.5 м при норме 1.0 м; силовой кабель и кабель связи — 8.5 м при норме 0.7 м; водопровод, дренаж — 12.5 м при норме 1.0 м."
S-0385;кустарник;Бересклет европейский;35.875;17.625;СП 42.13330.2016;"таблица 9.1; ППМ № 743-ПП, прил. 1, п. 3.6.3, табл. 3.6.1 (МГСН 1.01-99); ППМ № 623-ПП (МГСН 1.02-02), п. 4.2.4";Край тротуара и садовой дорожки;0.5;2.5;"Посадка (кустарник) допустима. Определяющее ограничение — край тротуара и садовой дорожки: требуется не менее 0.5 м, фактически 2.5 м (СП 42.13330.2016, таблица 9.1; ППМ № 743-ПП, прил. 1, п. 3.6.3, табл. 3.6.1 (МГСН 1.01-99); ППМ № 623-ПП (МГСН 1.02-02), п. 4.2.4). Прочие проверенные отступы: край проезжей части, кромка укреплённой полосы обочины — 3.5 м при норме 1.0 м; силовой кабель и кабель связи — 8.5 м при норме 0.7 м; водопровод, дренаж — 12.5 м при норме 1.0 м."
S-0386;кустарник;Бересклет европейский;38.375;17.625;СП 42.13330.2016;"таблица 9.1; ППМ № 743-ПП, прил. 1, п. 3.6.3, табл. 3.6.1 (МГСН 1.01-99); ППМ № 623-ПП (МГСН 1.02-02), п. 4.2.4";Край тротуара и садовой дорожки;0.5;2.5;"Посадка (кустарник) допустима. Определяющее ограничение — край тротуара и садовой дорожки: требуется не менее 0.5 м, фактически 2.5 м (СП 42.13330.2016, таблица 9.1; ППМ № 743-ПП, прил. 1, п. 3.6.3, табл. 3.6.1 (МГСН 1.01-99); ППМ № 623-ПП (МГСН 1.02-02), п. 4.2.4). Прочие проверенные отступы: край проезжей части, кромка укреплённой полосы обочины — 3.5 м при норме 1.0 м; силовой кабель и кабель связи — 8.5 м при норме 0.7 м; водопровод, дренаж — 12.5 м при норме 1.0 м."
S-0387;кустарник;Бересклет европейский;40.875;17.625;СП 42.13330.2016;"таблица 9.1; ППМ № 743-ПП, прил. 1, п. 3.6.3, табл. 3.6.1 (МГСН 1.01-99); ППМ № 623-ПП (МГСН 1.02-02), п. 4.2.4";Край тротуара и садовой дорожки;0.5;2.5;"Посадка (кустарник) допустима. Определяющее ограничение — край тротуара и садовой дорожки: требуется не менее 0.5 м, фактически 2.5 м (СП 42.13330.2016, таблица 9.1; ППМ № 743-ПП, прил. 1, п. 3.6.3, табл. 3.6.1 (МГСН 1.01-99); ППМ № 623-ПП (МГСН 1.02-02), п. 4.2.4). Прочие проверенные отступы: край проезжей части, кромка укреплённой полосы обочины — 3.5 м при норме 1.0 м; силовой кабель и кабель связи — 8.5 м при норме 0.7 м; водопровод, дренаж — 12.5 м при норме 1.0 м."
S-0388;кустарник;Бересклет европейский;43.375;17.625;СП 42.13330.2016;"таблица 9.1; ППМ № 743-ПП, прил. 1, п. 3.6.3, табл. 3.6.1 (МГСН 1.01-99); ППМ № 623-ПП (МГСН 1.02-02), п. 4.2.4";Край тротуара и садовой дорожки;0.5;2.5;"Посадка (кустарник) допустима. Определяющее ограничение — край тротуара и садовой дорожки: требуется не менее 0.5 м, фактически 2.5 м (СП 42.13330.2016, таблица 9.1; ППМ № 743-ПП, прил. 1, п. 3.6.3, табл. 3.6.1 (МГСН 1.01-99); ППМ № 623-ПП (МГСН 1.02-02), п. 4.2.4). Прочие проверенные отступы: край проезжей части, кромка укреплённой полосы обочины — 3.5 м при норме 1.0 м; силовой кабель и кабель связи — 8.5 м при норме 0.7 м; водопровод, дренаж — 12.5 м при норме 1.0 м."
S-0389;кустарник;Бересклет европейский;60.875;17.625;СП 42.13330.2016;"таблица 9.1; ППМ № 743-ПП, прил. 1, п. 3.6.3, табл. 3.6.1 (МГСН 1.01-99); ППМ № 623-ПП (МГСН 1.02-02), п. 4.2.4";Край тротуара и садовой дорожки;0.5;2.5;"Посадка (кустарник) допустима. Определяющее ограничение — край тротуара и садовой дорожки: требуется не менее 0.5 м, фактически 2.5 м (СП 42.13330.2016, таблица 9.1; ППМ № 743-ПП, прил. 1, п. 3.6.3, табл. 3.6.1 (МГСН 1.01-99); ППМ № 623-ПП (МГСН 1.02-02), п. 4.2.4). Прочие проверенные отступы: край проезжей части, кромка укреплённой полосы обочины — 3.5 м при норме 1.0 м; силовой кабель и кабель связи — 8.5 м при норме 0.7 м; водопровод, дренаж — 12.5 м при норме 1.0 м."
S-0390;кустарник;Бересклет европейский;63.375;17.625;СП 42.13330.2016;"таблица 9.1; ППМ № 743-ПП, прил. 1, п. 3.6.3, табл. 3.6.1 (МГСН 1.01-99); ППМ № 623-ПП (МГСН 1.02-02), п. 4.2.4";Край тротуара и садовой дорожки;0.5;2.5;"Посадка (кустарник) допустима. Определяющее ограничение — край тротуара и садовой дорожки: требуется не менее 0.5 м, фактически 2.5 м (СП 42.13330.2016, таблица 9.1; ППМ № 743-ПП, прил. 1, п. 3.6.3, табл. 3.6.1 (МГСН 1.01-99); ППМ № 623-ПП (МГСН 1.02-02), п. 4.2.4). Прочие проверенные отступы: край проезжей части, кромка укреплённой полосы обочины — 3.5 м при норме 1.0 м; силовой кабель и кабель связи — 8.5 м при норме 0.7 м; водопровод, дренаж — 12.5 м при норме 1.0 м."
S-0391;кустарник;Бересклет европейский;65.875;17.625;СП 42.13330.2016;"таблица 9.1; ППМ № 743-ПП, прил. 1, п. 3.6.3, табл. 3.6.1 (МГСН 1.01-99); ППМ № 623-ПП (МГСН 1.02-02), п. 4.2.4";Край тротуара и садовой дорожки;0.5;2.5;"Посадка (кустарник) допустима. Определяющее ограничение — край тротуара и садовой дорожки: требуется не менее 0.5 м, фактически 2.5 м (СП 42.13330.2016, таблица 9.1; ППМ № 743-ПП, прил. 1, п. 3.6.3, табл. 3.6.1 (МГСН 1.01-99); ППМ № 623-ПП (МГСН 1.02-02), п. 4.2.4). Прочие проверенные отступы: край проезжей части, кромка укреплённой полосы обочины — 3.5 м при норме 1.0 м; силовой кабель и кабель связи — 8.5 м при норме 0.7 м; водопровод, дренаж — 12.5 м при норме 1.0 м."
S-0392;кустарник;Бересклет европейский;68.375;17.625;СП 42.13330.2016;"таблица 9.1; ППМ № 743-ПП, прил. 1, п. 3.6.3, табл. 3.6.1 (МГСН 1.01-99); ППМ № 623-ПП (МГСН 1.02-02), п. 4.2.4";Край тротуара и садовой дорожки;0.5;2.5;"Посадка (кустарник) допустима. Определяющее ограничение — край тротуара и садовой дорожки: требуется не менее 0.5 м, фактически 2.5 м (СП 42.13330.2016, таблица 9.1; ППМ № 743-ПП, прил. 1, п. 3.6.3, табл. 3.6.1 (МГСН 1.01-99); ППМ № 623-ПП (МГСН 1.02-02), п. 4.2.4). Прочие проверенные отступы: край проезжей части, кромка укреплённой полосы обочины — 3.5 м при норме 1.0 м; силовой кабель и кабель связи — 8.5 м при норме 0.7 м; канализация — 11.75 м при норме 1.0 м."
S-0393;кустарник;Бересклет европейский;86.125;17.625;СП 42.13330.2016;"таблица 9.1; ППМ № 743-ПП, прил. 1, п. 3.6.3, табл. 3.6.1 (МГСН 1.01-99); ППМ № 623-ПП (МГСН 1.02-02), п. 4.2.4";Край тротуара и садовой дорожки;0.5;2.5;"Посадка (кустарник) допустима. Определяющее ограничение — край тротуара и садовой дорожки: требуется не менее 0.5 м, фактически 2.5 м (СП 42.13330.2016, таблица 9.1; ППМ № 743-ПП, прил. 1, п. 3.6.3, табл. 3.6.1 (МГСН 1.01-99); ППМ № 623-ПП (МГСН 1.02-02), п. 4.2.4). Прочие проверенные отступы: край проезжей части, кромка укреплённой полосы обочины — 3.5 м при норме 1.0 м; канализация — 6.0 м при норме 1.0 м; силовой кабель и кабель связи — 8.5 м при норме 0.7 м."
S-0394;кустарник;Бересклет европейский;88.625;17.625;СП 42.13330.2016;"таблица 9.1; ППМ № 743-ПП, прил. 1, п. 3.6.3, табл. 3.6.1 (МГСН 1.01-99); ППМ № 623-ПП (МГСН 1.02-02), п. 4.2.4";Край тротуара и садовой дорожки;0.5;2.5;"Посадка (кустарник) допустима. Определяющее ограничение — край тротуара и садовой дорожки: требуется не менее 0.5 м, фактически 2.5 м (СП 42.13330.2016, таблица 9.1; ППМ № 743-ПП, прил. 1, п. 3.6.3, табл. 3.6.1 (МГСН 1.01-99); ППМ № 623-ПП (МГСН 1.02-02), п. 4.2.4). Прочие проверенные отступы: край проезжей части, кромка укреплённой полосы обочины — 3.5 м при норме 1.0 м; канализация — 8.5 м при норме 1.0 м; силовой кабель и кабель связи — 8.5 м при норме 0.7 м."
S-0395;кустарник;Бересклет европейский;91.125;17.625;СП 42.13330.2016;"таблица 9.1; ППМ № 743-ПП, прил. 1, п. 3.6.3, табл. 3.6.1 (МГСН 1.01-99); ППМ № 623-ПП (МГСН 1.02-02), п. 4.2.4";Край тротуара и садовой дорожки;0.5;2.5;"Посадка (кустарник) допустима. Определяющее ограничение — край тротуара и садовой дорожки: требуется не менее 0.5 м, фактически 2.5 м (СП 42.13330.2016, таблица 9.1; ППМ № 743-ПП, прил. 1, п. 3.6.3, табл. 3.6.1 (МГСН 1.01-99); ППМ № 623-ПП (МГСН 1.02-02), п. 4.2.4). Прочие проверенные отступы: край проезжей части, кромка укреплённой полосы обочины — 3.5 м при норме 1.0 м; силовой кабель и кабель связи — 8.5 м при норме 0.7 м; канализация — 11.0 м при норме 1.0 м."
S-0396;кустарник;Бересклет европейский;93.625;17.625;СП 42.13330.2016;"таблица 9.1; ППМ № 743-ПП, прил. 1, п. 3.6.3, табл. 3.6.1 (МГСН 1.01-99); ППМ № 623-ПП (МГСН 1.02-02), п. 4.2.4";Край тротуара и садовой дорожки;0.5;2.5;"Посадка (кустарник) допустима. Определяющее ограничение — край тротуара и садовой дорожки: требуется не менее 0.5 м, фактически 2.5 м (СП 42.13330.2016, таблица 9.1; ППМ № 743-ПП, прил. 1, п. 3.6.3, табл. 3.6.1 (МГСН 1.01-99); ППМ № 623-ПП (МГСН 1.02-02), п. 4.2.4). Прочие проверенные отступы: край проезжей части, кромка укреплённой полосы обочины — 3.5 м при норме 1.0 м; силовой кабель и кабель связи — 8.5 м при норме 0.7 м; водопровод, дренаж — 12.5 м при норме 1.0 м."
S-0397;кустарник;Бересклет европейский;106.125;17.625;СП 42.13330.2016;"таблица 9.1; ППМ № 743-ПП, прил. 1, п. 3.6.3, табл. 3.6.1 (МГСН 1.01-99); ППМ № 623-ПП (МГСН 1.02-02), п. 4.2.4";Край тротуара и садовой дорожки;0.5;2.5;"Посадка (кустарник) допустима. Определяющее ограничение — край тротуара и садовой дорожки: требуется не менее 0.5 м, фактически 2.5 м (СП 42.13330.2016, таблица 9.1; ППМ № 743-ПП, прил. 1, п. 3.6.3, табл. 3.6.1 (МГСН 1.01-99); ППМ № 623-ПП (МГСН 1.02-02), п. 4.2.4). Прочие проверенные отступы: край проезжей части, кромка укреплённой полосы обочины — 3.5 м при норме 1.0 м; силовой кабель и кабель связи — 8.5 м при норме 0.7 м; водопровод, дренаж — 12.5 м при норме 1.0 м."
S-0398;кустарник;Бересклет европейский;108.625;17.625;СП 42.13330.2016;"таблица 9.1; ППМ № 743-ПП, прил. 1, п. 3.6.3, табл. 3.6.1 (МГСН 1.01-99); ППМ № 623-ПП (МГСН 1.02-02), п. 4.2.4";Край тротуара и садовой дорожки;0.5;2.5;"Посадка (кустарник) допустима. Определяющее ограничение — край тротуара и садовой дорожки: требуется не менее 0.5 м, фактически 2.5 м (СП 42.13330.2016, таблица 9.1; ППМ № 743-ПП, прил. 1, п. 3.6.3, табл. 3.6.1 (МГСН 1.01-99); ППМ № 623-ПП (МГСН 1.02-02), п. 4.2.4). Прочие проверенные отступы: край проезжей части, кромка укреплённой полосы обочины — 3.5 м при норме 1.0 м; силовой кабель и кабель связи — 8.5 м при норме 0.7 м; водопровод, дренаж — 12.5 м при норме 1.0 м."
S-0399;кустарник;Бересклет европейский;111.125;17.625;СП 42.13330.2016;"таблица 9.1; ППМ № 743-ПП, прил. 1, п. 3.6.3, табл. 3.6.1 (МГСН 1.01-99); ППМ № 623-ПП (МГСН 1.02-02), п. 4.2.4";Край тротуара и садовой дорожки;0.5;2.51;"Посадка (кустарник) допустима. Определяющее ограничение — край тротуара и садовой дорожки: требуется не менее 0.5 м, фактически 2.51 м (СП 42.13330.2016, таблица 9.1; ППМ № 743-ПП, прил. 1, п. 3.6.3, табл. 3.6.1 (МГСН 1.01-99); ППМ № 623-ПП (МГСН 1.02-02), п. 4.2.4). Прочие проверенные отступы: край проезжей части, кромка укреплённой полосы обочины — 3.51 м при норме 1.0 м; силовой кабель и кабель связи — 8.5 м при норме 0.7 м; водопровод, дренаж — 12.5 м при норме 1.0 м."
S-0400;кустарник;Бересклет европейский;113.625;17.625;СП 42.13330.2016;"таблица 9.1; ППМ № 743-ПП, прил. 1, п. 3.6.3, табл. 3.6.1 (МГСН 1.01-99); ППМ № 623-ПП (МГСН 1.02-02), п. 4.2.4";Край тротуара и садовой дорожки;0.5;2.5;"Посадка (кустарник) допустима. Определяющее ограничение — край тротуара и садовой дорожки: требуется не менее 0.5 м, фактически 2.5 м (СП 42.13330.2016, таблица 9.1; ППМ № 743-ПП, прил. 1, п. 3.6.3, табл. 3.6.1 (МГСН 1.01-99); ППМ № 623-ПП (МГСН 1.02-02), п. 4.2.4). Прочие проверенные отступы: край проезжей части, кромка укреплённой полосы обочины — 3.5 м при норме 1.0 м; силовой кабель и кабель связи — 8.5 м при норме 0.7 м; водопровод, дренаж — 12.5 м при норме 1.0 м."
S-0401;кустарник;Можжевельник казацкий 'Tamariscifolia';78.125;17.875;СП 42.13330.2016;"таблица 9.1; ППМ № 743-ПП, прил. 1, п. 3.6.3, табл. 3.6.1 (МГСН 1.01-99); ППМ № 623-ПП (МГСН 1.02-02), п. 4.2.4";Канализация;1.0;2.0;"Посадка (кустарник) допустима. Определяющее ограничение — канализация: требуется не менее 1.0 м, фактически 2.0 м (СП 42.13330.2016, таблица 9.1; ППМ № 743-ПП, прил. 1, п. 3.6.3, табл. 3.6.1 (МГСН 1.01-99); ППМ № 623-ПП (МГСН 1.02-02), п. 4.2.4). Прочие проверенные отступы: край тротуара и садовой дорожки — 2.25 м при норме 0.5 м; край проезжей части, кромка укреплённой полосы обочины — 3.75 м при норме 1.0 м; силовой кабель и кабель связи — 8.25 м при норме 0.7 м."
S-0402;кустарник;Можжевельник казацкий 'Tamariscifolia';82.125;17.875;СП 42.13330.2016;"таблица 9.1; ППМ № 743-ПП, прил. 1, п. 3.6.3, табл. 3.6.1 (МГСН 1.01-99); ППМ № 623-ПП (МГСН 1.02-02), п. 4.2.4";Канализация;1.0;2.0;"Посадка (кустарник) допустима. Определяющее ограничение — канализация: требуется не менее 1.0 м, фактически 2.0 м (СП 42.13330.2016, таблица 9.1; ППМ № 743-ПП, прил. 1, п. 3.6.3, табл. 3.6.1 (МГСН 1.01-99); ППМ № 623-ПП (МГСН 1.02-02), п. 4.2.4). Прочие проверенные отступы: край тротуара и садовой дорожки — 2.25 м при норме 0.5 м; край проезжей части, кромка укреплённой полосы обочины — 3.75 м при норме 1.0 м; силовой кабель и кабель связи — 8.25 м при норме 0.7 м."
S-0403;кустарник;Можжевельник казацкий 'Tamariscifolia';0.625;21.625;СП 42.13330.2016;"таблица 9.1; ППМ № 743-ПП, прил. 1, п. 3.6.3, табл. 3.6.1 (МГСН 1.01-99); ППМ № 623-ПП (МГСН 1.02-02), п. 4.2.4";Край тротуара и садовой дорожки;0.5;1.5;"Посадка (кустарник) допустима. Определяющее ограничение — край тротуара и садовой дорожки: требуется не менее 0.5 м, фактически 1.5 м (СП 42.13330.2016, таблица 9.1; ППМ № 743-ПП, прил. 1, п. 3.6.3, табл. 3.6.1 (МГСН 1.01-99); ППМ № 623-ПП (МГСН 1.02-02), п. 4.2.4). Прочие проверенные отступы: силовой кабель и кабель связи — 4.5 м при норме 0.7 м; край проезжей части, кромка укреплённой полосы обочины — 7.5 м при норме 1.0 м; водопровод, дренаж — 8.5 м при норме 1.0 м."
S-0404;кустарник;Можжевельник казацкий 'Tamariscifolia';119.625;21.625;СП 42.13330.2016;"таблица 9.1; ППМ № 743-ПП, прил. 1, п. 3.6.3, табл. 3.6.1 (МГСН 1.01-99); ППМ № 623-ПП (МГСН 1.02-02), п. 4.2.4";Край тротуара и садовой дорожки;0.5;1.5;"Посадка (кустарник) допустима. Определяющее ограничение — край тротуара и садовой дорожки: требуется не менее 0.5 м, фактически 1.5 м (СП 42.13330.2016, таблица 9.1; ППМ № 743-ПП, прил. 1, п. 3.6.3, табл. 3.6.1 (МГСН 1.01-99); ППМ № 623-ПП (МГСН 1.02-02), п. 4.2.4). Прочие проверенные отступы: силовой кабель и кабель связи — 4.5 м при норме 0.7 м; край проезжей части, кромка укреплённой полосы обочины — 7.5 м при норме 1.0 м; водопровод, дренаж — 8.5 м при норме 1.0 м."
S-0405;кустарник;Можжевельник казацкий 'Tamariscifolia';0.625;24.625;СП 42.13330.2016;"таблица 9.1; ППМ № 743-ПП, прил. 1, п. 3.6.3, табл. 3.6.1 (МГСН 1.01-99); ППМ № 623-ПП (МГСН 1.02-02), п. 4.2.4";Силовой кабель и кабель связи;0.7;1.5;"Посадка (кустарник) допустима. Определяющее ограничение — силовой кабель и кабель связи: требуется не менее 0.7 м, фактически 1.5 м (СП 42.13330.2016, таблица 9.1; ППМ № 743-ПП, прил. 1, п. 3.6.3, табл. 3.6.1 (МГСН 1.01-99); ППМ № 623-ПП (МГСН 1.02-02), п. 4.2.4). Прочие проверенные отступы: край тротуара и садовой дорожки — 1.5 м при норме 0.5 м; водопровод, дренаж — 5.5 м при норме 1.0 м; газопровод — 9.5 м при норме 1.0 м."
S-0406;кустарник;Можжевельник казацкий 'Tamariscifolia';2.625;24.625;СП 42.13330.2016;"таблица 9.1; ППМ № 743-ПП, прил. 1, п. 3.6.3, табл. 3.6.1 (МГСН 1.01-99); ППМ № 623-ПП (МГСН 1.02-02), п. 4.2.4";Силовой кабель и кабель связи;0.7;1.5;"Посадка (кустарник) допустима. Определяющее ограничение — силовой кабель и кабель связи: требуется не менее 0.7 м, фактически 1.5 м (СП 42.13330.2016, таблица 9.1; ППМ № 743-ПП, прил. 1, п. 3.6.3, табл. 3.6.1 (МГСН 1.01-99); ППМ № 623-ПП (МГСН 1.02-02), п. 4.2.4). Прочие проверенные отступы: край тротуара и садовой дорожки — 1.5 м при норме 0.5 м; водопровод, дренаж — 5.5 м при норме 1.0 м; газопровод — 9.5 м при норме 1.0 м."
S-0407;кустарник;Можжевельник казацкий 'Tamariscifolia';4.625;24.625;СП 42.13330.2016;"таблица 9.1; ППМ № 743-ПП, прил. 1, п. 3.6.3, табл. 3.6.1 (МГСН 1.01-99); ППМ № 623-ПП (МГСН 1.02-02), п. 4.2.4";Силовой кабель и кабель связи;0.7;1.5;"Посадка (кустарник) допустима. Определяющее ограничение — силовой кабель и кабель связи: требуется не менее 0.7 м, фактически 1.5 м (СП 42.13330.2016, таблица 9.1; ППМ № 743-ПП, прил. 1, п. 3.6.3, табл. 3.6.1 (МГСН 1.01-99); ППМ № 623-ПП (МГСН 1.02-02), п. 4.2.4). Прочие проверенные отступы: край тротуара и садовой дорожки — 1.5 м при норме 0.5 м; водопровод, дренаж — 5.5 м при норме 1.0 м; газопровод — 9.5 м при норме 1.0 м."
S-0408;кустарник;Можжевельник казацкий 'Tamariscifolia';6.625;24.625;СП 42.13330.2016;"таблица 9.1; ППМ № 743-ПП, прил. 1, п. 3.6.3, табл. 3.6.1 (МГСН 1.01-99); ППМ № 623-ПП (МГСН 1.02-02), п. 4.2.4";Силовой кабель и кабель связи;0.7;1.5;"Посадка (кустарник) допустима. Определяющее ограничение — силовой кабель и кабель связи: требуется не менее 0.7 м, фактически 1.5 м (СП 42.13330.2016, таблица 9.1; ППМ № 743-ПП, прил. 1, п. 3.6.3, табл. 3.6.1 (МГСН 1.01-99); ППМ № 623-ПП (МГСН 1.02-02), п. 4.2.4). Прочие проверенные отступы: край тротуара и садовой дорожки — 1.5 м при норме 0.5 м; водопровод, дренаж — 5.5 м при норме 1.0 м; газопровод — 9.5 м при норме 1.0 м."
S-0409;кустарник;Можжевельник казацкий 'Tamariscifolia';8.625;24.625;СП 42.13330.2016;"таблица 9.1; ППМ № 743-ПП, прил. 1, п. 3.6.3, табл. 3.6.1 (МГСН 1.01-99); ППМ № 623-ПП (МГСН 1.02-02), п. 4.2.4";Силовой кабель и кабель связи;0.7;1.5;"Посадка (кустарник) допустима. Определяющее ограничение — силовой кабель и кабель связи: требуется не менее 0.7 м, фактически 1.5 м (СП 42.13330.2016, таблица 9.1; ППМ № 743-ПП, прил. 1, п. 3.6.3, табл. 3.6.1 (МГСН 1.01-99); ППМ № 623-ПП (МГСН 1.02-02), п. 4.2.4). Прочие проверенные отступы: край тротуара и садовой дорожки — 1.5 м при норме 0.5 м; водопровод, дренаж — 5.5 м при норме 1.0 м; газопровод — 9.5 м при норме 1.0 м."
S-0410;кустарник;Можжевельник казацкий 'Tamariscifolia';10.625;24.625;СП 42.13330.2016;"таблица 9.1; ППМ № 743-ПП, прил. 1, п. 3.6.3, табл. 3.6.1 (МГСН 1.01-99); ППМ № 623-ПП (МГСН 1.02-02), п. 4.2.4";Силовой кабель и кабель связи;0.7;1.5;"Посадка (кустарник) допустима. Определяющее ограничение — силовой кабель и кабель связи: требуется не менее 0.7 м, фактически 1.5 м (СП 42.13330.2016, таблица 9.1; ППМ № 743-ПП, прил. 1, п. 3.6.3, табл. 3.6.1 (МГСН 1.01-99); ППМ № 623-ПП (МГСН 1.02-02), п. 4.2.4). Прочие проверенные отступы: край тротуара и садовой дорожки — 1.5 м при норме 0.5 м; водопровод, дренаж — 5.5 м при норме 1.0 м; газопровод — 9.5 м при норме 1.0 м."
S-0411;кустарник;Можжевельник казацкий 'Tamariscifolia';12.625;24.625;СП 42.13330.2016;"таблица 9.1; ППМ № 743-ПП, прил. 1, п. 3.6.3, табл. 3.6.1 (МГСН 1.01-99); ППМ № 623-ПП (МГСН 1.02-02), п. 4.2.4";Силовой кабель и кабель связи;0.7;1.5;"Посадка (кустарник) допустима. Определяющее ограничение — силовой кабель и кабель связи: требуется не менее 0.7 м, фактически 1.5 м (СП 42.13330.2016, таблица 9.1; ППМ № 743-ПП, прил. 1, п. 3.6.3, табл. 3.6.1 (МГСН 1.01-99); ППМ № 623-ПП (МГСН 1.02-02), п. 4.2.4). Прочие проверенные отступы: край тротуара и садовой дорожки — 1.5 м при норме 0.5 м; водопровод, дренаж — 5.5 м при норме 1.0 м; газопровод — 9.5 м при норме 1.0 м."
S-0412;кустарник;Можжевельник казацкий 'Tamariscifolia';14.625;24.625;СП 42.13330.2016;"таблица 9.1; ППМ № 743-ПП, прил. 1, п. 3.6.3, табл. 3.6.1 (МГСН 1.01-99); ППМ № 623-ПП (МГСН 1.02-02), п. 4.2.4";Силовой кабель и кабель связи;0.7;1.5;"Посадка (кустарник) допустима. Определяющее ограничение — силовой кабель и кабель связи: требуется не менее 0.7 м, фактически 1.5 м (СП 42.13330.2016, таблица 9.1; ППМ № 743-ПП, прил. 1, п. 3.6.3, табл. 3.6.1 (МГСН 1.01-99); ППМ № 623-ПП (МГСН 1.02-02), п. 4.2.4). Прочие проверенные отступы: край тротуара и садовой дорожки — 1.5 м при норме 0.5 м; водопровод, дренаж — 5.5 м при норме 1.0 м; газопровод — 9.5 м при норме 1.0 м."
S-0413;кустарник;Можжевельник казацкий 'Tamariscifolia';16.625;24.625;СП 42.13330.2016;"таблица 9.1; ППМ № 743-ПП, прил. 1, п. 3.6.3, табл. 3.6.1 (МГСН 1.01-99); ППМ № 623-ПП (МГСН 1.02-02), п. 4.2.4";Силовой кабель и кабель связи;0.7;1.5;"Посадка (кустарник) допустима. Определяющее ограничение — силовой кабель и кабель связи: требуется не менее 0.7 м, фактически 1.5 м (СП 42.13330.2016, таблица 9.1; ППМ № 743-ПП, прил. 1, п. 3.6.3, табл. 3.6.1 (МГСН 1.01-99); ППМ № 623-ПП (МГСН 1.02-02), п. 4.2.4). Прочие проверенные отступы: край тротуара и садовой дорожки — 1.5 м при норме 0.5 м; водопровод, дренаж — 5.5 м при норме 1.0 м; газопровод — 9.5 м при норме 1.0 м."
S-0414;кустарник;Можжевельник казацкий 'Tamariscifolia';18.625;24.625;СП 42.13330.2016;"таблица 9.1; ППМ № 743-ПП, прил. 1, п. 3.6.3, табл. 3.6.1 (МГСН 1.01-99); ППМ № 623-ПП (МГСН 1.02-02), п. 4.2.4";Силовой кабель и кабель связи;0.7;1.5;"Посадка (кустарник) допустима. Определяющее ограничение — силовой кабель и кабель связи: требуется не менее 0.7 м, фактически 1.5 м (СП 42.13330.2016, таблица 9.1; ППМ № 743-ПП, прил. 1, п. 3.6.3, табл. 3.6.1 (МГСН 1.01-99); ППМ № 623-ПП (МГСН 1.02-02), п. 4.2.4). Прочие проверенные отступы: край тротуара и садовой дорожки — 1.5 м при норме 0.5 м; водопровод, дренаж — 5.5 м при норме 1.0 м; газопровод — 9.5 м при норме 1.0 м."
S-0415;кустарник;Можжевельник казацкий 'Tamariscifolia';20.625;24.625;СП 42.13330.2016;"таблица 9.1; ППМ № 743-ПП, прил. 1, п. 3.6.3, табл. 3.6.1 (МГСН 1.01-99); ППМ № 623-ПП (МГСН 1.02-02), п. 4.2.4";Силовой кабель и кабель связи;0.7;1.5;"Посадка (кустарник) допустима. Определяющее ограничение — силовой кабель и кабель связи: требуется не менее 0.7 м, фактически 1.5 м (СП 42.13330.2016, таблица 9.1; ППМ № 743-ПП, прил. 1, п. 3.6.3, табл. 3.6.1 (МГСН 1.01-99); ППМ № 623-ПП (МГСН 1.02-02), п. 4.2.4). Прочие проверенные отступы: край тротуара и садовой дорожки — 1.5 м при норме 0.5 м; водопровод, дренаж — 5.5 м при норме 1.0 м; газопровод — 9.5 м при норме 1.0 м."
S-0416;кустарник;Можжевельник казацкий 'Tamariscifolia';22.625;24.625;СП 42.13330.2016;"таблица 9.1; ППМ № 743-ПП, прил. 1, п. 3.6.3, табл. 3.6.1 (МГСН 1.01-99); ППМ № 623-ПП (МГСН 1.02-02), п. 4.2.4";Силовой кабель и кабель связи;0.7;1.5;"Посадка (кустарник) допустима. Определяющее ограничение — силовой кабель и кабель связи: требуется не менее 0.7 м, фактически 1.5 м (СП 42.13330.2016, таблица 9.1; ППМ № 743-ПП, прил. 1, п. 3.6.3, табл. 3.6.1 (МГСН 1.01-99); ППМ № 623-ПП (МГСН 1.02-02), п. 4.2.4). Прочие проверенные отступы: край тротуара и садовой дорожки — 1.5 м при норме 0.5 м; водопровод, дренаж — 5.5 м при норме 1.0 м; газопровод — 9.5 м при норме 1.0 м."
S-0417;кустарник;Можжевельник казацкий 'Tamariscifolia';24.625;24.625;СП 42.13330.2016;"таблица 9.1; ППМ № 743-ПП, прил. 1, п. 3.6.3, табл. 3.6.1 (МГСН 1.01-99); ППМ № 623-ПП (МГСН 1.02-02), п. 4.2.4";Силовой кабель и кабель связи;0.7;1.5;"Посадка (кустарник) допустима. Определяющее ограничение — силовой кабель и кабель связи: требуется не менее 0.7 м, фактически 1.5 м (СП 42.13330.2016, таблица 9.1; ППМ № 743-ПП, прил. 1, п. 3.6.3, табл. 3.6.1 (МГСН 1.01-99); ППМ № 623-ПП (МГСН 1.02-02), п. 4.2.4). Прочие проверенные отступы: край тротуара и садовой дорожки — 1.5 м при норме 0.5 м; водопровод, дренаж — 5.5 м при норме 1.0 м; газопровод — 9.5 м при норме 1.0 м."
S-0418;кустарник;Можжевельник казацкий 'Tamariscifolia';26.625;24.625;СП 42.13330.2016;"таблица 9.1; ППМ № 743-ПП, прил. 1, п. 3.6.3, табл. 3.6.1 (МГСН 1.01-99); ППМ № 623-ПП (МГСН 1.02-02), п. 4.2.4";Силовой кабель и кабель связи;0.7;1.5;"Посадка (кустарник) допустима. Определяющее ограничение — силовой кабель и кабель связи: требуется не менее 0.7 м, фактически 1.5 м (СП 42.13330.2016, таблица 9.1; ППМ № 743-ПП, прил. 1, п. 3.6.3, табл. 3.6.1 (МГСН 1.01-99); ППМ № 623-ПП (МГСН 1.02-02), п. 4.2.4). Прочие проверенные отступы: край тротуара и садовой дорожки — 1.5 м при норме 0.5 м; водопровод, дренаж — 5.5 м при норме 1.0 м; газопровод — 9.5 м при норме 1.0 м."
S-0419;кустарник;Можжевельник казацкий 'Tamariscifolia';28.625;24.625;СП 42.13330.2016;"таблица 9.1; ППМ № 743-ПП, прил. 1, п. 3.6.3, табл. 3.6.1 (МГСН 1.01-99); ППМ № 623-ПП (МГСН 1.02-02), п. 4.2.4";Силовой кабель и кабель связи;0.7;1.5;"Посадка (кустарник) допустима. Определяющее ограничение — силовой кабель и кабель связи: требуется не менее 0.7 м, фактически 1.5 м (СП 42.13330.2016, таблица 9.1; ППМ № 743-ПП, прил. 1, п. 3.6.3, табл. 3.6.1 (МГСН 1.01-99); ППМ № 623-ПП (МГСН 1.02-02), п. 4.2.4). Прочие проверенные отступы: край тротуара и садовой дорожки — 1.5 м при норме 0.5 м; водопровод, дренаж — 5.5 м при норме 1.0 м; газопровод — 9.5 м при норме 1.0 м."
S-0420;кустарник;Можжевельник казацкий 'Tamariscifolia';30.625;24.625;СП 42.13330.2016;"таблица 9.1; ППМ № 743-ПП, прил. 1, п. 3.6.3, табл. 3.6.1 (МГСН 1.01-99); ППМ № 623-ПП (МГСН 1.02-02), п. 4.2.4";Силовой кабель и кабель связи;0.7;1.5;"Посадка (кустарник) допустима. Определяющее ограничение — силовой кабель и кабель связи: требуется не менее 0.7 м, фактически 1.5 м (СП 42.13330.2016, таблица 9.1; ППМ № 743-ПП, прил. 1, п. 3.6.3, табл. 3.6.1 (МГСН 1.01-99); ППМ № 623-ПП (МГСН 1.02-02), п. 4.2.4). Прочие проверенные отступы: край тротуара и садовой дорожки — 1.5 м при норме 0.5 м; водопровод, дренаж — 5.5 м при норме 1.0 м; газопровод — 9.5 м при норме 1.0 м."
S-0421;кустарник;Можжевельник казацкий 'Tamariscifolia';32.625;24.625;СП 42.13330.2016;"таблица 9.1; ППМ № 743-ПП, прил. 1, п. 3.6.3, табл. 3.6.1 (МГСН 1.01-99); ППМ № 623-ПП (МГСН 1.02-02), п. 4.2.4";Силовой кабель и кабель связи;0.7;1.5;"Посадка (кустарник) допустима. Определяющее ограничение — силовой кабель и кабель связи: требуется не менее 0.7 м, фактически 1.5 м (СП 42.13330.2016, таблица 9.1; ППМ № 743-ПП, прил. 1, п. 3.6.3, табл. 3.6.1 (МГСН 1.01-99); ППМ № 623-ПП (МГСН 1.02-02), п. 4.2.4). Прочие проверенные отступы: край тротуара и садовой дорожки — 1.5 м при норме 0.5 м; водопровод, дренаж — 5.5 м при норме 1.0 м; газопровод — 9.5 м при норме 1.0 м."
S-0422;кустарник;Можжевельник казацкий 'Tamariscifolia';34.625;24.625;СП 42.13330.2016;"таблица 9.1; ППМ № 743-ПП, прил. 1, п. 3.6.3, табл. 3.6.1 (МГСН 1.01-99); ППМ № 623-ПП (МГСН 1.02-02), п. 4.2.4";Силовой кабель и кабель связи;0.7;1.5;"Посадка (кустарник) допустима. Определяющее ограничение — силовой кабель и кабель связи: требуется не менее 0.7 м, фактически 1.5 м (СП 42.13330.2016, таблица 9.1; ППМ № 743-ПП, прил. 1, п. 3.6.3, табл. 3.6.1 (МГСН 1.01-99); ППМ № 623-ПП (МГСН 1.02-02), п. 4.2.4). Прочие проверенные отступы: край тротуара и садовой дорожки — 1.5 м при норме 0.5 м; водопровод, дренаж — 5.5 м при норме 1.0 м; газопровод — 9.5 м при норме 1.0 м."
S-0423;кустарник;Можжевельник казацкий 'Tamariscifolia';36.625;24.625;СП 42.13330.2016;"таблица 9.1; ППМ № 743-ПП, прил. 1, п. 3.6.3, табл. 3.6.1 (МГСН 1.01-99); ППМ № 623-ПП (МГСН 1.02-02), п. 4.2.4";Силовой кабель и кабель связи;0.7;1.5;"Посадка (кустарник) допустима. Определяющее ограничение — силовой кабель и кабель связи: требуется не менее 0.7 м, фактически 1.5 м (СП 42.13330.2016, таблица 9.1; ППМ № 743-ПП, прил. 1, п. 3.6.3, табл. 3.6.1 (МГСН 1.01-99); ППМ № 623-ПП (МГСН 1.02-02), п. 4.2.4). Прочие проверенные отступы: край тротуара и садовой дорожки — 1.5 м при норме 0.5 м; водопровод, дренаж — 5.5 м при норме 1.0 м; газопровод — 9.5 м при норме 1.0 м."
S-0424;кустарник;Можжевельник казацкий 'Tamariscifolia';38.625;24.625;СП 42.13330.2016;"таблица 9.1; ППМ № 743-ПП, прил. 1, п. 3.6.3, табл. 3.6.1 (МГСН 1.01-99); ППМ № 623-ПП (МГСН 1.02-02), п. 4.2.4";Силовой кабель и кабель связи;0.7;1.5;"Посадка (кустарник) допустима. Определяющее ограничение — силовой кабель и кабель связи: требуется не менее 0.7 м, фактически 1.5 м (СП 42.13330.2016, таблица 9.1; ППМ № 743-ПП, прил. 1, п. 3.6.3, табл. 3.6.1 (МГСН 1.01-99); ППМ № 623-ПП (МГСН 1.02-02), п. 4.2.4). Прочие проверенные отступы: край тротуара и садовой дорожки — 1.5 м при норме 0.5 м; водопровод, дренаж — 5.5 м при норме 1.0 м; газопровод — 9.5 м при норме 1.0 м."
S-0425;кустарник;Можжевельник казацкий 'Tamariscifolia';40.625;24.625;СП 42.13330.2016;"таблица 9.1; ППМ № 743-ПП, прил. 1, п. 3.6.3, табл. 3.6.1 (МГСН 1.01-99); ППМ № 623-ПП (МГСН 1.02-02), п. 4.2.4";Силовой кабель и кабель связи;0.7;1.5;"Посадка (кустарник) допустима. Определяющее ограничение — силовой кабель и кабель связи: требуется не менее 0.7 м, фактически 1.5 м (СП 42.13330.2016, таблица 9.1; ППМ № 743-ПП, прил. 1, п. 3.6.3, табл. 3.6.1 (МГСН 1.01-99); ППМ № 623-ПП (МГСН 1.02-02), п. 4.2.4). Прочие проверенные отступы: край тротуара и садовой дорожки — 1.5 м при норме 0.5 м; водопровод, дренаж — 5.5 м при норме 1.0 м; газопровод — 9.5 м при норме 1.0 м."
S-0426;кустарник;Можжевельник казацкий 'Tamariscifolia';42.625;24.625;СП 42.13330.2016;"таблица 9.1; ППМ № 743-ПП, прил. 1, п. 3.6.3, табл. 3.6.1 (МГСН 1.01-99); ППМ № 623-ПП (МГСН 1.02-02), п. 4.2.4";Силовой кабель и кабель связи;0.7;1.5;"Посадка (кустарник) допустима. Определяющее ограничение — силовой кабель и кабель связи: требуется не менее 0.7 м, фактически 1.5 м (СП 42.13330.2016, таблица 9.1; ППМ № 743-ПП, прил. 1, п. 3.6.3, табл. 3.6.1 (МГСН 1.01-99); ППМ № 623-ПП (МГСН 1.02-02), п. 4.2.4). Прочие проверенные отступы: край тротуара и садовой дорожки — 1.5 м при норме 0.5 м; водопровод, дренаж — 5.5 м при норме 1.0 м; газопровод — 9.5 м при норме 1.0 м."
S-0427;кустарник;Можжевельник казацкий 'Tamariscifolia';44.625;24.625;СП 42.13330.2016;"таблица 9.1; ППМ № 743-ПП, прил. 1, п. 3.6.3, табл. 3.6.1 (МГСН 1.01-99); ППМ № 623-ПП (МГСН 1.02-02), п. 4.2.4";Силовой кабель и кабель связи;0.7;1.5;"Посадка (кустарник) допустима. Определяющее ограничение — силовой кабель и кабель связи: требуется не менее 0.7 м, фактически 1.5 м (СП 42.13330.2016, таблица 9.1; ППМ № 743-ПП, прил. 1, п. 3.6.3, табл. 3.6.1 (МГСН 1.01-99); ППМ № 623-ПП (МГСН 1.02-02), п. 4.2.4). Прочие проверенные отступы: край тротуара и садовой дорожки — 1.5 м при норме 0.5 м; водопровод, дренаж — 5.5 м при норме 1.0 м; газопровод — 9.5 м при норме 1.0 м."
S-0428;кустарник;Можжевельник казацкий 'Tamariscifolia';46.625;24.625;СП 42.13330.2016;"таблица 9.1; ППМ № 743-ПП, прил. 1, п. 3.6.3, табл. 3.6.1 (МГСН 1.01-99); ППМ № 623-ПП (МГСН 1.02-02), п. 4.2.4";Силовой кабель и кабель связи;0.7;1.5;"Посадка (кустарник) допустима. Определяющее ограничение — силовой кабель и кабель связи: требуется не менее 0.7 м, фактически 1.5 м (СП 42.13330.2016, таблица 9.1; ППМ № 743-ПП, прил. 1, п. 3.6.3, табл. 3.6.1 (МГСН 1.01-99); ППМ № 623-ПП (МГСН 1.02-02), п. 4.2.4). Прочие проверенные отступы: край тротуара и садовой дорожки — 1.5 м при норме 0.5 м; водопровод, дренаж — 5.5 м при норме 1.0 м; газопровод — 9.5 м при норме 1.0 м."
S-0429;кустарник;Можжевельник казацкий 'Tamariscifolia';48.625;24.625;СП 42.13330.2016;"таблица 9.1; ППМ № 743-ПП, прил. 1, п. 3.6.3, табл. 3.6.1 (МГСН 1.01-99); ППМ № 623-ПП (МГСН 1.02-02), п. 4.2.4";Силовой кабель и кабель связи;0.7;1.5;"Посадка (кустарник) допустима. Определяющее ограничение — силовой кабель и кабель связи: требуется не менее 0.7 м, фактически 1.5 м (СП 42.13330.2016, таблица 9.1; ППМ № 743-ПП, прил. 1, п. 3.6.3, табл. 3.6.1 (МГСН 1.01-99); ППМ № 623-ПП (МГСН 1.02-02), п. 4.2.4). Прочие проверенные отступы: край тротуара и садовой дорожки — 1.5 м при норме 0.5 м; водопровод, дренаж — 5.5 м при норме 1.0 м; газопровод — 9.5 м при норме 1.0 м."
S-0430;кустарник;Можжевельник казацкий 'Tamariscifolia';50.625;24.625;СП 42.13330.2016;"таблица 9.1; ППМ № 743-ПП, прил. 1, п. 3.6.3, табл. 3.6.1 (МГСН 1.01-99); ППМ № 623-ПП (МГСН 1.02-02), п. 4.2.4";Силовой кабель и кабель связи;0.7;1.5;"Посадка (кустарник) допустима. Определяющее ограничение — силовой кабель и кабель связи: требуется не менее 0.7 м, фактически 1.5 м (СП 42.13330.2016, таблица 9.1; ППМ № 743-ПП, прил. 1, п. 3.6.3, табл. 3.6.1 (МГСН 1.01-99); ППМ № 623-ПП (МГСН 1.02-02), п. 4.2.4). Прочие проверенные отступы: край тротуара и садовой дорожки — 1.5 м при норме 0.5 м; водопровод, дренаж — 5.5 м при норме 1.0 м; газопровод — 9.5 м при норме 1.0 м."
S-0431;кустарник;Можжевельник казацкий 'Tamariscifolia';52.625;24.625;СП 42.13330.2016;"таблица 9.1; ППМ № 743-ПП, прил. 1, п. 3.6.3, табл. 3.6.1 (МГСН 1.01-99); ППМ № 623-ПП (МГСН 1.02-02), п. 4.2.4";Силовой кабель и кабель связи;0.7;1.5;"Посадка (кустарник) допустима. Определяющее ограничение — силовой кабель и кабель связи: требуется не менее 0.7 м, фактически 1.5 м (СП 42.13330.2016, таблица 9.1; ППМ № 743-ПП, прил. 1, п. 3.6.3, табл. 3.6.1 (МГСН 1.01-99); ППМ № 623-ПП (МГСН 1.02-02), п. 4.2.4). Прочие проверенные отступы: край тротуара и садовой дорожки — 1.5 м при норме 0.5 м; водопровод, дренаж — 5.5 м при норме 1.0 м; газопровод — 9.5 м при норме 1.0 м."
S-0432;кустарник;Можжевельник казацкий 'Tamariscifolia';54.625;24.625;СП 42.13330.2016;"таблица 9.1; ППМ № 743-ПП, прил. 1, п. 3.6.3, табл. 3.6.1 (МГСН 1.01-99); ППМ № 623-ПП (МГСН 1.02-02), п. 4.2.4";Силовой кабель и кабель связи;0.7;1.5;"Посадка (кустарник) допустима. Определяющее ограничение — силовой кабель и кабель связи: требуется не менее 0.7 м, фактически 1.5 м (СП 42.13330.2016, таблица 9.1; ППМ № 743-ПП, прил. 1, п. 3.6.3, табл. 3.6.1 (МГСН 1.01-99); ППМ № 623-ПП (МГСН 1.02-02), п. 4.2.4). Прочие проверенные отступы: край тротуара и садовой дорожки — 1.5 м при норме 0.5 м; водопровод, дренаж — 5.5 м при норме 1.0 м; газопровод — 9.5 м при норме 1.0 м."
S-0433;кустарник;Можжевельник казацкий 'Tamariscifolia';56.625;24.625;СП 42.13330.2016;"таблица 9.1; ППМ № 743-ПП, прил. 1, п. 3.6.3, табл. 3.6.1 (МГСН 1.01-99); ППМ № 623-ПП (МГСН 1.02-02), п. 4.2.4";Силовой кабель и кабель связи;0.7;1.5;"Посадка (кустарник) допустима. Определяющее ограничение — силовой кабель и кабель связи: требуется не менее 0.7 м, фактически 1.5 м (СП 42.13330.2016, таблица 9.1; ППМ № 743-ПП, прил. 1, п. 3.6.3, табл. 3.6.1 (МГСН 1.01-99); ППМ № 623-ПП (МГСН 1.02-02), п. 4.2.4). Прочие проверенные отступы: край тротуара и садовой дорожки — 1.5 м при норме 0.5 м; водопровод, дренаж — 5.5 м при норме 1.0 м; газопровод — 9.5 м при норме 1.0 м."
S-0434;кустарник;Можжевельник казацкий 'Tamariscifolia';58.625;24.625;СП 42.13330.2016;"таблица 9.1; ППМ № 743-ПП, прил. 1, п. 3.6.3, табл. 3.6.1 (МГСН 1.01-99); ППМ № 623-ПП (МГСН 1.02-02), п. 4.2.4";Силовой кабель и кабель связи;0.7;1.5;"Посадка (кустарник) допустима. Определяющее ограничение — силовой кабель и кабель связи: требуется не менее 0.7 м, фактически 1.5 м (СП 42.13330.2016, таблица 9.1; ППМ № 743-ПП, прил. 1, п. 3.6.3, табл. 3.6.1 (МГСН 1.01-99); ППМ № 623-ПП (МГСН 1.02-02), п. 4.2.4). Прочие проверенные отступы: край тротуара и садовой дорожки — 1.5 м при норме 0.5 м; водопровод, дренаж — 5.5 м при норме 1.0 м; газопровод — 9.5 м при норме 1.0 м."
S-0435;кустарник;Можжевельник казацкий 'Tamariscifolia';60.625;24.625;СП 42.13330.2016;"таблица 9.1; ППМ № 743-ПП, прил. 1, п. 3.6.3, табл. 3.6.1 (МГСН 1.01-99); ППМ № 623-ПП (МГСН 1.02-02), п. 4.2.4";Силовой кабель и кабель связи;0.7;1.5;"Посадка (кустарник) допустима. Определяющее ограничение — силовой кабель и кабель связи: требуется не менее 0.7 м, фактически 1.5 м (СП 42.13330.2016, таблица 9.1; ППМ № 743-ПП, прил. 1, п. 3.6.3, табл. 3.6.1 (МГСН 1.01-99); ППМ № 623-ПП (МГСН 1.02-02), п. 4.2.4). Прочие проверенные отступы: край тротуара и садовой дорожки — 1.5 м при норме 0.5 м; водопровод, дренаж — 5.5 м при норме 1.0 м; газопровод — 9.51 м при норме 1.0 м."
S-0436;кустарник;Можжевельник казацкий 'Tamariscifolia';62.625;24.625;СП 42.13330.2016;"таблица 9.1; ППМ № 743-ПП, прил. 1, п. 3.6.3, табл. 3.6.1 (МГСН 1.01-99); ППМ № 623-ПП (МГСН 1.02-02), п. 4.2.4";Силовой кабель и кабель связи;0.7;1.5;"Посадка (кустарник) допустима. Определяющее ограничение — силовой кабель и кабель связи: требуется не менее 0.7 м, фактически 1.5 м (СП 42.13330.2016, таблица 9.1; ППМ № 743-ПП, прил. 1, п. 3.6.3, табл. 3.6.1 (МГСН 1.01-99); ППМ № 623-ПП (МГСН 1.02-02), п. 4.2.4). Прочие проверенные отступы: край тротуара и садовой дорожки — 1.5 м при норме 0.5 м; водопровод, дренаж — 5.5 м при норме 1.0 м; газопровод — 9.82 м при норме 1.0 м."
S-0437;кустарник;Можжевельник казацкий 'Tamariscifolia';64.625;24.625;СП 42.13330.2016;"таблица 9.1; ППМ № 743-ПП, прил. 1, п. 3.6.3, табл. 3.6.1 (МГСН 1.01-99); ППМ № 623-ПП (МГСН 1.02-02), п. 4.2.4";Силовой кабель и кабель связи;0.7;1.5;"Посадка (кустарник) допустима. Определяющее ограничение — силовой кабель и кабель связи: требуется не менее 0.7 м, фактически 1.5 м (СП 42.13330.2016, таблица 9.1; ППМ № 743-ПП, прил. 1, п. 3.6.3, табл. 3.6.1 (МГСН 1.01-99); ППМ № 623-ПП (МГСН 1.02-02), п. 4.2.4). Прочие проверенные отступы: край тротуара и садовой дорожки — 1.5 м при норме 0.5 м; водопровод, дренаж — 5.5 м при норме 1.0 м; край проезжей части, кромка укреплённой полосы обочины — 10.5 м при норме 1.0 м."
S-0438;кустарник;Можжевельник казацкий 'Tamariscifolia';66.625;24.625;СП 42.13330.2016;"таблица 9.1; ППМ № 743-ПП, прил. 1, п. 3.6.3, табл. 3.6.1 (МГСН 1.01-99); ППМ № 623-ПП (МГСН 1.02-02), п. 4.2.4";Силовой кабель и кабель связи;0.7;1.5;"Посадка (кустарник) допустима. Определяющее ограничение — силовой кабель и кабель связи: требуется не менее 0.7 м, фактически 1.5 м (СП 42.13330.2016, таблица 9.1; ППМ № 743-ПП, прил. 1, п. 3.6.3, табл. 3.6.1 (МГСН 1.01-99); ППМ № 623-ПП (МГСН 1.02-02), п. 4.2.4). Прочие проверенные отступы: край тротуара и садовой дорожки — 1.5 м при норме 0.5 м; водопровод, дренаж — 5.5 м при норме 1.0 м; край проезжей части, кромка укреплённой полосы обочины — 10.5 м при норме 1.0 м."
S-0439;кустарник;Можжевельник казацкий 'Tamariscifolia';68.625;24.625;СП 42.13330.2016;"таблица 9.1; ППМ № 743-ПП, прил. 1, п. 3.6.3, табл. 3.6.1 (МГСН 1.01-99); ППМ № 623-ПП (МГСН 1.02-02), п. 4.2.4";Силовой кабель и кабель связи;0.7;1.5;"Посадка (кустарник) допустима. Определяющее ограничение — силовой кабель и кабель связи: требуется не менее 0.7 м, фактически 1.5 м (СП 42.13330.2016, таблица 9.1; ППМ № 743-ПП, прил. 1, п. 3.6.3, табл. 3.6.1 (МГСН 1.01-99); ППМ № 623-ПП (МГСН 1.02-02), п. 4.2.4). Прочие проверенные отступы: край тротуара и садовой дорожки — 1.5 м при норме 0.5 м; водопровод, дренаж — 5.5 м при норме 1.0 м; край проезжей части, кромка укреплённой полосы обочины — 10.5 м при норме 1.0 м."
S-0440;кустарник;Можжевельник казацкий 'Tamariscifolia';70.625;24.625;СП 42.13330.2016;"таблица 9.1; ППМ № 743-ПП, прил. 1, п. 3.6.3, табл. 3.6.1 (МГСН 1.01-99); ППМ № 623-ПП (МГСН 1.02-02), п. 4.2.4";Силовой кабель и кабель связи;0.7;1.5;"Посадка (кустарник) допустима. Определяющее ограничение — силовой кабель и кабель связи: требуется не менее 0.7 м, фактически 1.5 м (СП 42.13330.2016, таблица 9.1; ППМ № 743-ПП, прил. 1, п. 3.6.3, табл. 3.6.1 (МГСН 1.01-99); ППМ № 623-ПП (МГСН 1.02-02), п. 4.2.4). Прочие проверенные отступы: край тротуара и садовой дорожки — 1.5 м при норме 0.5 м; водопровод, дренаж — 5.5 м при норме 1.0 м; канализация — 9.5 м при норме 1.0 м."
S-0441;кустарник;Сирень венгерская;72.625;24.625;СП 42.13330.2016;"таблица 9.1; ППМ № 743-ПП, прил. 1, п. 3.6.3, табл. 3.6.1 (МГСН 1.01-99); ППМ № 623-ПП (МГСН 1.02-02), п. 4.2.4";Силовой кабель и кабель связи;0.7;1.5;"Посадка (кустарник) допустима. Определяющее ограничение — силовой кабель и кабель связи: требуется не менее 0.7 м, фактически 1.5 м (СП 42.13330.2016, таблица 9.1; ППМ № 743-ПП, прил. 1, п. 3.6.3, табл. 3.6.1 (МГСН 1.01-99); ППМ № 623-ПП (МГСН 1.02-02), п. 4.2.4). Прочие проверенные отступы: край тротуара и садовой дорожки — 1.5 м при норме 0.5 м; водопровод, дренаж — 5.5 м при норме 1.0 м; канализация — 7.5 м при норме 1.0 м."
S-0442;кустарник;Сирень венгерская;74.625;24.625;СП 42.13330.2016;"таблица 9.1; ППМ № 743-ПП, прил. 1, п. 3.6.3, табл. 3.6.1 (МГСН 1.01-99); ППМ № 623-ПП (МГСН 1.02-02), п. 4.2.4";Силовой кабель и кабель связи;0.7;1.5;"Посадка (кустарник) допустима. Определяющее ограничение — силовой кабель и кабель связи: требуется не менее 0.7 м, фактически 1.5 м (СП 42.13330.2016, таблица 9.1; ППМ № 743-ПП, прил. 1, п. 3.6.3, табл. 3.6.1 (МГСН 1.01-99); ППМ № 623-ПП (МГСН 1.02-02), п. 4.2.4). Прочие проверенные отступы: край тротуара и садовой дорожки — 1.5 м при норме 0.5 м; водопровод, дренаж — 5.5 м при норме 1.0 м; канализация — 5.5 м при норме 1.0 м."
S-0443;кустарник;Сирень венгерская;76.625;24.625;СП 42.13330.2016;"таблица 9.1; ППМ № 743-ПП, прил. 1, п. 3.6.3, табл. 3.6.1 (МГСН 1.01-99); ППМ № 623-ПП (МГСН 1.02-02), п. 4.2.4";Силовой кабель и кабель связи;0.7;1.5;"Посадка (кустарник) допустима. Определяющее ограничение — силовой кабель и кабель связи: требуется не менее 0.7 м, фактически 1.5 м (СП 42.13330.2016, таблица 9.1; ППМ № 743-ПП, прил. 1, п. 3.6.3, табл. 3.6.1 (МГСН 1.01-99); ППМ № 623-ПП (МГСН 1.02-02), п. 4.2.4). Прочие проверенные отступы: край тротуара и садовой дорожки — 1.5 м при норме 0.5 м; канализация — 3.5 м при норме 1.0 м; водопровод, дренаж — 5.5 м при норме 1.0 м."
S-0444;кустарник;Сирень венгерская;82.125;24.625;СП 42.13330.2016;"таблица 9.1; ППМ № 743-ПП, прил. 1, п. 3.6.3, табл. 3.6.1 (МГСН 1.01-99); ППМ № 623-ПП (МГСН 1.02-02), п. 4.2.4";Силовой кабель и кабель связи;0.7;1.5;"Посадка (кустарник) допустима. Определяющее ограничение — силовой кабель и кабель связи: требуется не менее 0.7 м, фактически 1.5 м (СП 42.13330.2016, таблица 9.1; ППМ № 743-ПП, прил. 1, п. 3.6.3, табл. 3.6.1 (МГСН 1.01-99); ППМ № 623-ПП (МГСН 1.02-02), п. 4.2.4). Прочие проверенные отступы: канализация — 2.0 м при норме 1.0 м; край тротуара и садовой дорожки — 1.5 м при норме 0.5 м; водопровод, дренаж — 5.5 м при норме 1.0 м."
S-0445;кустарник;Сирень венгерская;84.125;24.625;СП 42.13330.2016;"таблица 9.1; ППМ № 743-ПП, прил. 1, п. 3.6.3, табл. 3.6.1 (МГСН 1.01-99); ППМ № 623-ПП (МГСН 1.02-02), п. 4.2.4";Силовой кабель и кабель связи;0.7;1.5;"Посадка (кустарник) допустима. Определяющее ограничение — силовой кабель и кабель связи: требуется не менее 0.7 м, фактически 1.5 м (СП 42.13330.2016, таблица 9.1; ППМ № 743-ПП, прил. 1, п. 3.6.3, табл. 3.6.1 (МГСН 1.01-99); ППМ № 623-ПП (МГСН 1.02-02), п. 4.2.4). Прочие проверенные отступы: край тротуара и садовой дорожки — 1.5 м при норме 0.5 м; канализация — 4.0 м при норме 1.0 м; водопровод, дренаж — 5.5 м при норме 1.0 м."
S-0446;кустарник;Сирень венгерская;86.125;24.625;СП 42.13330.2016;"таблица 9.1; ППМ № 743-ПП, прил. 1, п. 3.6.3, табл. 3.6.1 (МГСН 1.01-99); ППМ № 623-ПП (МГСН 1.02-02), п. 4.2.4";Силовой кабель и кабель связи;0.7;1.5;"Посадка (кустарник) допустима. Определяющее ограничение — силовой кабель и кабель связи: требуется не менее 0.7 м, фактически 1.5 м (СП 42.13330.2016, таблица 9.1; ППМ № 743-ПП, прил. 1, п. 3.6.3, табл. 3.6.1 (МГСН 1.01-99); ППМ № 623-ПП (МГСН 1.02-02), п. 4.2.4). Прочие проверенные отступы: край тротуара и садовой дорожки — 1.5 м при норме 0.5 м; водопровод, дренаж — 5.5 м при норме 1.0 м; канализация — 6.0 м при норме 1.0 м."
S-0447;кустарник;Сирень венгерская;88.125;24.625;СП 42.13330.2016;"таблица 9.1; ППМ № 743-ПП, прил. 1, п. 3.6.3, табл. 3.6.1 (МГСН 1.01-99); ППМ № 623-ПП (МГСН 1.02-02), п. 4.2.4";Силовой кабель и кабель связи;0.7;1.5;"Посадка (кустарник) допустима. Определяющее ограничение — силовой кабель и кабель связи: требуется не менее 0.7 м, фактически 1.5 м (СП 42.13330.2016, таблица 9.1; ППМ № 743-ПП, прил. 1, п. 3.6.3, табл. 3.6.1 (МГСН 1.01-99); ППМ № 623-ПП (МГСН 1.02-02), п. 4.2.4). Прочие проверенные отступы: край тротуара и садовой дорожки — 1.5 м при норме 0.5 м; водопровод, дренаж — 5.5 м при норме 1.0 м; канализация — 8.0 м при норме 1.0 м."
S-0448;кустарник;Сирень венгерская;90.125;24.625;СП 42.13330.2016;"таблица 9.1; ППМ № 743-ПП, прил. 1, п. 3.6.3, табл. 3.6.1 (МГСН 1.01-99); ППМ № 623-ПП (МГСН 1.02-02), п. 4.2.4";Силовой кабель и кабель связи;0.7;1.5;"Посадка (кустарник) допустима. Определяющее ограничение — силовой кабель и кабель связи: требуется не менее 0.7 м, фактически 1.5 м (СП 42.13330.2016, таблица 9.1; ППМ № 743-ПП, прил. 1, п. 3.6.3, табл. 3.6.1 (МГСН 1.01-99); ППМ № 623-ПП (МГСН 1.02-02), п. 4.2.4). Прочие проверенные отступы: край тротуара и садовой дорожки — 1.5 м при норме 0.5 м; водопровод, дренаж — 5.5 м при норме 1.0 м; канализация — 10.0 м при норме 1.0 м."
S-0449;кустарник;Сирень венгерская;92.125;24.625;СП 42.13330.2016;"таблица 9.1; ППМ № 743-ПП, прил. 1, п. 3.6.3, табл. 3.6.1 (МГСН 1.01-99); ППМ № 623-ПП (МГСН 1.02-02), п. 4.2.4";Силовой кабель и кабель связи;0.7;1.5;"Посадка (кустарник) допустима. Определяющее ограничение — силовой кабель и кабель связи: требуется не менее 0.7 м, фактически 1.5 м (СП 42.13330.2016, таблица 9.1; ППМ № 743-ПП, прил. 1, п. 3.6.3, табл. 3.6.1 (МГСН 1.01-99); ППМ № 623-ПП (МГСН 1.02-02), п. 4.2.4). Прочие проверенные отступы: край тротуара и садовой дорожки — 1.5 м при норме 0.5 м; водопровод, дренаж — 5.5 м при норме 1.0 м; край проезжей части, кромка укреплённой полосы обочины — 10.5 м при норме 1.0 м."
S-0450;кустарник;Сирень венгерская;94.125;24.625;СП 42.13330.2016;"таблица 9.1; ППМ № 743-ПП, прил. 1, п. 3.6.3, табл. 3.6.1 (МГСН 1.01-99); ППМ № 623-ПП (МГСН 1.02-02), п. 4.2.4";Силовой кабель и кабель связи;0.7;1.5;"Посадка (кустарник) допустима. Определяющее ограничение — силовой кабель и кабель связи: требуется не менее 0.7 м, фактически 1.5 м (СП 42.13330.2016, таблица 9.1; ППМ № 743-ПП, прил. 1, п. 3.6.3, табл. 3.6.1 (МГСН 1.01-99); ППМ № 623-ПП (МГСН 1.02-02), п. 4.2.4). Прочие проверенные отступы: край тротуара и садовой дорожки — 1.5 м при норме 0.5 м; водопровод, дренаж — 5.5 м при норме 1.0 м; край проезжей части, кромка укреплённой полосы обочины — 10.5 м при норме 1.0 м."
S-0451;кустарник;Сирень венгерская;96.125;24.625;СП 42.13330.2016;"таблица 9.1; ППМ № 743-ПП, прил. 1, п. 3.6.3, табл. 3.6.1 (МГСН 1.01-99); ППМ № 623-ПП (МГСН 1.02-02), п. 4.2.4";Силовой кабель и кабель связи;0.7;1.5;"Посадка (кустарник) допустима. Определяющее ограничение — силовой кабель и кабель связи: требуется не менее 0.7 м, фактически 1.5 м (СП 42.13330.2016, таблица 9.1; ППМ № 743-ПП, прил. 1, п. 3.6.3, табл. 3.6.1 (МГСН 1.01-99); ППМ № 623-ПП (МГСН 1.02-02), п. 4.2.4). Прочие проверенные отступы: край тротуара и садовой дорожки — 1.5 м при норме 0.5 м; водопровод, дренаж — 5.5 м при норме 1.0 м; край проезжей части, кромка укреплённой полосы обочины — 10.5 м при норме 1.0 м."
S-0452;кустарник;Сирень венгерская;98.125;24.625;СП 42.13330.2016;"таблица 9.1; ППМ № 743-ПП, прил. 1, п. 3.6.3, табл. 3.6.1 (МГСН 1.01-99); ППМ № 623-ПП (МГСН 1.02-02), п. 4.2.4";Силовой кабель и кабель связи;0.7;1.5;"Посадка (кустарник) допустима. Определяющее ограничение — силовой кабель и кабель связи: требуется не менее 0.7 м, фактически 1.5 м (СП 42.13330.2016, таблица 9.1; ППМ № 743-ПП, прил. 1, п. 3.6.3, табл. 3.6.1 (МГСН 1.01-99); ППМ № 623-ПП (МГСН 1.02-02), п. 4.2.4). Прочие проверенные отступы: край тротуара и садовой дорожки — 1.5 м при норме 0.5 м; водопровод, дренаж — 5.5 м при норме 1.0 м; существующее сохраняемое дерево (от ствола) — 8.9 м при норме 1.0 м."
S-0453;кустарник;Сирень венгерская;100.125;24.625;СП 42.13330.2016;"таблица 9.1; ППМ № 743-ПП, прил. 1, п. 3.6.3, табл. 3.6.1 (МГСН 1.01-99); ППМ № 623-ПП (МГСН 1.02-02), п. 4.2.4";Силовой кабель и кабель связи;0.7;1.5;"Посадка (кустарник) допустима. Определяющее ограничение — силовой кабель и кабель связи: требуется не менее 0.7 м, фактически 1.5 м (СП 42.13330.2016, таблица 9.1; ППМ № 743-ПП, прил. 1, п. 3.6.3, табл. 3.6.1 (МГСН 1.01-99); ППМ № 623-ПП (МГСН 1.02-02), п. 4.2.4). Прочие проверенные отступы: край тротуара и садовой дорожки — 1.5 м при норме 0.5 м; водопровод, дренаж — 5.5 м при норме 1.0 м; существующее сохраняемое дерево (от ствола) — 7.43 м при норме 1.0 м."
S-0454;кустарник;Сирень венгерская;102.125;24.625;СП 42.13330.2016;"таблица 9.1; ППМ № 743-ПП, прил. 1, п. 3.6.3, табл. 3.6.1 (МГСН 1.01-99); ППМ № 623-ПП (МГСН 1.02-02), п. 4.2.4";Силовой кабель и кабель связи;0.7;1.5;"Посадка (кустарник) допустима. Определяющее ограничение — силовой кабель и кабель связи: требуется не менее 0.7 м, фактически 1.5 м (СП 42.13330.2016, таблица 9.1; ППМ № 743-ПП, прил. 1, п. 3.6.3, табл. 3.6.1 (МГСН 1.01-99); ППМ № 623-ПП (МГСН 1.02-02), п. 4.2.4). Прочие проверенные отступы: край тротуара и садовой дорожки — 1.5 м при норме 0.5 м; водопровод, дренаж — 5.5 м при норме 1.0 м; существующее сохраняемое дерево (от ствола) — 6.26 м при норме 1.0 м."
S-0455;кустарник;Сирень венгерская;104.125;24.625;СП 42.13330.2016;"таблица 9.1; ППМ № 743-ПП, прил. 1, п. 3.6.3, табл. 3.6.1 (МГСН 1.01-99); ППМ № 623-ПП (МГСН 1.02-02), п. 4.2.4";Силовой кабель и кабель связи;0.7;1.5;"Посадка (кустарник) допустима. Определяющее ограничение — силовой кабель и кабель связи: требуется не менее 0.7 м, фактически 1.5 м (СП 42.13330.2016, таблица 9.1; ППМ № 743-ПП, прил. 1, п. 3.6.3, табл. 3.6.1 (МГСН 1.01-99); ППМ № 623-ПП (МГСН 1.02-02), п. 4.2.4). Прочие проверенные отступы: край тротуара и садовой дорожки — 1.5 м при норме 0.5 м; водопровод, дренаж — 5.5 м при норме 1.0 м; существующее сохраняемое дерево (от ствола) — 5.59 м при норме 1.0 м."
S-0456;кустарник;Сирень венгерская;106.125;24.625;СП 42.13330.2016;"таблица 9.1; ППМ № 743-ПП, прил. 1, п. 3.6.3, табл. 3.6.1 (МГСН 1.01-99); ППМ № 623-ПП (МГСН 1.02-02), п. 4.2.4";Силовой кабель и кабель связи;0.7;1.5;"Посадка (кустарник) допустима. Определяющее ограничение — силовой кабель и кабель связи: требуется не менее 0.7 м, фактически 1.5 м (СП 42.13330.2016, таблица 9.1; ППМ № 743-ПП, прил. 1, п. 3.6.3, табл. 3.6.1 (МГСН 1.01-99); ППМ № 623-ПП (МГСН 1.02-02), п. 4.2.4). Прочие проверенные отступы: край тротуара и садовой дорожки — 1.5 м при норме 0.5 м; водопровод, дренаж — 5.5 м при норме 1.0 м; существующее сохраняемое дерево (от ствола) — 5.59 м при норме 1.0 м."
S-0457;кустарник;Сирень венгерская;108.125;24.625;СП 42.13330.2016;"таблица 9.1; ППМ № 743-ПП, прил. 1, п. 3.6.3, табл. 3.6.1 (МГСН 1.01-99); ППМ № 623-ПП (МГСН 1.02-02), п. 4.2.4";Силовой кабель и кабель связи;0.7;1.5;"Посадка (кустарник) допустима. Определяющее ограничение — силовой кабель и кабель связи: требуется не менее 0.7 м, фактически 1.5 м (СП 42.13330.2016, таблица 9.1; ППМ № 743-ПП, прил. 1, п. 3.6.3, табл. 3.6.1 (МГСН 1.01-99); ППМ № 623-ПП (МГСН 1.02-02), п. 4.2.4). Прочие проверенные отступы: край тротуара и садовой дорожки — 1.5 м при норме 0.5 м; водопровод, дренаж — 5.5 м при норме 1.0 м; существующее сохраняемое дерево (от ствола) — 6.26 м при норме 1.0 м."
S-0458;кустарник;Сирень венгерская;110.125;24.625;СП 42.13330.2016;"таблица 9.1; ППМ № 743-ПП, прил. 1, п. 3.6.3, табл. 3.6.1 (МГСН 1.01-99); ППМ № 623-ПП (МГСН 1.02-02), п. 4.2.4";Силовой кабель и кабель связи;0.7;1.5;"Посадка (кустарник) допустима. Определяющее ограничение — силовой кабель и кабель связи: требуется не менее 0.7 м, фактически 1.5 м (СП 42.13330.2016, таблица 9.1; ППМ № 743-ПП, прил. 1, п. 3.6.3, табл. 3.6.1 (МГСН 1.01-99); ППМ № 623-ПП (МГСН 1.02-02), п. 4.2.4). Прочие проверенные отступы: край тротуара и садовой дорожки — 1.5 м при норме 0.5 м; водопровод, дренаж — 5.5 м при норме 1.0 м; существующее сохраняемое дерево (от ствола) — 7.43 м при норме 1.0 м."
S-0459;кустарник;Сирень венгерская;112.125;24.625;СП 42.13330.2016;"таблица 9.1; ППМ № 743-ПП, прил. 1, п. 3.6.3, табл. 3.6.1 (МГСН 1.01-99); ППМ № 623-ПП (МГСН 1.02-02), п. 4.2.4";Силовой кабель и кабель связи;0.7;1.5;"Посадка (кустарник) допустима. Определяющее ограничение — силовой кабель и кабель связи: требуется не менее 0.7 м, фактически 1.5 м (СП 42.13330.2016, таблица 9.1; ППМ № 743-ПП, прил. 1, п. 3.6.3, табл. 3.6.1 (МГСН 1.01-99); ППМ № 623-ПП (МГСН 1.02-02), п. 4.2.4). Прочие проверенные отступы: край тротуара и садовой дорожки — 1.5 м при норме 0.5 м; водопровод, дренаж — 5.5 м при норме 1.0 м; существующее сохраняемое дерево (от ствола) — 8.9 м при норме 1.0 м."
S-0460;кустарник;Сирень венгерская;114.125;24.625;СП 42.13330.2016;"таблица 9.1; ППМ № 743-ПП, прил. 1, п. 3.6.3, табл. 3.6.1 (МГСН 1.01-99); ППМ № 623-ПП (МГСН 1.02-02), п. 4.2.4";Силовой кабель и кабель связи;0.7;1.5;"Посадка (кустарник) допустима. Определяющее ограничение — силовой кабель и кабель связи: требуется не менее 0.7 м, фактически 1.5 м (СП 42.13330.2016, таблица 9.1; ППМ № 743-ПП, прил. 1, п. 3.6.3, табл. 3.6.1 (МГСН 1.01-99); ППМ № 623-ПП (МГСН 1.02-02), п. 4.2.4). Прочие проверенные отступы: край тротуара и садовой дорожки — 1.5 м при норме 0.5 м; водопровод, дренаж — 5.5 м при норме 1.0 м; край проезжей части, кромка укреплённой полосы обочины — 10.5 м при норме 1.0 м."
S-0461;кустарник;Сирень венгерская;116.125;24.625;СП 42.13330.2016;"таблица 9.1; ППМ № 743-ПП, прил. 1, п. 3.6.3, табл. 3.6.1 (МГСН 1.01-99); ППМ № 623-ПП (МГСН 1.02-02), п. 4.2.4";Силовой кабель и кабель связи;0.7;1.5;"Посадка (кустарник) допустима. Определяющее ограничение — силовой кабель и кабель связи: требуется не менее 0.7 м, фактически 1.5 м (СП 42.13330.2016, таблица 9.1; ППМ № 743-ПП, прил. 1, п. 3.6.3, табл. 3.6.1 (МГСН 1.01-99); ППМ № 623-ПП (МГСН 1.02-02), п. 4.2.4). Прочие проверенные отступы: край тротуара и садовой дорожки — 1.5 м при норме 0.5 м; водопровод, дренаж — 5.5 м при норме 1.0 м; край проезжей части, кромка укреплённой полосы обочины — 10.5 м при норме 1.0 м."
S-0462;кустарник;Сирень венгерская;118.125;24.625;СП 42.13330.2016;"таблица 9.1; ППМ № 743-ПП, прил. 1, п. 3.6.3, табл. 3.6.1 (МГСН 1.01-99); ППМ № 623-ПП (МГСН 1.02-02), п. 4.2.4";Силовой кабель и кабель связи;0.7;1.5;"Посадка (кустарник) допустима. Определяющее ограничение — силовой кабель и кабель связи: требуется не менее 0.7 м, фактически 1.5 м (СП 42.13330.2016, таблица 9.1; ППМ № 743-ПП, прил. 1, п. 3.6.3, табл. 3.6.1 (МГСН 1.01-99); ППМ № 623-ПП (МГСН 1.02-02), п. 4.2.4). Прочие проверенные отступы: край тротуара и садовой дорожки — 1.5 м при норме 0.5 м; водопровод, дренаж — 5.5 м при норме 1.0 м; край проезжей части, кромка укреплённой полосы обочины — 10.5 м при норме 1.0 м."
S-0463;кустарник;Сирень венгерская;0.625;27.625;СП 42.13330.2016;"таблица 9.1; ППМ № 743-ПП, прил. 1, п. 3.6.3, табл. 3.6.1 (МГСН 1.01-99); ППМ № 623-ПП (МГСН 1.02-02), п. 4.2.4";Силовой кабель и кабель связи;0.7;1.5;"Посадка (кустарник) допустима. Определяющее ограничение — силовой кабель и кабель связи: требуется не менее 0.7 м, фактически 1.5 м (СП 42.13330.2016, таблица 9.1; ППМ № 743-ПП, прил. 1, п. 3.6.3, табл. 3.6.1 (МГСН 1.01-99); ППМ № 623-ПП (МГСН 1.02-02), п. 4.2.4). Прочие проверенные отступы: водопровод, дренаж — 2.5 м при норме 1.0 м; край тротуара и садовой дорожки — 4.5 м при норме 0.5 м; газопровод — 6.5 м при норме 1.0 м."
S-0464;кустарник;Сирень венгерская;2.625;27.625;СП 42.13330.2016;"таблица 9.1; ППМ № 743-ПП, прил. 1, п. 3.6.3, табл. 3.6.1 (МГСН 1.01-99); ППМ № 623-ПП (МГСН 1.02-02), п. 4.2.4";Силовой кабель и кабель связи;0.7;1.5;"Посадка (кустарник) допустима. Определяющее ограничение — силовой кабель и кабель связи: требуется не менее 0.7 м, фактически 1.5 м (СП 42.13330.2016, таблица 9.1; ППМ № 743-ПП, прил. 1, п. 3.6.3, табл. 3.6.1 (МГСН 1.01-99); ППМ № 623-ПП (МГСН 1.02-02), п. 4.2.4). Прочие проверенные отступы: водопровод, дренаж — 2.5 м при норме 1.0 м; край тротуара и садовой дорожки — 4.5 м при норме 0.5 м; газопровод — 6.5 м при норме 1.0 м."
S-0465;кустарник;Сирень венгерская;4.625;27.625;СП 42.13330.2016;"таблица 9.1; ППМ № 743-ПП, прил. 1, п. 3.6.3, табл. 3.6.1 (МГСН 1.01-99); ППМ № 623-ПП (МГСН 1.02-02), п. 4.2.4";Силовой кабель и кабель связи;0.7;1.5;"Посадка (кустарник) допустима. Определяющее ограничение — силовой кабель и кабель связи: требуется не менее 0.7 м, фактически 1.5 м (СП 42.13330.2016, таблица 9.1; ППМ № 743-ПП, прил. 1, п. 3.6.3, табл. 3.6.1 (МГСН 1.01-99); ППМ № 623-ПП (МГСН 1.02-02), п. 4.2.4). Прочие проверенные отступы: водопровод, дренаж — 2.5 м при норме 1.0 м; край тротуара и садовой дорожки — 4.5 м при норме 0.5 м; газопровод — 6.5 м при норме 1.0 м."
S-0466;кустарник;Сирень венгерская;6.625;27.625;СП 42.13330.2016;"таблица 9.1; ППМ № 743-ПП, прил. 1, п. 3.6.3, табл. 3.6.1 (МГСН 1.01-99); ППМ № 623-ПП (МГСН 1.02-02), п. 4.2.4";Силовой кабель и кабель связи;0.7;1.5;"Посадка (кустарник) допустима. Определяющее ограничение — силовой кабель и кабель связи: требуется не менее 0.7 м, фактически 1.5 м (СП 42.13330.2016, таблица 9.1; ППМ № 743-ПП, прил. 1, п. 3.6.3, табл. 3.6.1 (МГСН 1.01-99); ППМ № 623-ПП (МГСН 1.02-02), п. 4.2.4). Прочие проверенные отступы: водопровод, дренаж — 2.5 м при норме 1.0 м; край тротуара и садовой дорожки — 4.5 м при норме 0.5 м; газопровод — 6.5 м при норме 1.0 м."
S-0467;кустарник;Сирень венгерская;8.625;27.625;СП 42.13330.2016;"таблица 9.1; ППМ № 743-ПП, прил. 1, п. 3.6.3, табл. 3.6.1 (МГСН 1.01-99); ППМ № 623-ПП (МГСН 1.02-02), п. 4.2.4";Силовой кабель и кабель связи;0.7;1.5;"Посадка (кустарник) допустима. Определяющее ограничение — силовой кабель и кабель связи: требуется не менее 0.7 м, фактически 1.5 м (СП 42.13330.2016, таблица 9.1; ППМ № 743-ПП, прил. 1, п. 3.6.3, табл. 3.6.1 (МГСН 1.01-99); ППМ № 623-ПП (МГСН 1.02-02), п. 4.2.4). Прочие проверенные отступы: водопровод, дренаж — 2.5 м при норме 1.0 м; край тротуара и садовой дорожки — 4.5 м при норме 0.5 м; газопровод — 6.5 м при норме 1.0 м."
S-0468;кустарник;Сирень венгерская;10.625;27.625;СП 42.13330.2016;"таблица 9.1; ППМ № 743-ПП, прил. 1, п. 3.6.3, табл. 3.6.1 (МГСН 1.01-99); ППМ № 623-ПП (МГСН 1.02-02), п. 4.2.4";Силовой кабель и кабель связи;0.7;1.5;"Посадка (кустарник) допустима. Определяющее ограничение — силовой кабель и кабель связи: требуется не менее 0.7 м, фактически 1.5 м (СП 42.13330.2016, таблица 9.1; ППМ № 743-ПП, прил. 1, п. 3.6.3, табл. 3.6.1 (МГСН 1.01-99); ППМ № 623-ПП (МГСН 1.02-02), п. 4.2.4). Прочие проверенные отступы: водопровод, дренаж — 2.5 м при норме 1.0 м; край тротуара и садовой дорожки — 4.5 м при норме 0.5 м; газопровод — 6.5 м при норме 1.0 м."
S-0469;кустарник;Сирень венгерская;12.625;27.625;СП 42.13330.2016;"таблица 9.1; ППМ № 743-ПП, прил. 1, п. 3.6.3, табл. 3.6.1 (МГСН 1.01-99); ППМ № 623-ПП (МГСН 1.02-02), п. 4.2.4";Силовой кабель и кабель связи;0.7;1.5;"Посадка (кустарник) допустима. Определяющее ограничение — силовой кабель и кабель связи: требуется не менее 0.7 м, фактически 1.5 м (СП 42.13330.2016, таблица 9.1; ППМ № 743-ПП, прил. 1, п. 3.6.3, табл. 3.6.1 (МГСН 1.01-99); ППМ № 623-ПП (МГСН 1.02-02), п. 4.2.4). Прочие проверенные отступы: водопровод, дренаж — 2.5 м при норме 1.0 м; край тротуара и садовой дорожки — 4.5 м при норме 0.5 м; газопровод — 6.5 м при норме 1.0 м."
S-0470;кустарник;Сирень венгерская;14.625;27.625;СП 42.13330.2016;"таблица 9.1; ППМ № 743-ПП, прил. 1, п. 3.6.3, табл. 3.6.1 (МГСН 1.01-99); ППМ № 623-ПП (МГСН 1.02-02), п. 4.2.4";Силовой кабель и кабель связи;0.7;1.5;"Посадка (кустарник) допустима. Определяющее ограничение — силовой кабель и кабель связи: требуется не менее 0.7 м, фактически 1.5 м (СП 42.13330.2016, таблица 9.1; ППМ № 743-ПП, прил. 1, п. 3.6.3, табл. 3.6.1 (МГСН 1.01-99); ППМ № 623-ПП (МГСН 1.02-02), п. 4.2.4). Прочие проверенные отступы: водопровод, дренаж — 2.5 м при норме 1.0 м; край тротуара и садовой дорожки — 4.5 м при норме 0.5 м; газопровод — 6.5 м при норме 1.0 м."
S-0471;кустарник;Сирень венгерская;16.625;27.625;СП 42.13330.2016;"таблица 9.1; ППМ № 743-ПП, прил. 1, п. 3.6.3, табл. 3.6.1 (МГСН 1.01-99); ППМ № 623-ПП (МГСН 1.02-02), п. 4.2.4";Силовой кабель и кабель связи;0.7;1.5;"Посадка (кустарник) допустима. Определяющее ограничение — силовой кабель и кабель связи: требуется не менее 0.7 м, фактически 1.5 м (СП 42.13330.2016, таблица 9.1; ППМ № 743-ПП, прил. 1, п. 3.6.3, табл. 3.6.1 (МГСН 1.01-99); ППМ № 623-ПП (МГСН 1.02-02), п. 4.2.4). Прочие проверенные отступы: водопровод, дренаж — 2.5 м при норме 1.0 м; край тротуара и садовой дорожки — 4.5 м при норме 0.5 м; газопровод — 6.5 м при норме 1.0 м."
S-0472;кустарник;Сирень венгерская;18.625;27.625;СП 42.13330.2016;"таблица 9.1; ППМ № 743-ПП, прил. 1, п. 3.6.3, табл. 3.6.1 (МГСН 1.01-99); ППМ № 623-ПП (МГСН 1.02-02), п. 4.2.4";Силовой кабель и кабель связи;0.7;1.5;"Посадка (кустарник) допустима. Определяющее ограничение — силовой кабель и кабель связи: требуется не менее 0.7 м, фактически 1.5 м (СП 42.13330.2016, таблица 9.1; ППМ № 743-ПП, прил. 1, п. 3.6.3, табл. 3.6.1 (МГСН 1.01-99); ППМ № 623-ПП (МГСН 1.02-02), п. 4.2.4). Прочие проверенные отступы: водопровод, дренаж — 2.5 м при норме 1.0 м; край тротуара и садовой дорожки — 4.5 м при норме 0.5 м; газопровод — 6.5 м при норме 1.0 м."
S-0473;кустарник;Сирень венгерская;20.625;27.625;СП 42.13330.2016;"таблица 9.1; ППМ № 743-ПП, прил. 1, п. 3.6.3, табл. 3.6.1 (МГСН 1.01-99); ППМ № 623-ПП (МГСН 1.02-02), п. 4.2.4";Силовой кабель и кабель связи;0.7;1.5;"Посадка (кустарник) допустима. Определяющее ограничение — силовой кабель и кабель связи: требуется не менее 0.7 м, фактически 1.5 м (СП 42.13330.2016, таблица 9.1; ППМ № 743-ПП, прил. 1, п. 3.6.3, табл. 3.6.1 (МГСН 1.01-99); ППМ № 623-ПП (МГСН 1.02-02), п. 4.2.4). Прочие проверенные отступы: водопровод, дренаж — 2.5 м при норме 1.0 м; край тротуара и садовой дорожки — 4.5 м при норме 0.5 м; газопровод — 6.5 м при норме 1.0 м."
S-0474;кустарник;Сирень венгерская;22.625;27.625;СП 42.13330.2016;"таблица 9.1; ППМ № 743-ПП, прил. 1, п. 3.6.3, табл. 3.6.1 (МГСН 1.01-99); ППМ № 623-ПП (МГСН 1.02-02), п. 4.2.4";Силовой кабель и кабель связи;0.7;1.5;"Посадка (кустарник) допустима. Определяющее ограничение — силовой кабель и кабель связи: требуется не менее 0.7 м, фактически 1.5 м (СП 42.13330.2016, таблица 9.1; ППМ № 743-ПП, прил. 1, п. 3.6.3, табл. 3.6.1 (МГСН 1.01-99); ППМ № 623-ПП (МГСН 1.02-02), п. 4.2.4). Прочие проверенные отступы: водопровод, дренаж — 2.5 м при норме 1.0 м; край тротуара и садовой дорожки — 4.5 м при норме 0.5 м; газопровод — 6.5 м при норме 1.0 м."
S-0475;кустарник;Сирень венгерская;24.625;27.625;СП 42.13330.2016;"таблица 9.1; ППМ № 743-ПП, прил. 1, п. 3.6.3, табл. 3.6.1 (МГСН 1.01-99); ППМ № 623-ПП (МГСН 1.02-02), п. 4.2.4";Силовой кабель и кабель связи;0.7;1.5;"Посадка (кустарник) допустима. Определяющее ограничение — силовой кабель и кабель связи: требуется не менее 0.7 м, фактически 1.5 м (СП 42.13330.2016, таблица 9.1; ППМ № 743-ПП, прил. 1, п. 3.6.3, табл. 3.6.1 (МГСН 1.01-99); ППМ № 623-ПП (МГСН 1.02-02), п. 4.2.4). Прочие проверенные отступы: водопровод, дренаж — 2.5 м при норме 1.0 м; край тротуара и садовой дорожки — 4.5 м при норме 0.5 м; газопровод — 6.5 м при норме 1.0 м."
S-0476;кустарник;Сирень венгерская;26.625;27.625;СП 42.13330.2016;"таблица 9.1; ППМ № 743-ПП, прил. 1, п. 3.6.3, табл. 3.6.1 (МГСН 1.01-99); ППМ № 623-ПП (МГСН 1.02-02), п. 4.2.4";Силовой кабель и кабель связи;0.7;1.5;"Посадка (кустарник) допустима. Определяющее ограничение — силовой кабель и кабель связи: требуется не менее 0.7 м, фактически 1.5 м (СП 42.13330.2016, таблица 9.1; ППМ № 743-ПП, прил. 1, п. 3.6.3, табл. 3.6.1 (МГСН 1.01-99); ППМ № 623-ПП (МГСН 1.02-02), п. 4.2.4). Прочие проверенные отступы: водопровод, дренаж — 2.5 м при норме 1.0 м; край тротуара и садовой дорожки — 4.5 м при норме 0.5 м; газопровод — 6.5 м при норме 1.0 м."
S-0477;кустарник;Сирень венгерская;28.625;27.625;СП 42.13330.2016;"таблица 9.1; ППМ № 743-ПП, прил. 1, п. 3.6.3, табл. 3.6.1 (МГСН 1.01-99); ППМ № 623-ПП (МГСН 1.02-02), п. 4.2.4";Силовой кабель и кабель связи;0.7;1.5;"Посадка (кустарник) допустима. Определяющее ограничение — силовой кабель и кабель связи: требуется не менее 0.7 м, фактически 1.5 м (СП 42.13330.2016, таблица 9.1; ППМ № 743-ПП, прил. 1, п. 3.6.3, табл. 3.6.1 (МГСН 1.01-99); ППМ № 623-ПП (МГСН 1.02-02), п. 4.2.4). Прочие проверенные отступы: водопровод, дренаж — 2.5 м при норме 1.0 м; край тротуара и садовой дорожки — 4.5 м при норме 0.5 м; газопровод — 6.5 м при норме 1.0 м."
S-0478;кустарник;Сирень венгерская;30.625;27.625;СП 42.13330.2016;"таблица 9.1; ППМ № 743-ПП, прил. 1, п. 3.6.3, табл. 3.6.1 (МГСН 1.01-99); ППМ № 623-ПП (МГСН 1.02-02), п. 4.2.4";Силовой кабель и кабель связи;0.7;1.5;"Посадка (кустарник) допустима. Определяющее ограничение — силовой кабель и кабель связи: требуется не менее 0.7 м, фактически 1.5 м (СП 42.13330.2016, таблица 9.1; ППМ № 743-ПП, прил. 1, п. 3.6.3, табл. 3.6.1 (МГСН 1.01-99); ППМ № 623-ПП (МГСН 1.02-02), п. 4.2.4). Прочие проверенные отступы: водопровод, дренаж — 2.5 м при норме 1.0 м; край тротуара и садовой дорожки — 4.5 м при норме 0.5 м; газопровод — 6.5 м при норме 1.0 м."
S-0479;кустарник;Сирень венгерская;32.625;27.625;СП 42.13330.2016;"таблица 9.1; ППМ № 743-ПП, прил. 1, п. 3.6.3, табл. 3.6.1 (МГСН 1.01-99); ППМ № 623-ПП (МГСН 1.02-02), п. 4.2.4";Силовой кабель и кабель связи;0.7;1.5;"Посадка (кустарник) допустима. Определяющее ограничение — силовой кабель и кабель связи: требуется не менее 0.7 м, фактически 1.5 м (СП 42.13330.2016, таблица 9.1; ППМ № 743-ПП, прил. 1, п. 3.6.3, табл. 3.6.1 (МГСН 1.01-99); ППМ № 623-ПП (МГСН 1.02-02), п. 4.2.4). Прочие проверенные отступы: водопровод, дренаж — 2.5 м при норме 1.0 м; край тротуара и садовой дорожки — 4.5 м при норме 0.5 м; газопровод — 6.5 м при норме 1.0 м."
S-0480;кустарник;Сирень венгерская;34.625;27.625;СП 42.13330.2016;"таблица 9.1; ППМ № 743-ПП, прил. 1, п. 3.6.3, табл. 3.6.1 (МГСН 1.01-99); ППМ № 623-ПП (МГСН 1.02-02), п. 4.2.4";Силовой кабель и кабель связи;0.7;1.5;"Посадка (кустарник) допустима. Определяющее ограничение — силовой кабель и кабель связи: требуется не менее 0.7 м, фактически 1.5 м (СП 42.13330.2016, таблица 9.1; ППМ № 743-ПП, прил. 1, п. 3.6.3, табл. 3.6.1 (МГСН 1.01-99); ППМ № 623-ПП (МГСН 1.02-02), п. 4.2.4). Прочие проверенные отступы: водопровод, дренаж — 2.5 м при норме 1.0 м; край тротуара и садовой дорожки — 4.5 м при норме 0.5 м; газопровод — 6.5 м при норме 1.0 м."
S-0481;кустарник;Форзиция яйцевидная;36.625;27.625;СП 42.13330.2016;"таблица 9.1; ППМ № 743-ПП, прил. 1, п. 3.6.3, табл. 3.6.1 (МГСН 1.01-99); ППМ № 623-ПП (МГСН 1.02-02), п. 4.2.4";Силовой кабель и кабель связи;0.7;1.5;"Посадка (кустарник) допустима. Определяющее ограничение — силовой кабель и кабель связи: требуется не менее 0.7 м, фактически 1.5 м (СП 42.13330.2016, таблица 9.1; ППМ № 743-ПП, прил. 1, п. 3.6.3, табл. 3.6.1 (МГСН 1.01-99); ППМ № 623-ПП (МГСН 1.02-02), п. 4.2.4). Прочие проверенные отступы: водопровод, дренаж — 2.5 м при норме 1.0 м; край тротуара и садовой дорожки — 4.5 м при норме 0.5 м; газопровод — 6.5 м при норме 1.0 м."
S-0482;кустарник;Форзиция яйцевидная;38.625;27.625;СП 42.13330.2016;"таблица 9.1; ППМ № 743-ПП, прил. 1, п. 3.6.3, табл. 3.6.1 (МГСН 1.01-99); ППМ № 623-ПП (МГСН 1.02-02), п. 4.2.4";Силовой кабель и кабель связи;0.7;1.5;"Посадка (кустарник) допустима. Определяющее ограничение — силовой кабель и кабель связи: требуется не менее 0.7 м, фактически 1.5 м (СП 42.13330.2016, таблица 9.1; ППМ № 743-ПП, прил. 1, п. 3.6.3, табл. 3.6.1 (МГСН 1.01-99); ППМ № 623-ПП (МГСН 1.02-02), п. 4.2.4). Прочие проверенные отступы: водопровод, дренаж — 2.5 м при норме 1.0 м; край тротуара и садовой дорожки — 4.5 м при норме 0.5 м; газопровод — 6.5 м при норме 1.0 м."
S-0483;кустарник;Форзиция яйцевидная;40.625;27.625;СП 42.13330.2016;"таблица 9.1; ППМ № 743-ПП, прил. 1, п. 3.6.3, табл. 3.6.1 (МГСН 1.01-99); ППМ № 623-ПП (МГСН 1.02-02), п. 4.2.4";Силовой кабель и кабель связи;0.7;1.5;"Посадка (кустарник) допустима. Определяющее ограничение — силовой кабель и кабель связи: требуется не менее 0.7 м, фактически 1.5 м (СП 42.13330.2016, таблица 9.1; ППМ № 743-ПП, прил. 1, п. 3.6.3, табл. 3.6.1 (МГСН 1.01-99); ППМ № 623-ПП (МГСН 1.02-02), п. 4.2.4). Прочие проверенные отступы: водопровод, дренаж — 2.5 м при норме 1.0 м; край тротуара и садовой дорожки — 4.5 м при норме 0.5 м; газопровод — 6.5 м при норме 1.0 м."
S-0484;кустарник;Форзиция яйцевидная;42.625;27.625;СП 42.13330.2016;"таблица 9.1; ППМ № 743-ПП, прил. 1, п. 3.6.3, табл. 3.6.1 (МГСН 1.01-99); ППМ № 623-ПП (МГСН 1.02-02), п. 4.2.4";Силовой кабель и кабель связи;0.7;1.5;"Посадка (кустарник) допустима. Определяющее ограничение — силовой кабель и кабель связи: требуется не менее 0.7 м, фактически 1.5 м (СП 42.13330.2016, таблица 9.1; ППМ № 743-ПП, прил. 1, п. 3.6.3, табл. 3.6.1 (МГСН 1.01-99); ППМ № 623-ПП (МГСН 1.02-02), п. 4.2.4). Прочие проверенные отступы: водопровод, дренаж — 2.5 м при норме 1.0 м; край тротуара и садовой дорожки — 4.5 м при норме 0.5 м; газопровод — 6.5 м при норме 1.0 м."
S-0485;кустарник;Форзиция яйцевидная;44.625;27.625;СП 42.13330.2016;"таблица 9.1; ППМ № 743-ПП, прил. 1, п. 3.6.3, табл. 3.6.1 (МГСН 1.01-99); ППМ № 623-ПП (МГСН 1.02-02), п. 4.2.4";Силовой кабель и кабель связи;0.7;1.5;"Посадка (кустарник) допустима. Определяющее ограничение — силовой кабель и кабель связи: требуется не менее 0.7 м, фактически 1.5 м (СП 42.13330.2016, таблица 9.1; ППМ № 743-ПП, прил. 1, п. 3.6.3, табл. 3.6.1 (МГСН 1.01-99); ППМ № 623-ПП (МГСН 1.02-02), п. 4.2.4). Прочие проверенные отступы: водопровод, дренаж — 2.5 м при норме 1.0 м; край тротуара и садовой дорожки — 4.5 м при норме 0.5 м; газопровод — 6.5 м при норме 1.0 м."
S-0486;кустарник;Форзиция яйцевидная;46.625;27.625;СП 42.13330.2016;"таблица 9.1; ППМ № 743-ПП, прил. 1, п. 3.6.3, табл. 3.6.1 (МГСН 1.01-99); ППМ № 623-ПП (МГСН 1.02-02), п. 4.2.4";Силовой кабель и кабель связи;0.7;1.5;"Посадка (кустарник) допустима. Определяющее ограничение — силовой кабель и кабель связи: требуется не менее 0.7 м, фактически 1.5 м (СП 42.13330.2016, таблица 9.1; ППМ № 743-ПП, прил. 1, п. 3.6.3, табл. 3.6.1 (МГСН 1.01-99); ППМ № 623-ПП (МГСН 1.02-02), п. 4.2.4). Прочие проверенные отступы: водопровод, дренаж — 2.5 м при норме 1.0 м; край тротуара и садовой дорожки — 4.5 м при норме 0.5 м; газопровод — 6.5 м при норме 1.0 м."
S-0487;кустарник;Форзиция яйцевидная;48.625;27.625;СП 42.13330.2016;"таблица 9.1; ППМ № 743-ПП, прил. 1, п. 3.6.3, табл. 3.6.1 (МГСН 1.01-99); ППМ № 623-ПП (МГСН 1.02-02), п. 4.2.4";Силовой кабель и кабель связи;0.7;1.5;"Посадка (кустарник) допустима. Определяющее ограничение — силовой кабель и кабель связи: требуется не менее 0.7 м, фактически 1.5 м (СП 42.13330.2016, таблица 9.1; ППМ № 743-ПП, прил. 1, п. 3.6.3, табл. 3.6.1 (МГСН 1.01-99); ППМ № 623-ПП (МГСН 1.02-02), п. 4.2.4). Прочие проверенные отступы: водопровод, дренаж — 2.5 м при норме 1.0 м; край тротуара и садовой дорожки — 4.5 м при норме 0.5 м; газопровод — 6.5 м при норме 1.0 м."
S-0488;кустарник;Форзиция яйцевидная;50.625;27.625;СП 42.13330.2016;"таблица 9.1; ППМ № 743-ПП, прил. 1, п. 3.6.3, табл. 3.6.1 (МГСН 1.01-99); ППМ № 623-ПП (МГСН 1.02-02), п. 4.2.4";Силовой кабель и кабель связи;0.7;1.5;"Посадка (кустарник) допустима. Определяющее ограничение — силовой кабель и кабель связи: требуется не менее 0.7 м, фактически 1.5 м (СП 42.13330.2016, таблица 9.1; ППМ № 743-ПП, прил. 1, п. 3.6.3, табл. 3.6.1 (МГСН 1.01-99); ППМ № 623-ПП (МГСН 1.02-02), п. 4.2.4). Прочие проверенные отступы: водопровод, дренаж — 2.5 м при норме 1.0 м; край тротуара и садовой дорожки — 4.5 м при норме 0.5 м; газопровод — 6.5 м при норме 1.0 м."
S-0489;кустарник;Форзиция яйцевидная;52.625;27.625;СП 42.13330.2016;"таблица 9.1; ППМ № 743-ПП, прил. 1, п. 3.6.3, табл. 3.6.1 (МГСН 1.01-99); ППМ № 623-ПП (МГСН 1.02-02), п. 4.2.4";Силовой кабель и кабель связи;0.7;1.5;"Посадка (кустарник) допустима. Определяющее ограничение — силовой кабель и кабель связи: требуется не менее 0.7 м, фактически 1.5 м (СП 42.13330.2016, таблица 9.1; ППМ № 743-ПП, прил. 1, п. 3.6.3, табл. 3.6.1 (МГСН 1.01-99); ППМ № 623-ПП (МГСН 1.02-02), п. 4.2.4). Прочие проверенные отступы: водопровод, дренаж — 2.5 м при норме 1.0 м; край тротуара и садовой дорожки — 4.5 м при норме 0.5 м; газопровод — 6.5 м при норме 1.0 м."
S-0490;кустарник;Форзиция яйцевидная;54.625;27.625;СП 42.13330.2016;"таблица 9.1; ППМ № 743-ПП, прил. 1, п. 3.6.3, табл. 3.6.1 (МГСН 1.01-99); ППМ № 623-ПП (МГСН 1.02-02), п. 4.2.4";Силовой кабель и кабель связи;0.7;1.5;"Посадка (кустарник) допустима. Определяющее ограничение — силовой кабель и кабель связи: требуется не менее 0.7 м, фактически 1.5 м (СП 42.13330.2016, таблица 9.1; ППМ № 743-ПП, прил. 1, п. 3.6.3, табл. 3.6.1 (МГСН 1.01-99); ППМ № 623-ПП (МГСН 1.02-02), п. 4.2.4). Прочие проверенные отступы: водопровод, дренаж — 2.5 м при норме 1.0 м; край тротуара и садовой дорожки — 4.5 м при норме 0.5 м; газопровод — 6.5 м при норме 1.0 м."
S-0491;кустарник;Форзиция яйцевидная;56.625;27.625;СП 42.13330.2016;"таблица 9.1; ППМ № 743-ПП, прил. 1, п. 3.6.3, табл. 3.6.1 (МГСН 1.01-99); ППМ № 623-ПП (МГСН 1.02-02), п. 4.2.4";Силовой кабель и кабель связи;0.7;1.5;"Посадка (кустарник) допустима. Определяющее ограничение — силовой кабель и кабель связи: требуется не менее 0.7 м, фактически 1.5 м (СП 42.13330.2016, таблица 9.1; ППМ № 743-ПП, прил. 1, п. 3.6.3, табл. 3.6.1 (МГСН 1.01-99); ППМ № 623-ПП (МГСН 1.02-02), п. 4.2.4). Прочие проверенные отступы: водопровод, дренаж — 2.5 м при норме 1.0 м; край тротуара и садовой дорожки — 4.5 м при норме 0.5 м; газопровод — 6.5 м при норме 1.0 м."
S-0492;кустарник;Форзиция яйцевидная;58.625;27.625;СП 42.13330.2016;"таблица 9.1; ППМ № 743-ПП, прил. 1, п. 3.6.3, табл. 3.6.1 (МГСН 1.01-99); ППМ № 623-ПП (МГСН 1.02-02), п. 4.2.4";Силовой кабель и кабель связи;0.7;1.5;"Посадка (кустарник) допустима. Определяющее ограничение — силовой кабель и кабель связи: требуется не менее 0.7 м, фактически 1.5 м (СП 42.13330.2016, таблица 9.1; ППМ № 743-ПП, прил. 1, п. 3.6.3, табл. 3.6.1 (МГСН 1.01-99); ППМ № 623-ПП (МГСН 1.02-02), п. 4.2.4). Прочие проверенные отступы: водопровод, дренаж — 2.5 м при норме 1.0 м; край тротуара и садовой дорожки — 4.5 м при норме 0.5 м; газопровод — 6.5 м при норме 1.0 м."
S-0493;кустарник;Форзиция яйцевидная;60.625;27.625;СП 42.13330.2016;"таблица 9.1; ППМ № 743-ПП, прил. 1, п. 3.6.3, табл. 3.6.1 (МГСН 1.01-99); ППМ № 623-ПП (МГСН 1.02-02), п. 4.2.4";Силовой кабель и кабель связи;0.7;1.5;"Посадка (кустарник) допустима. Определяющее ограничение — силовой кабель и кабель связи: требуется не менее 0.7 м, фактически 1.5 м (СП 42.13330.2016, таблица 9.1; ППМ № 743-ПП, прил. 1, п. 3.6.3, табл. 3.6.1 (МГСН 1.01-99); ППМ № 623-ПП (МГСН 1.02-02), п. 4.2.4). Прочие проверенные отступы: водопровод, дренаж — 2.5 м при норме 1.0 м; край тротуара и садовой дорожки — 4.5 м при норме 0.5 м; газопровод — 6.52 м при норме 1.0 м."
S-0494;кустарник;Форзиция яйцевидная;62.625;27.625;СП 42.13330.2016;"таблица 9.1; ППМ № 743-ПП, прил. 1, п. 3.6.3, табл. 3.6.1 (МГСН 1.01-99); ППМ № 623-ПП (МГСН 1.02-02), п. 4.2.4";Силовой кабель и кабель связи;0.7;1.5;"Посадка (кустарник) допустима. Определяющее ограничение — силовой кабель и кабель связи: требуется не менее 0.7 м, фактически 1.5 м (СП 42.13330.2016, таблица 9.1; ППМ № 743-ПП, прил. 1, п. 3.6.3, табл. 3.6.1 (МГСН 1.01-99); ППМ № 623-ПП (МГСН 1.02-02), п. 4.2.4). Прочие проверенные отступы: водопровод, дренаж — 2.5 м при норме 1.0 м; край тротуара и садовой дорожки — 4.5 м при норме 0.5 м; газопровод — 6.96 м при норме 1.0 м."
S-0495;кустарник;Форзиция яйцевидная;64.625;27.625;СП 42.13330.2016;"таблица 9.1; ППМ № 743-ПП, прил. 1, п. 3.6.3, табл. 3.6.1 (МГСН 1.01-99); ППМ № 623-ПП (МГСН 1.02-02), п. 4.2.4";Силовой кабель и кабель связи;0.7;1.5;"Посадка (кустарник) допустима. Определяющее ограничение — силовой кабель и кабель связи: требуется не менее 0.7 м, фактически 1.5 м (СП 42.13330.2016, таблица 9.1; ППМ № 743-ПП, прил. 1, п. 3.6.3, табл. 3.6.1 (МГСН 1.01-99); ППМ № 623-ПП (МГСН 1.02-02), п. 4.2.4). Прочие проверенные отступы: водопровод, дренаж — 2.5 м при норме 1.0 м; край тротуара и садовой дорожки — 4.5 м при норме 0.5 м; газопровод — 7.91 м при норме 1.0 м."
S-0496;кустарник;Форзиция яйцевидная;66.625;27.625;СП 42.13330.2016;"таблица 9.1; ППМ № 743-ПП, прил. 1, п. 3.6.3, табл. 3.6.1 (МГСН 1.01-99); ППМ № 623-ПП (МГСН 1.02-02), п. 4.2.4";Силовой кабель и кабель связи;0.7;1.5;"Посадка (кустарник) допустима. Определяющее ограничение — силовой кабель и кабель связи: требуется не менее 0.7 м, фактически 1.5 м (СП 42.13330.2016, таблица 9.1; ППМ № 743-ПП, прил. 1, п. 3.6.3, табл. 3.6.1 (МГСН 1.01-99); ППМ № 623-ПП (МГСН 1.02-02), п. 4.2.4). Прочие проверенные отступы: водопровод, дренаж — 2.5 м при норме 1.0 м; край тротуара и садовой дорожки — 4.5 м при норме 0.5 м; газопровод — 9.19 м при норме 1.0 м."
S-0497;кустарник;Форзиция яйцевидная;68.625;27.625;СП 42.13330.2016;"таблица 9.1; ППМ № 743-ПП, прил. 1, п. 3.6.3, табл. 3.6.1 (МГСН 1.01-99); ППМ № 623-ПП (МГСН 1.02-02), п. 4.2.4";Силовой кабель и кабель связи;0.7;1.5;"Посадка (кустарник) допустима. Определяющее ограничение — силовой кабель и кабель связи: требуется не менее 0.7 м, фактически 1.5 м (СП 42.13330.2016, таблица 9.1; ППМ № 743-ПП, прил. 1, п. 3.6.3, табл. 3.6.1 (МГСН 1.01-99); ППМ № 623-ПП (МГСН 1.02-02), п. 4.2.4). Прочие проверенные отступы: водопровод, дренаж — 2.5 м при норме 1.0 м; край тротуара и садовой дорожки — 4.5 м при норме 0.5 м; газопровод — 10.7 м при норме 1.0 м."
S-0498;кустарник;Форзиция яйцевидная;70.625;27.625;СП 42.13330.2016;"таблица 9.1; ППМ № 743-ПП, прил. 1, п. 3.6.3, табл. 3.6.1 (МГСН 1.01-99); ППМ № 623-ПП (МГСН 1.02-02), п. 4.2.4";Силовой кабель и кабель связи;0.7;1.5;"Посадка (кустарник) допустима. Определяющее ограничение — силовой кабель и кабель связи: требуется не менее 0.7 м, фактически 1.5 м (СП 42.13330.2016, таблица 9.1; ППМ № 743-ПП, прил. 1, п. 3.6.3, табл. 3.6.1 (МГСН 1.01-99); ППМ № 623-ПП (МГСН 1.02-02), п. 4.2.4). Прочие проверенные отступы: водопровод, дренаж — 2.5 м при норме 1.0 м; край тротуара и садовой дорожки — 4.5 м при норме 0.5 м; канализация — 9.5 м при норме 1.0 м."
S-0499;кустарник;Форзиция яйцевидная;72.625;27.625;СП 42.13330.2016;"таблица 9.1; ППМ № 743-ПП, прил. 1, п. 3.6.3, табл. 3.6.1 (МГСН 1.01-99); ППМ № 623-ПП (МГСН 1.02-02), п. 4.2.4";Силовой кабель и кабель связи;0.7;1.5;"Посадка (кустарник) допустима. Определяющее ограничение — силовой кабель и кабель связи: требуется не менее 0.7 м, фактически 1.5 м (СП 42.13330.2016, таблица 9.1; ППМ № 743-ПП, прил. 1, п. 3.6.3, табл. 3.6.1 (МГСН 1.01-99); ППМ № 623-ПП (МГСН 1.02-02), п. 4.2.4). Прочие проверенные отступы: водопровод, дренаж — 2.5 м при норме 1.0 м; край тротуара и садовой дорожки — 4.5 м при норме 0.5 м; канализация — 7.5 м при норме 1.0 м."
S-0500;кустарник;Форзиция яйцевидная;74.625;27.625;СП 42.13330.2016;"таблица 9.1; ППМ № 743-ПП, прил. 1, п. 3.6.3, табл. 3.6.1 (МГСН 1.01-99); ППМ № 623-ПП (МГСН 1.02-02), п. 4.2.4";Силовой кабель и кабель связи;0.7;1.5;"Посадка (кустарник) допустима. Определяющее ограничение — силовой кабель и кабель связи: требуется не менее 0.7 м, фактически 1.5 м (СП 42.13330.2016, таблица 9.1; ППМ № 743-ПП, прил. 1, п. 3.6.3, табл. 3.6.1 (МГСН 1.01-99); ППМ № 623-ПП (МГСН 1.02-02), п. 4.2.4). Прочие проверенные отступы: водопровод, дренаж — 2.5 м при норме 1.0 м; край тротуара и садовой дорожки — 4.5 м при норме 0.5 м; канализация — 5.5 м при норме 1.0 м."
S-0501;кустарник;Форзиция яйцевидная;76.625;27.625;СП 42.13330.2016;"таблица 9.1; ППМ № 743-ПП, прил. 1, п. 3.6.3, табл. 3.6.1 (МГСН 1.01-99); ППМ № 623-ПП (МГСН 1.02-02), п. 4.2.4";Силовой кабель и кабель связи;0.7;1.5;"Посадка (кустарник) допустима. Определяющее ограничение — силовой кабель и кабель связи: требуется не менее 0.7 м, фактически 1.5 м (СП 42.13330.2016, таблица 9.1; ППМ № 743-ПП, прил. 1, п. 3.6.3, табл. 3.6.1 (МГСН 1.01-99); ППМ № 623-ПП (МГСН 1.02-02), п. 4.2.4). Прочие проверенные отступы: водопровод, дренаж — 2.5 м при норме 1.0 м; канализация — 3.5 м при норме 1.0 м; край тротуара и садовой дорожки — 4.5 м при норме 0.5 м."
S-0502;кустарник;Форзиция яйцевидная;82.125;27.625;СП 42.13330.2016;"таблица 9.1; ППМ № 743-ПП, прил. 1, п. 3.6.3, табл. 3.6.1 (МГСН 1.01-99); ППМ № 623-ПП (МГСН 1.02-02), п. 4.2.4";Силовой кабель и кабель связи;0.7;1.5;"Посадка (кустарник) допустима. Определяющее ограничение — силовой кабель и кабель связи: требуется не менее 0.7 м, фактически 1.5 м (СП 42.13330.2016, таблица 9.1; ППМ № 743-ПП, прил. 1, п. 3.6.3, табл. 3.6.1 (МГСН 1.01-99); ППМ № 623-ПП (МГСН 1.02-02), п. 4.2.4). Прочие проверенные отступы: канализация — 2.0 м при норме 1.0 м; водопровод, дренаж — 2.5 м при норме 1.0 м; край тротуара и садовой дорожки — 4.5 м при норме 0.5 м."
S-0503;кустарник;Форзиция яйцевидная;84.125;27.625;СП 42.13330.2016;"таблица 9.1; ППМ № 743-ПП, прил. 1, п. 3.6.3, табл. 3.6.1 (МГСН 1.01-99); ППМ № 623-ПП (МГСН 1.02-02), п. 4.2.4";Силовой кабель и кабель связи;0.7;1.5;"Посадка (кустарник) допустима. Определяющее ограничение — силовой кабель и кабель связи: требуется не менее 0.7 м, фактически 1.5 м (СП 42.13330.2016, таблица 9.1; ППМ № 743-ПП, прил. 1, п. 3.6.3, табл. 3.6.1 (МГСН 1.01-99); ППМ № 623-ПП (МГСН 1.02-02), п. 4.2.4). Прочие проверенные отступы: водопровод, дренаж — 2.5 м при норме 1.0 м; канализация — 4.0 м при норме 1.0 м; край тротуара и садовой дорожки — 4.5 м при норме 0.5 м."
S-0504;кустарник;Форзиция яйцевидная;86.125;27.625;СП 42.13330.2016;"таблица 9.1; ППМ № 743-ПП, прил. 1, п. 3.6.3, табл. 3.6.1 (МГСН 1.01-99); ППМ № 623-ПП (МГСН 1.02-02), п. 4.2.4";Силовой кабель и кабель связи;0.7;1.5;"Посадка (кустарник) допустима. Определяющее ограничение — силовой кабель и кабель связи: требуется не менее 0.7 м, фактически 1.5 м (СП 42.13330.2016, таблица 9.1; ППМ № 743-ПП, прил. 1, п. 3.6.3, табл. 3.6.1 (МГСН 1.01-99); ППМ № 623-ПП (МГСН 1.02-02), п. 4.2.4). Прочие проверенные отступы: водопровод, дренаж — 2.5 м при норме 1.0 м; край тротуара и садовой дорожки — 4.5 м при норме 0.5 м; канализация — 6.0 м при норме 1.0 м."
S-0505;кустарник;Форзиция яйцевидная;88.125;27.625;СП 42.13330.2016;"таблица 9.1; ППМ № 743-ПП, прил. 1, п. 3.6.3, табл. 3.6.1 (МГСН 1.01-99); ППМ № 623-ПП (МГСН 1.02-02), п. 4.2.4";Силовой кабель и кабель связи;0.7;1.5;"Посадка (кустарник) допустима. Определяющее ограничение — силовой кабель и кабель связи: требуется не менее 0.7 м, фактически 1.5 м (СП 42.13330.2016, таблица 9.1; ППМ № 743-ПП, прил. 1, п. 3.6.3, табл. 3.6.1 (МГСН 1.01-99); ППМ № 623-ПП (МГСН 1.02-02), п. 4.2.4). Прочие проверенные отступы: водопровод, дренаж — 2.5 м при норме 1.0 м; край тротуара и садовой дорожки — 4.5 м при норме 0.5 м; канализация — 8.0 м при норме 1.0 м."
S-0506;кустарник;Форзиция яйцевидная;90.125;27.625;СП 42.13330.2016;"таблица 9.1; ППМ № 743-ПП, прил. 1, п. 3.6.3, табл. 3.6.1 (МГСН 1.01-99); ППМ № 623-ПП (МГСН 1.02-02), п. 4.2.4";Силовой кабель и кабель связи;0.7;1.5;"Посадка (кустарник) допустима. Определяющее ограничение — силовой кабель и кабель связи: требуется не менее 0.7 м, фактически 1.5 м (СП 42.13330.2016, таблица 9.1; ППМ № 743-ПП, прил. 1, п. 3.6.3, табл. 3.6.1 (МГСН 1.01-99); ППМ № 623-ПП (МГСН 1.02-02), п. 4.2.4). Прочие проверенные отступы: водопровод, дренаж — 2.5 м при норме 1.0 м; край тротуара и садовой дорожки — 4.5 м при норме 0.5 м; канализация — 10.0 м при норме 1.0 м."
S-0507;кустарник;Форзиция яйцевидная;92.125;27.625;СП 42.13330.2016;"таблица 9.1; ППМ № 743-ПП, прил. 1, п. 3.6.3, табл. 3.6.1 (МГСН 1.01-99); ППМ № 623-ПП (МГСН 1.02-02), п. 4.2.4";Силовой кабель и кабель связи;0.7;1.5;"Посадка (кустарник) допустима. Определяющее ограничение — силовой кабель и кабель связи: требуется не менее 0.7 м, фактически 1.5 м (СП 42.13330.2016, таблица 9.1; ППМ № 743-ПП, прил. 1, п. 3.6.3, табл. 3.6.1 (МГСН 1.01-99); ППМ № 623-ПП (МГСН 1.02-02), п. 4.2.4). Прочие проверенные отступы: водопровод, дренаж — 2.5 м при норме 1.0 м; край тротуара и садовой дорожки — 4.5 м при норме 0.5 м; канализация — 12.0 м при норме 1.0 м."
S-0508;кустарник;Форзиция яйцевидная;94.125;27.625;СП 42.13330.2016;"таблица 9.1; ППМ № 743-ПП, прил. 1, п. 3.6.3, табл. 3.6.1 (МГСН 1.01-99); ППМ № 623-ПП (МГСН 1.02-02), п. 4.2.4";Силовой кабель и кабель связи;0.7;1.5;"Посадка (кустарник) допустима. Определяющее ограничение — силовой кабель и кабель связи: требуется не менее 0.7 м, фактически 1.5 м (СП 42.13330.2016, таблица 9.1; ППМ № 743-ПП, прил. 1, п. 3.6.3, табл. 3.6.1 (МГСН 1.01-99); ППМ № 623-ПП (МГСН 1.02-02), п. 4.2.4). Прочие проверенные отступы: водопровод, дренаж — 2.5 м при норме 1.0 м; край тротуара и садовой дорожки — 4.5 м при норме 0.5 м; существующее сохраняемое дерево (от ствола) — 11.28 м при норме 1.0 м."
S-0509;кустарник;Форзиция яйцевидная;96.125;27.625;СП 42.13330.2016;"таблица 9.1; ППМ № 743-ПП, прил. 1, п. 3.6.3, табл. 3.6.1 (МГСН 1.01-99); ППМ № 623-ПП (МГСН 1.02-02), п. 4.2.4";Силовой кабель и кабель связи;0.7;1.5;"Посадка (кустарник) допустима. Определяющее ограничение — силовой кабель и кабель связи: требуется не менее 0.7 м, фактически 1.5 м (СП 42.13330.2016, таблица 9.1; ППМ № 743-ПП, прил. 1, п. 3.6.3, табл. 3.6.1 (МГСН 1.01-99); ППМ № 623-ПП (МГСН 1.02-02), п. 4.2.4). Прочие проверенные отступы: водопровод, дренаж — 2.5 м при норме 1.0 м; край тротуара и садовой дорожки — 4.5 м при норме 0.5 м; существующее сохраняемое дерево (от ствола) — 9.34 м при норме 1.0 м."
S-0510;кустарник;Форзиция яйцевидная;98.125;27.625;СП 42.13330.2016;"таблица 9.1; ППМ № 743-ПП, прил. 1, п. 3.6.3, табл. 3.6.1 (МГСН 1.01-99); ППМ № 623-ПП (МГСН 1.02-02), п. 4.2.4";Силовой кабель и кабель связи;0.7;1.5;"Посадка (кустарник) допустима. Определяющее ограничение — силовой кабель и кабель связи: требуется не менее 0.7 м, фактически 1.5 м (СП 42.13330.2016, таблица 9.1; ППМ № 743-ПП, прил. 1, п. 3.6.3, табл. 3.6.1 (МГСН 1.01-99); ППМ № 623-ПП (МГСН 1.02-02), п. 4.2.4). Прочие проверенные отступы: водопровод, дренаж — 2.5 м при норме 1.0 м; край тротуара и садовой дорожки — 4.5 м при норме 0.5 м; существующее сохраняемое дерево (от ствола) — 7.43 м при норме 1.0 м."
S-0511;кустарник;Форзиция яйцевидная;100.125;27.625;СП 42.13330.2016;"таблица 9.1; ППМ № 743-ПП, прил. 1, п. 3.6.3, табл. 3.6.1 (МГСН 1.01-99); ППМ № 623-ПП (МГСН 1.02-02), п. 4.2.4";Силовой кабель и кабель связи;0.7;1.5;"Посадка (кустарник) допустима. Определяющее ограничение — силовой кабель и кабель связи: требуется не менее 0.7 м, фактически 1.5 м (СП 42.13330.2016, таблица 9.1; ППМ № 743-ПП, прил. 1, п. 3.6.3, табл. 3.6.1 (МГСН 1.01-99); ППМ № 623-ПП (МГСН 1.02-02), п. 4.2.4). Прочие проверенные отступы: водопровод, дренаж — 2.5 м при норме 1.0 м; край тротуара и садовой дорожки — 4.5 м при норме 0.5 м; существующее сохраняемое дерево (от ствола) — 5.59 м при норме 1.0 м."
S-0512;кустарник;Форзиция яйцевидная;102.125;27.625;СП 42.13330.2016;"таблица 9.1; ППМ № 743-ПП, прил. 1, п. 3.6.3, табл. 3.6.1 (МГСН 1.01-99); ППМ № 623-ПП (МГСН 1.02-02), п. 4.2.4";Силовой кабель и кабель связи;0.7;1.5;"Посадка (кустарник) допустима. Определяющее ограничение — силовой кабель и кабель связи: требуется не менее 0.7 м, фактически 1.5 м (СП 42.13330.2016, таблица 9.1; ППМ № 743-ПП, прил. 1, п. 3.6.3, табл. 3.6.1 (МГСН 1.01-99); ППМ № 623-ПП (МГСН 1.02-02), п. 4.2.4). Прочие проверенные отступы: водопровод, дренаж — 2.5 м при норме 1.0 м; существующее сохраняемое дерево (от ствола) — 3.91 м при норме 1.0 м; край тротуара и садовой дорожки — 4.5 м при норме 0.5 м."
S-0513;кустарник;Форзиция яйцевидная;104.125;27.625;СП 42.13330.2016;"таблица 9.1; ППМ № 743-ПП, прил. 1, п. 3.6.3, табл. 3.6.1 (МГСН 1.01-99); ППМ № 623-ПП (МГСН 1.02-02), п. 4.2.4";Силовой кабель и кабель связи;0.7;1.5;"Посадка (кустарник) допустима. Определяющее ограничение — силовой кабель и кабель связи: требуется не менее 0.7 м, фактически 1.5 м (СП 42.13330.2016, таблица 9.1; ППМ № 743-ПП, прил. 1, п. 3.6.3, табл. 3.6.1 (МГСН 1.01-99); ППМ № 623-ПП (МГСН 1.02-02), п. 4.2.4). Прочие проверенные отступы: водопровод, дренаж — 2.5 м при норме 1.0 м; существующее сохраняемое дерево (от ствола) — 2.69 м при норме 1.0 м; край тротуара и садовой дорожки — 4.5 м при норме 0.5 м."
S-0514;кустарник;Форзиция яйцевидная;106.125;27.625;СП 42.13330.2016;"таблица 9.1; ППМ № 743-ПП, прил. 1, п. 3.6.3, табл. 3.6.1 (МГСН 1.01-99); ППМ № 623-ПП (МГСН 1.02-02), п. 4.2.4";Силовой кабель и кабель связи;0.7;1.5;"Посадка (кустарник) допустима. Определяющее ограничение — силовой кабель и кабель связи: требуется не менее 0.7 м, фактически 1.5 м (СП 42.13330.2016, таблица 9.1; ППМ № 743-ПП, прил. 1, п. 3.6.3, табл. 3.6.1 (МГСН 1.01-99); ППМ № 623-ПП (МГСН 1.02-02), п. 4.2.4). Прочие проверенные отступы: водопровод, дренаж — 2.5 м при норме 1.0 м; существующее сохраняемое дерево (от ствола) — 2.69 м при норме 1.0 м; край тротуара и садовой дорожки — 4.5 м при норме 0.5 м."
S-0515;кустарник;Форзиция яйцевидная;108.125;27.625;СП 42.13330.2016;"таблица 9.1; ППМ № 743-ПП, прил. 1, п. 3.6.3, табл. 3.6.1 (МГСН 1.01-99); ППМ № 623-ПП (МГСН 1.02-02), п. 4.2.4";Силовой кабель и кабель связи;0.7;1.5;"Посадка (кустарник) допустима. Определяющее ограничение — силовой кабель и кабель связи: требуется не менее 0.7 м, фактически 1.5 м (СП 42.13330.2016, таблица 9.1; ППМ № 743-ПП, прил. 1, п. 3.6.3, табл. 3.6.1 (МГСН 1.01-99); ППМ № 623-ПП (МГСН 1.02-02), п. 4.2.4). Прочие проверенные отступы: водопровод, дренаж — 2.5 м при норме 1.0 м; существующее сохраняемое дерево (от ствола) — 3.91 м при норме 1.0 м; край тротуара и садовой дорожки — 4.5 м при норме 0.5 м."
S-0516;кустарник;Форзиция яйцевидная;110.125;27.625;СП 42.13330.2016;"таблица 9.1; ППМ № 743-ПП, прил. 1, п. 3.6.3, табл. 3.6.1 (МГСН 1.01-99); ППМ № 623-ПП (МГСН 1.02-02), п. 4.2.4";Силовой кабель и кабель связи;0.7;1.5;"Посадка (кустарник) допустима. Определяющее ограничение — силовой кабель и кабель связи: требуется не менее 0.7 м, фактически 1.5 м (СП 42.13330.2016, таблица 9.1; ППМ № 743-ПП, прил. 1, п. 3.6.3, табл. 3.6.1 (МГСН 1.01-99); ППМ № 623-ПП (МГСН 1.02-02), п. 4.2.4). Прочие проверенные отступы: водопровод, дренаж — 2.5 м при норме 1.0 м; край тротуара и садовой дорожки — 4.5 м при норме 0.5 м; существующее сохраняемое дерево (от ствола) — 5.59 м при норме 1.0 м."
S-0517;кустарник;Форзиция яйцевидная;112.125;27.625;СП 42.13330.2016;"таблица 9.1; ППМ № 743-ПП, прил. 1, п. 3.6.3, табл. 3.6.1 (МГСН 1.01-99); ППМ № 623-ПП (МГСН 1.02-02), п. 4.2.4";Силовой кабель и кабель связи;0.7;1.5;"Посадка (кустарник) допустима. Определяющее ограничение — силовой кабель и кабель связи: требуется не менее 0.7 м, фактически 1.5 м (СП 42.13330.2016, таблица 9.1; ППМ № 743-ПП, прил. 1, п. 3.6.3, табл. 3.6.1 (МГСН 1.01-99); ППМ № 623-ПП (МГСН 1.02-02), п. 4.2.4). Прочие проверенные отступы: водопровод, дренаж — 2.5 м при норме 1.0 м; край тротуара и садовой дорожки — 4.5 м при норме 0.5 м; существующее сохраняемое дерево (от ствола) — 7.43 м при норме 1.0 м."
S-0518;кустарник;Форзиция яйцевидная;114.125;27.625;СП 42.13330.2016;"таблица 9.1; ППМ № 743-ПП, прил. 1, п. 3.6.3, табл. 3.6.1 (МГСН 1.01-99); ППМ № 623-ПП (МГСН 1.02-02), п. 4.2.4";Силовой кабель и кабель связи;0.7;1.5;"Посадка (кустарник) допустима. Определяющее ограничение — силовой кабель и кабель связи: требуется не менее 0.7 м, фактически 1.5 м (СП 42.13330.2016, таблица 9.1; ППМ № 743-ПП, прил. 1, п. 3.6.3, табл. 3.6.1 (МГСН 1.01-99); ППМ № 623-ПП (МГСН 1.02-02), п. 4.2.4). Прочие проверенные отступы: водопровод, дренаж — 2.5 м при норме 1.0 м; край тротуара и садовой дорожки — 4.5 м при норме 0.5 м; существующее сохраняемое дерево (от ствола) — 9.34 м при норме 1.0 м."
S-0519;кустарник;Форзиция яйцевидная;116.125;27.625;СП 42.13330.2016;"таблица 9.1; ППМ № 743-ПП, прил. 1, п. 3.6.3, табл. 3.6.1 (МГСН 1.01-99); ППМ № 623-ПП (МГСН 1.02-02), п. 4.2.4";Силовой кабель и кабель связи;0.7;1.5;"Посадка (кустарник) допустима. Определяющее ограничение — силовой кабель и кабель связи: требуется не менее 0.7 м, фактически 1.5 м (СП 42.13330.2016, таблица 9.1; ППМ № 743-ПП, прил. 1, п. 3.6.3, табл. 3.6.1 (МГСН 1.01-99); ППМ № 623-ПП (МГСН 1.02-02), п. 4.2.4). Прочие проверенные отступы: водопровод, дренаж — 2.5 м при норме 1.0 м; край тротуара и садовой дорожки — 4.5 м при норме 0.5 м; существующее сохраняемое дерево (от ствола) — 11.28 м при норме 1.0 м."
S-0520;кустарник;Форзиция яйцевидная;118.125;27.625;СП 42.13330.2016;"таблица 9.1; ППМ № 743-ПП, прил. 1, п. 3.6.3, табл. 3.6.1 (МГСН 1.01-99); ППМ № 623-ПП (МГСН 1.02-02), п. 4.2.4";Силовой кабель и кабель связи;0.7;1.5;"Посадка (кустарник) допустима. Определяющее ограничение — силовой кабель и кабель связи: требуется не менее 0.7 м, фактически 1.5 м (СП 42.13330.2016, таблица 9.1; ППМ № 743-ПП, прил. 1, п. 3.6.3, табл. 3.6.1 (МГСН 1.01-99); ППМ № 623-ПП (МГСН 1.02-02), п. 4.2.4). Прочие проверенные отступы: водопровод, дренаж — 2.5 м при норме 1.0 м; край тротуара и садовой дорожки — 4.5 м при норме 0.5 м; существующее сохраняемое дерево (от ствола) — 13.24 м при норме 1.0 м."
S-0521;кустарник;Бирючина обыкновенная;0.625;32.125;СП 42.13330.2016;"таблица 9.1; ППМ № 743-ПП, прил. 1, п. 3.6.3, табл. 3.6.1 (МГСН 1.01-99); ППМ № 623-ПП (МГСН 1.02-02), п. 4.2.4";Водопровод, дренаж;1.0;2.0;"Посадка (кустарник) допустима. Определяющее ограничение — водопровод, дренаж: требуется не менее 1.0 м, фактически 2.0 м (СП 42.13330.2016, таблица 9.1; ППМ № 743-ПП, прил. 1, п. 3.6.3, табл. 3.6.1 (МГСН 1.01-99); ППМ № 623-ПП (МГСН 1.02-02), п. 4.2.4). Прочие проверенные отступы: газопровод — 2.0 м при норме 1.0 м; силовой кабель и кабель связи — 6.0 м при норме 0.7 м; край тротуара и садовой дорожки — 9.0 м при норме 0.5 м."
S-0522;кустарник;Бирючина обыкновенная;2.625;32.125;СП 42.13330.2016;"таблица 9.1; ППМ № 743-ПП, прил. 1, п. 3.6.3, табл. 3.6.1 (МГСН 1.01-99); ППМ № 623-ПП (МГСН 1.02-02), п. 4.2.4";Водопровод, дренаж;1.0;2.0;"Посадка (кустарник) допустима. Определяющее ограничение — водопровод, дренаж: требуется не менее 1.0 м, фактически 2.0 м (СП 42.13330.2016, таблица 9.1; ППМ № 743-ПП, прил. 1, п. 3.6.3, табл. 3.6.1 (МГСН 1.01-99); ППМ № 623-ПП (МГСН 1.02-02), п. 4.2.4). Прочие проверенные отступы: газопровод — 2.0 м при норме 1.0 м; силовой кабель и кабель связи — 6.0 м при норме 0.7 м; край тротуара и садовой дорожки — 9.0 м при норме 0.5 м."
S-0523;кустарник;Бирючина обыкновенная;4.625;32.125;СП 42.13330.2016;"таблица 9.1; ППМ № 743-ПП, прил. 1, п. 3.6.3, табл. 3.6.1 (МГСН 1.01-99); ППМ № 623-ПП (МГСН 1.02-02), п. 4.2.4";Водопровод, дренаж;1.0;2.0;"Посадка (кустарник) допустима. Определяющее ограничение — водопровод, дренаж: требуется не менее 1.0 м, фактически 2.0 м (СП 42.13330.2016, таблица 9.1; ППМ № 743-ПП, прил. 1, п. 3.6.3, табл. 3.6.1 (МГСН 1.01-99); ППМ № 623-ПП (МГСН 1.02-02), п. 4.2.4). Прочие проверенные отступы: газопровод — 2.0 м при норме 1.0 м; силовой кабель и кабель связи — 6.0 м при норме 0.7 м; наружная стена здания и сооружения — 9.71 м при норме 1.5 м."
S-0524;кустарник;Бирючина обыкновенная;6.625;32.125;СП 42.13330.2016;"таблица 9.1; ППМ № 743-ПП, прил. 1, п. 3.6.3, табл. 3.6.1 (МГСН 1.01-99); ППМ № 623-ПП (МГСН 1.02-02), п. 4.2.4";Водопровод, дренаж;1.0;2.0;"Посадка (кустарник) допустима. Определяющее ограничение — водопровод, дренаж: требуется не менее 1.0 м, фактически 2.0 м (СП 42.13330.2016, таблица 9.1; ППМ № 743-ПП, прил. 1, п. 3.6.3, табл. 3.6.1 (МГСН 1.01-99); ППМ № 623-ПП (МГСН 1.02-02), п. 4.2.4). Прочие проверенные отступы: газопровод — 2.0 м при норме 1.0 м; силовой кабель и кабель связи — 6.0 м при норме 0.7 м; наружная стена здания и сооружения — 8.73 м при норме 1.5 м."
S-0525;кустарник;Бирючина обыкновенная;8.625;32.125;СП 42.13330.2016;"таблица 9.1; ППМ № 743-ПП, прил. 1, п. 3.6.3, табл. 3.6.1 (МГСН 1.01-99); ППМ № 623-ПП (МГСН 1.02-02), п. 4.2.4";Водопровод, дренаж;1.0;2.0;"Посадка (кустарник) допустима. Определяющее ограничение — водопровод, дренаж: требуется не менее 1.0 м, фактически 2.0 м (СП 42.13330.2016, таблица 9.1; ППМ № 743-ПП, прил. 1, п. 3.6.3, табл. 3.6.1 (МГСН 1.01-99); ППМ № 623-ПП (МГСН 1.02-02), п. 4.2.4). Прочие проверенные отступы: газопровод — 2.0 м при норме 1.0 м; силовой кабель и кабель связи — 6.0 м при норме 0.7 м; наружная стена здания и сооружения — 8.14 м при норме 1.5 м."
S-0526;кустарник;Бирючина обыкновенная;10.625;32.125;СП 42.13330.2016;"таблица 9.1; ППМ № 743-ПП, прил. 1, п. 3.6.3, табл. 3.6.1 (МГСН 1.01-99); ППМ № 623-ПП (МГСН 1.02-02), п. 4.2.4";Водопровод, дренаж;1.0;2.0;"Посадка (кустарник) допустима. Определяющее ограничение — водопровод, дренаж: требуется не менее 1.0 м, фактически 2.0 м (СП 42.13330.2016, таблица 9.1; ППМ № 743-ПП, прил. 1, п. 3.6.3, табл. 3.6.1 (МГСН 1.01-99); ППМ № 623-ПП (МГСН 1.02-02), п. 4.2.4). Прочие проверенные отступы: газопровод — 2.0 м при норме 1.0 м; силовой кабель и кабель связи — 6.0 м при норме 0.7 м; наружная стена здания и сооружения — 8.0 м при норме 1.5 м."
S-0527;кустарник;Бирючина обыкновенная;12.625;32.125;СП 42.13330.2016;"таблица 9.1; ППМ № 743-ПП, прил. 1, п. 3.6.3, табл. 3.6.1 (МГСН 1.01-99); ППМ № 623-ПП (МГСН 1.02-02), п. 4.2.4";Водопровод, дренаж;1.0;2.0;"Посадка (кустарник) допустима. Определяющее ограничение — водопровод, дренаж: требуется не менее 1.0 м, фактически 2.0 м (СП 42.13330.2016, таблица 9.1; ППМ № 743-ПП, прил. 1, п. 3.6.3, табл. 3.6.1 (МГСН 1.01-99); ППМ № 623-ПП (МГСН 1.02-02), п. 4.2.4). Прочие проверенные отступы: газопровод — 2.0 м при норме 1.0 м; силовой кабель и кабель связи — 6.0 м при норме 0.7 м; наружная стена здания и сооружения — 8.0 м при норме 1.5 м."
S-0528;кустарник;Бирючина обыкновенная;14.625;32.125;СП 42.13330.2016;"таблица 9.1; ППМ № 743-ПП, прил. 1, п. 3.6.3, табл. 3.6.1 (МГСН 1.01-99); ППМ № 623-ПП (МГСН 1.02-02), п. 4.2.4";Водопровод, дренаж;1.0;2.0;"Посадка (кустарник) допустима. Определяющее ограничение — водопровод, дренаж: требуется не менее 1.0 м, фактически 2.0 м (СП 42.13330.2016, таблица 9.1; ППМ № 743-ПП, прил. 1, п. 3.6.3, табл. 3.6.1 (МГСН 1.01-99); ППМ № 623-ПП (МГСН 1.02-02), п. 4.2.4). Прочие проверенные отступы: газопровод — 2.0 м при норме 1.0 м; силовой кабель и кабель связи — 6.0 м при норме 0.7 м; наружная стена здания и сооружения — 8.0 м при норме 1.5 м."
S-0529;кустарник;Бирючина обыкновенная;16.625;32.125;СП 42.13330.2016;"таблица 9.1; ППМ № 743-ПП, прил. 1, п. 3.6.3, табл. 3.6.1 (МГСН 1.01-99); ППМ № 623-ПП (МГСН 1.02-02), п. 4.2.4";Водопровод, дренаж;1.0;2.0;"Посадка (кустарник) допустима. Определяющее ограничение — водопровод, дренаж: требуется не менее 1.0 м, фактически 2.0 м (СП 42.13330.2016, таблица 9.1; ППМ № 743-ПП, прил. 1, п. 3.6.3, табл. 3.6.1 (МГСН 1.01-99); ППМ № 623-ПП (МГСН 1.02-02), п. 4.2.4). Прочие проверенные отступы: газопровод — 2.0 м при норме 1.0 м; силовой кабель и кабель связи — 6.0 м при норме 0.7 м; наружная стена здания и сооружения — 8.0 м при норме 1.5 м."
S-0530;кустарник;Бирючина обыкновенная;18.625;32.125;СП 42.13330.2016;"таблица 9.1; ППМ № 743-ПП, прил. 1, п. 3.6.3, табл. 3.6.1 (МГСН 1.01-99); ППМ № 623-ПП (МГСН 1.02-02), п. 4.2.4";Водопровод, дренаж;1.0;2.0;"Посадка (кустарник) допустима. Определяющее ограничение — водопровод, дренаж: требуется не менее 1.0 м, фактически 2.0 м (СП 42.13330.2016, таблица 9.1; ППМ № 743-ПП, прил. 1, п. 3.6.3, табл. 3.6.1 (МГСН 1.01-99); ППМ № 623-ПП (МГСН 1.02-02), п. 4.2.4). Прочие проверенные отступы: газопровод — 2.0 м при норме 1.0 м; силовой кабель и кабель связи — 6.0 м при норме 0.7 м; наружная стена здания и сооружения — 8.0 м при норме 1.5 м."
S-0531;кустарник;Бирючина обыкновенная;20.625;32.125;СП 42.13330.2016;"таблица 9.1; ППМ № 743-ПП, прил. 1, п. 3.6.3, табл. 3.6.1 (МГСН 1.01-99); ППМ № 623-ПП (МГСН 1.02-02), п. 4.2.4";Водопровод, дренаж;1.0;2.0;"Посадка (кустарник) допустима. Определяющее ограничение — водопровод, дренаж: требуется не менее 1.0 м, фактически 2.0 м (СП 42.13330.2016, таблица 9.1; ППМ № 743-ПП, прил. 1, п. 3.6.3, табл. 3.6.1 (МГСН 1.01-99); ППМ № 623-ПП (МГСН 1.02-02), п. 4.2.4). Прочие проверенные отступы: газопровод — 2.0 м при норме 1.0 м; силовой кабель и кабель связи — 6.0 м при норме 0.7 м; наружная стена здания и сооружения — 8.0 м при норме 1.5 м."
S-0532;кустарник;Бирючина обыкновенная;22.625;32.125;СП 42.13330.2016;"таблица 9.1; ППМ № 743-ПП, прил. 1, п. 3.6.3, табл. 3.6.1 (МГСН 1.01-99); ППМ № 623-ПП (МГСН 1.02-02), п. 4.2.4";Водопровод, дренаж;1.0;2.0;"Посадка (кустарник) допустима. Определяющее ограничение — водопровод, дренаж: требуется не менее 1.0 м, фактически 2.0 м (СП 42.13330.2016, таблица 9.1; ППМ № 743-ПП, прил. 1, п. 3.6.3, табл. 3.6.1 (МГСН 1.01-99); ППМ № 623-ПП (МГСН 1.02-02), п. 4.2.4). Прочие проверенные отступы: газопровод — 2.0 м при норме 1.0 м; силовой кабель и кабель связи — 6.0 м при норме 0.7 м; наружная стена здания и сооружения — 8.0 м при норме 1.5 м."
S-0533;кустарник;Бирючина обыкновенная;24.625;32.125;СП 42.13330.2016;"таблица 9.1; ППМ № 743-ПП, прил. 1, п. 3.6.3, табл. 3.6.1 (МГСН 1.01-99); ППМ № 623-ПП (МГСН 1.02-02), п. 4.2.4";Водопровод, дренаж;1.0;2.0;"Посадка (кустарник) допустима. Определяющее ограничение — водопровод, дренаж: требуется не менее 1.0 м, фактически 2.0 м (СП 42.13330.2016, таблица 9.1; ППМ № 743-ПП, прил. 1, п. 3.6.3, табл. 3.6.1 (МГСН 1.01-99); ППМ № 623-ПП (МГСН 1.02-02), п. 4.2.4). Прочие проверенные отступы: газопровод — 2.0 м при норме 1.0 м; силовой кабель и кабель связи — 6.0 м при норме 0.7 м; наружная стена здания и сооружения — 8.0 м при норме 1.5 м."
S-0534;кустарник;Бирючина обыкновенная;26.625;32.125;СП 42.13330.2016;"таблица 9.1; ППМ № 743-ПП, прил. 1, п. 3.6.3, табл. 3.6.1 (МГСН 1.01-99); ППМ № 623-ПП (МГСН 1.02-02), п. 4.2.4";Водопровод, дренаж;1.0;2.0;"Посадка (кустарник) допустима. Определяющее ограничение — водопровод, дренаж: требуется не менее 1.0 м, фактически 2.0 м (СП 42.13330.2016, таблица 9.1; ППМ № 743-ПП, прил. 1, п. 3.6.3, табл. 3.6.1 (МГСН 1.01-99); ППМ № 623-ПП (МГСН 1.02-02), п. 4.2.4). Прочие проверенные отступы: газопровод — 2.0 м при норме 1.0 м; силовой кабель и кабель связи — 6.0 м при норме 0.7 м; наружная стена здания и сооружения — 8.0 м при норме 1.5 м."
S-0535;кустарник;Бирючина обыкновенная;28.625;32.125;СП 42.13330.2016;"таблица 9.1; ППМ № 743-ПП, прил. 1, п. 3.6.3, табл. 3.6.1 (МГСН 1.01-99); ППМ № 623-ПП (МГСН 1.02-02), п. 4.2.4";Водопровод, дренаж;1.0;2.0;"Посадка (кустарник) допустима. Определяющее ограничение — водопровод, дренаж: требуется не менее 1.0 м, фактически 2.0 м (СП 42.13330.2016, таблица 9.1; ППМ № 743-ПП, прил. 1, п. 3.6.3, табл. 3.6.1 (МГСН 1.01-99); ППМ № 623-ПП (МГСН 1.02-02), п. 4.2.4). Прочие проверенные отступы: газопровод — 2.0 м при норме 1.0 м; силовой кабель и кабель связи — 6.0 м при норме 0.7 м; наружная стена здания и сооружения — 8.0 м при норме 1.5 м."
S-0536;кустарник;Бирючина обыкновенная;30.625;32.125;СП 42.13330.2016;"таблица 9.1; ППМ № 743-ПП, прил. 1, п. 3.6.3, табл. 3.6.1 (МГСН 1.01-99); ППМ № 623-ПП (МГСН 1.02-02), п. 4.2.4";Водопровод, дренаж;1.0;2.0;"Посадка (кустарник) допустима. Определяющее ограничение — водопровод, дренаж: требуется не менее 1.0 м, фактически 2.0 м (СП 42.13330.2016, таблица 9.1; ППМ № 743-ПП, прил. 1, п. 3.6.3, табл. 3.6.1 (МГСН 1.01-99); ППМ № 623-ПП (МГСН 1.02-02), п. 4.2.4). Прочие проверенные отступы: газопровод — 2.0 м при норме 1.0 м; силовой кабель и кабель связи — 6.0 м при норме 0.7 м; наружная стена здания и сооружения — 8.0 м при норме 1.5 м."
S-0537;кустарник;Бирючина обыкновенная;32.625;32.125;СП 42.13330.2016;"таблица 9.1; ППМ № 743-ПП, прил. 1, п. 3.6.3, табл. 3.6.1 (МГСН 1.01-99); ППМ № 623-ПП (МГСН 1.02-02), п. 4.2.4";Водопровод, дренаж;1.0;2.0;"Посадка (кустарник) допустима. Определяющее ограничение — водопровод, дренаж: требуется не менее 1.0 м, фактически 2.0 м (СП 42.13330.2016, таблица 9.1; ППМ № 743-ПП, прил. 1, п. 3.6.3, табл. 3.6.1 (МГСН 1.01-99); ППМ № 623-ПП (МГСН 1.02-02), п. 4.2.4). Прочие проверенные отступы: газопровод — 2.0 м при норме 1.0 м; силовой кабель и кабель связи — 6.0 м при норме 0.7 м; наружная стена здания и сооружения — 8.0 м при норме 1.5 м."
S-0538;кустарник;Бирючина обыкновенная;34.625;32.125;СП 42.13330.2016;"таблица 9.1; ППМ № 743-ПП, прил. 1, п. 3.6.3, табл. 3.6.1 (МГСН 1.01-99); ППМ № 623-ПП (МГСН 1.02-02), п. 4.2.4";Водопровод, дренаж;1.0;2.0;"Посадка (кустарник) допустима. Определяющее ограничение — водопровод, дренаж: требуется не менее 1.0 м, фактически 2.0 м (СП 42.13330.2016, таблица 9.1; ППМ № 743-ПП, прил. 1, п. 3.6.3, табл. 3.6.1 (МГСН 1.01-99); ППМ № 623-ПП (МГСН 1.02-02), п. 4.2.4). Прочие проверенные отступы: газопровод — 2.0 м при норме 1.0 м; силовой кабель и кабель связи — 6.0 м при норме 0.7 м; наружная стена здания и сооружения — 8.0 м при норме 1.5 м."
S-0539;кустарник;Бирючина обыкновенная;36.625;32.125;СП 42.13330.2016;"таблица 9.1; ППМ № 743-ПП, прил. 1, п. 3.6.3, табл. 3.6.1 (МГСН 1.01-99); ППМ № 623-ПП (МГСН 1.02-02), п. 4.2.4";Водопровод, дренаж;1.0;2.0;"Посадка (кустарник) допустима. Определяющее ограничение — водопровод, дренаж: требуется не менее 1.0 м, фактически 2.0 м (СП 42.13330.2016, таблица 9.1; ППМ № 743-ПП, прил. 1, п. 3.6.3, табл. 3.6.1 (МГСН 1.01-99); ППМ № 623-ПП (МГСН 1.02-02), п. 4.2.4). Прочие проверенные отступы: газопровод — 2.0 м при норме 1.0 м; силовой кабель и кабель связи — 6.0 м при норме 0.7 м; наружная стена здания и сооружения — 8.0 м при норме 1.5 м."
S-0540;кустарник;Бирючина обыкновенная;38.625;32.125;СП 42.13330.2016;"таблица 9.1; ППМ № 743-ПП, прил. 1, п. 3.6.3, табл. 3.6.1 (МГСН 1.01-99); ППМ № 623-ПП (МГСН 1.02-02), п. 4.2.4";Водопровод, дренаж;1.0;2.0;"Посадка (кустарник) допустима. Определяющее ограничение — водопровод, дренаж: требуется не менее 1.0 м, фактически 2.0 м (СП 42.13330.2016, таблица 9.1; ППМ № 743-ПП, прил. 1, п. 3.6.3, табл. 3.6.1 (МГСН 1.01-99); ППМ № 623-ПП (МГСН 1.02-02), п. 4.2.4). Прочие проверенные отступы: газопровод — 2.0 м при норме 1.0 м; силовой кабель и кабель связи — 6.0 м при норме 0.7 м; наружная стена здания и сооружения — 8.0 м при норме 1.5 м."
S-0541;кустарник;Бирючина обыкновенная;40.625;32.125;СП 42.13330.2016;"таблица 9.1; ППМ № 743-ПП, прил. 1, п. 3.6.3, табл. 3.6.1 (МГСН 1.01-99); ППМ № 623-ПП (МГСН 1.02-02), п. 4.2.4";Водопровод, дренаж;1.0;2.0;"Посадка (кустарник) допустима. Определяющее ограничение — водопровод, дренаж: требуется не менее 1.0 м, фактически 2.0 м (СП 42.13330.2016, таблица 9.1; ППМ № 743-ПП, прил. 1, п. 3.6.3, табл. 3.6.1 (МГСН 1.01-99); ППМ № 623-ПП (МГСН 1.02-02), п. 4.2.4). Прочие проверенные отступы: газопровод — 2.0 м при норме 1.0 м; силовой кабель и кабель связи — 6.0 м при норме 0.7 м; наружная стена здания и сооружения — 8.0 м при норме 1.5 м."
S-0542;кустарник;Бирючина обыкновенная;42.625;32.125;СП 42.13330.2016;"таблица 9.1; ППМ № 743-ПП, прил. 1, п. 3.6.3, табл. 3.6.1 (МГСН 1.01-99); ППМ № 623-ПП (МГСН 1.02-02), п. 4.2.4";Водопровод, дренаж;1.0;2.0;"Посадка (кустарник) допустима. Определяющее ограничение — водопровод, дренаж: требуется не менее 1.0 м, фактически 2.0 м (СП 42.13330.2016, таблица 9.1; ППМ № 743-ПП, прил. 1, п. 3.6.3, табл. 3.6.1 (МГСН 1.01-99); ППМ № 623-ПП (МГСН 1.02-02), п. 4.2.4). Прочие проверенные отступы: газопровод — 2.0 м при норме 1.0 м; силовой кабель и кабель связи — 6.0 м при норме 0.7 м; наружная стена здания и сооружения — 8.0 м при норме 1.5 м."
S-0543;кустарник;Бирючина обыкновенная;44.625;32.125;СП 42.13330.2016;"таблица 9.1; ППМ № 743-ПП, прил. 1, п. 3.6.3, табл. 3.6.1 (МГСН 1.01-99); ППМ № 623-ПП (МГСН 1.02-02), п. 4.2.4";Водопровод, дренаж;1.0;2.0;"Посадка (кустарник) допустима. Определяющее ограничение — водопровод, дренаж: требуется не менее 1.0 м, фактически 2.0 м (СП 42.13330.2016, таблица 9.1; ППМ № 743-ПП, прил. 1, п. 3.6.3, табл. 3.6.1 (МГСН 1.01-99); ППМ № 623-ПП (МГСН 1.02-02), п. 4.2.4). Прочие проверенные отступы: газопровод — 2.0 м при норме 1.0 м; силовой кабель и кабель связи — 6.0 м при норме 0.7 м; наружная стена здания и сооружения — 8.0 м при норме 1.5 м."
S-0544;кустарник;Бирючина обыкновенная;46.625;32.125;СП 42.13330.2016;"таблица 9.1; ППМ № 743-ПП, прил. 1, п. 3.6.3, табл. 3.6.1 (МГСН 1.01-99); ППМ № 623-ПП (МГСН 1.02-02), п. 4.2.4";Водопровод, дренаж;1.0;2.0;"Посадка (кустарник) допустима. Определяющее ограничение — водопровод, дренаж: требуется не менее 1.0 м, фактически 2.0 м (СП 42.13330.2016, таблица 9.1; ППМ № 743-ПП, прил. 1, п. 3.6.3, табл. 3.6.1 (МГСН 1.01-99); ППМ № 623-ПП (МГСН 1.02-02), п. 4.2.4). Прочие проверенные отступы: газопровод — 2.0 м при норме 1.0 м; силовой кабель и кабель связи — 6.0 м при норме 0.7 м; наружная стена здания и сооружения — 8.14 м при норме 1.5 м."
S-0545;кустарник;Бирючина обыкновенная;48.625;32.125;СП 42.13330.2016;"таблица 9.1; ППМ № 743-ПП, прил. 1, п. 3.6.3, табл. 3.6.1 (МГСН 1.01-99); ППМ № 623-ПП (МГСН 1.02-02), п. 4.2.4";Водопровод, дренаж;1.0;2.0;"Посадка (кустарник) допустима. Определяющее ограничение — водопровод, дренаж: требуется не менее 1.0 м, фактически 2.0 м (СП 42.13330.2016, таблица 9.1; ППМ № 743-ПП, прил. 1, п. 3.6.3, табл. 3.6.1 (МГСН 1.01-99); ППМ № 623-ПП (МГСН 1.02-02), п. 4.2.4). Прочие проверенные отступы: газопровод — 2.0 м при норме 1.0 м; силовой кабель и кабель связи — 6.0 м при норме 0.7 м; существующее сохраняемое дерево (от ствола) — 7.16 м при норме 1.0 м."
S-0546;кустарник;Бирючина обыкновенная;50.625;32.125;СП 42.13330.2016;"таблица 9.1; ППМ № 743-ПП, прил. 1, п. 3.6.3, табл. 3.6.1 (МГСН 1.01-99); ППМ № 623-ПП (МГСН 1.02-02), п. 4.2.4";Водопровод, дренаж;1.0;2.0;"Посадка (кустарник) допустима. Определяющее ограничение — водопровод, дренаж: требуется не менее 1.0 м, фактически 2.0 м (СП 42.13330.2016, таблица 9.1; ППМ № 743-ПП, прил. 1, п. 3.6.3, табл. 3.6.1 (МГСН 1.01-99); ППМ № 623-ПП (МГСН 1.02-02), п. 4.2.4). Прочие проверенные отступы: газопровод — 2.0 м при норме 1.0 м; существующее сохраняемое дерево (от ствола) — 5.41 м при норме 1.0 м; силовой кабель и кабель связи — 6.0 м при норме 0.7 м."
S-0547;кустарник;Бирючина обыкновенная;52.625;32.125;СП 42.13330.2016;"таблица 9.1; ППМ № 743-ПП, прил. 1, п. 3.6.3, табл. 3.6.1 (МГСН 1.01-99); ППМ № 623-ПП (МГСН 1.02-02), п. 4.2.4";Водопровод, дренаж;1.0;2.0;"Посадка (кустарник) допустима. Определяющее ограничение — водопровод, дренаж: требуется не менее 1.0 м, фактически 2.0 м (СП 42.13330.2016, таблица 9.1; ППМ № 743-ПП, прил. 1, п. 3.6.3, табл. 3.6.1 (МГСН 1.01-99); ППМ № 623-ПП (МГСН 1.02-02), п. 4.2.4). Прочие проверенные отступы: газопровод — 2.0 м при норме 1.0 м; существующее сохраняемое дерево (от ствола) — 3.91 м при норме 1.0 м; силовой кабель и кабель связи — 6.0 м при норме 0.7 м."
S-0548;кустарник;Бирючина обыкновенная;54.625;32.125;СП 42.13330.2016;"таблица 9.1; ППМ № 743-ПП, прил. 1, п. 3.6.3, табл. 3.6.1 (МГСН 1.01-99); ППМ № 623-ПП (МГСН 1.02-02), п. 4.2.4";Водопровод, дренаж;1.0;2.0;"Посадка (кустарник) допустима. Определяющее ограничение — водопровод, дренаж: требуется не менее 1.0 м, фактически 2.0 м (СП 42.13330.2016, таблица 9.1; ППМ № 743-ПП, прил. 1, п. 3.6.3, табл. 3.6.1 (МГСН 1.01-99); ППМ № 623-ПП (МГСН 1.02-02), п. 4.2.4). Прочие проверенные отступы: газопровод — 2.0 м при норме 1.0 м; существующее сохраняемое дерево (от ствола) — 3.04 м при норме 1.0 м; силовой кабель и кабель связи — 6.0 м при норме 0.7 м."
S-0549;кустарник;Бирючина обыкновенная;56.625;32.125;СП 42.13330.2016;"таблица 9.1; ППМ № 743-ПП, прил. 1, п. 3.6.3, табл. 3.6.1 (МГСН 1.01-99); ППМ № 623-ПП (МГСН 1.02-02), п. 4.2.4";Водопровод, дренаж;1.0;2.0;"Посадка (кустарник) допустима. Определяющее ограничение — водопровод, дренаж: требуется не менее 1.0 м, фактически 2.0 м (СП 42.13330.2016, таблица 9.1; ППМ № 743-ПП, прил. 1, п. 3.6.3, табл. 3.6.1 (МГСН 1.01-99); ППМ № 623-ПП (МГСН 1.02-02), п. 4.2.4). Прочие проверенные отступы: газопровод — 2.0 м при норме 1.0 м; существующее сохраняемое дерево (от ствола) — 3.35 м при норме 1.0 м; силовой кабель и кабель связи — 6.0 м при норме 0.7 м."
S-0550;кустарник;Бирючина обыкновенная;58.625;32.125;СП 42.13330.2016;"таблица 9.1; ППМ № 743-ПП, прил. 1, п. 3.6.3, табл. 3.6.1 (МГСН 1.01-99); ППМ № 623-ПП (МГСН 1.02-02), п. 4.2.4";Водопровод, дренаж;1.0;2.0;"Посадка (кустарник) допустима. Определяющее ограничение — водопровод, дренаж: требуется не менее 1.0 м, фактически 2.0 м (СП 42.13330.2016, таблица 9.1; ППМ № 743-ПП, прил. 1, п. 3.6.3, табл. 3.6.1 (МГСН 1.01-99); ППМ № 623-ПП (МГСН 1.02-02), п. 4.2.4). Прочие проверенные отступы: газопровод — 2.0 м при норме 1.0 м; существующее сохраняемое дерево (от ствола) — 4.61 м при норме 1.0 м; силовой кабель и кабель связи — 6.0 м при норме 0.7 м."
S-0551;кустарник;Бирючина обыкновенная;60.625;32.125;СП 42.13330.2016;"таблица 9.1; ППМ № 743-ПП, прил. 1, п. 3.6.3, табл. 3.6.1 (МГСН 1.01-99); ППМ № 623-ПП (МГСН 1.02-02), п. 4.2.4";Водопровод, дренаж;1.0;2.0;"Посадка (кустарник) допустима. Определяющее ограничение — водопровод, дренаж: требуется не менее 1.0 м, фактически 2.0 м (СП 42.13330.2016, таблица 9.1; ППМ № 743-ПП, прил. 1, п. 3.6.3, табл. 3.6.1 (МГСН 1.01-99); ППМ № 623-ПП (МГСН 1.02-02), п. 4.2.4). Прочие проверенные отступы: газопровод — 2.06 м при норме 1.0 м; существующее сохраняемое дерево (от ствола) — 6.26 м при норме 1.0 м; силовой кабель и кабель связи — 6.0 м при норме 0.7 м."
S-0552;кустарник;Бирючина обыкновенная;62.625;32.125;СП 42.13330.2016;"таблица 9.1; ППМ № 743-ПП, прил. 1, п. 3.6.3, табл. 3.6.1 (МГСН 1.01-99); ППМ № 623-ПП (МГСН 1.02-02), п. 4.2.4";Водопровод, дренаж;1.0;2.0;"Посадка (кустарник) допустима. Определяющее ограничение — водопровод, дренаж: требуется не менее 1.0 м, фактически 2.0 м (СП 42.13330.2016, таблица 9.1; ППМ № 743-ПП, прил. 1, п. 3.6.3, табл. 3.6.1 (МГСН 1.01-99); ППМ № 623-ПП (МГСН 1.02-02), п. 4.2.4). Прочие проверенные отступы: газопровод — 3.2 м при норме 1.0 м; силовой кабель и кабель связи — 6.0 м при норме 0.7 м; существующее сохраняемое дерево (от ствола) — 8.08 м при норме 1.0 м."
S-0553;кустарник;Бирючина обыкновенная;64.625;32.125;СП 42.13330.2016;"таблица 9.1; ППМ № 743-ПП, прил. 1, п. 3.6.3, табл. 3.6.1 (МГСН 1.01-99); ППМ № 623-ПП (МГСН 1.02-02), п. 4.2.4";Водопровод, дренаж;1.0;2.0;"Посадка (кустарник) допустима. Определяющее ограничение — водопровод, дренаж: требуется не менее 1.0 м, фактически 2.0 м (СП 42.13330.2016, таблица 9.1; ППМ № 743-ПП, прил. 1, п. 3.6.3, табл. 3.6.1 (МГСН 1.01-99); ППМ № 623-ПП (МГСН 1.02-02), п. 4.2.4). Прочие проверенные отступы: газопровод — 4.92 м при норме 1.0 м; силовой кабель и кабель связи — 6.0 м при норме 0.7 м; край тротуара и садовой дорожки — 9.0 м при норме 0.5 м."
S-0554;кустарник;Бирючина обыкновенная;66.625;32.125;СП 42.13330.2016;"таблица 9.1; ППМ № 743-ПП, прил. 1, п. 3.6.3, табл. 3.6.1 (МГСН 1.01-99); ППМ № 623-ПП (МГСН 1.02-02), п. 4.2.4";Водопровод, дренаж;1.0;2.0;"Посадка (кустарник) допустима. Определяющее ограничение — водопровод, дренаж: требуется не менее 1.0 м, фактически 2.0 м (СП 42.13330.2016, таблица 9.1; ППМ № 743-ПП, прил. 1, п. 3.6.3, табл. 3.6.1 (МГСН 1.01-99); ППМ № 623-ПП (МГСН 1.02-02), п. 4.2.4). Прочие проверенные отступы: силовой кабель и кабель связи — 6.0 м при норме 0.7 м; газопровод — 6.8 м при норме 1.0 м; край тротуара и садовой дорожки — 9.0 м при норме 0.5 м."
S-0555;кустарник;Бирючина обыкновенная;68.625;32.125;СП 42.13330.2016;"таблица 9.1; ППМ № 743-ПП, прил. 1, п. 3.6.3, табл. 3.6.1 (МГСН 1.01-99); ППМ № 623-ПП (МГСН 1.02-02), п. 4.2.4";Водопровод, дренаж;1.0;2.0;"Посадка (кустарник) допустима. Определяющее ограничение — водопровод, дренаж: требуется не менее 1.0 м, фактически 2.0 м (СП 42.13330.2016, таблица 9.1; ППМ № 743-ПП, прил. 1, п. 3.6.3, табл. 3.6.1 (МГСН 1.01-99); ППМ № 623-ПП (МГСН 1.02-02), п. 4.2.4). Прочие проверенные отступы: силовой кабель и кабель связи — 6.0 м при норме 0.7 м; газопровод — 8.73 м при норме 1.0 м; край тротуара и садовой дорожки — 9.0 м при норме 0.5 м."
S-0556;кустарник;Бирючина обыкновенная;70.625;32.125;СП 42.13330.2016;"таблица 9.1; ППМ № 743-ПП, прил. 1, п. 3.6.3, табл. 3.6.1 (МГСН 1.01-99); ППМ № 623-ПП (МГСН 1.02-02), п. 4.2.4";Водопровод, дренаж;1.0;2.0;"Посадка (кустарник) допустима. Определяющее ограничение — водопровод, дренаж: требуется не менее 1.0 м, фактически 2.0 м (СП 42.13330.2016, таблица 9.1; ППМ № 743-ПП, прил. 1, п. 3.6.3, табл. 3.6.1 (МГСН 1.01-99); ППМ № 623-ПП (МГСН 1.02-02), п. 4.2.4). Прочие проверенные отступы: силовой кабель и кабель связи — 6.0 м при норме 0.7 м; канализация — 9.5 м при норме 1.0 м; край тротуара и садовой дорожки — 9.0 м при норме 0.5 м."
S-0557;кустарник;Бирючина обыкновенная;72.625;32.125;СП 42.13330.2016;"таблица 9.1; ППМ № 743-ПП, прил. 1, п. 3.6.3, табл. 3.6.1 (МГСН 1.01-99); ППМ № 623-ПП (МГСН 1.02-02), п. 4.2.4";Водопровод, дренаж;1.0;2.0;"Посадка (кустарник) допустима. Определяющее ограничение — водопровод, дренаж: требуется не менее 1.0 м, фактически 2.0 м (СП 42.13330.2016, таблица 9.1; ППМ № 743-ПП, прил. 1, п. 3.6.3, табл. 3.6.1 (МГСН 1.01-99); ППМ № 623-ПП (МГСН 1.02-02), п. 4.2.4). Прочие проверенные отступы: силовой кабель и кабель связи — 6.0 м при норме 0.7 м; канализация — 7.5 м при норме 1.0 м; край тротуара и садовой дорожки — 9.0 м при норме 0.5 м."
S-0558;кустарник;Бирючина обыкновенная;74.625;32.125;СП 42.13330.2016;"таблица 9.1; ППМ № 743-ПП, прил. 1, п. 3.6.3, табл. 3.6.1 (МГСН 1.01-99); ППМ № 623-ПП (МГСН 1.02-02), п. 4.2.4";Водопровод, дренаж;1.0;2.0;"Посадка (кустарник) допустима. Определяющее ограничение — водопровод, дренаж: требуется не менее 1.0 м, фактически 2.0 м (СП 42.13330.2016, таблица 9.1; ППМ № 743-ПП, прил. 1, п. 3.6.3, табл. 3.6.1 (МГСН 1.01-99); ППМ № 623-ПП (МГСН 1.02-02), п. 4.2.4). Прочие проверенные отступы: канализация — 5.5 м при норме 1.0 м; силовой кабель и кабель связи — 6.0 м при норме 0.7 м; край тротуара и садовой дорожки — 9.0 м при норме 0.5 м."
S-0559;кустарник;Бирючина обыкновенная;76.625;32.125;СП 42.13330.2016;"таблица 9.1; ППМ № 743-ПП, прил. 1, п. 3.6.3, табл. 3.6.1 (МГСН 1.01-99); ППМ № 623-ПП (МГСН 1.02-02), п. 4.2.4";Водопровод, дренаж;1.0;2.0;"Посадка (кустарник) допустима. Определяющее ограничение — водопровод, дренаж: требуется не менее 1.0 м, фактически 2.0 м (СП 42.13330.2016, таблица 9.1; ППМ № 743-ПП, прил. 1, п. 3.6.3, табл. 3.6.1 (МГСН 1.01-99); ППМ № 623-ПП (МГСН 1.02-02), п. 4.2.4). Прочие проверенные отступы: канализация — 3.5 м при норме 1.0 м; силовой кабель и кабель связи — 6.0 м при норме 0.7 м; край тротуара и садовой дорожки — 9.0 м при норме 0.5 м."
S-0560;кустарник;Бирючина обыкновенная;82.125;32.125;СП 42.13330.2016;"таблица 9.1; ППМ № 743-ПП, прил. 1, п. 3.6.3, табл. 3.6.1 (МГСН 1.01-99); ППМ № 623-ПП (МГСН 1.02-02), п. 4.2.4";Водопровод, дренаж;1.0;2.0;"Посадка (кустарник) допустима. Определяющее ограничение — водопровод, дренаж: требуется не менее 1.0 м, фактически 2.0 м (СП 42.13330.2016, таблица 9.1; ППМ № 743-ПП, прил. 1, п. 3.6.3, табл. 3.6.1 (МГСН 1.01-99); ППМ № 623-ПП (МГСН 1.02-02), п. 4.2.4). Прочие проверенные отступы: канализация — 2.0 м при норме 1.0 м; силовой кабель и кабель связи — 6.0 м при норме 0.7 м; край тротуара и садовой дорожки — 9.0 м при норме 0.5 м."
S-0561;кустарник;Калина обыкновенная;84.125;32.125;СП 42.13330.2016;"таблица 9.1; ППМ № 743-ПП, прил. 1, п. 3.6.3, табл. 3.6.1 (МГСН 1.01-99); ППМ № 623-ПП (МГСН 1.02-02), п. 4.2.4";Водопровод, дренаж;1.0;2.0;"Посадка (кустарник) допустима. Определяющее ограничение — водопровод, дренаж: требуется не менее 1.0 м, фактически 2.0 м (СП 42.13330.2016, таблица 9.1; ППМ № 743-ПП, прил. 1, п. 3.6.3, табл. 3.6.1 (МГСН 1.01-99); ППМ № 623-ПП (МГСН 1.02-02), п. 4.2.4). Прочие проверенные отступы: канализация — 4.0 м при норме 1.0 м; силовой кабель и кабель связи — 6.0 м при норме 0.7 м; край тротуара и садовой дорожки — 9.0 м при норме 0.5 м."
S-0562;кустарник;Калина обыкновенная;86.125;32.125;СП 42.13330.2016;"таблица 9.1; ППМ № 743-ПП, прил. 1, п. 3.6.3, табл. 3.6.1 (МГСН 1.01-99); ППМ № 623-ПП (МГСН 1.02-02), п. 4.2.4";Водопровод, дренаж;1.0;2.0;"Посадка (кустарник) допустима. Определяющее ограничение — водопровод, дренаж: требуется не менее 1.0 м, фактически 2.0 м (СП 42.13330.2016, таблица 9.1; ППМ № 743-ПП, прил. 1, п. 3.6.3, табл. 3.6.1 (МГСН 1.01-99); ППМ № 623-ПП (МГСН 1.02-02), п. 4.2.4). Прочие проверенные отступы: канализация — 6.0 м при норме 1.0 м; силовой кабель и кабель связи — 6.0 м при норме 0.7 м; край тротуара и садовой дорожки — 9.0 м при норме 0.5 м."
S-0563;кустарник;Калина обыкновенная;88.125;32.125;СП 42.13330.2016;"таблица 9.1; ППМ № 743-ПП, прил. 1, п. 3.6.3, табл. 3.6.1 (МГСН 1.01-99); ППМ № 623-ПП (МГСН 1.02-02), п. 4.2.4";Водопровод, дренаж;1.0;2.0;"Посадка (кустарник) допустима. Определяющее ограничение — водопровод, дренаж: требуется не менее 1.0 м, фактически 2.0 м (СП 42.13330.2016, таблица 9.1; ППМ № 743-ПП, прил. 1, п. 3.6.3, табл. 3.6.1 (МГСН 1.01-99); ППМ № 623-ПП (МГСН 1.02-02), п. 4.2.4). Прочие проверенные отступы: силовой кабель и кабель связи — 6.0 м при норме 0.7 м; канализация — 8.0 м при норме 1.0 м; край тротуара и садовой дорожки — 9.0 м при норме 0.5 м."
S-0564;кустарник;Калина обыкновенная;90.125;32.125;СП 42.13330.2016;"таблица 9.1; ППМ № 743-ПП, прил. 1, п. 3.6.3, табл. 3.6.1 (МГСН 1.01-99); ППМ № 623-ПП (МГСН 1.02-02), п. 4.2.4";Водопровод, дренаж;1.0;2.0;"Посадка (кустарник) допустима. Определяющее ограничение — водопровод, дренаж: требуется не менее 1.0 м, фактически 2.0 м (СП 42.13330.2016, таблица 9.1; ППМ № 743-ПП, прил. 1, п. 3.6.3, табл. 3.6.1 (МГСН 1.01-99); ППМ № 623-ПП (МГСН 1.02-02), п. 4.2.4). Прочие проверенные отступы: силовой кабель и кабель связи — 6.0 м при норме 0.7 м; край тротуара и садовой дорожки — 9.0 м при норме 0.5 м; канализация — 10.0 м при норме 1.0 м."
S-0565;кустарник;Калина обыкновенная;92.125;32.125;СП 42.13330.2016;"таблица 9.1; ППМ № 743-ПП, прил. 1, п. 3.6.3, табл. 3.6.1 (МГСН 1.01-99); ППМ № 623-ПП (МГСН 1.02-02), п. 4.2.4";Водопровод, дренаж;1.0;2.0;"Посадка (кустарник) допустима. Определяющее ограничение — водопровод, дренаж: требуется не менее 1.0 м, фактически 2.0 м (СП 42.13330.2016, таблица 9.1; ППМ № 743-ПП, прил. 1, п. 3.6.3, табл. 3.6.1 (МГСН 1.01-99); ППМ № 623-ПП (МГСН 1.02-02), п. 4.2.4). Прочие проверенные отступы: силовой кабель и кабель связи — 6.0 м при норме 0.7 м; край тротуара и садовой дорожки — 9.0 м при норме 0.5 м; канализация — 12.0 м при норме 1.0 м."
S-0566;кустарник;Калина обыкновенная;94.125;32.125;СП 42.13330.2016;"таблица 9.1; ППМ № 743-ПП, прил. 1, п. 3.6.3, табл. 3.6.1 (МГСН 1.01-99); ППМ № 623-ПП (МГСН 1.02-02), п. 4.2.4";Водопровод, дренаж;1.0;2.0;"Посадка (кустарник) допустима. Определяющее ограничение — водопровод, дренаж: требуется не менее 1.0 м, фактически 2.0 м (СП 42.13330.2016, таблица 9.1; ППМ № 743-ПП, прил. 1, п. 3.6.3, табл. 3.6.1 (МГСН 1.01-99); ППМ № 623-ПП (МГСН 1.02-02), п. 4.2.4). Прочие проверенные отступы: силовой кабель и кабель связи — 6.0 м при норме 0.7 м; край тротуара и садовой дорожки — 9.0 м при норме 0.5 м; существующее сохраняемое дерево (от ствола) — 11.18 м при норме 1.0 м."
S-0567;кустарник;Калина обыкновенная;96.125;32.125;СП 42.13330.2016;"таблица 9.1; ППМ № 743-ПП, прил. 1, п. 3.6.3, табл. 3.6.1 (МГСН 1.01-99); ППМ № 623-ПП (МГСН 1.02-02), п. 4.2.4";Водопровод, дренаж;1.0;2.0;"Посадка (кустарник) допустима. Определяющее ограничение — водопровод, дренаж: требуется не менее 1.0 м, фактически 2.0 м (СП 42.13330.2016, таблица 9.1; ППМ № 743-ПП, прил. 1, п. 3.6.3, табл. 3.6.1 (МГСН 1.01-99); ППМ № 623-ПП (МГСН 1.02-02), п. 4.2.4). Прочие проверенные отступы: силовой кабель и кабель связи — 6.0 м при норме 0.7 м; существующее сохраняемое дерево (от ствола) — 9.22 м при норме 1.0 м; край тротуара и садовой дорожки — 9.0 м при норме 0.5 м."
S-0568;кустарник;Калина обыкновенная;98.125;32.125;СП 42.13330.2016;"таблица 9.1; ППМ № 743-ПП, прил. 1, п. 3.6.3, табл. 3.6.1 (МГСН 1.01-99); ППМ № 623-ПП (МГСН 1.02-02), п. 4.2.4";Водопровод, дренаж;1.0;2.0;"Посадка (кустарник) допустима. Определяющее ограничение — водопровод, дренаж: требуется не менее 1.0 м, фактически 2.0 м (СП 42.13330.2016, таблица 9.1; ППМ № 743-ПП, прил. 1, п. 3.6.3, табл. 3.6.1 (МГСН 1.01-99); ППМ № 623-ПП (МГСН 1.02-02), п. 4.2.4). Прочие проверенные отступы: силовой кабель и кабель связи — 6.0 м при норме 0.7 м; существующее сохраняемое дерево (от ствола) — 7.28 м при норме 1.0 м; край тротуара и садовой дорожки — 9.0 м при норме 0.5 м."
S-0569;кустарник;Калина обыкновенная;100.125;32.125;СП 42.13330.2016;"таблица 9.1; ППМ № 743-ПП, прил. 1, п. 3.6.3, табл. 3.6.1 (МГСН 1.01-99); ППМ № 623-ПП (МГСН 1.02-02), п. 4.2.4";Водопровод, дренаж;1.0;2.0;"Посадка (кустарник) допустима. Определяющее ограничение — водопровод, дренаж: требуется не менее 1.0 м, фактически 2.0 м (СП 42.13330.2016, таблица 9.1; ППМ № 743-ПП, прил. 1, п. 3.6.3, табл. 3.6.1 (МГСН 1.01-99); ППМ № 623-ПП (МГСН 1.02-02), п. 4.2.4). Прочие проверенные отступы: существующее сохраняемое дерево (от ствола) — 5.39 м при норме 1.0 м; силовой кабель и кабель связи — 6.0 м при норме 0.7 м; край тротуара и садовой дорожки — 9.0 м при норме 0.5 м."
S-0570;кустарник;Калина обыкновенная;102.125;32.125;СП 42.13330.2016;"таблица 9.1; ППМ № 743-ПП, прил. 1, п. 3.6.3, табл. 3.6.1 (МГСН 1.01-99); ППМ № 623-ПП (МГСН 1.02-02), п. 4.2.4";Водопровод, дренаж;1.0;2.0;"Посадка (кустарник) допустима. Определяющее ограничение — водопровод, дренаж: требуется не менее 1.0 м, фактически 2.0 м (СП 42.13330.2016, таблица 9.1; ППМ № 743-ПП, прил. 1, п. 3.6.3, табл. 3.6.1 (МГСН 1.01-99); ППМ № 623-ПП (МГСН 1.02-02), п. 4.2.4). Прочие проверенные отступы: существующее сохраняемое дерево (от ствола) — 3.61 м при норме 1.0 м; силовой кабель и кабель связи — 6.0 м при норме 0.7 м; край тротуара и садовой дорожки — 9.0 м при норме 0.5 м."
S-0571;кустарник;Калина обыкновенная;104.125;32.125;СП 42.13330.2016;"таблица 9.1; ППМ № 743-ПП, прил. 1, п. 3.6.3, табл. 3.6.1 (МГСН 1.01-99); ППМ № 623-ПП (МГСН 1.02-02), п. 4.2.4";Водопровод, дренаж;1.0;2.0;"Посадка (кустарник) допустима. Определяющее ограничение — водопровод, дренаж: требуется не менее 1.0 м, фактически 2.0 м (СП 42.13330.2016, таблица 9.1; ППМ № 743-ПП, прил. 1, п. 3.6.3, табл. 3.6.1 (МГСН 1.01-99); ППМ № 623-ПП (МГСН 1.02-02), п. 4.2.4). Прочие проверенные отступы: существующее сохраняемое дерево (от ствола) — 2.24 м при норме 1.0 м; силовой кабель и кабель связи — 6.0 м при норме 0.7 м; край тротуара и садовой дорожки — 9.0 м при норме 0.5 м."
S-0572;кустарник;Калина обыкновенная;106.125;32.125;СП 42.13330.2016;"таблица 9.1; ППМ № 743-ПП, прил. 1, п. 3.6.3, табл. 3.6.1 (МГСН 1.01-99); ППМ № 623-ПП (МГСН 1.02-02), п. 4.2.4";Водопровод, дренаж;1.0;2.0;"Посадка (кустарник) допустима. Определяющее ограничение — водопровод, дренаж: требуется не менее 1.0 м, фактически 2.0 м (СП 42.13330.2016, таблица 9.1; ППМ № 743-ПП, прил. 1, п. 3.6.3, табл. 3.6.1 (МГСН 1.01-99); ППМ № 623-ПП (МГСН 1.02-02), п. 4.2.4). Прочие проверенные отступы: существующее сохраняемое дерево (от ствола) — 2.24 м при норме 1.0 м; силовой кабель и кабель связи — 6.0 м при норме 0.7 м; край тротуара и садовой дорожки — 9.0 м при норме 0.5 м."
S-0573;кустарник;Калина обыкновенная;108.125;32.125;СП 42.13330.2016;"таблица 9.1; ППМ № 743-ПП, прил. 1, п. 3.6.3, табл. 3.6.1 (МГСН 1.01-99); ППМ № 623-ПП (МГСН 1.02-02), п. 4.2.4";Водопровод, дренаж;1.0;2.0;"Посадка (кустарник) допустима. Определяющее ограничение — водопровод, дренаж: требуется не менее 1.0 м, фактически 2.0 м (СП 42.13330.2016, таблица 9.1; ППМ № 743-ПП, прил. 1, п. 3.6.3, табл. 3.6.1 (МГСН 1.01-99); ППМ № 623-ПП (МГСН 1.02-02), п. 4.2.4). Прочие проверенные отступы: существующее сохраняемое дерево (от ствола) — 3.61 м при норме 1.0 м; силовой кабель и кабель связи — 6.0 м при норме 0.7 м; край тротуара и садовой дорожки — 9.0 м при норме 0.5 м."
S-0574;кустарник;Калина обыкновенная;110.125;32.125;СП 42.13330.2016;"таблица 9.1; ППМ № 743-ПП, прил. 1, п. 3.6.3, табл. 3.6.1 (МГСН 1.01-99); ППМ № 623-ПП (МГСН 1.02-02), п. 4.2.4";Водопровод, дренаж;1.0;2.0;"Посадка (кустарник) допустима. Определяющее ограничение — водопровод, дренаж: требуется не менее 1.0 м, фактически 2.0 м (СП 42.13330.2016, таблица 9.1; ППМ № 743-ПП, прил. 1, п. 3.6.3, табл. 3.6.1 (МГСН 1.01-99); ППМ № 623-ПП (МГСН 1.02-02), п. 4.2.4). Прочие проверенные отступы: существующее сохраняемое дерево (от ствола) — 5.39 м при норме 1.0 м; силовой кабель и кабель связи — 6.0 м при норме 0.7 м; край тротуара и садовой дорожки — 9.0 м при норме 0.5 м."
S-0575;кустарник;Калина обыкновенная;112.125;32.125;СП 42.13330.2016;"таблица 9.1; ППМ № 743-ПП, прил. 1, п. 3.6.3, табл. 3.6.1 (МГСН 1.01-99); ППМ № 623-ПП (МГСН 1.02-02), п. 4.2.4";Водопровод, дренаж;1.0;2.0;"Посадка (кустарник) допустима. Определяющее ограничение — водопровод, дренаж: требуется не менее 1.0 м, фактически 2.0 м (СП 42.13330.2016, таблица 9.1; ППМ № 743-ПП, прил. 1, п. 3.6.3, табл. 3.6.1 (МГСН 1.01-99); ППМ № 623-ПП (МГСН 1.02-02), п. 4.2.4). Прочие проверенные отступы: силовой кабель и кабель связи — 6.0 м при норме 0.7 м; существующее сохраняемое дерево (от ствола) — 7.28 м при норме 1.0 м; край тротуара и садовой дорожки — 9.0 м при норме 0.5 м."
S-0576;кустарник;Калина обыкновенная;114.125;32.125;СП 42.13330.2016;"таблица 9.1; ППМ № 743-ПП, прил. 1, п. 3.6.3, табл. 3.6.1 (МГСН 1.01-99); ППМ № 623-ПП (МГСН 1.02-02), п. 4.2.4";Водопровод, дренаж;1.0;2.0;"Посадка (кустарник) допустима. Определяющее ограничение — водопровод, дренаж: требуется не менее 1.0 м, фактически 2.0 м (СП 42.13330.2016, таблица 9.1; ППМ № 743-ПП, прил. 1, п. 3.6.3, табл. 3.6.1 (МГСН 1.01-99); ППМ № 623-ПП (МГСН 1.02-02), п. 4.2.4). Прочие проверенные отступы: силовой кабель и кабель связи — 6.0 м при норме 0.7 м; существующее сохраняемое дерево (от ствола) — 9.22 м при норме 1.0 м; край тротуара и садовой дорожки — 9.0 м при норме 0.5 м."
S-0577;кустарник;Калина обыкновенная;116.125;32.125;СП 42.13330.2016;"таблица 9.1; ППМ № 743-ПП, прил. 1, п. 3.6.3, табл. 3.6.1 (МГСН 1.01-99); ППМ № 623-ПП (МГСН 1.02-02), п. 4.2.4";Водопровод, дренаж;1.0;2.0;"Посадка (кустарник) допустима. Определяющее ограничение — водопровод, дренаж: требуется не менее 1.0 м, фактически 2.0 м (СП 42.13330.2016, таблица 9.1; ППМ № 743-ПП, прил. 1, п. 3.6.3, табл. 3.6.1 (МГСН 1.01-99); ППМ № 623-ПП (МГСН 1.02-02), п. 4.2.4). Прочие проверенные отступы: силовой кабель и кабель связи — 6.0 м при норме 0.7 м; край тротуара и садовой дорожки — 9.0 м при норме 0.5 м; существующее сохраняемое дерево (от ствола) — 11.18 м при норме 1.0 м."
S-0578;кустарник;Калина обыкновенная;118.125;32.125;СП 42.13330.2016;"таблица 9.1; ППМ № 743-ПП, прил. 1, п. 3.6.3, табл. 3.6.1 (МГСН 1.01-99); ППМ № 623-ПП (МГСН 1.02-02), п. 4.2.4";Водопровод, дренаж;1.0;2.0;"Посадка (кустарник) допустима. Определяющее ограничение — водопровод, дренаж: требуется не менее 1.0 м, фактически 2.0 м (СП 42.13330.2016, таблица 9.1; ППМ № 743-ПП, прил. 1, п. 3.6.3, табл. 3.6.1 (МГСН 1.01-99); ППМ № 623-ПП (МГСН 1.02-02), п. 4.2.4). Прочие проверенные отступы: силовой кабель и кабель связи — 6.0 м при норме 0.7 м; край тротуара и садовой дорожки — 9.0 м при норме 0.5 м; существующее сохраняемое дерево (от ствола) — 13.15 м при норме 1.0 м."
S-0579;кустарник;Калина обыкновенная;78.125;33.125;СП 42.13330.2016;"таблица 9.1; ППМ № 743-ПП, прил. 1, п. 3.6.3, табл. 3.6.1 (МГСН 1.01-99); ППМ № 623-ПП (МГСН 1.02-02), п. 4.2.4";Канализация;1.0;2.0;"Посадка (кустарник) допустима. Определяющее ограничение — канализация: требуется не менее 1.0 м, фактически 2.0 м (СП 42.13330.2016, таблица 9.1; ППМ № 743-ПП, прил. 1, п. 3.6.3, табл. 3.6.1 (МГСН 1.01-99); ППМ № 623-ПП (МГСН 1.02-02), п. 4.2.4). Прочие проверенные отступы: водопровод, дренаж — 3.0 м при норме 1.0 м; силовой кабель и кабель связи — 7.0 м при норме 0.7 м; край тротуара и садовой дорожки — 10.0 м при норме 0.5 м."
S-0580;кустарник;Калина обыкновенная;103.125;33.625;СП 42.13330.2016;"таблица 9.1; ППМ № 743-ПП, прил. 1, п. 3.6.3, табл. 3.6.1 (МГСН 1.01-99); ППМ № 623-ПП (МГСН 1.02-02), п. 4.2.4";Водопровод, дренаж;1.0;3.5;"Посадка (кустарник) допустима. Определяющее ограничение — водопровод, дренаж: требуется не менее 1.0 м, фактически 3.5 м (СП 42.13330.2016, таблица 9.1; ППМ № 743-ПП, прил. 1, п. 3.6.3, табл. 3.6.1 (МГСН 1.01-99); ППМ № 623-ПП (МГСН 1.02-02), п. 4.2.4). Прочие проверенные отступы: существующее сохраняемое дерево (от ствола) — 4.03 м при норме 1.0 м; силовой кабель и кабель связи — 7.5 м при норме 0.7 м; край тротуара и садовой дорожки — 10.5 м при норме 0.5 м."
S-0581;кустарник;Калина обыкновенная;105.125;33.625;СП 42.13330.2016;"таблица 9.1; ППМ № 743-ПП, прил. 1, п. 3.6.3, табл. 3.6.1 (МГСН 1.01-99); ППМ № 623-ПП (МГСН 1.02-02), п. 4.2.4";Водопровод, дренаж;1.0;3.5;"Посадка (кустарник) допустима. Определяющее ограничение — водопровод, дренаж: требуется не менее 1.0 м, фактически 3.5 м (СП 42.13330.2016, таблица 9.1; ППМ № 743-ПП, прил. 1, п. 3.6.3, табл. 3.6.1 (МГСН 1.01-99); ППМ № 623-ПП (МГСН 1.02-02), п. 4.2.4). Прочие проверенные отступы: существующее сохраняемое дерево (от ствола) — 3.5 м при норме 1.0 м; силовой кабель и кабель связи — 7.5 м при норме 0.7 м; край тротуара и садовой дорожки — 10.5 м при норме 0.5 м."
S-0582;кустарник;Калина обыкновенная;107.125;33.625;СП 42.13330.2016;"таблица 9.1; ППМ № 743-ПП, прил. 1, п. 3.6.3, табл. 3.6.1 (МГСН 1.01-99); ППМ № 623-ПП (МГСН 1.02-02), п. 4.2.4";Водопровод, дренаж;1.0;3.5;"Посадка (кустарник) допустима. Определяющее ограничение — водопровод, дренаж: требуется не менее 1.0 м, фактически 3.5 м (СП 42.13330.2016, таблица 9.1; ППМ № 743-ПП, прил. 1, п. 3.6.3, табл. 3.6.1 (МГСН 1.01-99); ППМ № 623-ПП (МГСН 1.02-02), п. 4.2.4). Прочие проверенные отступы: существующее сохраняемое дерево (от ствола) — 4.03 м при норме 1.0 м; силовой кабель и кабель связи — 7.5 м при норме 0.7 м; край тротуара и садовой дорожки — 10.5 м при норме 0.5 м."
S-0583;кустарник;Калина обыкновенная;62.125;33.875;СП 42.13330.2016;"таблица 9.1; ППМ № 743-ПП, прил. 1, п. 3.6.3, табл. 3.6.1 (МГСН 1.01-99); ППМ № 623-ПП (МГСН 1.02-02), п. 4.2.4";Газопровод;1.0;2.02;"Посадка (кустарник) допустима. Определяющее ограничение — газопровод: требуется не менее 1.0 м, фактически 2.02 м (СП 42.13330.2016, таблица 9.1; ППМ № 743-ПП, прил. 1, п. 3.6.3, табл. 3.6.1 (МГСН 1.01-99); ППМ № 623-ПП (МГСН 1.02-02), п. 4.2.4). Прочие проверенные отступы: водопровод, дренаж — 3.75 м при норме 1.0 м; существующее сохраняемое дерево (от ствола) — 7.11 м при норме 1.0 м; силовой кабель и кабель связи — 7.75 м при норме 0.7 м."
S-0584;кустарник;Калина обыкновенная;82.125;34.125;СП 42.13330.2016;"таблица 9.1; ППМ № 743-ПП, прил. 1, п. 3.6.3, табл. 3.6.1 (МГСН 1.01-99); ППМ № 623-ПП (МГСН 1.02-02), п. 4.2.4";Канализация;1.0;2.0;"Посадка (кустарник) допустима. Определяющее ограничение — канализация: требуется не менее 1.0 м, фактически 2.0 м (СП 42.13330.2016, таблица 9.1; ППМ № 743-ПП, прил. 1, п. 3.6.3, табл. 3.6.1 (МГСН 1.01-99); ППМ № 623-ПП (МГСН 1.02-02), п. 4.2.4). Прочие проверенные отступы: водопровод, дренаж — 4.0 м при норме 1.0 м; силовой кабель и кабель связи — 8.0 м при норме 0.7 м; край тротуара и садовой дорожки — 11.0 м при норме 0.5 м."
S-0585;кустарник;Калина обыкновенная;78.125;35.125;СП 42.13330.2016;"таблица 9.1; ППМ № 743-ПП, прил. 1, п. 3.6.3, табл. 3.6.1 (МГСН 1.01-99); ППМ № 623-ПП (МГСН 1.02-02), п. 4.2.4";Канализация;1.0;2.0;"Посадка (кустарник) допустима. Определяющее ограничение — канализация: требуется не менее 1.0 м, фактически 2.0 м (СП 42.13330.2016, таблица 9.1; ППМ № 743-ПП, прил. 1, п. 3.6.3, табл. 3.6.1 (МГСН 1.01-99); ППМ № 623-ПП (МГСН 1.02-02), п. 4.2.4). Прочие проверенные отступы: водопровод, дренаж — 5.0 м при норме 1.0 м; силовой кабель и кабель связи — 9.0 м при норме 0.7 м; край тротуара и садовой дорожки — 12.0 м при норме 0.5 м."
S-0586;кустарник;Калина обыкновенная;62.125;35.875;СП 42.13330.2016;"таблица 9.1; ППМ № 743-ПП, прил. 1, п. 3.6.3, табл. 3.6.1 (МГСН 1.01-99); ППМ № 623-ПП (МГСН 1.02-02), п. 4.2.4";Газопровод;1.0;2.0;"Посадка (кустарник) допустима. Определяющее ограничение — газопровод: требуется не менее 1.0 м, фактически 2.0 м (СП 42.13330.2016, таблица 9.1; ППМ № 743-ПП, прил. 1, п. 3.6.3, табл. 3.6.1 (МГСН 1.01-99); ППМ № 623-ПП (МГСН 1.02-02), п. 4.2.4). Прочие проверенные отступы: водопровод, дренаж — 5.75 м при норме 1.0 м; существующее сохраняемое дерево (от ствола) — 7.04 м при норме 1.0 м; силовой кабель и кабель связи — 9.75 м при норме 0.7 м."
S-0587;кустарник;Калина обыкновенная;0.625;36.125;СП 42.13330.2016;"таблица 9.1; ППМ № 743-ПП, прил. 1, п. 3.6.3, табл. 3.6.1 (МГСН 1.01-99); ППМ № 623-ПП (МГСН 1.02-02), п. 4.2.4";Газопровод;1.0;2.0;"Посадка (кустарник) допустима. Определяющее ограничение — газопровод: требуется не менее 1.0 м, фактически 2.0 м (СП 42.13330.2016, таблица 9.1; ППМ № 743-ПП, прил. 1, п. 3.6.3, табл. 3.6.1 (МГСН 1.01-99); ППМ № 623-ПП (МГСН 1.02-02), п. 4.2.4). Прочие проверенные отступы: водопровод, дренаж — 6.0 м при норме 1.0 м; наружная стена здания и сооружения — 10.31 м при норме 1.5 м; силовой кабель и кабель связи — 10.0 м при норме 0.7 м."
S-0588;кустарник;Калина обыкновенная;2.625;36.125;СП 42.13330.2016;"таблица 9.1; ППМ № 743-ПП, прил. 1, п. 3.6.3, табл. 3.6.1 (МГСН 1.01-99); ППМ № 623-ПП (МГСН 1.02-02), п. 4.2.4";Газопровод;1.0;2.0;"Посадка (кустарник) допустима. Определяющее ограничение — газопровод: требуется не менее 1.0 м, фактически 2.0 м (СП 42.13330.2016, таблица 9.1; ППМ № 743-ПП, прил. 1, п. 3.6.3, табл. 3.6.1 (МГСН 1.01-99); ППМ № 623-ПП (МГСН 1.02-02), п. 4.2.4). Прочие проверенные отступы: водопровод, дренаж — 6.0 м при норме 1.0 м; наружная стена здания и сооружения — 8.5 м при норме 1.5 м; силовой кабель и кабель связи — 10.0 м при норме 0.7 м."
S-0589;кустарник;Калина обыкновенная;4.625;36.125;СП 42.13330.2016;"таблица 9.1; ППМ № 743-ПП, прил. 1, п. 3.6.3, табл. 3.6.1 (МГСН 1.01-99); ППМ № 623-ПП (МГСН 1.02-02), п. 4.2.4";Газопровод;1.0;2.0;"Посадка (кустарник) допустима. Определяющее ограничение — газопровод: требуется не менее 1.0 м, фактически 2.0 м (СП 42.13330.2016, таблица 9.1; ППМ № 743-ПП, прил. 1, п. 3.6.3, табл. 3.6.1 (МГСН 1.01-99); ППМ № 623-ПП (МГСН 1.02-02), п. 4.2.4). Прочие проверенные отступы: водопровод, дренаж — 6.0 м при норме 1.0 м; наружная стена здания и сооружения — 6.8 м при норме 1.5 м; силовой кабель и кабель связи — 10.0 м при норме 0.7 м."
S-0590;кустарник;Калина обыкновенная;6.625;36.125;СП 42.13330.2016;"таблица 9.1; ППМ № 743-ПП, прил. 1, п. 3.6.3, табл. 3.6.1 (МГСН 1.01-99); ППМ № 623-ПП (МГСН 1.02-02), п. 4.2.4";Газопровод;1.0;2.0;"Посадка (кустарник) допустима. Определяющее ограничение — газопровод: требуется не менее 1.0 м, фактически 2.0 м (СП 42.13330.2016, таблица 9.1; ППМ № 743-ПП, прил. 1, п. 3.6.3, табл. 3.6.1 (МГСН 1.01-99); ППМ № 623-ПП (МГСН 1.02-02), п. 4.2.4). Прочие проверенные отступы: наружная стена здания и сооружения — 5.32 м при норме 1.5 м; водопровод, дренаж — 6.0 м при норме 1.0 м; силовой кабель и кабель связи — 10.0 м при норме 0.7 м."
S-0591;кустарник;Калина обыкновенная;8.625;36.125;СП 42.13330.2016;"таблица 9.1; ППМ № 743-ПП, прил. 1, п. 3.6.3, табл. 3.6.1 (МГСН 1.01-99); ППМ № 623-ПП (МГСН 1.02-02), п. 4.2.4";Газопровод;1.0;2.0;"Посадка (кустарник) допустима. Определяющее ограничение — газопровод: требуется не менее 1.0 м, фактически 2.0 м (СП 42.13330.2016, таблица 9.1; ППМ № 743-ПП, прил. 1, п. 3.6.3, табл. 3.6.1 (МГСН 1.01-99); ППМ № 623-ПП (МГСН 1.02-02), п. 4.2.4). Прочие проверенные отступы: наружная стена здания и сооружения — 4.27 м при норме 1.5 м; водопровод, дренаж — 6.0 м при норме 1.0 м; силовой кабель и кабель связи — 10.0 м при норме 0.7 м."
S-0592;кустарник;Калина обыкновенная;10.625;36.125;СП 42.13330.2016;"таблица 9.1; ППМ № 743-ПП, прил. 1, п. 3.6.3, табл. 3.6.1 (МГСН 1.01-99); ППМ № 623-ПП (МГСН 1.02-02), п. 4.2.4";Газопровод;1.0;2.0;"Посадка (кустарник) допустима. Определяющее ограничение — газопровод: требуется не менее 1.0 м, фактически 2.0 м (СП 42.13330.2016, таблица 9.1; ППМ № 743-ПП, прил. 1, п. 3.6.3, табл. 3.6.1 (МГСН 1.01-99); ППМ № 623-ПП (МГСН 1.02-02), п. 4.2.4). Прочие проверенные отступы: наружная стена здания и сооружения — 4.0 м при норме 1.5 м; водопровод, дренаж — 6.0 м при норме 1.0 м; силовой кабель и кабель связи — 10.0 м при норме 0.7 м."
S-0593;кустарник;Калина обыкновенная;12.625;36.125;СП 42.13330.2016;"таблица 9.1; ППМ № 743-ПП, прил. 1, п. 3.6.3, табл. 3.6.1 (МГСН 1.01-99); ППМ № 623-ПП (МГСН 1.02-02), п. 4.2.4";Газопровод;1.0;2.0;"Посадка (кустарник) допустима. Определяющее ограничение — газопровод: требуется не менее 1.0 м, фактически 2.0 м (СП 42.13330.2016, таблица 9.1; ППМ № 743-ПП, прил. 1, п. 3.6.3, табл. 3.6.1 (МГСН 1.01-99); ППМ № 623-ПП (МГСН 1.02-02), п. 4.2.4). Прочие проверенные отступы: наружная стена здания и сооружения — 4.0 м при норме 1.5 м; водопровод, дренаж — 6.0 м при норме 1.0 м; силовой кабель и кабель связи — 10.0 м при норме 0.7 м."
S-0594;кустарник;Калина обыкновенная;14.625;36.125;СП 42.13330.2016;"таблица 9.1; ППМ № 743-ПП, прил. 1, п. 3.6.3, табл. 3.6.1 (МГСН 1.01-99); ППМ № 623-ПП (МГСН 1.02-02), п. 4.2.4";Газопровод;1.0;2.0;"Посадка (кустарник) допустима. Определяющее ограничение — газопровод: требуется не менее 1.0 м, фактически 2.0 м (СП 42.13330.2016, таблица 9.1; ППМ № 743-ПП, прил. 1, п. 3.6.3, табл. 3.6.1 (МГСН 1.01-99); ППМ № 623-ПП (МГСН 1.02-02), п. 4.2.4). Прочие проверенные отступы: наружная стена здания и сооружения — 4.0 м при норме 1.5 м; водопровод, дренаж — 6.0 м при норме 1.0 м; силовой кабель и кабель связи — 10.0 м при норме 0.7 м."
S-0595;кустарник;Калина обыкновенная;16.625;36.125;СП 42.13330.2016;"таблица 9.1; ППМ № 743-ПП, прил. 1, п. 3.6.3, табл. 3.6.1 (МГСН 1.01-99); ППМ № 623-ПП (МГСН 1.02-02), п. 4.2.4";Газопровод;1.0;2.0;"Посадка (кустарник) допустима. Определяющее ограничение — газопровод: требуется не менее 1.0 м, фактически 2.0 м (СП 42.13330.2016, таблица 9.1; ППМ № 743-ПП, прил. 1, п. 3.6.3, табл. 3.6.1 (МГСН 1.01-99); ППМ № 623-ПП (МГСН 1.02-02), п. 4.2.4). Прочие проверенные отступы: наружная стена здания и сооружения — 4.0 м при норме 1.5 м; водопровод, дренаж — 6.0 м при норме 1.0 м; силовой кабель и кабель связи — 10.0 м при норме 0.7 м."
S-0596;кустарник;Калина обыкновенная;18.625;36.125;СП 42.13330.2016;"таблица 9.1; ППМ № 743-ПП, прил. 1, п. 3.6.3, табл. 3.6.1 (МГСН 1.01-99); ППМ № 623-ПП (МГСН 1.02-02), п. 4.2.4";Газопровод;1.0;2.0;"Посадка (кустарник) допустима. Определяющее ограничение — газопровод: требуется не менее 1.0 м, фактически 2.0 м (СП 42.13330.2016, таблица 9.1; ППМ № 743-ПП, прил. 1, п. 3.6.3, табл. 3.6.1 (МГСН 1.01-99); ППМ № 623-ПП (МГСН 1.02-02), п. 4.2.4). Прочие проверенные отступы: наружная стена здания и сооружения — 4.0 м при норме 1.5 м; водопровод, дренаж — 6.0 м при норме 1.0 м; силовой кабель и кабель связи — 10.0 м при норме 0.7 м."
S-0597;кустарник;Калина обыкновенная;20.625;36.125;СП 42.13330.2016;"таблица 9.1; ППМ № 743-ПП, прил. 1, п. 3.6.3, табл. 3.6.1 (МГСН 1.01-99); ППМ № 623-ПП (МГСН 1.02-02), п. 4.2.4";Газопровод;1.0;2.0;"Посадка (кустарник) допустима. Определяющее ограничение — газопровод: требуется не менее 1.0 м, фактически 2.0 м (СП 42.13330.2016, таблица 9.1; ППМ № 743-ПП, прил. 1, п. 3.6.3, табл. 3.6.1 (МГСН 1.01-99); ППМ № 623-ПП (МГСН 1.02-02), п. 4.2.4). Прочие проверенные отступы: наружная стена здания и сооружения — 4.0 м при норме 1.5 м; водопровод, дренаж — 6.0 м при норме 1.0 м; силовой кабель и кабель связи — 10.0 м при норме 0.7 м."
S-0598;кустарник;Калина обыкновенная;22.625;36.125;СП 42.13330.2016;"таблица 9.1; ППМ № 743-ПП, прил. 1, п. 3.6.3, табл. 3.6.1 (МГСН 1.01-99); ППМ № 623-ПП (МГСН 1.02-02), п. 4.2.4";Газопровод;1.0;2.0;"Посадка (кустарник) допустима. Определяющее ограничение — газопровод: требуется не менее 1.0 м, фактически 2.0 м (СП 42.13330.2016, таблица 9.1; ППМ № 743-ПП, прил. 1, п. 3.6.3, табл. 3.6.1 (МГСН 1.01-99); ППМ № 623-ПП (МГСН 1.02-02), п. 4.2.4). Прочие проверенные отступы: наружная стена здания и сооружения — 4.0 м при норме 1.5 м; водопровод, дренаж — 6.0 м при норме 1.0 м; силовой кабель и кабель связи — 10.0 м при норме 0.7 м."
S-0599;кустарник;Калина обыкновенная;24.625;36.125;СП 42.13330.2016;"таблица 9.1; ППМ № 743-ПП, прил. 1, п. 3.6.3, табл. 3.6.1 (МГСН 1.01-99); ППМ № 623-ПП (МГСН 1.02-02), п. 4.2.4";Газопровод;1.0;2.0;"Посадка (кустарник) допустима. Определяющее ограничение — газопровод: требуется не менее 1.0 м, фактически 2.0 м (СП 42.13330.2016, таблица 9.1; ППМ № 743-ПП, прил. 1, п. 3.6.3, табл. 3.6.1 (МГСН 1.01-99); ППМ № 623-ПП (МГСН 1.02-02), п. 4.2.4). Прочие проверенные отступы: наружная стена здания и сооружения — 4.0 м при норме 1.5 м; водопровод, дренаж — 6.0 м при норме 1.0 м; силовой кабель и кабель связи — 10.0 м при норме 0.7 м."
S-0600;кустарник;Калина обыкновенная;26.625;36.125;СП 42.13330.2016;"таблица 9.1; ППМ № 743-ПП, прил. 1, п. 3.6.3, табл. 3.6.1 (МГСН 1.01-99); ППМ № 623-ПП (МГСН 1.02-02), п. 4.2.4";Газопровод;1.0;2.0;"Посадка (кустарник) допустима. Определяющее ограничение — газопровод: требуется не менее 1.0 м, фактически 2.0 м (СП 42.13330.2016, таблица 9.1; ППМ № 743-ПП, прил. 1, п. 3.6.3, табл. 3.6.1 (МГСН 1.01-99); ППМ № 623-ПП (МГСН 1.02-02), п. 4.2.4). Прочие проверенные отступы: наружная стена здания и сооружения — 4.0 м при норме 1.5 м; водопровод, дренаж — 6.0 м при норме 1.0 м; силовой кабель и кабель связи — 10.0 м при норме 0.7 м."
S-0601;кустарник;Бузина красная;28.625;36.125;СП 42.13330.2016;"таблица 9.1; ППМ № 743-ПП, прил. 1, п. 3.6.3, табл. 3.6.1 (МГСН 1.01-99); ППМ № 623-ПП (МГСН 1.02-02), п. 4.2.4";Газопровод;1.0;2.0;"Посадка (кустарник) допустима. Определяющее ограничение — газопровод: требуется не менее 1.0 м, фактически 2.0 м (СП 42.13330.2016, таблица 9.1; ППМ № 743-ПП, прил. 1, п. 3.6.3, табл. 3.6.1 (МГСН 1.01-99); ППМ № 623-ПП (МГСН 1.02-02), п. 4.2.4). Прочие проверенные отступы: наружная стена здания и сооружения — 4.0 м при норме 1.5 м; водопровод, дренаж — 6.0 м при норме 1.0 м; силовой кабель и кабель связи — 10.0 м при норме 0.7 м."
S-0602;кустарник;Бузина красная;30.625;36.125;СП 42.13330.2016;"таблица 9.1; ППМ № 743-ПП, прил. 1, п. 3.6.3, табл. 3.6.1 (МГСН 1.01-99); ППМ № 623-ПП (МГСН 1.02-02), п. 4.2.4";Газопровод;1.0;2.0;"Посадка (кустарник) допустима. Определяющее ограничение — газопровод: требуется не менее 1.0 м, фактически 2.0 м (СП 42.13330.2016, таблица 9.1; ППМ № 743-ПП, прил. 1, п. 3.6.3, табл. 3.6.1 (МГСН 1.01-99); ППМ № 623-ПП (МГСН 1.02-02), п. 4.2.4). Прочие проверенные отступы: наружная стена здания и сооружения — 4.0 м при норме 1.5 м; водопровод, дренаж — 6.0 м при норме 1.0 м; силовой кабель и кабель связи — 10.0 м при норме 0.7 м."
S-0603;кустарник;Бузина красная;32.625;36.125;СП 42.13330.2016;"таблица 9.1; ППМ № 743-ПП, прил. 1, п. 3.6.3, табл. 3.6.1 (МГСН 1.01-99); ППМ № 623-ПП (МГСН 1.02-02), п. 4.2.4";Газопровод;1.0;2.0;"Посадка (кустарник) допустима. Определяющее ограничение — газопровод: требуется не менее 1.0 м, фактически 2.0 м (СП 42.13330.2016, таблица 9.1; ППМ № 743-ПП, прил. 1, п. 3.6.3, табл. 3.6.1 (МГСН 1.01-99); ППМ № 623-ПП (МГСН 1.02-02), п. 4.2.4). Прочие проверенные отступы: наружная стена здания и сооружения — 4.0 м при норме 1.5 м; водопровод, дренаж — 6.0 м при норме 1.0 м; силовой кабель и кабель связи — 10.0 м при норме 0.7 м."
S-0604;кустарник;Бузина красная;34.625;36.125;СП 42.13330.2016;"таблица 9.1; ППМ № 743-ПП, прил. 1, п. 3.6.3, табл. 3.6.1 (МГСН 1.01-99); ППМ № 623-ПП (МГСН 1.02-02), п. 4.2.4";Газопровод;1.0;2.0;"Посадка (кустарник) допустима. Определяющее ограничение — газопровод: требуется не менее 1.0 м, фактически 2.0 м (СП 42.13330.2016, таблица 9.1; ППМ № 743-ПП, прил. 1, п. 3.6.3, табл. 3.6.1 (МГСН 1.01-99); ППМ № 623-ПП (МГСН 1.02-02), п. 4.2.4). Прочие проверенные отступы: наружная стена здания и сооружения — 4.0 м при норме 1.5 м; водопровод, дренаж — 6.0 м при норме 1.0 м; силовой кабель и кабель связи — 10.0 м при норме 0.7 м."
S-0605;кустарник;Бузина красная;36.625;36.125;СП 42.13330.2016;"таблица 9.1; ППМ № 743-ПП, прил. 1, п. 3.6.3, табл. 3.6.1 (МГСН 1.01-99); ППМ № 623-ПП (МГСН 1.02-02), п. 4.2.4";Газопровод;1.0;2.0;"Посадка (кустарник) допустима. Определяющее ограничение — газопровод: требуется не менее 1.0 м, фактически 2.0 м (СП 42.13330.2016, таблица 9.1; ППМ № 743-ПП, прил. 1, п. 3.6.3, табл. 3.6.1 (МГСН 1.01-99); ППМ № 623-ПП (МГСН 1.02-02), п. 4.2.4). Прочие проверенные отступы: наружная стена здания и сооружения — 4.0 м при норме 1.5 м; водопровод, дренаж — 6.0 м при норме 1.0 м; силовой кабель и кабель связи — 10.0 м при норме 0.7 м."
S-0606;кустарник;Бузина красная;38.625;36.125;СП 42.13330.2016;"таблица 9.1; ППМ № 743-ПП, прил. 1, п. 3.6.3, табл. 3.6.1 (МГСН 1.01-99); ППМ № 623-ПП (МГСН 1.02-02), п. 4.2.4";Газопровод;1.0;2.0;"Посадка (кустарник) допустима. Определяющее ограничение — газопровод: требуется не менее 1.0 м, фактически 2.0 м (СП 42.13330.2016, таблица 9.1; ППМ № 743-ПП, прил. 1, п. 3.6.3, табл. 3.6.1 (МГСН 1.01-99); ППМ № 623-ПП (МГСН 1.02-02), п. 4.2.4). Прочие проверенные отступы: наружная стена здания и сооружения — 4.0 м при норме 1.5 м; водопровод, дренаж — 6.0 м при норме 1.0 м; силовой кабель и кабель связи — 10.0 м при норме 0.7 м."
S-0607;кустарник;Бузина красная;40.625;36.125;СП 42.13330.2016;"таблица 9.1; ППМ № 743-ПП, прил. 1, п. 3.6.3, табл. 3.6.1 (МГСН 1.01-99); ППМ № 623-ПП (МГСН 1.02-02), п. 4.2.4";Газопровод;1.0;2.0;"Посадка (кустарник) допустима. Определяющее ограничение — газопровод: требуется не менее 1.0 м, фактически 2.0 м (СП 42.13330.2016, таблица 9.1; ППМ № 743-ПП, прил. 1, п. 3.6.3, табл. 3.6.1 (МГСН 1.01-99); ППМ № 623-ПП (МГСН 1.02-02), п. 4.2.4). Прочие проверенные отступы: наружная стена здания и сооружения — 4.0 м при норме 1.5 м; водопровод, дренаж — 6.0 м при норме 1.0 м; силовой кабель и кабель связи — 10.0 м при норме 0.7 м."
S-0608;кустарник;Бузина красная;42.625;36.125;СП 42.13330.2016;"таблица 9.1; ППМ № 743-ПП, прил. 1, п. 3.6.3, табл. 3.6.1 (МГСН 1.01-99); ППМ № 623-ПП (МГСН 1.02-02), п. 4.2.4";Газопровод;1.0;2.0;"Посадка (кустарник) допустима. Определяющее ограничение — газопровод: требуется не менее 1.0 м, фактически 2.0 м (СП 42.13330.2016, таблица 9.1; ППМ № 743-ПП, прил. 1, п. 3.6.3, табл. 3.6.1 (МГСН 1.01-99); ППМ № 623-ПП (МГСН 1.02-02), п. 4.2.4). Прочие проверенные отступы: наружная стена здания и сооружения — 4.0 м при норме 1.5 м; водопровод, дренаж — 6.0 м при норме 1.0 м; силовой кабель и кабель связи — 10.0 м при норме 0.7 м."
S-0609;кустарник;Бузина красная;44.625;36.125;СП 42.13330.2016;"таблица 9.1; ППМ № 743-ПП, прил. 1, п. 3.6.3, табл. 3.6.1 (МГСН 1.01-99); ППМ № 623-ПП (МГСН 1.02-02), п. 4.2.4";Газопровод;1.0;2.0;"Посадка (кустарник) допустима. Определяющее ограничение — газопровод: требуется не менее 1.0 м, фактически 2.0 м (СП 42.13330.2016, таблица 9.1; ППМ № 743-ПП, прил. 1, п. 3.6.3, табл. 3.6.1 (МГСН 1.01-99); ППМ № 623-ПП (МГСН 1.02-02), п. 4.2.4). Прочие проверенные отступы: наружная стена здания и сооружения — 4.0 м при норме 1.5 м; водопровод, дренаж — 6.0 м при норме 1.0 м; силовой кабель и кабель связи — 10.0 м при норме 0.7 м."
S-0610;кустарник;Бузина красная;46.625;36.125;СП 42.13330.2016;"таблица 9.1; ППМ № 743-ПП, прил. 1, п. 3.6.3, табл. 3.6.1 (МГСН 1.01-99); ППМ № 623-ПП (МГСН 1.02-02), п. 4.2.4";Газопровод;1.0;2.0;"Посадка (кустарник) допустима. Определяющее ограничение — газопровод: требуется не менее 1.0 м, фактически 2.0 м (СП 42.13330.2016, таблица 9.1; ППМ № 743-ПП, прил. 1, п. 3.6.3, табл. 3.6.1 (МГСН 1.01-99); ППМ № 623-ПП (МГСН 1.02-02), п. 4.2.4). Прочие проверенные отступы: наружная стена здания и сооружения — 4.27 м при норме 1.5 м; водопровод, дренаж — 6.0 м при норме 1.0 м; существующее сохраняемое дерево (от ствола) — 8.56 м при норме 1.0 м."
S-0611;кустарник;Бузина красная;48.625;36.125;СП 42.13330.2016;"таблица 9.1; ППМ № 743-ПП, прил. 1, п. 3.6.3, табл. 3.6.1 (МГСН 1.01-99); ППМ № 623-ПП (МГСН 1.02-02), п. 4.2.4";Газопровод;1.0;2.0;"Посадка (кустарник) допустима. Определяющее ограничение — газопровод: требуется не менее 1.0 м, фактически 2.0 м (СП 42.13330.2016, таблица 9.1; ППМ № 743-ПП, прил. 1, п. 3.6.3, табл. 3.6.1 (МГСН 1.01-99); ППМ № 623-ПП (МГСН 1.02-02), п. 4.2.4). Прочие проверенные отступы: наружная стена здания и сооружения — 5.32 м при норме 1.5 м; водопровод, дренаж — 6.0 м при норме 1.0 м; существующее сохраняемое дерево (от ствола) — 6.58 м при норме 1.0 м."
S-0612;кустарник;Бузина красная;50.625;36.125;СП 42.13330.2016;"таблица 9.1; ППМ № 743-ПП, прил. 1, п. 3.6.3, табл. 3.6.1 (МГСН 1.01-99); ППМ № 623-ПП (МГСН 1.02-02), п. 4.2.4";Газопровод;1.0;2.0;"Посадка (кустарник) допустима. Определяющее ограничение — газопровод: требуется не менее 1.0 м, фактически 2.0 м (СП 42.13330.2016, таблица 9.1; ППМ № 743-ПП, прил. 1, п. 3.6.3, табл. 3.6.1 (МГСН 1.01-99); ППМ № 623-ПП (МГСН 1.02-02), п. 4.2.4). Прочие проверенные отступы: существующее сохраняемое дерево (от ствола) — 4.61 м при норме 1.0 м; водопровод, дренаж — 6.0 м при норме 1.0 м; наружная стена здания и сооружения — 6.8 м при норме 1.5 м."
S-0613;кустарник;Бузина красная;52.625;36.125;СП 42.13330.2016;"таблица 9.1; ППМ № 743-ПП, прил. 1, п. 3.6.3, табл. 3.6.1 (МГСН 1.01-99); ППМ № 623-ПП (МГСН 1.02-02), п. 4.2.4";Газопровод;1.0;2.0;"Посадка (кустарник) допустима. Определяющее ограничение — газопровод: требуется не менее 1.0 м, фактически 2.0 м (СП 42.13330.2016, таблица 9.1; ППМ № 743-ПП, прил. 1, п. 3.6.3, табл. 3.6.1 (МГСН 1.01-99); ППМ № 623-ПП (МГСН 1.02-02), п. 4.2.4). Прочие проверенные отступы: существующее сохраняемое дерево (от ствола) — 2.69 м при норме 1.0 м; водопровод, дренаж — 6.0 м при норме 1.0 м; наружная стена здания и сооружения — 8.5 м при норме 1.5 м."
S-0614;кустарник;Бузина красная;56.875;36.125;СП 42.13330.2016;"таблица 9.1; ППМ № 743-ПП, прил. 1, п. 3.6.3, табл. 3.6.1 (МГСН 1.01-99); ППМ № 623-ПП (МГСН 1.02-02), п. 4.2.4";Газопровод;1.0;2.0;"Посадка (кустарник) допустима. Определяющее ограничение — газопровод: требуется не менее 1.0 м, фактически 2.0 м (СП 42.13330.2016, таблица 9.1; ППМ № 743-ПП, прил. 1, п. 3.6.3, табл. 3.6.1 (МГСН 1.01-99); ППМ № 623-ПП (МГСН 1.02-02), п. 4.2.4). Прочие проверенные отступы: существующее сохраняемое дерево (от ствола) — 2.02 м при норме 1.0 м; водопровод, дренаж — 6.0 м при норме 1.0 м; силовой кабель и кабель связи — 10.0 м при норме 0.7 м."
S-0615;кустарник;Бузина красная;82.125;36.125;СП 42.13330.2016;"таблица 9.1; ППМ № 743-ПП, прил. 1, п. 3.6.3, табл. 3.6.1 (МГСН 1.01-99); ППМ № 623-ПП (МГСН 1.02-02), п. 4.2.4";Канализация;1.0;2.0;"Посадка (кустарник) допустима. Определяющее ограничение — канализация: требуется не менее 1.0 м, фактически 2.0 м (СП 42.13330.2016, таблица 9.1; ППМ № 743-ПП, прил. 1, п. 3.6.3, табл. 3.6.1 (МГСН 1.01-99); ППМ № 623-ПП (МГСН 1.02-02), п. 4.2.4). Прочие проверенные отступы: водопровод, дренаж — 6.0 м при норме 1.0 м; силовой кабель и кабель связи — 10.0 м при норме 0.7 м; край тротуара и садовой дорожки — 13.0 м при норме 0.5 м."
S-0616;кустарник;Бузина красная;54.375;36.875;Проектное допущение;смыкание крон, сохранение насаждений по ППМ № 743-ПП;Существующее сохраняемое дерево (от ствола);1.0;1.9;"Посадка (кустарник) допустима. Определяющее ограничение — существующее сохраняемое дерево (от ствола): требуется не менее 1.0 м, фактически 1.9 м (Проектное допущение, смыкание крон, сохранение насаждений по ППМ № 743-ПП). Прочие проверенные отступы: газопровод — 2.75 м при норме 1.0 м; водопровод, дренаж — 6.75 м при норме 1.0 м; наружная стена здания и сооружения — 9.8 м при норме 1.5 м."
S-0617;кустарник;Бузина красная;78.125;37.125;СП 42.13330.2016;"таблица 9.1; ППМ № 743-ПП, прил. 1, п. 3.6.3, табл. 3.6.1 (МГСН 1.01-99); ППМ № 623-ПП (МГСН 1.02-02), п. 4.2.4";Канализация;1.0;2.0;"Посадка (кустарник) допустима. Определяющее ограничение — канализация: требуется не менее 1.0 м, фактически 2.0 м (СП 42.13330.2016, таблица 9.1; ППМ № 743-ПП, прил. 1, п. 3.6.3, табл. 3.6.1 (МГСН 1.01-99); ППМ № 623-ПП (МГСН 1.02-02), п. 4.2.4). Прочие проверенные отступы: водопровод, дренаж — 7.0 м при норме 1.0 м; силовой кабель и кабель связи — 11.0 м при норме 0.7 м; край тротуара и садовой дорожки — 14.0 м при норме 0.5 м."
S-0618;кустарник;Бузина красная;5.625;37.625;СП 42.13330.2016;"таблица 9.1; ППМ № 743-ПП, прил. 1, п. 3.6.3, табл. 3.6.1 (МГСН 1.01-99); ППМ № 623-ПП (МГСН 1.02-02), п. 4.2.4";Газопровод;1.0;3.5;"Посадка (кустарник) допустима. Определяющее ограничение — газопровод: требуется не менее 1.0 м, фактически 3.5 м (СП 42.13330.2016, таблица 9.1; ППМ № 743-ПП, прил. 1, п. 3.6.3, табл. 3.6.1 (МГСН 1.01-99); ППМ № 623-ПП (МГСН 1.02-02), п. 4.2.4). Прочие проверенные отступы: наружная стена здания и сооружения — 5.15 м при норме 1.5 м; водопровод, дренаж — 7.5 м при норме 1.0 м; силовой кабель и кабель связи — 11.5 м при норме 0.7 м."
S-0619;кустарник;Бузина красная;7.625;37.625;СП 42.13330.2016;"таблица 9.1; ППМ № 743-ПП, прил. 1, п. 3.6.3, табл. 3.6.1 (МГСН 1.01-99); ППМ № 623-ПП (МГСН 1.02-02), п. 4.2.4";Наружная стена здания и сооружения;1.5;3.54;"Посадка (кустарник) допустима. Определяющее ограничение — наружная стена здания и сооружения: требуется не менее 1.5 м, фактически 3.54 м (СП 42.13330.2016, таблица 9.1; ППМ № 743-ПП, прил. 1, п. 3.6.3, табл. 3.6.1 (МГСН 1.01-99); ППМ № 623-ПП (МГСН 1.02-02), п. 4.2.4). Прочие проверенные отступы: газопровод — 3.5 м при норме 1.0 м; водопровод, дренаж — 7.5 м при норме 1.0 м; силовой кабель и кабель связи — 11.5 м при норме 0.7 м."
S-0620;кустарник;Бузина красная;9.625;37.625;СП 42.13330.2016;"таблица 9.1; ППМ № 743-ПП, прил. 1, п. 3.6.3, табл. 3.6.1 (МГСН 1.01-99); ППМ № 623-ПП (МГСН 1.02-02), п. 4.2.4";Наружная стена здания и сооружения;1.5;2.55;"Посадка (кустарник) допустима. Определяющее ограничение — наружная стена здания и сооружения: требуется не менее 1.5 м, фактически 2.55 м (СП 42.13330.2016, таблица 9.1; ППМ № 743-ПП, прил. 1, п. 3.6.3, табл. 3.6.1 (МГСН 1.01-99); ППМ № 623-ПП (МГСН 1.02-02), п. 4.2.4). Прочие проверенные отступы: газопровод — 3.5 м при норме 1.0 м; водопровод, дренаж — 7.5 м при норме 1.0 м; силовой кабель и кабель связи — 11.5 м при норме 0.7 м."
S-0621;кустарник;Бузина красная;11.625;37.625;СП 42.13330.2016;"таблица 9.1; ППМ № 743-ПП, прил. 1, п. 3.6.3, табл. 3.6.1 (МГСН 1.01-99); ППМ № 623-ПП (МГСН 1.02-02), п. 4.2.4";Наружная стена здания и сооружения;1.5;2.5;"Посадка (кустарник) допустима. Определяющее ограничение — наружная стена здания и сооружения: требуется не менее 1.5 м, фактически 2.5 м (СП 42.13330.2016, таблица 9.1; ППМ № 743-ПП, прил. 1, п. 3.6.3, табл. 3.6.1 (МГСН 1.01-99); ППМ № 623-ПП (МГСН 1.02-02), п. 4.2.4). Прочие проверенные отступы: газопровод — 3.5 м при норме 1.0 м; водопровод, дренаж — 7.5 м при норме 1.0 м; силовой кабель и кабель связи — 11.5 м при норме 0.7 м."
S-0622;кустарник;Бузина красная;13.625;37.625;СП 42.13330.2016;"таблица 9.1; ППМ № 743-ПП, прил. 1, п. 3.6.3, табл. 3.6.1 (МГСН 1.01-99); ППМ № 623-ПП (МГСН 1.02-02), п. 4.2.4";Наружная стена здания и сооружения;1.5;2.5;"Посадка (кустарник) допустима. Определяющее ограничение — наружная стена здания и сооружения: требуется не менее 1.5 м, фактически 2.5 м (СП 42.13330.2016, таблица 9.1; ППМ № 743-ПП, прил. 1, п. 3.6.3, табл. 3.6.1 (МГСН 1.01-99); ППМ № 623-ПП (МГСН 1.02-02), п. 4.2.4). Прочие проверенные отступы: газопровод — 3.5 м при норме 1.0 м; водопровод, дренаж — 7.5 м при норме 1.0 м; силовой кабель и кабель связи — 11.5 м при норме 0.7 м."
S-0623;кустарник;Бузина красная;15.625;37.625;СП 42.13330.2016;"таблица 9.1; ППМ № 743-ПП, прил. 1, п. 3.6.3, табл. 3.6.1 (МГСН 1.01-99); ППМ № 623-ПП (МГСН 1.02-02), п. 4.2.4";Наружная стена здания и сооружения;1.5;2.5;"Посадка (кустарник) допустима. Определяющее ограничение — наружная стена здания и сооружения: требуется не менее 1.5 м, фактически 2.5 м (СП 42.13330.2016, таблица 9.1; ППМ № 743-ПП, прил. 1, п. 3.6.3, табл. 3.6.1 (МГСН 1.01-99); ППМ № 623-ПП (МГСН 1.02-02), п. 4.2.4). Прочие проверенные отступы: газопровод — 3.5 м при норме 1.0 м; водопровод, дренаж — 7.5 м при норме 1.0 м; силовой кабель и кабель связи — 11.5 м при норме 0.7 м."
S-0624;кустарник;Бузина красная;17.625;37.625;СП 42.13330.2016;"таблица 9.1; ППМ № 743-ПП, прил. 1, п. 3.6.3, табл. 3.6.1 (МГСН 1.01-99); ППМ № 623-ПП (МГСН 1.02-02), п. 4.2.4";Наружная стена здания и сооружения;1.5;2.5;"Посадка (кустарник) допустима. Определяющее ограничение — наружная стена здания и сооружения: требуется не менее 1.5 м, фактически 2.5 м (СП 42.13330.2016, таблица 9.1; ППМ № 743-ПП, прил. 1, п. 3.6.3, табл. 3.6.1 (МГСН 1.01-99); ППМ № 623-ПП (МГСН 1.02-02), п. 4.2.4). Прочие проверенные отступы: газопровод — 3.5 м при норме 1.0 м; водопровод, дренаж — 7.5 м при норме 1.0 м; силовой кабель и кабель связи — 11.5 м при норме 0.7 м."
S-0625;кустарник;Бузина красная;19.625;37.625;СП 42.13330.2016;"таблица 9.1; ППМ № 743-ПП, прил. 1, п. 3.6.3, табл. 3.6.1 (МГСН 1.01-99); ППМ № 623-ПП (МГСН 1.02-02), п. 4.2.4";Наружная стена здания и сооружения;1.5;2.5;"Посадка (кустарник) допустима. Определяющее ограничение — наружная стена здания и сооружения: требуется не менее 1.5 м, фактически 2.5 м (СП 42.13330.2016, таблица 9.1; ППМ № 743-ПП, прил. 1, п. 3.6.3, табл. 3.6.1 (МГСН 1.01-99); ППМ № 623-ПП (МГСН 1.02-02), п. 4.2.4). Прочие проверенные отступы: газопровод — 3.5 м при норме 1.0 м; водопровод, дренаж — 7.5 м при норме 1.0 м; силовой кабель и кабель связи — 11.5 м при норме 0.7 м."
S-0626;кустарник;Бузина красная;21.625;37.625;СП 42.13330.2016;"таблица 9.1; ППМ № 743-ПП, прил. 1, п. 3.6.3, табл. 3.6.1 (МГСН 1.01-99); ППМ № 623-ПП (МГСН 1.02-02), п. 4.2.4";Наружная стена здания и сооружения;1.5;2.5;"Посадка (кустарник) допустима. Определяющее ограничение — наружная стена здания и сооружения: требуется не менее 1.5 м, фактически 2.5 м (СП 42.13330.2016, таблица 9.1; ППМ № 743-ПП, прил. 1, п. 3.6.3, табл. 3.6.1 (МГСН 1.01-99); ППМ № 623-ПП (МГСН 1.02-02), п. 4.2.4). Прочие проверенные отступы: газопровод — 3.5 м при норме 1.0 м; водопровод, дренаж — 7.5 м при норме 1.0 м; силовой кабель и кабель связи — 11.5 м при норме 0.7 м."
S-0627;кустарник;Бузина красная;23.625;37.625;СП 42.13330.2016;"таблица 9.1; ППМ № 743-ПП, прил. 1, п. 3.6.3, табл. 3.6.1 (МГСН 1.01-99); ППМ № 623-ПП (МГСН 1.02-02), п. 4.2.4";Наружная стена здания и сооружения;1.5;2.5;"Посадка (кустарник) допустима. Определяющее ограничение — наружная стена здания и сооружения: требуется не менее 1.5 м, фактически 2.5 м (СП 42.13330.2016, таблица 9.1; ППМ № 743-ПП, прил. 1, п. 3.6.3, табл. 3.6.1 (МГСН 1.01-99); ППМ № 623-ПП (МГСН 1.02-02), п. 4.2.4). Прочие проверенные отступы: газопровод — 3.5 м при норме 1.0 м; водопровод, дренаж — 7.5 м при норме 1.0 м; силовой кабель и кабель связи — 11.5 м при норме 0.7 м."
S-0628;кустарник;Бузина красная;25.625;37.625;СП 42.13330.2016;"таблица 9.1; ППМ № 743-ПП, прил. 1, п. 3.6.3, табл. 3.6.1 (МГСН 1.01-99); ППМ № 623-ПП (МГСН 1.02-02), п. 4.2.4";Наружная стена здания и сооружения;1.5;2.5;"Посадка (кустарник) допустима. Определяющее ограничение — наружная стена здания и сооружения: требуется не менее 1.5 м, фактически 2.5 м (СП 42.13330.2016, таблица 9.1; ППМ № 743-ПП, прил. 1, п. 3.6.3, табл. 3.6.1 (МГСН 1.01-99); ППМ № 623-ПП (МГСН 1.02-02), п. 4.2.4). Прочие проверенные отступы: газопровод — 3.5 м при норме 1.0 м; водопровод, дренаж — 7.5 м при норме 1.0 м; силовой кабель и кабель связи — 11.5 м при норме 0.7 м."
S-0629;кустарник;Бузина красная;27.625;37.625;СП 42.13330.2016;"таблица 9.1; ППМ № 743-ПП, прил. 1, п. 3.6.3, табл. 3.6.1 (МГСН 1.01-99); ППМ № 623-ПП (МГСН 1.02-02), п. 4.2.4";Наружная стена здания и сооружения;1.5;2.5;"Посадка (кустарник) допустима. Определяющее ограничение — наружная стена здания и сооружения: требуется не менее 1.5 м, фактически 2.5 м (СП 42.13330.2016, таблица 9.1; ППМ № 743-ПП, прил. 1, п. 3.6.3, табл. 3.6.1 (МГСН 1.01-99); ППМ № 623-ПП (МГСН 1.02-02), п. 4.2.4). Прочие проверенные отступы: газопровод — 3.5 м при норме 1.0 м; водопровод, дренаж — 7.5 м при норме 1.0 м; силовой кабель и кабель связи — 11.5 м при норме 0.7 м."
S-0630;кустарник;Бузина красная;29.625;37.625;СП 42.13330.2016;"таблица 9.1; ППМ № 743-ПП, прил. 1, п. 3.6.3, табл. 3.6.1 (МГСН 1.01-99); ППМ № 623-ПП (МГСН 1.02-02), п. 4.2.4";Наружная стена здания и сооружения;1.5;2.5;"Посадка (кустарник) допустима. Определяющее ограничение — наружная стена здания и сооружения: требуется не менее 1.5 м, фактически 2.5 м (СП 42.13330.2016, таблица 9.1; ППМ № 743-ПП, прил. 1, п. 3.6.3, табл. 3.6.1 (МГСН 1.01-99); ППМ № 623-ПП (МГСН 1.02-02), п. 4.2.4). Прочие проверенные отступы: газопровод — 3.5 м при норме 1.0 м; водопровод, дренаж — 7.5 м при норме 1.0 м; силовой кабель и кабель связи — 11.5 м при норме 0.7 м."
S-0631;кустарник;Бузина красная;31.625;37.625;СП 42.13330.2016;"таблица 9.1; ППМ № 743-ПП, прил. 1, п. 3.6.3, табл. 3.6.1 (МГСН 1.01-99); ППМ № 623-ПП (МГСН 1.02-02), п. 4.2.4";Наружная стена здания и сооружения;1.5;2.5;"Посадка (кустарник) допустима. Определяющее ограничение — наружная стена здания и сооружения: требуется не менее 1.5 м, фактически 2.5 м (СП 42.13330.2016, таблица 9.1; ППМ № 743-ПП, прил. 1, п. 3.6.3, табл. 3.6.1 (МГСН 1.01-99); ППМ № 623-ПП (МГСН 1.02-02), п. 4.2.4). Прочие проверенные отступы: газопровод — 3.5 м при норме 1.0 м; водопровод, дренаж — 7.5 м при норме 1.0 м; силовой кабель и кабель связи — 11.5 м при норме 0.7 м."
S-0632;кустарник;Бузина красная;33.625;37.625;СП 42.13330.2016;"таблица 9.1; ППМ № 743-ПП, прил. 1, п. 3.6.3, табл. 3.6.1 (МГСН 1.01-99); ППМ № 623-ПП (МГСН 1.02-02), п. 4.2.4";Наружная стена здания и сооружения;1.5;2.5;"Посадка (кустарник) допустима. Определяющее ограничение — наружная стена здания и сооружения: требуется не менее 1.5 м, фактически 2.5 м (СП 42.13330.2016, таблица 9.1; ППМ № 743-ПП, прил. 1, п. 3.6.3, табл. 3.6.1 (МГСН 1.01-99); ППМ № 623-ПП (МГСН 1.02-02), п. 4.2.4). Прочие проверенные отступы: газопровод — 3.5 м при норме 1.0 м; водопровод, дренаж — 7.5 м при норме 1.0 м; силовой кабель и кабель связи — 11.5 м при норме 0.7 м."
S-0633;кустарник;Бузина красная;35.625;37.625;СП 42.13330.2016;"таблица 9.1; ППМ № 743-ПП, прил. 1, п. 3.6.3, табл. 3.6.1 (МГСН 1.01-99); ППМ № 623-ПП (МГСН 1.02-02), п. 4.2.4";Наружная стена здания и сооружения;1.5;2.5;"Посадка (кустарник) допустима. Определяющее ограничение — наружная стена здания и сооружения: требуется не менее 1.5 м, фактически 2.5 м (СП 42.13330.2016, таблица 9.1; ППМ № 743-ПП, прил. 1, п. 3.6.3, табл. 3.6.1 (МГСН 1.01-99); ППМ № 623-ПП (МГСН 1.02-02), п. 4.2.4). Прочие проверенные отступы: газопровод — 3.5 м при норме 1.0 м; водопровод, дренаж — 7.5 м при норме 1.0 м; силовой кабель и кабель связи — 11.5 м при норме 0.7 м."
S-0634;кустарник;Бузина красная;37.625;37.625;СП 42.13330.2016;"таблица 9.1; ППМ № 743-ПП, прил. 1, п. 3.6.3, табл. 3.6.1 (МГСН 1.01-99); ППМ № 623-ПП (МГСН 1.02-02), п. 4.2.4";Наружная стена здания и сооружения;1.5;2.5;"Посадка (кустарник) допустима. Определяющее ограничение — наружная стена здания и сооружения: требуется не менее 1.5 м, фактически 2.5 м (СП 42.13330.2016, таблица 9.1; ППМ № 743-ПП, прил. 1, п. 3.6.3, табл. 3.6.1 (МГСН 1.01-99); ППМ № 623-ПП (МГСН 1.02-02), п. 4.2.4). Прочие проверенные отступы: газопровод — 3.5 м при норме 1.0 м; водопровод, дренаж — 7.5 м при норме 1.0 м; силовой кабель и кабель связи — 11.5 м при норме 0.7 м."
S-0635;кустарник;Бузина красная;39.625;37.625;СП 42.13330.2016;"таблица 9.1; ППМ № 743-ПП, прил. 1, п. 3.6.3, табл. 3.6.1 (МГСН 1.01-99); ППМ № 623-ПП (МГСН 1.02-02), п. 4.2.4";Наружная стена здания и сооружения;1.5;2.5;"Посадка (кустарник) допустима. Определяющее ограничение — наружная стена здания и сооружения: требуется не менее 1.5 м, фактически 2.5 м (СП 42.13330.2016, таблица 9.1; ППМ № 743-ПП, прил. 1, п. 3.6.3, табл. 3.6.1 (МГСН 1.01-99); ППМ № 623-ПП (МГСН 1.02-02), п. 4.2.4). Прочие проверенные отступы: газопровод — 3.5 м при норме 1.0 м; водопровод, дренаж — 7.5 м при норме 1.0 м; силовой кабель и кабель связи — 11.5 м при норме 0.7 м."
S-0636;кустарник;Бузина красная;41.625;37.625;СП 42.13330.2016;"таблица 9.1; ППМ № 743-ПП, прил. 1, п. 3.6.3, табл. 3.6.1 (МГСН 1.01-99); ППМ № 623-ПП (МГСН 1.02-02), п. 4.2.4";Наружная стена здания и сооружения;1.5;2.5;"Посадка (кустарник) допустима. Определяющее ограничение — наружная стена здания и сооружения: требуется не менее 1.5 м, фактически 2.5 м (СП 42.13330.2016, таблица 9.1; ППМ № 743-ПП, прил. 1, п. 3.6.3, табл. 3.6.1 (МГСН 1.01-99); ППМ № 623-ПП (МГСН 1.02-02), п. 4.2.4). Прочие проверенные отступы: газопровод — 3.5 м при норме 1.0 м; водопровод, дренаж — 7.5 м при норме 1.0 м; силовой кабель и кабель связи — 11.5 м при норме 0.7 м."
S-0637;кустарник;Бузина красная;43.625;37.625;СП 42.13330.2016;"таблица 9.1; ППМ № 743-ПП, прил. 1, п. 3.6.3, табл. 3.6.1 (МГСН 1.01-99); ППМ № 623-ПП (МГСН 1.02-02), п. 4.2.4";Наружная стена здания и сооружения;1.5;2.5;"Посадка (кустарник) допустима. Определяющее ограничение — наружная стена здания и сооружения: требуется не менее 1.5 м, фактически 2.5 м (СП 42.13330.2016, таблица 9.1; ППМ № 743-ПП, прил. 1, п. 3.6.3, табл. 3.6.1 (МГСН 1.01-99); ППМ № 623-ПП (МГСН 1.02-02), п. 4.2.4). Прочие проверенные отступы: газопровод — 3.5 м при норме 1.0 м; водопровод, дренаж — 7.5 м при норме 1.0 м; существующее сохраняемое дерево (от ствола) — 11.77 м при норме 1.0 м."
S-0638;кустарник;Бузина красная;45.625;37.625;СП 42.13330.2016;"таблица 9.1; ППМ № 743-ПП, прил. 1, п. 3.6.3, табл. 3.6.1 (МГСН 1.01-99); ППМ № 623-ПП (МГСН 1.02-02), п. 4.2.4";Наружная стена здания и сооружения;1.5;2.55;"Посадка (кустарник) допустима. Определяющее ограничение — наружная стена здания и сооружения: требуется не менее 1.5 м, фактически 2.55 м (СП 42.13330.2016, таблица 9.1; ППМ № 743-ПП, прил. 1, п. 3.6.3, табл. 3.6.1 (МГСН 1.01-99); ППМ № 623-ПП (МГСН 1.02-02), п. 4.2.4). Прочие проверенные отступы: газопровод — 3.5 м при норме 1.0 м; водопровод, дренаж — 7.5 м при норме 1.0 м; существующее сохраняемое дерево (от ствола) — 9.82 м при норме 1.0 м."
S-0639;кустарник;Бузина красная;47.625;37.625;СП 42.13330.2016;"таблица 9.1; ППМ № 743-ПП, прил. 1, п. 3.6.3, табл. 3.6.1 (МГСН 1.01-99); ППМ № 623-ПП (МГСН 1.02-02), п. 4.2.4";Наружная стена здания и сооружения;1.5;3.54;"Посадка (кустарник) допустима. Определяющее ограничение — наружная стена здания и сооружения: требуется не менее 1.5 м, фактически 3.54 м (СП 42.13330.2016, таблица 9.1; ППМ № 743-ПП, прил. 1, п. 3.6.3, табл. 3.6.1 (МГСН 1.01-99); ППМ № 623-ПП (МГСН 1.02-02), п. 4.2.4). Прочие проверенные отступы: газопровод — 3.5 м при норме 1.0 м; водопровод, дренаж — 7.5 м при норме 1.0 м; существующее сохраняемое дерево (от ствола) — 7.91 м при норме 1.0 м."
S-0640;кустарник;Бузина красная;49.625;37.625;СП 42.13330.2016;"таблица 9.1; ППМ № 743-ПП, прил. 1, п. 3.6.3, табл. 3.6.1 (МГСН 1.01-99); ППМ № 623-ПП (МГСН 1.02-02), п. 4.2.4";Газопровод;1.0;3.5;"Посадка (кустарник) допустима. Определяющее ограничение — газопровод: требуется не менее 1.0 м, фактически 3.5 м (СП 42.13330.2016, таблица 9.1; ППМ № 743-ПП, прил. 1, п. 3.6.3, табл. 3.6.1 (МГСН 1.01-99); ППМ № 623-ПП (МГСН 1.02-02), п. 4.2.4). Прочие проверенные отступы: наружная стена здания и сооружения — 5.15 м при норме 1.5 м; существующее сохраняемое дерево (от ствола) — 6.04 м при норме 1.0 м; водопровод, дренаж — 7.5 м при норме 1.0 м."
S-0641;кустарник;Гортензия метельчатая;51.625;37.625;СП 42.13330.2016;"таблица 9.1; ППМ № 743-ПП, прил. 1, п. 3.6.3, табл. 3.6.1 (МГСН 1.01-99); ППМ № 623-ПП (МГСН 1.02-02), п. 4.2.4";Газопровод;1.0;3.5;"Посадка (кустарник) допустима. Определяющее ограничение — газопровод: требуется не менее 1.0 м, фактически 3.5 м (СП 42.13330.2016, таблица 9.1; ППМ № 743-ПП, прил. 1, п. 3.6.3, табл. 3.6.1 (МГСН 1.01-99); ППМ № 623-ПП (МГСН 1.02-02), п. 4.2.4). Прочие проверенные отступы: существующее сохраняемое дерево (от ствола) — 4.3 м при норме 1.0 м; наружная стена здания и сооружения — 6.96 м при норме 1.5 м; водопровод, дренаж — 7.5 м при норме 1.0 м."
S-0642;кустарник;Гортензия метельчатая;57.875;37.625;СП 42.13330.2016;"таблица 9.1; ППМ № 743-ПП, прил. 1, п. 3.6.3, табл. 3.6.1 (МГСН 1.01-99); ППМ № 623-ПП (МГСН 1.02-02), п. 4.2.4";Газопровод;1.0;2.25;"Посадка (кустарник) допустима. Определяющее ограничение — газопровод: требуется не менее 1.0 м, фактически 2.25 м (СП 42.13330.2016, таблица 9.1; ППМ № 743-ПП, прил. 1, п. 3.6.3, табл. 3.6.1 (МГСН 1.01-99); ППМ № 623-ПП (МГСН 1.02-02), п. 4.2.4). Прочие проверенные отступы: существующее сохраняемое дерево (от ствола) — 3.72 м при норме 1.0 м; водопровод, дренаж — 7.5 м при норме 1.0 м; силовой кабель и кабель связи — 11.5 м при норме 0.7 м."
S-0643;кустарник;Гортензия метельчатая;55.875;37.875;Проектное допущение;смыкание крон, сохранение насаждений по ППМ № 743-ПП;Существующее сохраняемое дерево (от ствола);1.0;2.85;"Посадка (кустарник) допустима. Определяющее ограничение — существующее сохраняемое дерево (от ствола): требуется не менее 1.0 м, фактически 2.85 м (Проектное допущение, смыкание крон, сохранение насаждений по ППМ № 743-ПП). Прочие проверенные отступы: газопровод — 3.75 м при норме 1.0 м; водопровод, дренаж — 7.75 м при норме 1.0 м; наружная стена здания и сооружения — 10.98 м при норме 1.5 м."
S-0644;кустарник;Гортензия метельчатая;62.125;37.875;СП 42.13330.2016;"таблица 9.1; ППМ № 743-ПП, прил. 1, п. 3.6.3, табл. 3.6.1 (МГСН 1.01-99); ППМ № 623-ПП (МГСН 1.02-02), п. 4.2.4";Газопровод;1.0;2.0;"Посадка (кустарник) допустима. Определяющее ограничение — газопровод: требуется не менее 1.0 м, фактически 2.0 м (СП 42.13330.2016, таблица 9.1; ППМ № 743-ПП, прил. 1, п. 3.6.3, табл. 3.6.1 (МГСН 1.01-99); ППМ № 623-ПП (МГСН 1.02-02), п. 4.2.4). Прочие проверенные отступы: существующее сохраняемое дерево (от ствола) — 7.52 м при норме 1.0 м; водопровод, дренаж — 7.75 м при норме 1.0 м; силовой кабель и кабель связи — 11.75 м при норме 0.7 м."
S-0645;кустарник;Гортензия метельчатая;82.125;38.125;СП 42.13330.2016;"таблица 9.1; ППМ № 743-ПП, прил. 1, п. 3.6.3, табл. 3.6.1 (МГСН 1.01-99); ППМ № 623-ПП (МГСН 1.02-02), п. 4.2.4";Канализация;1.0;2.0;"Посадка (кустарник) допустима. Определяющее ограничение — канализация: требуется не менее 1.0 м, фактически 2.0 м (СП 42.13330.2016, таблица 9.1; ППМ № 743-ПП, прил. 1, п. 3.6.3, табл. 3.6.1 (МГСН 1.01-99); ППМ № 623-ПП (МГСН 1.02-02), п. 4.2.4). Прочие проверенные отступы: водопровод, дренаж — 8.0 м при норме 1.0 м; силовой кабель и кабель связи — 12.0 м при норме 0.7 м; существующее сохраняемое дерево (от ствола) — 14.76 м при норме 1.0 м."
S-0646;кустарник;Гортензия метельчатая;53.375;38.375;Проектное допущение;смыкание крон, сохранение насаждений по ППМ № 743-ПП;Существующее сохраняемое дерево (от ствола);1.0;3.69;"Посадка (кустарник) допустима. Определяющее ограничение — существующее сохраняемое дерево (от ствола): требуется не менее 1.0 м, фактически 3.69 м (Проектное допущение, смыкание крон, сохранение насаждений по ППМ № 743-ПП). Прочие проверенные отступы: газопровод — 4.25 м при норме 1.0 м; наружная стена здания и сооружения — 8.43 м при норме 1.5 м; водопровод, дренаж — 8.25 м при норме 1.0 м."
S-0647;кустарник;Гортензия метельчатая;6.625;39.125;СП 42.13330.2016;"таблица 9.1; ППМ № 743-ПП, прил. 1, п. 3.6.3, табл. 3.6.1 (МГСН 1.01-99); ППМ № 623-ПП (МГСН 1.02-02), п. 4.2.4";Наружная стена здания и сооружения;1.5;3.64;"Посадка (кустарник) допустима. Определяющее ограничение — наружная стена здания и сооружения: требуется не менее 1.5 м, фактически 3.64 м (СП 42.13330.2016, таблица 9.1; ППМ № 743-ПП, прил. 1, п. 3.6.3, табл. 3.6.1 (МГСН 1.01-99); ППМ № 623-ПП (МГСН 1.02-02), п. 4.2.4). Прочие проверенные отступы: газопровод — 5.0 м при норме 1.0 м; водопровод, дренаж — 9.0 м при норме 1.0 м; силовой кабель и кабель связи — 13.0 м при норме 0.7 м."
S-0648;кустарник;Гортензия метельчатая;48.625;39.125;СП 42.13330.2016;"таблица 9.1; ППМ № 743-ПП, прил. 1, п. 3.6.3, табл. 3.6.1 (МГСН 1.01-99); ППМ № 623-ПП (МГСН 1.02-02), п. 4.2.4";Наружная стена здания и сооружения;1.5;3.64;"Посадка (кустарник) допустима. Определяющее ограничение — наружная стена здания и сооружения: требуется не менее 1.5 м, фактически 3.64 м (СП 42.13330.2016, таблица 9.1; ППМ № 743-ПП, прил. 1, п. 3.6.3, табл. 3.6.1 (МГСН 1.01-99); ППМ № 623-ПП (МГСН 1.02-02), п. 4.2.4). Прочие проверенные отступы: газопровод — 5.0 м при норме 1.0 м; существующее сохраняемое дерево (от ствола) — 7.63 м при норме 1.0 м; водопровод, дренаж — 9.0 м при норме 1.0 м."
S-0649;кустарник;Гортензия метельчатая;78.125;39.125;СП 42.13330.2016;"таблица 9.1; ППМ № 743-ПП, прил. 1, п. 3.6.3, табл. 3.6.1 (МГСН 1.01-99); ППМ № 623-ПП (МГСН 1.02-02), п. 4.2.4";Канализация;1.0;2.0;"Посадка (кустарник) допустима. Определяющее ограничение — канализация: требуется не менее 1.0 м, фактически 2.0 м (СП 42.13330.2016, таблица 9.1; ППМ № 743-ПП, прил. 1, п. 3.6.3, табл. 3.6.1 (МГСН 1.01-99); ППМ № 623-ПП (МГСН 1.02-02), п. 4.2.4). Прочие проверенные отступы: водопровод, дренаж — 9.0 м при норме 1.0 м; силовой кабель и кабель связи — 13.0 м при норме 0.7 м; существующее сохраняемое дерево (от ствола) — 14.87 м при норме 1.0 м."
S-0650;кустарник;Гортензия метельчатая;54.875;39.375;Проектное допущение;смыкание крон, сохранение насаждений по ППМ № 743-ПП;Существующее сохраняемое дерево (от ствола);1.0;4.26;"Посадка (кустарник) допустима. Определяющее ограничение — существующее сохраняемое дерево (от ствола): требуется не менее 1.0 м, фактически 4.26 м (Проектное допущение, смыкание крон, сохранение насаждений по ППМ № 743-ПП). Прочие проверенные отступы: газопровод — 5.25 м при норме 1.0 м; водопровод, дренаж — 9.25 м при норме 1.0 м; наружная стена здания и сооружения — 9.78 м при норме 1.5 м."
S-0651;кустарник;Гортензия метельчатая;4.625;39.625;СП 42.13330.2016;"таблица 9.1; ППМ № 743-ПП, прил. 1, п. 3.6.3, табл. 3.6.1 (МГСН 1.01-99); ППМ № 623-ПП (МГСН 1.02-02), п. 4.2.4";Наружная стена здания и сооружения;1.5;5.52;"Посадка (кустарник) допустима. Определяющее ограничение — наружная стена здания и сооружения: требуется не менее 1.5 м, фактически 5.52 м (СП 42.13330.2016, таблица 9.1; ППМ № 743-ПП, прил. 1, п. 3.6.3, табл. 3.6.1 (МГСН 1.01-99); ППМ № 623-ПП (МГСН 1.02-02), п. 4.2.4). Прочие проверенные отступы: газопровод — 5.5 м при норме 1.0 м; водопровод, дренаж — 9.5 м при норме 1.0 м; силовой кабель и кабель связи — 13.5 м при норме 0.7 м."
S-0652;кустарник;Гортензия метельчатая;50.375;39.625;СП 42.13330.2016;"таблица 9.1; ППМ № 743-ПП, прил. 1, п. 3.6.3, табл. 3.6.1 (МГСН 1.01-99); ППМ № 623-ПП (МГСН 1.02-02), п. 4.2.4";Наружная стена здания и сооружения;1.5;5.27;"Посадка (кустарник) допустима. Определяющее ограничение — наружная стена здания и сооружения: требуется не менее 1.5 м, фактически 5.27 м (СП 42.13330.2016, таблица 9.1; ППМ № 743-ПП, прил. 1, п. 3.6.3, табл. 3.6.1 (МГСН 1.01-99); ППМ № 623-ПП (МГСН 1.02-02), п. 4.2.4). Прочие проверенные отступы: газопровод — 5.5 м при норме 1.0 м; существующее сохраняемое дерево (от ствола) — 6.54 м при норме 1.0 м; водопровод, дренаж — 9.5 м при норме 1.0 м."
S-0653;кустарник;Гортензия метельчатая;58.125;39.625;СП 42.13330.2016;"таблица 9.1; ППМ № 743-ПП, прил. 1, п. 3.6.3, табл. 3.6.1 (МГСН 1.01-99); ППМ № 623-ПП (МГСН 1.02-02), п. 4.2.4";Газопровод;1.0;2.0;"Посадка (кустарник) допустима. Определяющее ограничение — газопровод: требуется не менее 1.0 м, фактически 2.0 м (СП 42.13330.2016, таблица 9.1; ППМ № 743-ПП, прил. 1, п. 3.6.3, табл. 3.6.1 (МГСН 1.01-99); ППМ № 623-ПП (МГСН 1.02-02), п. 4.2.4). Прочие проверенные отступы: существующее сохраняемое дерево (от ствола) — 5.41 м при норме 1.0 м; водопровод, дренаж — 9.5 м при норме 1.0 м; наружная стена здания и сооружения — 13.01 м при норме 1.5 м."
S-0654;кустарник;Гортензия метельчатая;62.125;39.875;СП 42.13330.2016;"таблица 9.1; ППМ № 743-ПП, прил. 1, п. 3.6.3, табл. 3.6.1 (МГСН 1.01-99); ППМ № 623-ПП (МГСН 1.02-02), п. 4.2.4";Газопровод;1.0;2.0;"Посадка (кустарник) допустима. Определяющее ограничение — газопровод: требуется не менее 1.0 м, фактически 2.0 м (СП 42.13330.2016, таблица 9.1; ППМ № 743-ПП, прил. 1, п. 3.6.3, табл. 3.6.1 (МГСН 1.01-99); ППМ № 623-ПП (МГСН 1.02-02), п. 4.2.4). Прочие проверенные отступы: существующее сохраняемое дерево (от ствола) — 8.46 м при норме 1.0 м; водопровод, дренаж — 9.75 м при норме 1.0 м; силовой кабель и кабель связи — 13.75 м при норме 0.7 м."
S-0655;кустарник;Гортензия метельчатая;82.125;40.125;СП 42.13330.2016;"таблица 9.1; ППМ № 743-ПП, прил. 1, п. 3.6.3, табл. 3.6.1 (МГСН 1.01-99); ППМ № 623-ПП (МГСН 1.02-02), п. 4.2.4";Канализация;1.0;2.0;"Посадка (кустарник) допустима. Определяющее ограничение — канализация: требуется не менее 1.0 м, фактически 2.0 м (СП 42.13330.2016, таблица 9.1; ППМ № 743-ПП, прил. 1, п. 3.6.3, табл. 3.6.1 (МГСН 1.01-99); ППМ № 623-ПП (МГСН 1.02-02), п. 4.2.4). Прочие проверенные отступы: водопровод, дренаж — 10.0 м при норме 1.0 м; существующее сохраняемое дерево (от ствола) — 13.93 м при норме 1.0 м; силовой кабель и кабель связи — 14.0 м при норме 0.7 м."
S-0656;кустарник;Гортензия метельчатая;7.625;40.625;СП 42.13330.2016;"таблица 9.1; ППМ № 743-ПП, прил. 1, п. 3.6.3, табл. 3.6.1 (МГСН 1.01-99); ППМ № 623-ПП (МГСН 1.02-02), п. 4.2.4";Наружная стена здания и сооружения;1.5;2.5;"Посадка (кустарник) допустима. Определяющее ограничение — наружная стена здания и сооружения: требуется не менее 1.5 м, фактически 2.5 м (СП 42.13330.2016, таблица 9.1; ППМ № 743-ПП, прил. 1, п. 3.6.3, табл. 3.6.1 (МГСН 1.01-99); ППМ № 623-ПП (МГСН 1.02-02), п. 4.2.4). Прочие проверенные отступы: газопровод — 6.5 м при норме 1.0 м; водопровод, дренаж — 10.5 м при норме 1.0 м; силовой кабель и кабель связи — 14.5 м при норме 0.7 м."
S-0657;кустарник;Гортензия метельчатая;47.625;40.625;СП 42.13330.2016;"таблица 9.1; ППМ № 743-ПП, прил. 1, п. 3.6.3, табл. 3.6.1 (МГСН 1.01-99); ППМ № 623-ПП (МГСН 1.02-02), п. 4.2.4";Наружная стена здания и сооружения;1.5;2.5;"Посадка (кустарник) допустима. Определяющее ограничение — наружная стена здания и сооружения: требуется не менее 1.5 м, фактически 2.5 м (СП 42.13330.2016, таблица 9.1; ППМ № 743-ПП, прил. 1, п. 3.6.3, табл. 3.6.1 (МГСН 1.01-99); ППМ № 623-ПП (МГСН 1.02-02), п. 4.2.4). Прочие проверенные отступы: газопровод — 6.5 м при норме 1.0 м; существующее сохраняемое дерево (от ствола) — 9.3 м при норме 1.0 м; водопровод, дренаж — 10.5 м при норме 1.0 м."
S-0658;кустарник;Гортензия метельчатая;94.625;40.625;Проектное допущение;смыкание крон, сохранение насаждений по ППМ № 743-ПП;Существующее сохраняемое дерево (от ствола);1.0;4.53;"Посадка (кустарник) допустима. Определяющее ограничение — существующее сохраняемое дерево (от ствола): требуется не менее 1.0 м, фактически 4.53 м (Проектное допущение, смыкание крон, сохранение насаждений по ППМ № 743-ПП). Прочие проверенные отступы: водопровод, дренаж — 10.5 м при норме 1.0 м; канализация — 14.5 м при норме 1.0 м; силовой кабель и кабель связи — 14.5 м при норме 0.7 м."
S-0659;кустарник;Гортензия метельчатая;96.625;40.875;Проектное допущение;смыкание крон, сохранение насаждений по ППМ № 743-ПП;Существующее сохраняемое дерево (от ствола);1.0;4.51;"Посадка (кустарник) допустима. Определяющее ограничение — существующее сохраняемое дерево (от ствола): требуется не менее 1.0 м, фактически 4.51 м (Проектное допущение, смыкание крон, сохранение насаждений по ППМ № 743-ПП). Прочие проверенные отступы: водопровод, дренаж — 10.75 м при норме 1.0 м; силовой кабель и кабель связи — 14.75 м при норме 0.7 м; канализация — 16.5 м при норме 1.0 м."
S-0660;кустарник;Гортензия метельчатая;5.625;41.125;СП 42.13330.2016;"таблица 9.1; ППМ № 743-ПП, прил. 1, п. 3.6.3, табл. 3.6.1 (МГСН 1.01-99); ППМ № 623-ПП (МГСН 1.02-02), п. 4.2.4";Наружная стена здания и сооружения;1.5;4.5;"Посадка (кустарник) допустима. Определяющее ограничение — наружная стена здания и сооружения: требуется не менее 1.5 м, фактически 4.5 м (СП 42.13330.2016, таблица 9.1; ППМ № 743-ПП, прил. 1, п. 3.6.3, табл. 3.6.1 (МГСН 1.01-99); ППМ № 623-ПП (МГСН 1.02-02), п. 4.2.4). Прочие проверенные отступы: газопровод — 7.0 м при норме 1.0 м; водопровод, дренаж — 11.0 м при норме 1.0 м; силовой кабель и кабель связи — 15.0 м при норме 0.7 м."
S-0661;кустарник;Гортензия метельчатая;49.375;41.125;СП 42.13330.2016;"таблица 9.1; ППМ № 743-ПП, прил. 1, п. 3.6.3, табл. 3.6.1 (МГСН 1.01-99); ППМ № 623-ПП (МГСН 1.02-02), п. 4.2.4";Наружная стена здания и сооружения;1.5;4.25;"Посадка (кустарник) допустима. Определяющее ограничение — наружная стена здания и сооружения: требуется не менее 1.5 м, фактически 4.25 м (СП 42.13330.2016, таблица 9.1; ППМ № 743-ПП, прил. 1, п. 3.6.3, табл. 3.6.1 (МГСН 1.01-99); ППМ № 623-ПП (МГСН 1.02-02), п. 4.2.4). Прочие проверенные отступы: газопровод — 7.0 м при норме 1.0 м; существующее сохраняемое дерево (от ствола) — 8.31 м при норме 1.0 м; водопровод, дренаж — 11.0 м при норме 1.0 м."
S-0662;кустарник;Гортензия метельчатая;78.125;41.125;СП 42.13330.2016;"таблица 9.1; ППМ № 743-ПП, прил. 1, п. 3.6.3, табл. 3.6.1 (МГСН 1.01-99); ППМ № 623-ПП (МГСН 1.02-02), п. 4.2.4";Канализация;1.0;2.0;"Посадка (кустарник) допустима. Определяющее ограничение — канализация: требуется не менее 1.0 м, фактически 2.0 м (СП 42.13330.2016, таблица 9.1; ППМ № 743-ПП, прил. 1, п. 3.6.3, табл. 3.6.1 (МГСН 1.01-99); ППМ № 623-ПП (МГСН 1.02-02), п. 4.2.4). Прочие проверенные отступы: водопровод, дренаж — 11.0 м при норме 1.0 м; существующее сохраняемое дерево (от ствола) — 13.45 м при норме 1.0 м; силовой кабель и кабель связи — 15.0 м при норме 0.7 м."
S-0663;кустарник;Гортензия метельчатая;92.875;41.375;Проектное допущение;смыкание крон, сохранение насаждений по ППМ № 743-ПП;Существующее сохраняемое дерево (от ствола);1.0;4.37;"Посадка (кустарник) допустима. Определяющее ограничение — существующее сохраняемое дерево (от ствола): требуется не менее 1.0 м, фактически 4.37 м (Проектное допущение, смыкание крон, сохранение насаждений по ППМ № 743-ПП). Прочие проверенные отступы: водопровод, дренаж — 11.25 м при норме 1.0 м; канализация — 12.75 м при норме 1.0 м; силовой кабель и кабель связи — 15.25 м при норме 0.7 м."
S-0664;кустарник;Гортензия метельчатая;58.125;41.625;СП 42.13330.2016;"таблица 9.1; ППМ № 743-ПП, прил. 1, п. 3.6.3, табл. 3.6.1 (МГСН 1.01-99); ППМ № 623-ПП (МГСН 1.02-02), п. 4.2.4";Газопровод;1.0;2.0;"Посадка (кустарник) допустима. Определяющее ограничение — газопровод: требуется не менее 1.0 м, фактически 2.0 м (СП 42.13330.2016, таблица 9.1; ППМ № 743-ПП, прил. 1, п. 3.6.3, табл. 3.6.1 (МГСН 1.01-99); ППМ № 623-ПП (МГСН 1.02-02), п. 4.2.4). Прочие проверенные отступы: существующее сохраняемое дерево (от ствола) — 7.16 м при норме 1.0 м; водопровод, дренаж — 11.5 м при норме 1.0 м; наружная стена здания и сооружения — 13.0 м при норме 1.5 м."
S-0665;кустарник;Гортензия метельчатая;62.125;41.875;СП 42.13330.2016;"таблица 9.1; ППМ № 743-ПП, прил. 1, п. 3.6.3, табл. 3.6.1 (МГСН 1.01-99); ППМ № 623-ПП (МГСН 1.02-02), п. 4.2.4";Газопровод;1.0;2.0;"Посадка (кустарник) допустима. Определяющее ограничение — газопровод: требуется не менее 1.0 м, фактически 2.0 м (СП 42.13330.2016, таблица 9.1; ППМ № 743-ПП, прил. 1, п. 3.6.3, табл. 3.6.1 (МГСН 1.01-99); ППМ № 623-ПП (МГСН 1.02-02), п. 4.2.4). Прочие проверенные отступы: существующее сохраняемое дерево (от ствола) — 9.72 м при норме 1.0 м; водопровод, дренаж — 11.75 м при норме 1.0 м; силовой кабель и кабель связи — 15.75 м при норме 0.7 м."
S-0666;кустарник;Гортензия метельчатая;98.125;41.875;Проектное допущение;смыкание крон, сохранение насаждений по ППМ № 743-ПП;Существующее сохраняемое дерево (от ствола);1.0;4.42;"Посадка (кустарник) допустима. Определяющее ограничение — существующее сохраняемое дерево (от ствола): требуется не менее 1.0 м, фактически 4.42 м (Проектное допущение, смыкание крон, сохранение насаждений по ППМ № 743-ПП). Прочие проверенные отступы: водопровод, дренаж — 11.75 м при норме 1.0 м; силовой кабель и кабель связи — 15.75 м при норме 0.7 м; канализация — 18.0 м при норме 1.0 м."
S-0667;кустарник;Гортензия метельчатая;82.125;42.125;СП 42.13330.2016;"таблица 9.1; ППМ № 743-ПП, прил. 1, п. 3.6.3, табл. 3.6.1 (МГСН 1.01-99); ППМ № 623-ПП (МГСН 1.02-02), п. 4.2.4";Канализация;1.0;2.0;"Посадка (кустарник) допустима. Определяющее ограничение — канализация: требуется не менее 1.0 м, фактически 2.0 м (СП 42.13330.2016, таблица 9.1; ППМ № 743-ПП, прил. 1, п. 3.6.3, табл. 3.6.1 (МГСН 1.01-99); ППМ № 623-ПП (МГСН 1.02-02), п. 4.2.4). Прочие проверенные отступы: водопровод, дренаж — 12.0 м при норме 1.0 м; существующее сохраняемое дерево (от ствола) — 13.34 м при норме 1.0 м; силовой кабель и кабель связи — 16.0 м при норме 0.7 м."
S-0668;кустарник;Гортензия метельчатая;7.125;42.375;СП 42.13330.2016;"таблица 9.1; ППМ № 743-ПП, прил. 1, п. 3.6.3, табл. 3.6.1 (МГСН 1.01-99); ППМ № 623-ПП (МГСН 1.02-02), п. 4.2.4";Наружная стена здания и сооружения;1.5;3.0;"Посадка (кустарник) допустима. Определяющее ограничение — наружная стена здания и сооружения: требуется не менее 1.5 м, фактически 3.0 м (СП 42.13330.2016, таблица 9.1; ППМ № 743-ПП, прил. 1, п. 3.6.3, табл. 3.6.1 (МГСН 1.01-99); ППМ № 623-ПП (МГСН 1.02-02), п. 4.2.4). Прочие проверенные отступы: газопровод — 8.25 м при норме 1.0 м; водопровод, дренаж — 12.25 м при норме 1.0 м; силовой кабель и кабель связи — 16.25 м при норме 0.7 м."
S-0669;кустарник;Гортензия метельчатая;95.125;42.375;Проектное допущение;смыкание крон, сохранение насаждений по ППМ № 743-ПП;Существующее сохраняемое дерево (от ствола);1.0;2.75;"Посадка (кустарник) допустима. Определяющее ограничение — существующее сохраняемое дерево (от ствола): требуется не менее 1.0 м, фактически 2.75 м (Проектное допущение, смыкание крон, сохранение насаждений по ППМ № 743-ПП). Прочие проверенные отступы: водопровод, дренаж — 12.25 м при норме 1.0 м; канализация — 15.0 м при норме 1.0 м; силовой кабель и кабель связи — 16.25 м при норме 0.7 м."
S-0670;кустарник;Гортензия метельчатая;4.625;42.625;СП 42.13330.2016;"таблица 9.1; ППМ № 743-ПП, прил. 1, п. 3.6.3, табл. 3.6.1 (МГСН 1.01-99); ППМ № 623-ПП (МГСН 1.02-02), п. 4.2.4";Наружная стена здания и сооружения;1.5;5.5;"Посадка (кустарник) допустима. Определяющее ограничение — наружная стена здания и сооружения: требуется не менее 1.5 м, фактически 5.5 м (СП 42.13330.2016, таблица 9.1; ППМ № 743-ПП, прил. 1, п. 3.6.3, табл. 3.6.1 (МГСН 1.01-99); ППМ № 623-ПП (МГСН 1.02-02), п. 4.2.4). Прочие проверенные отступы: газопровод — 8.5 м при норме 1.0 м; водопровод, дренаж — 12.5 м при норме 1.0 м; силовой кабель и кабель связи — 16.5 м при норме 0.7 м."
S-0671;кустарник;Гортензия метельчатая;47.625;42.625;СП 42.13330.2016;"таблица 9.1; ППМ № 743-ПП, прил. 1, п. 3.6.3, табл. 3.6.1 (МГСН 1.01-99); ППМ № 623-ПП (МГСН 1.02-02), п. 4.2.4";Наружная стена здания и сооружения;1.5;2.5;"Посадка (кустарник) допустима. Определяющее ограничение — наружная стена здания и сооружения: требуется не менее 1.5 м, фактически 2.5 м (СП 42.13330.2016, таблица 9.1; ППМ № 743-ПП, прил. 1, п. 3.6.3, табл. 3.6.1 (МГСН 1.01-99); ППМ № 623-ПП (МГСН 1.02-02), п. 4.2.4). Прочие проверенные отступы: газопровод — 8.5 м при норме 1.0 м; существующее сохраняемое дерево (от ствола) — 10.61 м при норме 1.0 м; водопровод, дренаж — 12.5 м при норме 1.0 м."
S-0672;кустарник;Гортензия метельчатая;50.375;42.625;СП 42.13330.2016;"таблица 9.1; ППМ № 743-ПП, прил. 1, п. 3.6.3, табл. 3.6.1 (МГСН 1.01-99); ППМ № 623-ПП (МГСН 1.02-02), п. 4.2.4";Наружная стена здания и сооружения;1.5;5.25;"Посадка (кустарник) допустима. Определяющее ограничение — наружная стена здания и сооружения: требуется не менее 1.5 м, фактически 5.25 м (СП 42.13330.2016, таблица 9.1; ППМ № 743-ПП, прил. 1, п. 3.6.3, табл. 3.6.1 (МГСН 1.01-99); ППМ № 623-ПП (МГСН 1.02-02), п. 4.2.4). Прочие проверенные отступы: газопровод — 8.5 м при норме 1.0 м; существующее сохраняемое дерево (от ствола) — 8.88 м при норме 1.0 м; водопровод, дренаж — 12.5 м при норме 1.0 м."
S-0673;кустарник;Гортензия метельчатая;91.375;42.875;Проектное допущение;смыкание крон, сохранение насаждений по ППМ № 743-ПП;Существующее сохраняемое дерево (от ствола);1.0;4.37;"Посадка (кустарник) допустима. Определяющее ограничение — существующее сохраняемое дерево (от ствола): требуется не менее 1.0 м, фактически 4.37 м (Проектное допущение, смыкание крон, сохранение насаждений по ППМ № 743-ПП). Прочие проверенные отступы: канализация — 11.25 м при норме 1.0 м; водопровод, дренаж — 12.75 м при норме 1.0 м; силовой кабель и кабель связи — 16.75 м при норме 0.7 м."
S-0674;кустарник;Гортензия метельчатая;78.125;43.125;СП 42.13330.2016;"таблица 9.1; ППМ № 743-ПП, прил. 1, п. 3.6.3, табл. 3.6.1 (МГСН 1.01-99); ППМ № 623-ПП (МГСН 1.02-02), п. 4.2.4";Канализация;1.0;2.0;"Посадка (кустарник) допустима. Определяющее ограничение — канализация: требуется не менее 1.0 м, фактически 2.0 м (СП 42.13330.2016, таблица 9.1; ППМ № 743-ПП, прил. 1, п. 3.6.3, табл. 3.6.1 (МГСН 1.01-99); ППМ № 623-ПП (МГСН 1.02-02), п. 4.2.4). Прочие проверенные отступы: существующее сохраняемое дерево (от ствола) — 12.21 м при норме 1.0 м; водопровод, дренаж — 13.0 м при норме 1.0 м; силовой кабель и кабель связи — 17.0 м при норме 0.7 м."
S-0675;кустарник;Гортензия метельчатая;93.375;43.125;Проектное допущение;смыкание крон, сохранение насаждений по ППМ № 743-ПП;Существующее сохраняемое дерево (от ствола);1.0;2.66;"Посадка (кустарник) допустима. Определяющее ограничение — существующее сохраняемое дерево (от ствола): требуется не менее 1.0 м, фактически 2.66 м (Проектное допущение, смыкание крон, сохранение насаждений по ППМ № 743-ПП). Прочие проверенные отступы: водопровод, дренаж — 13.0 м при норме 1.0 м; канализация — 13.25 м при норме 1.0 м; силовой кабель и кабель связи — 17.0 м при норме 0.7 м."
S-0676;кустарник;Гортензия метельчатая;96.625;43.375;Проектное допущение;смыкание крон, сохранение насаждений по ППМ № 743-ПП;Существующее сохраняемое дерево (от ствола);1.0;2.3;"Посадка (кустарник) допустима. Определяющее ограничение — существующее сохраняемое дерево (от ствола): требуется не менее 1.0 м, фактически 2.3 м (Проектное допущение, смыкание крон, сохранение насаждений по ППМ № 743-ПП). Прочие проверенные отступы: водопровод, дренаж — 13.25 м при норме 1.0 м; канализация — 16.5 м при норме 1.0 м; силовой кабель и кабель связи — 17.25 м при норме 0.7 м."
S-0677;кустарник;Гортензия метельчатая;99.125;43.375;Проектное допущение;смыкание крон, сохранение насаждений по ППМ № 743-ПП;Существующее сохраняемое дерево (от ствола);1.0;4.37;"Посадка (кустарник) допустима. Определяющее ограничение — существующее сохраняемое дерево (от ствола): требуется не менее 1.0 м, фактически 4.37 м (Проектное допущение, смыкание крон, сохранение насаждений по ППМ № 743-ПП). Прочие проверенные отступы: водопровод, дренаж — 13.25 м при норме 1.0 м; силовой кабель и кабель связи — 17.25 м при норме 0.7 м; канализация — 19.0 м при норме 1.0 м."
S-0678;кустарник;Гортензия метельчатая;58.125;43.625;СП 42.13330.2016;"таблица 9.1; ППМ № 743-ПП, прил. 1, п. 3.6.3, табл. 3.6.1 (МГСН 1.01-99); ППМ № 623-ПП (МГСН 1.02-02), п. 4.2.4";Газопровод;1.0;2.0;"Посадка (кустарник) допустима. Определяющее ограничение — газопровод: требуется не менее 1.0 м, фактически 2.0 м (СП 42.13330.2016, таблица 9.1; ППМ № 743-ПП, прил. 1, п. 3.6.3, табл. 3.6.1 (МГСН 1.01-99); ППМ № 623-ПП (МГСН 1.02-02), п. 4.2.4). Прочие проверенные отступы: существующее сохраняемое дерево (от ствола) — 9.01 м при норме 1.0 м; наружная стена здания и сооружения — 13.0 м при норме 1.5 м; водопровод, дренаж — 13.5 м при норме 1.0 м."
S-0679;кустарник;Гортензия метельчатая;6.125;43.875;СП 42.13330.2016;"таблица 9.1; ППМ № 743-ПП, прил. 1, п. 3.6.3, табл. 3.6.1 (МГСН 1.01-99); ППМ № 623-ПП (МГСН 1.02-02), п. 4.2.4";Наружная стена здания и сооружения;1.5;4.0;"Посадка (кустарник) допустима. Определяющее ограничение — наружная стена здания и сооружения: требуется не менее 1.5 м, фактически 4.0 м (СП 42.13330.2016, таблица 9.1; ППМ № 743-ПП, прил. 1, п. 3.6.3, табл. 3.6.1 (МГСН 1.01-99); ППМ № 623-ПП (МГСН 1.02-02), п. 4.2.4). Прочие проверенные отступы: газопровод — 9.75 м при норме 1.0 м; водопровод, дренаж — 13.75 м при норме 1.0 м; силовой кабель и кабель связи — 17.75 м при норме 0.7 м."
S-0680;кустарник;Гортензия метельчатая;62.125;43.875;СП 42.13330.2016;"таблица 9.1; ППМ № 743-ПП, прил. 1, п. 3.6.3, табл. 3.6.1 (МГСН 1.01-99); ППМ № 623-ПП (МГСН 1.02-02), п. 4.2.4";Газопровод;1.0;2.0;"Посадка (кустарник) допустима. Определяющее ограничение — газопровод: требуется не менее 1.0 м, фактически 2.0 м (СП 42.13330.2016, таблица 9.1; ППМ № 743-ПП, прил. 1, п. 3.6.3, табл. 3.6.1 (МГСН 1.01-99); ППМ № 623-ПП (МГСН 1.02-02), п. 4.2.4). Прочие проверенные отступы: существующее сохраняемое дерево (от ствола) — 8.66 м при норме 1.0 м; водопровод, дренаж — 13.75 м при норме 1.0 м; наружная стена здания и сооружения — 17.0 м при норме 1.5 м."
S-0681;кустарник;Чубушник венечный;48.625;44.125;СП 42.13330.2016;"таблица 9.1; ППМ № 743-ПП, прил. 1, п. 3.6.3, табл. 3.6.1 (МГСН 1.01-99); ППМ № 623-ПП (МГСН 1.02-02), п. 4.2.4";Наружная стена здания и сооружения;1.5;3.5;"Посадка (кустарник) допустима. Определяющее ограничение — наружная стена здания и сооружения: требуется не менее 1.5 м, фактически 3.5 м (СП 42.13330.2016, таблица 9.1; ППМ № 743-ПП, прил. 1, п. 3.6.3, табл. 3.6.1 (МГСН 1.01-99); ППМ № 623-ПП (МГСН 1.02-02), п. 4.2.4). Прочие проверенные отступы: газопровод — 10.0 м при норме 1.0 м; существующее сохраняемое дерево (от ствола) — 11.1 м при норме 1.0 м; водопровод, дренаж — 14.0 м при норме 1.0 м."
S-0682;кустарник;Чубушник венечный;82.125;44.125;СП 42.13330.2016;"таблица 9.1; ППМ № 743-ПП, прил. 1, п. 3.6.3, табл. 3.6.1 (МГСН 1.01-99); ППМ № 623-ПП (МГСН 1.02-02), п. 4.2.4";Канализация;1.0;2.0;"Посадка (кустарник) допустима. Определяющее ограничение — канализация: требуется не менее 1.0 м, фактически 2.0 м (СП 42.13330.2016, таблица 9.1; ППМ № 743-ПП, прил. 1, п. 3.6.3, табл. 3.6.1 (МГСН 1.01-99); ППМ № 623-ПП (МГСН 1.02-02), п. 4.2.4). Прочие проверенные отступы: существующее сохраняемое дерево (от ствола) — 13.04 м при норме 1.0 м; водопровод, дренаж — 14.0 м при норме 1.0 м; силовой кабель и кабель связи — 18.0 м при норме 0.7 м."
S-0683;кустарник;Чубушник венечный;50.375;44.625;СП 42.13330.2016;"таблица 9.1; ППМ № 743-ПП, прил. 1, п. 3.6.3, табл. 3.6.1 (МГСН 1.01-99); ППМ № 623-ПП (МГСН 1.02-02), п. 4.2.4";Наружная стена здания и сооружения;1.5;5.25;"Посадка (кустарник) допустима. Определяющее ограничение — наружная стена здания и сооружения: требуется не менее 1.5 м, фактически 5.25 м (СП 42.13330.2016, таблица 9.1; ППМ № 743-ПП, прил. 1, п. 3.6.3, табл. 3.6.1 (МГСН 1.01-99); ППМ № 623-ПП (МГСН 1.02-02), п. 4.2.4). Прочие проверенные отступы: газопровод — 9.75 м при норме 1.0 м; существующее сохраняемое дерево (от ствола) — 10.62 м при норме 1.0 м; водопровод, дренаж — 14.5 м при норме 1.0 м."
S-0684;кустарник;Чубушник венечный;90.625;44.625;Проектное допущение;смыкание крон, сохранение насаждений по ППМ № 743-ПП;Существующее сохраняемое дерево (от ствола);1.0;4.53;"Посадка (кустарник) допустима. Определяющее ограничение — существующее сохраняемое дерево (от ствола): требуется не менее 1.0 м, фактически 4.53 м (Проектное допущение, смыкание крон, сохранение насаждений по ППМ № 743-ПП). Прочие проверенные отступы: канализация — 10.5 м при норме 1.0 м; водопровод, дренаж — 14.5 м при норме 1.0 м; силовой кабель и кабель связи — 18.5 м при норме 0.7 м."
S-0685;кустарник;Чубушник венечный;4.625;44.875;СП 42.13330.2016;"таблица 9.1; ППМ № 743-ПП, прил. 1, п. 3.6.3, табл. 3.6.1 (МГСН 1.01-99); ППМ № 623-ПП (МГСН 1.02-02), п. 4.2.4";Наружная стена здания и сооружения;1.5;5.5;"Посадка (кустарник) допустима. Определяющее ограничение — наружная стена здания и сооружения: требуется не менее 1.5 м, фактически 5.5 м (СП 42.13330.2016, таблица 9.1; ППМ № 743-ПП, прил. 1, п. 3.6.3, табл. 3.6.1 (МГСН 1.01-99); ППМ № 623-ПП (МГСН 1.02-02), п. 4.2.4). Прочие проверенные отступы: газопровод — 10.75 м при норме 1.0 м; водопровод, дренаж — 14.75 м при норме 1.0 м; силовой кабель и кабель связи — 18.75 м при норме 0.7 м."
S-0686;кустарник;Чубушник венечный;7.625;44.875;СП 42.13330.2016;"таблица 9.1; ППМ № 743-ПП, прил. 1, п. 3.6.3, табл. 3.6.1 (МГСН 1.01-99); ППМ № 623-ПП (МГСН 1.02-02), п. 4.2.4";Наружная стена здания и сооружения;1.5;2.5;"Посадка (кустарник) допустима. Определяющее ограничение — наружная стена здания и сооружения: требуется не менее 1.5 м, фактически 2.5 м (СП 42.13330.2016, таблица 9.1; ППМ № 743-ПП, прил. 1, п. 3.6.3, табл. 3.6.1 (МГСН 1.01-99); ППМ № 623-ПП (МГСН 1.02-02), п. 4.2.4). Прочие проверенные отступы: газопровод — 10.75 м при норме 1.0 м; водопровод, дренаж — 14.75 м при норме 1.0 м; силовой кабель и кабель связи — 18.75 м при норме 0.7 м."
S-0687;кустарник;Чубушник венечный;92.625;44.875;Проектное допущение;смыкание крон, сохранение насаждений по ППМ № 743-ПП;Существующее сохраняемое дерево (от ствола);1.0;2.51;"Посадка (кустарник) допустима. Определяющее ограничение — существующее сохраняемое дерево (от ствола): требуется не менее 1.0 м, фактически 2.51 м (Проектное допущение, смыкание крон, сохранение насаждений по ППМ № 743-ПП). Прочие проверенные отступы: канализация — 12.5 м при норме 1.0 м; водопровод, дренаж — 14.75 м при норме 1.0 м; силовой кабель и кабель связи — 18.75 м при норме 0.7 м."
S-0688;кустарник;Чубушник венечный;97.625;44.875;Проектное допущение;смыкание крон, сохранение насаждений по ППМ № 743-ПП;Существующее сохраняемое дерево (от ствола);1.0;2.51;"Посадка (кустарник) допустима. Определяющее ограничение — существующее сохраняемое дерево (от ствола): требуется не менее 1.0 м, фактически 2.51 м (Проектное допущение, смыкание крон, сохранение насаждений по ППМ № 743-ПП). Прочие проверенные отступы: водопровод, дренаж — 14.75 м при норме 1.0 м; канализация — 17.5 м при норме 1.0 м; силовой кабель и кабель связи — 18.75 м при норме 0.7 м."
S-0689;кустарник;Чубушник венечный;78.125;45.125;СП 42.13330.2016;"таблица 9.1; ППМ № 743-ПП, прил. 1, п. 3.6.3, табл. 3.6.1 (МГСН 1.01-99); ППМ № 623-ПП (МГСН 1.02-02), п. 4.2.4";Канализация;1.0;2.0;"Посадка (кустарник) допустима. Определяющее ограничение — канализация: требуется не менее 1.0 м, фактически 2.0 м (СП 42.13330.2016, таблица 9.1; ППМ № 743-ПП, прил. 1, п. 3.6.3, табл. 3.6.1 (МГСН 1.01-99); ППМ № 623-ПП (МГСН 1.02-02), п. 4.2.4). Прочие проверенные отступы: существующее сохраняемое дерево (от ствола) — 11.18 м при норме 1.0 м; водопровод, дренаж — 15.0 м при норме 1.0 м; газопровод — 18.0 м при норме 1.0 м."
S-0690;кустарник;Чубушник венечный;99.625;45.125;Проектное допущение;смыкание крон, сохранение насаждений по ППМ № 743-ПП;Существующее сохраняемое дерево (от ствола);1.0;4.5;"Посадка (кустарник) допустима. Определяющее ограничение — существующее сохраняемое дерево (от ствола): требуется не менее 1.0 м, фактически 4.5 м (Проектное допущение, смыкание крон, сохранение насаждений по ППМ № 743-ПП). Прочие проверенные отступы: водопровод, дренаж — 15.0 м при норме 1.0 м; силовой кабель и кабель связи — 19.0 м при норме 0.7 м; канализация — 19.5 м при норме 1.0 м."
S-0691;кустарник;Чубушник венечный;47.625;45.625;СП 42.13330.2016;"таблица 9.1; ППМ № 743-ПП, прил. 1, п. 3.6.3, табл. 3.6.1 (МГСН 1.01-99); ППМ № 623-ПП (МГСН 1.02-02), п. 4.2.4";Наружная стена здания и сооружения;1.5;2.5;"Посадка (кустарник) допустима. Определяющее ограничение — наружная стена здания и сооружения: требуется не менее 1.5 м, фактически 2.5 м (СП 42.13330.2016, таблица 9.1; ППМ № 743-ПП, прил. 1, п. 3.6.3, табл. 3.6.1 (МГСН 1.01-99); ППМ № 623-ПП (МГСН 1.02-02), п. 4.2.4). Прочие проверенные отступы: газопровод — 11.5 м при норме 1.0 м; существующее сохраняемое дерево (от ствола) — 12.9 м при норме 1.0 м; водопровод, дренаж — 15.5 м при норме 1.0 м."
S-0692;кустарник;Чубушник венечный;58.125;45.625;СП 42.13330.2016;"таблица 9.1; ППМ № 743-ПП, прил. 1, п. 3.6.3, табл. 3.6.1 (МГСН 1.01-99); ППМ № 623-ПП (МГСН 1.02-02), п. 4.2.4";Газопровод;1.0;2.0;"Посадка (кустарник) допустима. Определяющее ограничение — газопровод: требуется не менее 1.0 м, фактически 2.0 м (СП 42.13330.2016, таблица 9.1; ППМ № 743-ПП, прил. 1, п. 3.6.3, табл. 3.6.1 (МГСН 1.01-99); ППМ № 623-ПП (МГСН 1.02-02), п. 4.2.4). Прочие проверенные отступы: существующее сохраняемое дерево (от ствола) — 10.92 м при норме 1.0 м; наружная стена здания и сооружения — 13.0 м при норме 1.5 м; водопровод, дренаж — 15.5 м при норме 1.0 м."
S-0693;кустарник;Чубушник венечный;67.625;45.625;Проектное допущение;смыкание крон, сохранение насаждений по ППМ № 743-ПП;Существующее сохраняемое дерево (от ствола);1.0;4.53;"Посадка (кустарник) допустима. Определяющее ограничение — существующее сохраняемое дерево (от ствола): требуется не менее 1.0 м, фактически 4.53 м (Проектное допущение, смыкание крон, сохранение насаждений по ППМ № 743-ПП). Прочие проверенные отступы: газопровод — 7.5 м при норме 1.0 м; канализация — 12.5 м при норме 1.0 м; водопровод, дренаж — 15.5 м при норме 1.0 м."
S-0694;кустарник;Чубушник венечный;6.125;45.875;СП 42.13330.2016;"таблица 9.1; ППМ № 743-ПП, прил. 1, п. 3.6.3, табл. 3.6.1 (МГСН 1.01-99); ППМ № 623-ПП (МГСН 1.02-02), п. 4.2.4";Наружная стена здания и сооружения;1.5;4.0;"Посадка (кустарник) допустима. Определяющее ограничение — наружная стена здания и сооружения: требуется не менее 1.5 м, фактически 4.0 м (СП 42.13330.2016, таблица 9.1; ППМ № 743-ПП, прил. 1, п. 3.6.3, табл. 3.6.1 (МГСН 1.01-99); ППМ № 623-ПП (МГСН 1.02-02), п. 4.2.4). Прочие проверенные отступы: газопровод — 11.75 м при норме 1.0 м; водопровод, дренаж — 15.75 м при норме 1.0 м; силовой кабель и кабель связи — 19.75 м при норме 0.7 м."
S-0695;кустарник;Чубушник венечный;62.125;45.875;СП 42.13330.2016;"таблица 9.1; ППМ № 743-ПП, прил. 1, п. 3.6.3, табл. 3.6.1 (МГСН 1.01-99); ППМ № 623-ПП (МГСН 1.02-02), п. 4.2.4";Газопровод;1.0;2.0;"Посадка (кустарник) допустима. Определяющее ограничение — газопровод: требуется не менее 1.0 м, фактически 2.0 м (СП 42.13330.2016, таблица 9.1; ППМ № 743-ПП, прил. 1, п. 3.6.3, табл. 3.6.1 (МГСН 1.01-99); ППМ № 623-ПП (МГСН 1.02-02), п. 4.2.4). Прочие проверенные отступы: существующее сохраняемое дерево (от ствола) — 7.35 м при норме 1.0 м; водопровод, дренаж — 15.75 м при норме 1.0 м; наружная стена здания и сооружения — 17.0 м при норме 1.5 м."
S-0696;кустарник;Чубушник венечный;69.625;45.875;Проектное допущение;смыкание крон, сохранение насаждений по ППМ № 743-ПП;Существующее сохраняемое дерево (от ствола);1.0;4.51;"Посадка (кустарник) допустима. Определяющее ограничение — существующее сохраняемое дерево (от ствола): требуется не менее 1.0 м, фактически 4.51 м (Проектное допущение, смыкание крон, сохранение насаждений по ППМ № 743-ПП). Прочие проверенные отступы: газопровод — 9.5 м при норме 1.0 м; канализация — 10.5 м при норме 1.0 м; водопровод, дренаж — 15.75 м при норме 1.0 м."
S-0697;кустарник;Чубушник венечный;49.375;46.125;СП 42.13330.2016;"таблица 9.1; ППМ № 743-ПП, прил. 1, п. 3.6.3, табл. 3.6.1 (МГСН 1.01-99); ППМ № 623-ПП (МГСН 1.02-02), п. 4.2.4";Наружная стена здания и сооружения;1.5;4.25;"Посадка (кустарник) допустима. Определяющее ограничение — наружная стена здания и сооружения: требуется не менее 1.5 м, фактически 4.25 м (СП 42.13330.2016, таблица 9.1; ППМ № 743-ПП, прил. 1, п. 3.6.3, табл. 3.6.1 (МГСН 1.01-99); ППМ № 623-ПП (МГСН 1.02-02), п. 4.2.4). Прочие проверенные отступы: газопровод — 10.75 м при норме 1.0 м; существующее сохраняемое дерево (от ствола) — 12.41 м при норме 1.0 м; водопровод, дренаж — 16.0 м при норме 1.0 м."
S-0698;кустарник;Чубушник венечный;82.125;46.125;СП 42.13330.2016;"таблица 9.1; ППМ № 743-ПП, прил. 1, п. 3.6.3, табл. 3.6.1 (МГСН 1.01-99); ППМ № 623-ПП (МГСН 1.02-02), п. 4.2.4";Канализация;1.0;2.0;"Посадка (кустарник) допустима. Определяющее ограничение — канализация: требуется не менее 1.0 м, фактически 2.0 м (СП 42.13330.2016, таблица 9.1; ППМ № 743-ПП, прил. 1, п. 3.6.3, табл. 3.6.1 (МГСН 1.01-99); ППМ № 623-ПП (МГСН 1.02-02), п. 4.2.4). Прочие проверенные отступы: существующее сохраняемое дерево (от ствола) — 13.04 м при норме 1.0 м; водопровод, дренаж — 16.0 м при норме 1.0 м; силовой кабель и кабель связи — 20.0 м при норме 0.7 м."
S-0699;кустарник;Чубушник венечный;65.875;46.375;Проектное допущение;смыкание крон, сохранение насаждений по ППМ № 743-ПП;Существующее сохраняемое дерево (от ствола);1.0;4.37;"Посадка (кустарник) допустима. Определяющее ограничение — существующее сохраняемое дерево (от ствола): требуется не менее 1.0 м, фактически 4.37 м (Проектное допущение, смыкание крон, сохранение насаждений по ППМ № 743-ПП). Прочие проверенные отступы: газопровод — 5.75 м при норме 1.0 м; канализация — 14.25 м при норме 1.0 м; водопровод, дренаж — 16.25 м при норме 1.0 м."
S-0700;кустарник;Чубушник венечный;91.125;46.375;Проектное допущение;смыкание крон, сохранение насаждений по ППМ № 743-ПП;Существующее сохраняемое дерево (от ствола);1.0;4.19;"Посадка (кустарник) допустима. Определяющее ограничение — существующее сохраняемое дерево (от ствола): требуется не менее 1.0 м, фактически 4.19 м (Проектное допущение, смыкание крон, сохранение насаждений по ППМ № 743-ПП). Прочие проверенные отступы: канализация — 11.0 м при норме 1.0 м; водопровод, дренаж — 16.25 м при норме 1.0 м; силовой кабель и кабель связи — 20.25 м при норме 0.7 м."
S-0701;кустарник;Чубушник венечный;93.625;46.375;Проектное допущение;смыкание крон, сохранение насаждений по ППМ № 743-ПП;Существующее сохраняемое дерево (от ствола);1.0;1.95;"Посадка (кустарник) допустима. Определяющее ограничение — существующее сохраняемое дерево (от ствола): требуется не менее 1.0 м, фактически 1.95 м (Проектное допущение, смыкание крон, сохранение насаждений по ППМ № 743-ПП). Прочие проверенные отступы: канализация — 13.5 м при норме 1.0 м; водопровод, дренаж — 16.25 м при норме 1.0 м; силовой кабель и кабель связи — 20.25 м при норме 0.7 м."
S-0702;кустарник;Чубушник венечный;96.625;46.375;Проектное допущение;смыкание крон, сохранение насаждений по ППМ № 743-ПП;Существующее сохраняемое дерево (от ствола);1.0;1.95;"Посадка (кустарник) допустима. Определяющее ограничение — существующее сохраняемое дерево (от ствола): требуется не менее 1.0 м, фактически 1.95 м (Проектное допущение, смыкание крон, сохранение насаждений по ППМ № 743-ПП). Прочие проверенные отступы: водопровод, дренаж — 16.25 м при норме 1.0 м; канализация — 16.5 м при норме 1.0 м; силовой кабель и кабель связи — 20.25 м при норме 0.7 м."
S-0703;кустарник;Чубушник венечный;98.625;46.625;Проектное допущение;смыкание крон, сохранение насаждений по ППМ № 743-ПП;Существующее сохраняемое дерево (от ствола);1.0;3.81;"Посадка (кустарник) допустима. Определяющее ограничение — существующее сохраняемое дерево (от ствола): требуется не менее 1.0 м, фактически 3.81 м (Проектное допущение, смыкание крон, сохранение насаждений по ППМ № 743-ПП). Прочие проверенные отступы: водопровод, дренаж — 16.5 м при норме 1.0 м; канализация — 18.5 м при норме 1.0 м; силовой кабель и кабель связи — 20.5 м при норме 0.7 м."
S-0704;кустарник;Чубушник венечный;4.625;46.875;СП 42.13330.2016;"таблица 9.1; ППМ № 743-ПП, прил. 1, п. 3.6.3, табл. 3.6.1 (МГСН 1.01-99); ППМ № 623-ПП (МГСН 1.02-02), п. 4.2.4";Наружная стена здания и сооружения;1.5;5.5;"Посадка (кустарник) допустима. Определяющее ограничение — наружная стена здания и сооружения: требуется не менее 1.5 м, фактически 5.5 м (СП 42.13330.2016, таблица 9.1; ППМ № 743-ПП, прил. 1, п. 3.6.3, табл. 3.6.1 (МГСН 1.01-99); ППМ № 623-ПП (МГСН 1.02-02), п. 4.2.4). Прочие проверенные отступы: газопровод — 12.75 м при норме 1.0 м; водопровод, дренаж — 16.75 м при норме 1.0 м; силовой кабель и кабель связи — 20.75 м при норме 0.7 м."
S-0705;кустарник;Чубушник венечный;7.625;46.875;СП 42.13330.2016;"таблица 9.1; ППМ № 743-ПП, прил. 1, п. 3.6.3, табл. 3.6.1 (МГСН 1.01-99); ППМ № 623-ПП (МГСН 1.02-02), п. 4.2.4";Наружная стена здания и сооружения;1.5;2.5;"Посадка (кустарник) допустима. Определяющее ограничение — наружная стена здания и сооружения: требуется не менее 1.5 м, фактически 2.5 м (СП 42.13330.2016, таблица 9.1; ППМ № 743-ПП, прил. 1, п. 3.6.3, табл. 3.6.1 (МГСН 1.01-99); ППМ № 623-ПП (МГСН 1.02-02), п. 4.2.4). Прочие проверенные отступы: газопровод — 12.75 м при норме 1.0 м; водопровод, дренаж — 16.75 м при норме 1.0 м; силовой кабель и кабель связи — 20.75 м при норме 0.7 м."
S-0706;кустарник;Чубушник венечный;71.125;46.875;Проектное допущение;смыкание крон, сохранение насаждений по ППМ № 743-ПП;Существующее сохраняемое дерево (от ствола);1.0;4.42;"Посадка (кустарник) допустима. Определяющее ограничение — существующее сохраняемое дерево (от ствола): требуется не менее 1.0 м, фактически 4.42 м (Проектное допущение, смыкание крон, сохранение насаждений по ППМ № 743-ПП). Прочие проверенные отступы: канализация — 9.0 м при норме 1.0 м; газопровод — 11.0 м при норме 1.0 м; водопровод, дренаж — 16.75 м при норме 1.0 м."
S-0707;кустарник;Чубушник венечный;78.125;47.125;СП 42.13330.2016;"таблица 9.1; ППМ № 743-ПП, прил. 1, п. 3.6.3, табл. 3.6.1 (МГСН 1.01-99); ППМ № 623-ПП (МГСН 1.02-02), п. 4.2.4";Канализация;1.0;2.0;"Посадка (кустарник) допустима. Определяющее ограничение — канализация: требуется не менее 1.0 м, фактически 2.0 м (СП 42.13330.2016, таблица 9.1; ППМ № 743-ПП, прил. 1, п. 3.6.3, табл. 3.6.1 (МГСН 1.01-99); ППМ № 623-ПП (МГСН 1.02-02), п. 4.2.4). Прочие проверенные отступы: существующее сохраняемое дерево (от ствола) — 10.44 м при норме 1.0 м; водопровод, дренаж — 17.0 м при норме 1.0 м; газопровод — 18.0 м при норме 1.0 м."
S-0708;кустарник;Чубушник венечный;68.125;47.375;Проектное допущение;смыкание крон, сохранение насаждений по ППМ № 743-ПП;Существующее сохраняемое дерево (от ствола);1.0;2.75;"Посадка (кустарник) допустима. Определяющее ограничение — существующее сохраняемое дерево (от ствола): требуется не менее 1.0 м, фактически 2.75 м (Проектное допущение, смыкание крон, сохранение насаждений по ППМ № 743-ПП). Прочие проверенные отступы: газопровод — 8.0 м при норме 1.0 м; канализация — 12.0 м при норме 1.0 м; водопровод, дренаж — 17.25 м при норме 1.0 м."
S-0709;кустарник;Чубушник венечный;95.125;47.375;Проектное допущение;смыкание крон, сохранение насаждений по ППМ № 743-ПП;Существующее сохраняемое дерево (от ствола);1.0;2.25;"Посадка (кустарник) допустима. Определяющее ограничение — существующее сохраняемое дерево (от ствола): требуется не менее 1.0 м, фактически 2.25 м (Проектное допущение, смыкание крон, сохранение насаждений по ППМ № 743-ПП). Прочие проверенные отступы: канализация — 15.0 м при норме 1.0 м; водопровод, дренаж — 17.25 м при норме 1.0 м; силовой кабель и кабель связи — 21.25 м при норме 0.7 м."
S-0710;кустарник;Чубушник венечный;47.625;47.625;СП 42.13330.2016;"таблица 9.1; ППМ № 743-ПП, прил. 1, п. 3.6.3, табл. 3.6.1 (МГСН 1.01-99); ППМ № 623-ПП (МГСН 1.02-02), п. 4.2.4";Наружная стена здания и сооружения;1.5;2.5;"Посадка (кустарник) допустима. Определяющее ограничение — наружная стена здания и сооружения: требуется не менее 1.5 м, фактически 2.5 м (СП 42.13330.2016, таблица 9.1; ППМ № 743-ПП, прил. 1, п. 3.6.3, табл. 3.6.1 (МГСН 1.01-99); ППМ № 623-ПП (МГСН 1.02-02), п. 4.2.4). Прочие проверенные отступы: газопровод — 12.5 м при норме 1.0 м; существующее сохраняемое дерево (от ствола) — 14.58 м при норме 1.0 м; водопровод, дренаж — 17.5 м при норме 1.0 м."
S-0711;кустарник;Чубушник венечный;50.375;47.625;СП 42.13330.2016;"таблица 9.1; ППМ № 743-ПП, прил. 1, п. 3.6.3, табл. 3.6.1 (МГСН 1.01-99); ППМ № 623-ПП (МГСН 1.02-02), п. 4.2.4";Наружная стена здания и сооружения;1.5;5.25;"Посадка (кустарник) допустима. Определяющее ограничение — наружная стена здания и сооружения: требуется не менее 1.5 м, фактически 5.25 м (СП 42.13330.2016, таблица 9.1; ППМ № 743-ПП, прил. 1, п. 3.6.3, табл. 3.6.1 (МГСН 1.01-99); ППМ № 623-ПП (МГСН 1.02-02), п. 4.2.4). Прочие проверенные отступы: газопровод — 9.75 м при норме 1.0 м; существующее сохраняемое дерево (от ствола) — 13.37 м при норме 1.0 м; водопровод, дренаж — 17.5 м при норме 1.0 м."
S-0712;кустарник;Чубушник венечный;58.125;47.625;СП 42.13330.2016;"таблица 9.1; ППМ № 743-ПП, прил. 1, п. 3.6.3, табл. 3.6.1 (МГСН 1.01-99); ППМ № 623-ПП (МГСН 1.02-02), п. 4.2.4";Газопровод;1.0;2.0;"Посадка (кустарник) допустима. Определяющее ограничение — газопровод: требуется не менее 1.0 м, фактически 2.0 м (СП 42.13330.2016, таблица 9.1; ППМ № 743-ПП, прил. 1, п. 3.6.3, табл. 3.6.1 (МГСН 1.01-99); ППМ № 623-ПП (МГСН 1.02-02), п. 4.2.4). Прочие проверенные отступы: существующее сохраняемое дерево (от ствола) — 10.31 м при норме 1.0 м; наружная стена здания и сооружения — 13.0 м при норме 1.5 м; водопровод, дренаж — 17.5 м при норме 1.0 м."
S-0713;кустарник;Чубушник венечный;6.125;47.875;СП 42.13330.2016;"таблица 9.1; ППМ № 743-ПП, прил. 1, п. 3.6.3, табл. 3.6.1 (МГСН 1.01-99); ППМ № 623-ПП (МГСН 1.02-02), п. 4.2.4";Наружная стена здания и сооружения;1.5;4.0;"Посадка (кустарник) допустима. Определяющее ограничение — наружная стена здания и сооружения: требуется не менее 1.5 м, фактически 4.0 м (СП 42.13330.2016, таблица 9.1; ППМ № 743-ПП, прил. 1, п. 3.6.3, табл. 3.6.1 (МГСН 1.01-99); ППМ № 623-ПП (МГСН 1.02-02), п. 4.2.4). Прочие проверенные отступы: газопровод — 13.75 м при норме 1.0 м; водопровод, дренаж — 17.75 м при норме 1.0 м; силовой кабель и кабель связи — 21.75 м при норме 0.7 м."
S-0714;кустарник;Чубушник венечный;62.125;47.875;СП 42.13330.2016;"таблица 9.1; ППМ № 743-ПП, прил. 1, п. 3.6.3, табл. 3.6.1 (МГСН 1.01-99); ППМ № 623-ПП (МГСН 1.02-02), п. 4.2.4";Газопровод;1.0;2.0;"Посадка (кустарник) допустима. Определяющее ограничение — газопровод: требуется не менее 1.0 м, фактически 2.0 м (СП 42.13330.2016, таблица 9.1; ППМ № 743-ПП, прил. 1, п. 3.6.3, табл. 3.6.1 (МГСН 1.01-99); ППМ № 623-ПП (МГСН 1.02-02), п. 4.2.4). Прочие проверенные отступы: существующее сохраняемое дерево (от ствола) — 6.41 м при норме 1.0 м; наружная стена здания и сооружения — 17.0 м при норме 1.5 м; водопровод, дренаж — 17.75 м при норме 1.0 м."
S-0715;кустарник;Чубушник венечный;64.375;47.875;СП 42.13330.2016;"таблица 9.1; ППМ № 743-ПП, прил. 1, п. 3.6.3, табл. 3.6.1 (МГСН 1.01-99); ППМ № 623-ПП (МГСН 1.02-02), п. 4.2.4";Газопровод;1.0;4.25;"Посадка (кустарник) допустима. Определяющее ограничение — газопровод: требуется не менее 1.0 м, фактически 4.25 м (СП 42.13330.2016, таблица 9.1; ППМ № 743-ПП, прил. 1, п. 3.6.3, табл. 3.6.1 (МГСН 1.01-99); ППМ № 623-ПП (МГСН 1.02-02), п. 4.2.4). Прочие проверенные отступы: существующее сохраняемое дерево (от ствола) — 4.37 м при норме 1.0 м; канализация — 15.75 м при норме 1.0 м; водопровод, дренаж — 17.75 м при норме 1.0 м."
S-0716;кустарник;Чубушник венечный;92.125;47.875;Проектное допущение;смыкание крон, сохранение насаждений по ППМ № 743-ПП;Существующее сохраняемое дерево (от ствола);1.0;4.07;"Посадка (кустарник) допустима. Определяющее ограничение — существующее сохраняемое дерево (от ствола): требуется не менее 1.0 м, фактически 4.07 м (Проектное допущение, смыкание крон, сохранение насаждений по ППМ № 743-ПП). Прочие проверенные отступы: канализация — 12.0 м при норме 1.0 м; водопровод, дренаж — 17.75 м при норме 1.0 м; силовой кабель и кабель связи — 21.75 м при норме 0.7 м."
S-0717;кустарник;Чубушник венечный;66.375;48.125;Проектное допущение;смыкание крон, сохранение насаждений по ППМ № 743-ПП;Существующее сохраняемое дерево (от ствола);1.0;2.66;"Посадка (кустарник) допустима. Определяющее ограничение — существующее сохраняемое дерево (от ствола): требуется не менее 1.0 м, фактически 2.66 м (Проектное допущение, смыкание крон, сохранение насаждений по ППМ № 743-ПП). Прочие проверенные отступы: газопровод — 6.25 м при норме 1.0 м; канализация — 13.75 м при норме 1.0 м; водопровод, дренаж — 18.0 м при норме 1.0 м."
S-0718;кустарник;Чубушник венечный;82.125;48.125;СП 42.13330.2016;"таблица 9.1; ППМ № 743-ПП, прил. 1, п. 3.6.3, табл. 3.6.1 (МГСН 1.01-99); ППМ № 623-ПП (МГСН 1.02-02), п. 4.2.4";Канализация;1.0;2.0;"Посадка (кустарник) допустима. Определяющее ограничение — канализация: требуется не менее 1.0 м, фактически 2.0 м (СП 42.13330.2016, таблица 9.1; ППМ № 743-ПП, прил. 1, п. 3.6.3, табл. 3.6.1 (МГСН 1.01-99); ППМ № 623-ПП (МГСН 1.02-02), п. 4.2.4). Прочие проверенные отступы: существующее сохраняемое дерево (от ствола) — 13.34 м при норме 1.0 м; водопровод, дренаж — 18.0 м при норме 1.0 м; газопровод — 22.0 м при норме 1.0 м."
S-0719;кустарник;Чубушник венечный;97.125;48.125;Проектное допущение;смыкание крон, сохранение насаждений по ППМ № 743-ПП;Существующее сохраняемое дерево (от ствола);1.0;3.61;"Посадка (кустарник) допустима. Определяющее ограничение — существующее сохраняемое дерево (от ствола): требуется не менее 1.0 м, фактически 3.61 м (Проектное допущение, смыкание крон, сохранение насаждений по ППМ № 743-ПП). Прочие проверенные отступы: канализация — 17.0 м при норме 1.0 м; водопровод, дренаж — 18.0 м при норме 1.0 м; силовой кабель и кабель связи — 22.0 м при норме 0.7 м."
S-0720;кустарник;Чубушник венечный;69.625;48.375;Проектное допущение;смыкание крон, сохранение насаждений по ППМ № 743-ПП;Существующее сохраняемое дерево (от ствола);1.0;2.3;"Посадка (кустарник) допустима. Определяющее ограничение — существующее сохраняемое дерево (от ствола): требуется не менее 1.0 м, фактически 2.3 м (Проектное допущение, смыкание крон, сохранение насаждений по ППМ № 743-ПП). Прочие проверенные отступы: газопровод — 9.5 м при норме 1.0 м; канализация — 10.5 м при норме 1.0 м; водопровод, дренаж — 18.25 м при норме 1.0 м."
S-0721;кустарник;Барбарис Тунберга;72.125;48.375;Проектное допущение;смыкание крон, сохранение насаждений по ППМ № 743-ПП;Существующее сохраняемое дерево (от ствола);1.0;4.37;"Посадка (кустарник) допустима. Определяющее ограничение — существующее сохраняемое дерево (от ствола): требуется не менее 1.0 м, фактически 4.37 м (Проектное допущение, смыкание крон, сохранение насаждений по ППМ № 743-ПП). Прочие проверенные отступы: канализация — 8.0 м при норме 1.0 м; газопровод — 12.0 м при норме 1.0 м; водопровод, дренаж — 18.25 м при норме 1.0 м."
S-0722;кустарник;Барбарис Тунберга;4.625;48.875;СП 42.13330.2016;"таблица 9.1; ППМ № 743-ПП, прил. 1, п. 3.6.3, табл. 3.6.1 (МГСН 1.01-99); ППМ № 623-ПП (МГСН 1.02-02), п. 4.2.4";Наружная стена здания и сооружения;1.5;5.5;"Посадка (кустарник) допустима. Определяющее ограничение — наружная стена здания и сооружения: требуется не менее 1.5 м, фактически 5.5 м (СП 42.13330.2016, таблица 9.1; ППМ № 743-ПП, прил. 1, п. 3.6.3, табл. 3.6.1 (МГСН 1.01-99); ППМ № 623-ПП (МГСН 1.02-02), п. 4.2.4). Прочие проверенные отступы: газопровод — 14.75 м при норме 1.0 м; водопровод, дренаж — 18.75 м при норме 1.0 м; силовой кабель и кабель связи — 22.75 м при норме 0.7 м."
S-0723;кустарник;Барбарис Тунберга;7.625;48.875;СП 42.13330.2016;"таблица 9.1; ППМ № 743-ПП, прил. 1, п. 3.6.3, табл. 3.6.1 (МГСН 1.01-99); ППМ № 623-ПП (МГСН 1.02-02), п. 4.2.4";Наружная стена здания и сооружения;1.5;2.5;"Посадка (кустарник) допустима. Определяющее ограничение — наружная стена здания и сооружения: требуется не менее 1.5 м, фактически 2.5 м (СП 42.13330.2016, таблица 9.1; ППМ № 743-ПП, прил. 1, п. 3.6.3, табл. 3.6.1 (МГСН 1.01-99); ППМ № 623-ПП (МГСН 1.02-02), п. 4.2.4). Прочие проверенные отступы: газопровод — 14.75 м при норме 1.0 м; водопровод, дренаж — 18.75 м при норме 1.0 м; силовой кабель и кабель связи — 22.75 м при норме 0.7 м."
S-0724;кустарник;Барбарис Тунберга;93.625;48.875;Проектное допущение;смыкание крон, сохранение насаждений по ППМ № 743-ПП;Существующее сохраняемое дерево (от ствола);1.0;4.04;"Посадка (кустарник) допустима. Определяющее ограничение — существующее сохраняемое дерево (от ствола): требуется не менее 1.0 м, фактически 4.04 м (Проектное допущение, смыкание крон, сохранение насаждений по ППМ № 743-ПП). Прочие проверенные отступы: канализация — 13.5 м при норме 1.0 м; водопровод, дренаж — 18.75 м при норме 1.0 м; силовой кабель и кабель связи — 22.75 м при норме 0.7 м."
S-0725;кустарник;Барбарис Тунберга;48.625;49.125;СП 42.13330.2016;"таблица 9.1; ППМ № 743-ПП, прил. 1, п. 3.6.3, табл. 3.6.1 (МГСН 1.01-99); ППМ № 623-ПП (МГСН 1.02-02), п. 4.2.4";Наружная стена здания и сооружения;1.5;3.5;"Посадка (кустарник) допустима. Определяющее ограничение — наружная стена здания и сооружения: требуется не менее 1.5 м, фактически 3.5 м (СП 42.13330.2016, таблица 9.1; ППМ № 743-ПП, прил. 1, п. 3.6.3, табл. 3.6.1 (МГСН 1.01-99); ППМ № 623-ПП (МГСН 1.02-02), п. 4.2.4). Прочие проверенные отступы: газопровод — 11.5 м при норме 1.0 м; существующее сохраняемое дерево (от ствола) — 15.44 м при норме 1.0 м; водопровод, дренаж — 19.0 м при норме 1.0 м."
S-0726;кустарник;Барбарис Тунберга;78.125;49.125;СП 42.13330.2016;"таблица 9.1; ППМ № 743-ПП, прил. 1, п. 3.6.3, табл. 3.6.1 (МГСН 1.01-99); ППМ № 623-ПП (МГСН 1.02-02), п. 4.2.4";Канализация;1.0;2.0;"Посадка (кустарник) допустима. Определяющее ограничение — канализация: требуется не менее 1.0 м, фактически 2.0 м (СП 42.13330.2016, таблица 9.1; ППМ № 743-ПП, прил. 1, п. 3.6.3, табл. 3.6.1 (МГСН 1.01-99); ППМ № 623-ПП (МГСН 1.02-02), п. 4.2.4). Прочие проверенные отступы: существующее сохраняемое дерево (от ствола) — 10.05 м при норме 1.0 м; газопровод — 18.0 м при норме 1.0 м; водопровод, дренаж — 19.0 м при норме 1.0 м."
S-0727;кустарник;Барбарис Тунберга;95.625;49.125;Проектное допущение;смыкание крон, сохранение насаждений по ППМ № 743-ПП;Существующее сохраняемое дерево (от ствола);1.0;4.03;"Посадка (кустарник) допустима. Определяющее ограничение — существующее сохраняемое дерево (от ствола): требуется не менее 1.0 м, фактически 4.03 м (Проектное допущение, смыкание крон, сохранение насаждений по ППМ № 743-ПП). Прочие проверенные отступы: канализация — 15.5 м при норме 1.0 м; водопровод, дренаж — 19.0 м при норме 1.0 м; силовой кабель и кабель связи — 23.0 м при норме 0.7 м."
S-0728;кустарник;Барбарис Тунберга;50.375;49.625;СП 42.13330.2016;"таблица 9.1; ППМ № 743-ПП, прил. 1, п. 3.6.3, табл. 3.6.1 (МГСН 1.01-99); ППМ № 623-ПП (МГСН 1.02-02), п. 4.2.4";Наружная стена здания и сооружения;1.5;5.25;"Посадка (кустарник) допустима. Определяющее ограничение — наружная стена здания и сооружения: требуется не менее 1.5 м, фактически 5.25 м (СП 42.13330.2016, таблица 9.1; ППМ № 743-ПП, прил. 1, п. 3.6.3, табл. 3.6.1 (МГСН 1.01-99); ППМ № 623-ПП (МГСН 1.02-02), п. 4.2.4). Прочие проверенные отступы: газопровод — 9.75 м при норме 1.0 м; существующее сохраняемое дерево (от ствола) — 15.26 м при норме 1.0 м; водопровод, дренаж — 19.5 м при норме 1.0 м."
S-0729;кустарник;Барбарис Тунберга;58.125;49.625;СП 42.13330.2016;"таблица 9.1; ППМ № 743-ПП, прил. 1, п. 3.6.3, табл. 3.6.1 (МГСН 1.01-99); ППМ № 623-ПП (МГСН 1.02-02), п. 4.2.4";Газопровод;1.0;2.0;"Посадка (кустарник) допустима. Определяющее ограничение — газопровод: требуется не менее 1.0 м, фактически 2.0 м (СП 42.13330.2016, таблица 9.1; ППМ № 743-ПП, прил. 1, п. 3.6.3, табл. 3.6.1 (МГСН 1.01-99); ППМ № 623-ПП (МГСН 1.02-02), п. 4.2.4). Прочие проверенные отступы: существующее сохраняемое дерево (от ствола) — 10.01 м при норме 1.0 м; наружная стена здания и сооружения — 13.0 м при норме 1.5 м; водопровод, дренаж — 19.5 м при норме 1.0 м."
S-0730;кустарник;Барбарис Тунберга;63.625;49.625;СП 42.13330.2016;"таблица 9.1; ППМ № 743-ПП, прил. 1, п. 3.6.3, табл. 3.6.1 (МГСН 1.01-99); ППМ № 623-ПП (МГСН 1.02-02), п. 4.2.4";Газопровод;1.0;3.5;"Посадка (кустарник) допустима. Определяющее ограничение — газопровод: требуется не менее 1.0 м, фактически 3.5 м (СП 42.13330.2016, таблица 9.1; ППМ № 743-ПП, прил. 1, п. 3.6.3, табл. 3.6.1 (МГСН 1.01-99); ППМ № 623-ПП (МГСН 1.02-02), п. 4.2.4). Прочие проверенные отступы: существующее сохраняемое дерево (от ствола) — 4.53 м при норме 1.0 м; канализация — 16.5 м при норме 1.0 м; наружная стена здания и сооружения — 18.5 м при норме 1.5 м."
S-0731;кустарник;Барбарис Тунберга;6.125;49.875;СП 42.13330.2016;"таблица 9.1; ППМ № 743-ПП, прил. 1, п. 3.6.3, табл. 3.6.1 (МГСН 1.01-99); ППМ № 623-ПП (МГСН 1.02-02), п. 4.2.4";Наружная стена здания и сооружения;1.5;4.0;"Посадка (кустарник) допустима. Определяющее ограничение — наружная стена здания и сооружения: требуется не менее 1.5 м, фактически 4.0 м (СП 42.13330.2016, таблица 9.1; ППМ № 743-ПП, прил. 1, п. 3.6.3, табл. 3.6.1 (МГСН 1.01-99); ППМ № 623-ПП (МГСН 1.02-02), п. 4.2.4). Прочие проверенные отступы: газопровод — 15.75 м при норме 1.0 м; водопровод, дренаж — 19.75 м при норме 1.0 м; силовой кабель и кабель связи — 23.75 м при норме 0.7 м."
S-0732;кустарник;Барбарис Тунберга;65.625;49.875;Проектное допущение;смыкание крон, сохранение насаждений по ППМ № 743-ПП;Существующее сохраняемое дерево (от ствола);1.0;2.51;"Посадка (кустарник) допустима. Определяющее ограничение — существующее сохраняемое дерево (от ствола): требуется не менее 1.0 м, фактически 2.51 м (Проектное допущение, смыкание крон, сохранение насаждений по ППМ № 743-ПП). Прочие проверенные отступы: газопровод — 5.5 м при норме 1.0 м; канализация — 14.5 м при норме 1.0 м; водопровод, дренаж — 19.75 м при норме 1.0 м."
S-0733;кустарник;Барбарис Тунберга;70.625;49.875;Проектное допущение;смыкание крон, сохранение насаждений по ППМ № 743-ПП;Существующее сохраняемое дерево (от ствола);1.0;2.51;"Посадка (кустарник) допустима. Определяющее ограничение — существующее сохраняемое дерево (от ствола): требуется не менее 1.0 м, фактически 2.51 м (Проектное допущение, смыкание крон, сохранение насаждений по ППМ № 743-ПП). Прочие проверенные отступы: канализация — 9.5 м при норме 1.0 м; газопровод — 10.5 м при норме 1.0 м; водопровод, дренаж — 19.75 м при норме 1.0 м."
S-0734;кустарник;Барбарис Тунберга;72.625;50.125;Проектное допущение;смыкание крон, сохранение насаждений по ППМ № 743-ПП;Существующее сохраняемое дерево (от ствола);1.0;4.5;"Посадка (кустарник) допустима. Определяющее ограничение — существующее сохраняемое дерево (от ствола): требуется не менее 1.0 м, фактически 4.5 м (Проектное допущение, смыкание крон, сохранение насаждений по ППМ № 743-ПП). Прочие проверенные отступы: канализация — 7.5 м при норме 1.0 м; газопровод — 12.5 м при норме 1.0 м; водопровод, дренаж — 20.0 м при норме 1.0 м."
S-0735;кустарник;Барбарис Тунберга;82.125;50.125;СП 42.13330.2016;"таблица 9.1; ППМ № 743-ПП, прил. 1, п. 3.6.3, табл. 3.6.1 (МГСН 1.01-99); ППМ № 623-ПП (МГСН 1.02-02), п. 4.2.4";Канализация;1.0;2.0;"Посадка (кустарник) допустима. Определяющее ограничение — канализация: требуется не менее 1.0 м, фактически 2.0 м (СП 42.13330.2016, таблица 9.1; ППМ № 743-ПП, прил. 1, п. 3.6.3, табл. 3.6.1 (МГСН 1.01-99); ППМ № 623-ПП (МГСН 1.02-02), п. 4.2.4). Прочие проверенные отступы: существующее сохраняемое дерево (от ствола) — 13.93 м при норме 1.0 м; водопровод, дренаж — 20.0 м при норме 1.0 м; газопровод — 22.0 м при норме 1.0 м."
S-0736;кустарник;Барбарис Тунберга;47.625;50.625;СП 42.13330.2016;"таблица 9.1; ППМ № 743-ПП, прил. 1, п. 3.6.3, табл. 3.6.1 (МГСН 1.01-99); ППМ № 623-ПП (МГСН 1.02-02), п. 4.2.4";Наружная стена здания и сооружения;1.5;2.5;"Посадка (кустарник) допустима. Определяющее ограничение — наружная стена здания и сооружения: требуется не менее 1.5 м, фактически 2.5 м (СП 42.13330.2016, таблица 9.1; ППМ № 743-ПП, прил. 1, п. 3.6.3, табл. 3.6.1 (МГСН 1.01-99); ППМ № 623-ПП (МГСН 1.02-02), п. 4.2.4). Прочие проверенные отступы: газопровод — 12.5 м при норме 1.0 м; существующее сохраняемое дерево (от ствола) — 17.22 м при норме 1.0 м; водопровод, дренаж — 20.5 м при норме 1.0 м."
S-0737;кустарник;Барбарис Тунберга;62.125;50.625;СП 42.13330.2016;"таблица 9.1; ППМ № 743-ПП, прил. 1, п. 3.6.3, табл. 3.6.1 (МГСН 1.01-99); ППМ № 623-ПП (МГСН 1.02-02), п. 4.2.4";Газопровод;1.0;2.0;"Посадка (кустарник) допустима. Определяющее ограничение — газопровод: требуется не менее 1.0 м, фактически 2.0 м (СП 42.13330.2016, таблица 9.1; ППМ № 743-ПП, прил. 1, п. 3.6.3, табл. 3.6.1 (МГСН 1.01-99); ППМ № 623-ПП (МГСН 1.02-02), п. 4.2.4). Прочие проверенные отступы: существующее сохраняемое дерево (от ствола) — 6.02 м при норме 1.0 м; наружная стена здания и сооружения — 17.0 м при норме 1.5 м; канализация — 18.0 м при норме 1.0 м."
S-0738;кустарник;Барбарис Тунберга;4.625;50.875;СП 42.13330.2016;"таблица 9.1; ППМ № 743-ПП, прил. 1, п. 3.6.3, табл. 3.6.1 (МГСН 1.01-99); ППМ № 623-ПП (МГСН 1.02-02), п. 4.2.4";Наружная стена здания и сооружения;1.5;5.5;"Посадка (кустарник) допустима. Определяющее ограничение — наружная стена здания и сооружения: требуется не менее 1.5 м, фактически 5.5 м (СП 42.13330.2016, таблица 9.1; ППМ № 743-ПП, прил. 1, п. 3.6.3, табл. 3.6.1 (МГСН 1.01-99); ППМ № 623-ПП (МГСН 1.02-02), п. 4.2.4). Прочие проверенные отступы: газопровод — 16.75 м при норме 1.0 м; водопровод, дренаж — 20.75 м при норме 1.0 м; силовой кабель и кабель связи — 24.75 м при норме 0.7 м."
S-0739;кустарник;Барбарис Тунберга;7.625;50.875;СП 42.13330.2016;"таблица 9.1; ППМ № 743-ПП, прил. 1, п. 3.6.3, табл. 3.6.1 (МГСН 1.01-99); ППМ № 623-ПП (МГСН 1.02-02), п. 4.2.4";Наружная стена здания и сооружения;1.5;2.5;"Посадка (кустарник) допустима. Определяющее ограничение — наружная стена здания и сооружения: требуется не менее 1.5 м, фактически 2.5 м (СП 42.13330.2016, таблица 9.1; ППМ № 743-ПП, прил. 1, п. 3.6.3, табл. 3.6.1 (МГСН 1.01-99); ППМ № 623-ПП (МГСН 1.02-02), п. 4.2.4). Прочие проверенные отступы: газопровод — 16.75 м при норме 1.0 м; водопровод, дренаж — 20.75 м при норме 1.0 м; силовой кабель и кабель связи — 24.75 м при норме 0.7 м."
S-0740;кустарник;Барбарис Тунберга;49.375;51.125;СП 42.13330.2016;"таблица 9.1; ППМ № 743-ПП, прил. 1, п. 3.6.3, табл. 3.6.1 (МГСН 1.01-99); ППМ № 623-ПП (МГСН 1.02-02), п. 4.2.4";Наружная стена здания и сооружения;1.5;4.25;"Посадка (кустарник) допустима. Определяющее ограничение — наружная стена здания и сооружения: требуется не менее 1.5 м, фактически 4.25 м (СП 42.13330.2016, таблица 9.1; ППМ № 743-ПП, прил. 1, п. 3.6.3, табл. 3.6.1 (МГСН 1.01-99); ППМ № 623-ПП (МГСН 1.02-02), п. 4.2.4). Прочие проверенные отступы: газопровод — 10.75 м при норме 1.0 м; существующее сохраняемое дерево (от ствола) — 17.0 м при норме 1.0 м; водопровод, дренаж — 21.0 м при норме 1.0 м."
S-0741;кустарник;Барбарис Тунберга;78.125;51.125;СП 42.13330.2016;"таблица 9.1; ППМ № 743-ПП, прил. 1, п. 3.6.3, табл. 3.6.1 (МГСН 1.01-99); ППМ № 623-ПП (МГСН 1.02-02), п. 4.2.4";Канализация;1.0;2.0;"Посадка (кустарник) допустима. Определяющее ограничение — канализация: требуется не менее 1.0 м, фактически 2.0 м (СП 42.13330.2016, таблица 9.1; ППМ № 743-ПП, прил. 1, п. 3.6.3, табл. 3.6.1 (МГСН 1.01-99); ППМ № 623-ПП (МГСН 1.02-02), п. 4.2.4). Прочие проверенные отступы: существующее сохраняемое дерево (от ствола) — 10.05 м при норме 1.0 м; газопровод — 18.0 м при норме 1.0 м; водопровод, дренаж — 21.0 м при норме 1.0 м."
S-0742;кустарник;Барбарис Тунберга;64.125;51.375;СП 42.13330.2016;"таблица 9.1; ППМ № 743-ПП, прил. 1, п. 3.6.3, табл. 3.6.1 (МГСН 1.01-99); ППМ № 623-ПП (МГСН 1.02-02), п. 4.2.4";Газопровод;1.0;4.0;"Посадка (кустарник) допустима. Определяющее ограничение — газопровод: требуется не менее 1.0 м, фактически 4.0 м (СП 42.13330.2016, таблица 9.1; ППМ № 743-ПП, прил. 1, п. 3.6.3, табл. 3.6.1 (МГСН 1.01-99); ППМ № 623-ПП (МГСН 1.02-02), п. 4.2.4). Прочие проверенные отступы: существующее сохраняемое дерево (от ствола) — 4.19 м при норме 1.0 м; канализация — 16.0 м при норме 1.0 м; наружная стена здания и сооружения — 19.0 м при норме 1.5 м."
S-0743;кустарник;Барбарис Тунберга;66.625;51.375;Проектное допущение;смыкание крон, сохранение насаждений по ППМ № 743-ПП;Существующее сохраняемое дерево (от ствола);1.0;1.95;"Посадка (кустарник) допустима. Определяющее ограничение — существующее сохраняемое дерево (от ствола): требуется не менее 1.0 м, фактически 1.95 м (Проектное допущение, смыкание крон, сохранение насаждений по ППМ № 743-ПП). Прочие проверенные отступы: газопровод — 6.5 м при норме 1.0 м; канализация — 13.5 м при норме 1.0 м; наружная стена здания и сооружения — 21.5 м при норме 1.5 м."
S-0744;кустарник;Барбарис Тунберга;69.625;51.375;Проектное допущение;смыкание крон, сохранение насаждений по ППМ № 743-ПП;Существующее сохраняемое дерево (от ствола);1.0;1.95;"Посадка (кустарник) допустима. Определяющее ограничение — существующее сохраняемое дерево (от ствола): требуется не менее 1.0 м, фактически 1.95 м (Проектное допущение, смыкание крон, сохранение насаждений по ППМ № 743-ПП). Прочие проверенные отступы: газопровод — 9.5 м при норме 1.0 м; канализация — 10.5 м при норме 1.0 м; водопровод, дренаж — 21.25 м при норме 1.0 м."
S-0745;кустарник;Барбарис Тунберга;58.125;51.625;СП 42.13330.2016;"таблица 9.1; ППМ № 743-ПП, прил. 1, п. 3.6.3, табл. 3.6.1 (МГСН 1.01-99); ППМ № 623-ПП (МГСН 1.02-02), п. 4.2.4";Газопровод;1.0;2.0;"Посадка (кустарник) допустима. Определяющее ограничение — газопровод: требуется не менее 1.0 м, фактически 2.0 м (СП 42.13330.2016, таблица 9.1; ППМ № 743-ПП, прил. 1, п. 3.6.3, табл. 3.6.1 (МГСН 1.01-99); ППМ № 623-ПП (МГСН 1.02-02), п. 4.2.4). Прочие проверенные отступы: существующее сохраняемое дерево (от ствола) — 10.11 м при норме 1.0 м; наружная стена здания и сооружения — 13.0 м при норме 1.5 м; водопровод, дренаж — 21.5 м при норме 1.0 м."
S-0746;кустарник;Барбарис Тунберга;71.625;51.625;Проектное допущение;смыкание крон, сохранение насаждений по ППМ № 743-ПП;Существующее сохраняемое дерево (от ствола);1.0;3.81;"Посадка (кустарник) допустима. Определяющее ограничение — существующее сохраняемое дерево (от ствола): требуется не менее 1.0 м, фактически 3.81 м (Проектное допущение, смыкание крон, сохранение насаждений по ППМ № 743-ПП). Прочие проверенные отступы: канализация — 8.5 м при норме 1.0 м; газопровод — 11.5 м при норме 1.0 м; водопровод, дренаж — 21.5 м при норме 1.0 м."
S-0747;кустарник;Барбарис Тунберга;6.125;51.875;СП 42.13330.2016;"таблица 9.1; ППМ № 743-ПП, прил. 1, п. 3.6.3, табл. 3.6.1 (МГСН 1.01-99); ППМ № 623-ПП (МГСН 1.02-02), п. 4.2.4";Наружная стена здания и сооружения;1.5;4.0;"Посадка (кустарник) допустима. Определяющее ограничение — наружная стена здания и сооружения: требуется не менее 1.5 м, фактически 4.0 м (СП 42.13330.2016, таблица 9.1; ППМ № 743-ПП, прил. 1, п. 3.6.3, табл. 3.6.1 (МГСН 1.01-99); ППМ № 623-ПП (МГСН 1.02-02), п. 4.2.4). Прочие проверенные отступы: газопровод — 17.75 м при норме 1.0 м; водопровод, дренаж — 21.75 м при норме 1.0 м; силовой кабель и кабель связи — 25.75 м при норме 0.7 м."
S-0748;кустарник;Барбарис Тунберга;82.125;52.125;СП 42.13330.2016;"таблица 9.1; ППМ № 743-ПП, прил. 1, п. 3.6.3, табл. 3.6.1 (МГСН 1.01-99); ППМ № 623-ПП (МГСН 1.02-02), п. 4.2.4";Канализация;1.0;2.0;"Посадка (кустарник) допустима. Определяющее ограничение — канализация: требуется не менее 1.0 м, фактически 2.0 м (СП 42.13330.2016, таблица 9.1; ППМ № 743-ПП, прил. 1, п. 3.6.3, табл. 3.6.1 (МГСН 1.01-99); ППМ № 623-ПП (МГСН 1.02-02), п. 4.2.4). Прочие проверенные отступы: существующее сохраняемое дерево (от ствола) — 14.14 м при норме 1.0 м; водопровод, дренаж — 22.0 м при норме 1.0 м; газопровод — 22.0 м при норме 1.0 м."
S-0749;кустарник;Барбарис Тунберга;68.125;52.375;Проектное допущение;смыкание крон, сохранение насаждений по ППМ № 743-ПП;Существующее сохраняемое дерево (от ствола);1.0;2.25;"Посадка (кустарник) допустима. Определяющее ограничение — существующее сохраняемое дерево (от ствола): требуется не менее 1.0 м, фактически 2.25 м (Проектное допущение, смыкание крон, сохранение насаждений по ППМ № 743-ПП). Прочие проверенные отступы: газопровод — 8.0 м при норме 1.0 м; канализация — 12.0 м при норме 1.0 м; водопровод, дренаж — 22.25 м при норме 1.0 м."
S-0750;кустарник;Барбарис Тунберга;47.625;52.625;СП 42.13330.2016;"таблица 9.1; ППМ № 743-ПП, прил. 1, п. 3.6.3, табл. 3.6.1 (МГСН 1.01-99); ППМ № 623-ПП (МГСН 1.02-02), п. 4.2.4";Наружная стена здания и сооружения;1.5;2.5;"Посадка (кустарник) допустима. Определяющее ограничение — наружная стена здания и сооружения: требуется не менее 1.5 м, фактически 2.5 м (СП 42.13330.2016, таблица 9.1; ППМ № 743-ПП, прил. 1, п. 3.6.3, табл. 3.6.1 (МГСН 1.01-99); ППМ № 623-ПП (МГСН 1.02-02), п. 4.2.4). Прочие проверенные отступы: газопровод — 12.5 м при норме 1.0 м; существующее сохраняемое дерево (от ствола) — 19.04 м при норме 1.0 м; водопровод, дренаж — 22.5 м при норме 1.0 м."
S-0751;кустарник;Барбарис Тунберга;50.375;52.625;СП 42.13330.2016;"таблица 9.1; ППМ № 743-ПП, прил. 1, п. 3.6.3, табл. 3.6.1 (МГСН 1.01-99); ППМ № 623-ПП (МГСН 1.02-02), п. 4.2.4";Наружная стена здания и сооружения;1.5;5.25;"Посадка (кустарник) допустима. Определяющее ограничение — наружная стена здания и сооружения: требуется не менее 1.5 м, фактически 5.25 м (СП 42.13330.2016, таблица 9.1; ППМ № 743-ПП, прил. 1, п. 3.6.3, табл. 3.6.1 (МГСН 1.01-99); ППМ № 623-ПП (МГСН 1.02-02), п. 4.2.4). Прочие проверенные отступы: газопровод — 9.75 м при норме 1.0 м; существующее сохраняемое дерево (от ствола) — 17.93 м при норме 1.0 м; водопровод, дренаж — 22.5 м при норме 1.0 м."
S-0752;кустарник;Барбарис Тунберга;62.125;52.625;СП 42.13330.2016;"таблица 9.1; ППМ № 743-ПП, прил. 1, п. 3.6.3, табл. 3.6.1 (МГСН 1.01-99); ППМ № 623-ПП (МГСН 1.02-02), п. 4.2.4";Газопровод;1.0;2.0;"Посадка (кустарник) допустима. Определяющее ограничение — газопровод: требуется не менее 1.0 м, фактически 2.0 м (СП 42.13330.2016, таблица 9.1; ППМ № 743-ПП, прил. 1, п. 3.6.3, табл. 3.6.1 (МГСН 1.01-99); ППМ № 623-ПП (МГСН 1.02-02), п. 4.2.4). Прочие проверенные отступы: существующее сохраняемое дерево (от ствола) — 6.5 м при норме 1.0 м; наружная стена здания и сооружения — 17.0 м при норме 1.5 м; канализация — 18.0 м при норме 1.0 м."
S-0753;кустарник;Барбарис Тунберга;4.625;52.875;СП 42.13330.2016;"таблица 9.1; ППМ № 743-ПП, прил. 1, п. 3.6.3, табл. 3.6.1 (МГСН 1.01-99); ППМ № 623-ПП (МГСН 1.02-02), п. 4.2.4";Наружная стена здания и сооружения;1.5;5.5;"Посадка (кустарник) допустима. Определяющее ограничение — наружная стена здания и сооружения: требуется не менее 1.5 м, фактически 5.5 м (СП 42.13330.2016, таблица 9.1; ППМ № 743-ПП, прил. 1, п. 3.6.3, табл. 3.6.1 (МГСН 1.01-99); ППМ № 623-ПП (МГСН 1.02-02), п. 4.2.4). Прочие проверенные отступы: газопровод — 18.75 м при норме 1.0 м; водопровод, дренаж — 22.75 м при норме 1.0 м; силовой кабель и кабель связи — 26.75 м при норме 0.7 м."
S-0754;кустарник;Барбарис Тунберга;7.625;52.875;СП 42.13330.2016;"таблица 9.1; ППМ № 743-ПП, прил. 1, п. 3.6.3, табл. 3.6.1 (МГСН 1.01-99); ППМ № 623-ПП (МГСН 1.02-02), п. 4.2.4";Наружная стена здания и сооружения;1.5;2.5;"Посадка (кустарник) допустима. Определяющее ограничение — наружная стена здания и сооружения: требуется не менее 1.5 м, фактически 2.5 м (СП 42.13330.2016, таблица 9.1; ППМ № 743-ПП, прил. 1, п. 3.6.3, табл. 3.6.1 (МГСН 1.01-99); ППМ № 623-ПП (МГСН 1.02-02), п. 4.2.4). Прочие проверенные отступы: газопровод — 18.75 м при норме 1.0 м; водопровод, дренаж — 22.75 м при норме 1.0 м; силовой кабель и кабель связи — 26.75 м при норме 0.7 м."
S-0755;кустарник;Барбарис Тунберга;65.125;52.875;Проектное допущение;смыкание крон, сохранение насаждений по ППМ № 743-ПП;Существующее сохраняемое дерево (от ствола);1.0;4.07;"Посадка (кустарник) допустима. Определяющее ограничение — существующее сохраняемое дерево (от ствола): требуется не менее 1.0 м, фактически 4.07 м (Проектное допущение, смыкание крон, сохранение насаждений по ППМ № 743-ПП). Прочие проверенные отступы: газопровод — 5.0 м при норме 1.0 м; канализация — 15.0 м при норме 1.0 м; наружная стена здания и сооружения — 20.0 м при норме 1.5 м."
S-0756;кустарник;Барбарис Тунберга;70.125;53.125;Проектное допущение;смыкание крон, сохранение насаждений по ППМ № 743-ПП;Существующее сохраняемое дерево (от ствола);1.0;3.61;"Посадка (кустарник) допустима. Определяющее ограничение — существующее сохраняемое дерево (от ствола): требуется не менее 1.0 м, фактически 3.61 м (Проектное допущение, смыкание крон, сохранение насаждений по ППМ № 743-ПП). Прочие проверенные отступы: газопровод — 10.0 м при норме 1.0 м; канализация — 10.0 м при норме 1.0 м; водопровод, дренаж — 23.0 м при норме 1.0 м."
S-0757;кустарник;Барбарис Тунберга;78.125;53.125;СП 42.13330.2016;"таблица 9.1; ППМ № 743-ПП, прил. 1, п. 3.6.3, табл. 3.6.1 (МГСН 1.01-99); ППМ № 623-ПП (МГСН 1.02-02), п. 4.2.4";Канализация;1.0;2.0;"Посадка (кустарник) допустима. Определяющее ограничение — канализация: требуется не менее 1.0 м, фактически 2.0 м (СП 42.13330.2016, таблица 9.1; ППМ № 743-ПП, прил. 1, п. 3.6.3, табл. 3.6.1 (МГСН 1.01-99); ППМ № 623-ПП (МГСН 1.02-02), п. 4.2.4). Прочие проверенные отступы: существующее сохраняемое дерево (от ствола) — 10.44 м при норме 1.0 м; газопровод — 18.0 м при норме 1.0 м; водопровод, дренаж — 23.0 м при норме 1.0 м."
S-0758;кустарник;Барбарис Тунберга;58.125;53.625;СП 42.13330.2016;"таблица 9.1; ППМ № 743-ПП, прил. 1, п. 3.6.3, табл. 3.6.1 (МГСН 1.01-99); ППМ № 623-ПП (МГСН 1.02-02), п. 4.2.4";Газопровод;1.0;2.0;"Посадка (кустарник) допустима. Определяющее ограничение — газопровод: требуется не менее 1.0 м, фактически 2.0 м (СП 42.13330.2016, таблица 9.1; ППМ № 743-ПП, прил. 1, п. 3.6.3, табл. 3.6.1 (МГСН 1.01-99); ППМ № 623-ПП (МГСН 1.02-02), п. 4.2.4). Прочие проверенные отступы: существующее сохраняемое дерево (от ствола) — 10.59 м при норме 1.0 м; наружная стена здания и сооружения — 13.0 м при норме 1.5 м; канализация — 22.0 м при норме 1.0 м."
S-0759;кустарник;Барбарис Тунберга;6.125;53.875;СП 42.13330.2016;"таблица 9.1; ППМ № 743-ПП, прил. 1, п. 3.6.3, табл. 3.6.1 (МГСН 1.01-99); ППМ № 623-ПП (МГСН 1.02-02), п. 4.2.4";Наружная стена здания и сооружения;1.5;4.0;"Посадка (кустарник) допустима. Определяющее ограничение — наружная стена здания и сооружения: требуется не менее 1.5 м, фактически 4.0 м (СП 42.13330.2016, таблица 9.1; ППМ № 743-ПП, прил. 1, п. 3.6.3, табл. 3.6.1 (МГСН 1.01-99); ППМ № 623-ПП (МГСН 1.02-02), п. 4.2.4). Прочие проверенные отступы: газопровод — 19.75 м при норме 1.0 м; водопровод, дренаж — 23.75 м при норме 1.0 м; силовой кабель и кабель связи — 27.75 м при норме 0.7 м."
S-0760;кустарник;Барбарис Тунберга;66.625;53.875;Проектное допущение;смыкание крон, сохранение насаждений по ППМ № 743-ПП;Существующее сохраняемое дерево (от ствола);1.0;4.04;"Посадка (кустарник) допустима. Определяющее ограничение — существующее сохраняемое дерево (от ствола): требуется не менее 1.0 м, фактически 4.04 м (Проектное допущение, смыкание крон, сохранение насаждений по ППМ № 743-ПП). Прочие проверенные отступы: газопровод — 6.5 м при норме 1.0 м; канализация — 13.5 м при норме 1.0 м; наружная стена здания и сооружения — 21.5 м при норме 1.5 м."
S-0761;кустарник;Вейгела цветущая;48.625;54.125;СП 42.13330.2016;"таблица 9.1; ППМ № 743-ПП, прил. 1, п. 3.6.3, табл. 3.6.1 (МГСН 1.01-99); ППМ № 623-ПП (МГСН 1.02-02), п. 4.2.4";Наружная стена здания и сооружения;1.5;3.5;"Посадка (кустарник) допустима. Определяющее ограничение — наружная стена здания и сооружения: требуется не менее 1.5 м, фактически 3.5 м (СП 42.13330.2016, таблица 9.1; ППМ № 743-ПП, прил. 1, п. 3.6.3, табл. 3.6.1 (МГСН 1.01-99); ППМ № 623-ПП (МГСН 1.02-02), п. 4.2.4). Прочие проверенные отступы: газопровод — 11.5 м при норме 1.0 м; существующее сохраняемое дерево (от ствола) — 19.91 м при норме 1.0 м; водопровод, дренаж — 24.0 м при норме 1.0 м."
S-0762;кустарник;Вейгела цветущая;68.625;54.125;Проектное допущение;смыкание крон, сохранение насаждений по ППМ № 743-ПП;Существующее сохраняемое дерево (от ствола);1.0;4.03;"Посадка (кустарник) допустима. Определяющее ограничение — существующее сохраняемое дерево (от ствола): требуется не менее 1.0 м, фактически 4.03 м (Проектное допущение, смыкание крон, сохранение насаждений по ППМ № 743-ПП). Прочие проверенные отступы: газопровод — 8.5 м при норме 1.0 м; канализация — 11.5 м при норме 1.0 м; наружная стена здания и сооружения — 23.5 м при норме 1.5 м."
S-0763;кустарник;Вейгела цветущая;82.125;54.125;СП 42.13330.2016;"таблица 9.1; ППМ № 743-ПП, прил. 1, п. 3.6.3, табл. 3.6.1 (МГСН 1.01-99); ППМ № 623-ПП (МГСН 1.02-02), п. 4.2.4";Канализация;1.0;2.0;"Посадка (кустарник) допустима. Определяющее ограничение — канализация: требуется не менее 1.0 м, фактически 2.0 м (СП 42.13330.2016, таблица 9.1; ППМ № 743-ПП, прил. 1, п. 3.6.3, табл. 3.6.1 (МГСН 1.01-99); ППМ № 623-ПП (МГСН 1.02-02), п. 4.2.4). Прочие проверенные отступы: существующее сохраняемое дерево (от ствола) — 14.56 м при норме 1.0 м; газопровод — 22.0 м при норме 1.0 м; водопровод, дренаж — 24.0 м при норме 1.0 м."
S-0764;кустарник;Вейгела цветущая;50.375;54.625;СП 42.13330.2016;"таблица 9.1; ППМ № 743-ПП, прил. 1, п. 3.6.3, табл. 3.6.1 (МГСН 1.01-99); ППМ № 623-ПП (МГСН 1.02-02), п. 4.2.4";Наружная стена здания и сооружения;1.5;5.25;"Посадка (кустарник) допустима. Определяющее ограничение — наружная стена здания и сооружения: требуется не менее 1.5 м, фактически 5.25 м (СП 42.13330.2016, таблица 9.1; ППМ № 743-ПП, прил. 1, п. 3.6.3, табл. 3.6.1 (МГСН 1.01-99); ППМ № 623-ПП (МГСН 1.02-02), п. 4.2.4). Прочие проверенные отступы: газопровод — 9.75 м при норме 1.0 м; существующее сохраняемое дерево (от ствола) — 18.31 м при норме 1.0 м; водопровод, дренаж — 24.5 м при норме 1.0 м."
S-0765;кустарник;Вейгела цветущая;62.125;54.625;СП 42.13330.2016;"таблица 9.1; ППМ № 743-ПП, прил. 1, п. 3.6.3, табл. 3.6.1 (МГСН 1.01-99); ППМ № 623-ПП (МГСН 1.02-02), п. 4.2.4";Газопровод;1.0;2.0;"Посадка (кустарник) допустима. Определяющее ограничение — газопровод: требуется не менее 1.0 м, фактически 2.0 м (СП 42.13330.2016, таблица 9.1; ППМ № 743-ПП, прил. 1, п. 3.6.3, табл. 3.6.1 (МГСН 1.01-99); ППМ № 623-ПП (МГСН 1.02-02), п. 4.2.4). Прочие проверенные отступы: существующее сохраняемое дерево (от ствола) — 7.5 м при норме 1.0 м; наружная стена здания и сооружения — 17.0 м при норме 1.5 м; канализация — 18.0 м при норме 1.0 м."
S-0766;кустарник;Вейгела цветущая;4.625;54.875;СП 42.13330.2016;"таблица 9.1; ППМ № 743-ПП, прил. 1, п. 3.6.3, табл. 3.6.1 (МГСН 1.01-99); ППМ № 623-ПП (МГСН 1.02-02), п. 4.2.4";Наружная стена здания и сооружения;1.5;5.5;"Посадка (кустарник) допустима. Определяющее ограничение — наружная стена здания и сооружения: требуется не менее 1.5 м, фактически 5.5 м (СП 42.13330.2016, таблица 9.1; ППМ № 743-ПП, прил. 1, п. 3.6.3, табл. 3.6.1 (МГСН 1.01-99); ППМ № 623-ПП (МГСН 1.02-02), п. 4.2.4). Прочие проверенные отступы: газопровод — 20.75 м при норме 1.0 м; водопровод, дренаж — 24.75 м при норме 1.0 м; силовой кабель и кабель связи — 28.75 м при норме 0.7 м."
S-0767;кустарник;Вейгела цветущая;7.625;54.875;СП 42.13330.2016;"таблица 9.1; ППМ № 743-ПП, прил. 1, п. 3.6.3, табл. 3.6.1 (МГСН 1.01-99); ППМ № 623-ПП (МГСН 1.02-02), п. 4.2.4";Наружная стена здания и сооружения;1.5;2.5;"Посадка (кустарник) допустима. Определяющее ограничение — наружная стена здания и сооружения: требуется не менее 1.5 м, фактически 2.5 м (СП 42.13330.2016, таблица 9.1; ППМ № 743-ПП, прил. 1, п. 3.6.3, табл. 3.6.1 (МГСН 1.01-99); ППМ № 623-ПП (МГСН 1.02-02), п. 4.2.4). Прочие проверенные отступы: газопровод — 20.75 м при норме 1.0 м; водопровод, дренаж — 24.75 м при норме 1.0 м; силовой кабель и кабель связи — 28.75 м при норме 0.7 м."
S-0768;кустарник;Вейгела цветущая;78.125;55.125;СП 42.13330.2016;"таблица 9.1; ППМ № 743-ПП, прил. 1, п. 3.6.3, табл. 3.6.1 (МГСН 1.01-99); ППМ № 623-ПП (МГСН 1.02-02), п. 4.2.4";Канализация;1.0;2.0;"Посадка (кустарник) допустима. Определяющее ограничение — канализация: требуется не менее 1.0 м, фактически 2.0 м (СП 42.13330.2016, таблица 9.1; ППМ № 743-ПП, прил. 1, п. 3.6.3, табл. 3.6.1 (МГСН 1.01-99); ППМ № 623-ПП (МГСН 1.02-02), п. 4.2.4). Прочие проверенные отступы: существующее сохраняемое дерево (от ствола) — 11.18 м при норме 1.0 м; газопровод — 18.0 м при норме 1.0 м; водопровод, дренаж — 25.0 м при норме 1.0 м."
S-0769;кустарник;Вейгела цветущая;47.625;55.625;СП 42.13330.2016;"таблица 9.1; ППМ № 743-ПП, прил. 1, п. 3.6.3, табл. 3.6.1 (МГСН 1.01-99); ППМ № 623-ПП (МГСН 1.02-02), п. 4.2.4";Наружная стена здания и сооружения;1.5;2.5;"Посадка (кустарник) допустима. Определяющее ограничение — наружная стена здания и сооружения: требуется не менее 1.5 м, фактически 2.5 м (СП 42.13330.2016, таблица 9.1; ППМ № 743-ПП, прил. 1, п. 3.6.3, табл. 3.6.1 (МГСН 1.01-99); ППМ № 623-ПП (МГСН 1.02-02), п. 4.2.4). Прочие проверенные отступы: газопровод — 12.5 м при норме 1.0 м; существующее сохраняемое дерево (от ствола) — 21.22 м при норме 1.0 м; водопровод, дренаж — 25.5 м при норме 1.0 м."
S-0770;кустарник;Вейгела цветущая;58.125;55.625;СП 42.13330.2016;"таблица 9.1; ППМ № 743-ПП, прил. 1, п. 3.6.3, табл. 3.6.1 (МГСН 1.01-99); ППМ № 623-ПП (МГСН 1.02-02), п. 4.2.4";Газопровод;1.0;2.0;"Посадка (кустарник) допустима. Определяющее ограничение — газопровод: требуется не менее 1.0 м, фактически 2.0 м (СП 42.13330.2016, таблица 9.1; ППМ № 743-ПП, прил. 1, п. 3.6.3, табл. 3.6.1 (МГСН 1.01-99); ППМ № 623-ПП (МГСН 1.02-02), п. 4.2.4). Прочие проверенные отступы: существующее сохраняемое дерево (от ствола) — 11.41 м при норме 1.0 м; наружная стена здания и сооружения — 13.0 м при норме 1.5 м; канализация — 22.0 м при норме 1.0 м."
S-0771;кустарник;Вейгела цветущая;6.125;55.875;СП 42.13330.2016;"таблица 9.1; ППМ № 743-ПП, прил. 1, п. 3.6.3, табл. 3.6.1 (МГСН 1.01-99); ППМ № 623-ПП (МГСН 1.02-02), п. 4.2.4";Наружная стена здания и сооружения;1.5;4.0;"Посадка (кустарник) допустима. Определяющее ограничение — наружная стена здания и сооружения: требуется не менее 1.5 м, фактически 4.0 м (СП 42.13330.2016, таблица 9.1; ППМ № 743-ПП, прил. 1, п. 3.6.3, табл. 3.6.1 (МГСН 1.01-99); ППМ № 623-ПП (МГСН 1.02-02), п. 4.2.4). Прочие проверенные отступы: газопровод — 21.75 м при норме 1.0 м; водопровод, дренаж — 25.75 м при норме 1.0 м; силовой кабель и кабель связи — 29.75 м при норме 0.7 м."
S-0772;кустарник;Вейгела цветущая;49.375;56.125;СП 42.13330.2016;"таблица 9.1; ППМ № 743-ПП, прил. 1, п. 3.6.3, табл. 3.6.1 (МГСН 1.01-99); ППМ № 623-ПП (МГСН 1.02-02), п. 4.2.4";Наружная стена здания и сооружения;1.5;4.25;"Посадка (кустарник) допустима. Определяющее ограничение — наружная стена здания и сооружения: требуется не менее 1.5 м, фактически 4.25 м (СП 42.13330.2016, таблица 9.1; ППМ № 743-ПП, прил. 1, п. 3.6.3, табл. 3.6.1 (МГСН 1.01-99); ППМ № 623-ПП (МГСН 1.02-02), п. 4.2.4). Прочие проверенные отступы: газопровод — 10.75 м при норме 1.0 м; существующее сохраняемое дерево (от ствола) — 19.69 м при норме 1.0 м; водопровод, дренаж — 26.0 м при норме 1.0 м."
S-0773;кустарник;Вейгела цветущая;82.125;56.125;СП 42.13330.2016;"таблица 9.1; ППМ № 743-ПП, прил. 1, п. 3.6.3, табл. 3.6.1 (МГСН 1.01-99); ППМ № 623-ПП (МГСН 1.02-02), п. 4.2.4";Канализация;1.0;2.0;"Посадка (кустарник) допустима. Определяющее ограничение — канализация: требуется не менее 1.0 м, фактически 2.0 м (СП 42.13330.2016, таблица 9.1; ППМ № 743-ПП, прил. 1, п. 3.6.3, табл. 3.6.1 (МГСН 1.01-99); ППМ № 623-ПП (МГСН 1.02-02), п. 4.2.4). Прочие проверенные отступы: существующее сохраняемое дерево (от ствола) — 15.23 м при норме 1.0 м; газопровод — 22.0 м при норме 1.0 м; водопровод, дренаж — 26.0 м при норме 1.0 м."
S-0774;кустарник;Вейгела цветущая;62.125;56.625;СП 42.13330.2016;"таблица 9.1; ППМ № 743-ПП, прил. 1, п. 3.6.3, табл. 3.6.1 (МГСН 1.01-99); ППМ № 623-ПП (МГСН 1.02-02), п. 4.2.4";Газопровод;1.0;2.0;"Посадка (кустарник) допустима. Определяющее ограничение — газопровод: требуется не менее 1.0 м, фактически 2.0 м (СП 42.13330.2016, таблица 9.1; ППМ № 743-ПП, прил. 1, п. 3.6.3, табл. 3.6.1 (МГСН 1.01-99); ППМ № 623-ПП (МГСН 1.02-02), п. 4.2.4). Прочие проверенные отступы: существующее сохраняемое дерево (от ствола) — 8.85 м при норме 1.0 м; наружная стена здания и сооружения — 17.01 м при норме 1.5 м; канализация — 18.0 м при норме 1.0 м."
S-0775;кустарник;Вейгела цветущая;7.625;56.875;СП 42.13330.2016;"таблица 9.1; ППМ № 743-ПП, прил. 1, п. 3.6.3, табл. 3.6.1 (МГСН 1.01-99); ППМ № 623-ПП (МГСН 1.02-02), п. 4.2.4";Наружная стена здания и сооружения;1.5;2.61;"Посадка (кустарник) допустима. Определяющее ограничение — наружная стена здания и сооружения: требуется не менее 1.5 м, фактически 2.61 м (СП 42.13330.2016, таблица 9.1; ППМ № 743-ПП, прил. 1, п. 3.6.3, табл. 3.6.1 (МГСН 1.01-99); ППМ № 623-ПП (МГСН 1.02-02), п. 4.2.4). Прочие проверенные отступы: газопровод — 22.75 м при норме 1.0 м; водопровод, дренаж — 26.75 м при норме 1.0 м."
S-0776;кустарник;Вейгела цветущая;78.125;57.125;СП 42.13330.2016;"таблица 9.1; ППМ № 743-ПП, прил. 1, п. 3.6.3, табл. 3.6.1 (МГСН 1.01-99); ППМ № 623-ПП (МГСН 1.02-02), п. 4.2.4";Канализация;1.0;2.0;"Посадка (кустарник) допустима. Определяющее ограничение — канализация: требуется не менее 1.0 м, фактически 2.0 м (СП 42.13330.2016, таблица 9.1; ППМ № 743-ПП, прил. 1, п. 3.6.3, табл. 3.6.1 (МГСН 1.01-99); ППМ № 623-ПП (МГСН 1.02-02), п. 4.2.4). Прочие проверенные отступы: существующее сохраняемое дерево (от ствола) — 12.21 м при норме 1.0 м; газопровод — 18.0 м при норме 1.0 м; водопровод, дренаж — 27.0 м при норме 1.0 м."
S-0777;кустарник;Вейгела цветущая;4.875;57.375;СП 42.13330.2016;"таблица 9.1; ППМ № 743-ПП, прил. 1, п. 3.6.3, табл. 3.6.1 (МГСН 1.01-99); ППМ № 623-ПП (МГСН 1.02-02), п. 4.2.4";Наружная стена здания и сооружения;1.5;5.4;"Посадка (кустарник) допустима. Определяющее ограничение — наружная стена здания и сооружения: требуется не менее 1.5 м, фактически 5.4 м (СП 42.13330.2016, таблица 9.1; ППМ № 743-ПП, прил. 1, п. 3.6.3, табл. 3.6.1 (МГСН 1.01-99); ППМ № 623-ПП (МГСН 1.02-02), п. 4.2.4). Прочие проверенные отступы: газопровод — 23.25 м при норме 1.0 м; водопровод, дренаж — 27.25 м при норме 1.0 м."
S-0778;кустарник;Вейгела цветущая;47.125;57.375;СП 42.13330.2016;"таблица 9.1; ППМ № 743-ПП, прил. 1, п. 3.6.3, табл. 3.6.1 (МГСН 1.01-99); ППМ № 623-ПП (МГСН 1.02-02), п. 4.2.4";Наружная стена здания и сооружения;1.5;2.36;"Посадка (кустарник) допустима. Определяющее ограничение — наружная стена здания и сооружения: требуется не менее 1.5 м, фактически 2.36 м (СП 42.13330.2016, таблица 9.1; ППМ № 743-ПП, прил. 1, п. 3.6.3, табл. 3.6.1 (МГСН 1.01-99); ППМ № 623-ПП (МГСН 1.02-02), п. 4.2.4). Прочие проверенные отступы: газопровод — 13.0 м при норме 1.0 м; существующее сохраняемое дерево (от ствола) — 22.22 м при норме 1.0 м; водопровод, дренаж — 27.25 м при норме 1.0 м."
S-0779;кустарник;Вейгела цветущая;50.375;57.625;СП 42.13330.2016;"таблица 9.1; ППМ № 743-ПП, прил. 1, п. 3.6.3, табл. 3.6.1 (МГСН 1.01-99); ППМ № 623-ПП (МГСН 1.02-02), п. 4.2.4";Наружная стена здания и сооружения;1.5;5.46;"Посадка (кустарник) допустима. Определяющее ограничение — наружная стена здания и сооружения: требуется не менее 1.5 м, фактически 5.46 м (СП 42.13330.2016, таблица 9.1; ППМ № 743-ПП, прил. 1, п. 3.6.3, табл. 3.6.1 (МГСН 1.01-99); ППМ № 623-ПП (МГСН 1.02-02), п. 4.2.4). Прочие проверенные отступы: газопровод — 9.75 м при норме 1.0 м; существующее сохраняемое дерево (от ствола) — 19.27 м при норме 1.0 м; водопровод, дренаж — 27.5 м при норме 1.0 м."
S-0780;кустарник;Вейгела цветущая;58.125;57.625;СП 42.13330.2016;"таблица 9.1; ППМ № 743-ПП, прил. 1, п. 3.6.3, табл. 3.6.1 (МГСН 1.01-99); ППМ № 623-ПП (МГСН 1.02-02), п. 4.2.4";Газопровод;1.0;2.0;"Посадка (кустарник) допустима. Определяющее ограничение — газопровод: требуется не менее 1.0 м, фактически 2.0 м (СП 42.13330.2016, таблица 9.1; ППМ № 743-ПП, прил. 1, п. 3.6.3, табл. 3.6.1 (МГСН 1.01-99); ППМ № 623-ПП (МГСН 1.02-02), п. 4.2.4). Прочие проверенные отступы: существующее сохраняемое дерево (от ствола) — 12.5 м при норме 1.0 м; наружная стена здания и сооружения — 13.09 м при норме 1.5 м; канализация — 22.0 м при норме 1.0 м."
S-0781;кустарник;Вейгела цветущая;82.125;58.125;СП 42.13330.2016;"таблица 9.1; ППМ № 743-ПП, прил. 1, п. 3.6.3, табл. 3.6.1 (МГСН 1.01-99); ППМ № 623-ПП (МГСН 1.02-02), п. 4.2.4";Канализация;1.0;2.0;"Посадка (кустарник) допустима. Определяющее ограничение — канализация: требуется не менее 1.0 м, фактически 2.0 м (СП 42.13330.2016, таблица 9.1; ППМ № 743-ПП, прил. 1, п. 3.6.3, табл. 3.6.1 (МГСН 1.01-99); ППМ № 623-ПП (МГСН 1.02-02), п. 4.2.4). Прочие проверенные отступы: существующее сохраняемое дерево (от ствола) — 16.12 м при норме 1.0 м; газопровод — 22.0 м при норме 1.0 м; водопровод, дренаж — 28.0 м при норме 1.0 м."
S-0782;кустарник;Вейгела цветущая;6.375;58.375;СП 42.13330.2016;"таблица 9.1; ППМ № 743-ПП, прил. 1, п. 3.6.3, табл. 3.6.1 (МГСН 1.01-99); ППМ № 623-ПП (МГСН 1.02-02), п. 4.2.4";Наружная стена здания и сооружения;1.5;4.37;"Посадка (кустарник) допустима. Определяющее ограничение — наружная стена здания и сооружения: требуется не менее 1.5 м, фактически 4.37 м (СП 42.13330.2016, таблица 9.1; ППМ № 743-ПП, прил. 1, п. 3.6.3, табл. 3.6.1 (МГСН 1.01-99); ППМ № 623-ПП (МГСН 1.02-02), п. 4.2.4). Прочие проверенные отступы: газопровод — 24.25 м при норме 1.0 м; водопровод, дренаж — 28.25 м при норме 1.0 м."
S-0783;кустарник;Вейгела цветущая;8.625;58.375;СП 42.13330.2016;"таблица 9.1; ППМ № 743-ПП, прил. 1, п. 3.6.3, табл. 3.6.1 (МГСН 1.01-99); ППМ № 623-ПП (МГСН 1.02-02), п. 4.2.4";Наружная стена здания и сооружения;1.5;2.7;"Посадка (кустарник) допустима. Определяющее ограничение — наружная стена здания и сооружения: требуется не менее 1.5 м, фактически 2.7 м (СП 42.13330.2016, таблица 9.1; ППМ № 743-ПП, прил. 1, п. 3.6.3, табл. 3.6.1 (МГСН 1.01-99); ППМ № 623-ПП (МГСН 1.02-02), п. 4.2.4). Прочие проверенные отступы: газопровод — 24.25 м при норме 1.0 м; водопровод, дренаж — 28.25 м при норме 1.0 м."
S-0784;кустарник;Вейгела цветущая;48.625;58.375;СП 42.13330.2016;"таблица 9.1; ППМ № 743-ПП, прил. 1, п. 3.6.3, табл. 3.6.1 (МГСН 1.01-99); ППМ № 623-ПП (МГСН 1.02-02), п. 4.2.4";Наружная стена здания и сооружения;1.5;4.16;"Посадка (кустарник) допустима. Определяющее ограничение — наружная стена здания и сооружения: требуется не менее 1.5 м, фактически 4.16 м (СП 42.13330.2016, таблица 9.1; ППМ № 743-ПП, прил. 1, п. 3.6.3, табл. 3.6.1 (МГСН 1.01-99); ППМ № 623-ПП (МГСН 1.02-02), п. 4.2.4). Прочие проверенные отступы: газопровод — 11.5 м при норме 1.0 м; существующее сохраняемое дерево (от ствола) — 21.17 м при норме 1.0 м; водопровод, дренаж — 28.25 м при норме 1.0 м."
S-0785;кустарник;Вейгела цветущая;10.625;58.625;СП 42.13330.2016;"таблица 9.1; ППМ № 743-ПП, прил. 1, п. 3.6.3, табл. 3.6.1 (МГСН 1.01-99); ППМ № 623-ПП (МГСН 1.02-02), п. 4.2.4";Наружная стена здания и сооружения;1.5;2.5;"Посадка (кустарник) допустима. Определяющее ограничение — наружная стена здания и сооружения: требуется не менее 1.5 м, фактически 2.5 м (СП 42.13330.2016, таблица 9.1; ППМ № 743-ПП, прил. 1, п. 3.6.3, табл. 3.6.1 (МГСН 1.01-99); ППМ № 623-ПП (МГСН 1.02-02), п. 4.2.4). Прочие проверенные отступы: газопровод — 24.5 м при норме 1.0 м; водопровод, дренаж — 28.5 м при норме 1.0 м."
S-0786;кустарник;Вейгела цветущая;12.625;58.625;СП 42.13330.2016;"таблица 9.1; ППМ № 743-ПП, прил. 1, п. 3.6.3, табл. 3.6.1 (МГСН 1.01-99); ППМ № 623-ПП (МГСН 1.02-02), п. 4.2.4";Наружная стена здания и сооружения;1.5;2.5;"Посадка (кустарник) допустима. Определяющее ограничение — наружная стена здания и сооружения: требуется не менее 1.5 м, фактически 2.5 м (СП 42.13330.2016, таблица 9.1; ППМ № 743-ПП, прил. 1, п. 3.6.3, табл. 3.6.1 (МГСН 1.01-99); ППМ № 623-ПП (МГСН 1.02-02), п. 4.2.4). Прочие проверенные отступы: газопровод — 24.5 м при норме 1.0 м; водопровод, дренаж — 28.5 м при норме 1.0 м."
S-0787;кустарник;Вейгела цветущая;14.625;58.625;СП 42.13330.2016;"таблица 9.1; ППМ № 743-ПП, прил. 1, п. 3.6.3, табл. 3.6.1 (МГСН 1.01-99); ППМ № 623-ПП (МГСН 1.02-02), п. 4.2.4";Наружная стена здания и сооружения;1.5;2.5;"Посадка (кустарник) допустима. Определяющее ограничение — наружная стена здания и сооружения: требуется не менее 1.5 м, фактически 2.5 м (СП 42.13330.2016, таблица 9.1; ППМ № 743-ПП, прил. 1, п. 3.6.3, табл. 3.6.1 (МГСН 1.01-99); ППМ № 623-ПП (МГСН 1.02-02), п. 4.2.4). Прочие проверенные отступы: газопровод — 24.5 м при норме 1.0 м; водопровод, дренаж — 28.5 м при норме 1.0 м."
S-0788;кустарник;Вейгела цветущая;16.625;58.625;СП 42.13330.2016;"таблица 9.1; ППМ № 743-ПП, прил. 1, п. 3.6.3, табл. 3.6.1 (МГСН 1.01-99); ППМ № 623-ПП (МГСН 1.02-02), п. 4.2.4";Наружная стена здания и сооружения;1.5;2.5;"Посадка (кустарник) допустима. Определяющее ограничение — наружная стена здания и сооружения: требуется не менее 1.5 м, фактически 2.5 м (СП 42.13330.2016, таблица 9.1; ППМ № 743-ПП, прил. 1, п. 3.6.3, табл. 3.6.1 (МГСН 1.01-99); ППМ № 623-ПП (МГСН 1.02-02), п. 4.2.4). Прочие проверенные отступы: газопровод — 24.5 м при норме 1.0 м; водопровод, дренаж — 28.5 м при норме 1.0 м."
S-0789;кустарник;Вейгела цветущая;18.625;58.625;СП 42.13330.2016;"таблица 9.1; ППМ № 743-ПП, прил. 1, п. 3.6.3, табл. 3.6.1 (МГСН 1.01-99); ППМ № 623-ПП (МГСН 1.02-02), п. 4.2.4";Наружная стена здания и сооружения;1.5;2.5;"Посадка (кустарник) допустима. Определяющее ограничение — наружная стена здания и сооружения: требуется не менее 1.5 м, фактически 2.5 м (СП 42.13330.2016, таблица 9.1; ППМ № 743-ПП, прил. 1, п. 3.6.3, табл. 3.6.1 (МГСН 1.01-99); ППМ № 623-ПП (МГСН 1.02-02), п. 4.2.4). Прочие проверенные отступы: газопровод — 24.5 м при норме 1.0 м; водопровод, дренаж — 28.5 м при норме 1.0 м."
S-0790;кустарник;Вейгела цветущая;20.625;58.625;СП 42.13330.2016;"таблица 9.1; ППМ № 743-ПП, прил. 1, п. 3.6.3, табл. 3.6.1 (МГСН 1.01-99); ППМ № 623-ПП (МГСН 1.02-02), п. 4.2.4";Наружная стена здания и сооружения;1.5;2.5;"Посадка (кустарник) допустима. Определяющее ограничение — наружная стена здания и сооружения: требуется не менее 1.5 м, фактически 2.5 м (СП 42.13330.2016, таблица 9.1; ППМ № 743-ПП, прил. 1, п. 3.6.3, табл. 3.6.1 (МГСН 1.01-99); ППМ № 623-ПП (МГСН 1.02-02), п. 4.2.4). Прочие проверенные отступы: газопровод — 24.5 м при норме 1.0 м; водопровод, дренаж — 28.5 м при норме 1.0 м."
S-0791;кустарник;Вейгела цветущая;22.625;58.625;СП 42.13330.2016;"таблица 9.1; ППМ № 743-ПП, прил. 1, п. 3.6.3, табл. 3.6.1 (МГСН 1.01-99); ППМ № 623-ПП (МГСН 1.02-02), п. 4.2.4";Наружная стена здания и сооружения;1.5;2.5;"Посадка (кустарник) допустима. Определяющее ограничение — наружная стена здания и сооружения: требуется не менее 1.5 м, фактически 2.5 м (СП 42.13330.2016, таблица 9.1; ППМ № 743-ПП, прил. 1, п. 3.6.3, табл. 3.6.1 (МГСН 1.01-99); ППМ № 623-ПП (МГСН 1.02-02), п. 4.2.4). Прочие проверенные отступы: газопровод — 24.5 м при норме 1.0 м; водопровод, дренаж — 28.5 м при норме 1.0 м."
S-0792;кустарник;Вейгела цветущая;24.625;58.625;СП 42.13330.2016;"таблица 9.1; ППМ № 743-ПП, прил. 1, п. 3.6.3, табл. 3.6.1 (МГСН 1.01-99); ППМ № 623-ПП (МГСН 1.02-02), п. 4.2.4";Наружная стена здания и сооружения;1.5;2.5;"Посадка (кустарник) допустима. Определяющее ограничение — наружная стена здания и сооружения: требуется не менее 1.5 м, фактически 2.5 м (СП 42.13330.2016, таблица 9.1; ППМ № 743-ПП, прил. 1, п. 3.6.3, табл. 3.6.1 (МГСН 1.01-99); ППМ № 623-ПП (МГСН 1.02-02), п. 4.2.4). Прочие проверенные отступы: газопровод — 24.5 м при норме 1.0 м; водопровод, дренаж — 28.5 м при норме 1.0 м."
S-0793;кустарник;Вейгела цветущая;26.625;58.625;СП 42.13330.2016;"таблица 9.1; ППМ № 743-ПП, прил. 1, п. 3.6.3, табл. 3.6.1 (МГСН 1.01-99); ППМ № 623-ПП (МГСН 1.02-02), п. 4.2.4";Наружная стена здания и сооружения;1.5;2.5;"Посадка (кустарник) допустима. Определяющее ограничение — наружная стена здания и сооружения: требуется не менее 1.5 м, фактически 2.5 м (СП 42.13330.2016, таблица 9.1; ППМ № 743-ПП, прил. 1, п. 3.6.3, табл. 3.6.1 (МГСН 1.01-99); ППМ № 623-ПП (МГСН 1.02-02), п. 4.2.4). Прочие проверенные отступы: газопровод — 24.5 м при норме 1.0 м; водопровод, дренаж — 28.5 м при норме 1.0 м."
S-0794;кустарник;Вейгела цветущая;28.625;58.625;СП 42.13330.2016;"таблица 9.1; ППМ № 743-ПП, прил. 1, п. 3.6.3, табл. 3.6.1 (МГСН 1.01-99); ППМ № 623-ПП (МГСН 1.02-02), п. 4.2.4";Наружная стена здания и сооружения;1.5;2.5;"Посадка (кустарник) допустима. Определяющее ограничение — наружная стена здания и сооружения: требуется не менее 1.5 м, фактически 2.5 м (СП 42.13330.2016, таблица 9.1; ППМ № 743-ПП, прил. 1, п. 3.6.3, табл. 3.6.1 (МГСН 1.01-99); ППМ № 623-ПП (МГСН 1.02-02), п. 4.2.4). Прочие проверенные отступы: газопровод — 24.5 м при норме 1.0 м; водопровод, дренаж — 28.5 м при норме 1.0 м."
S-0795;кустарник;Вейгела цветущая;30.625;58.625;СП 42.13330.2016;"таблица 9.1; ППМ № 743-ПП, прил. 1, п. 3.6.3, табл. 3.6.1 (МГСН 1.01-99); ППМ № 623-ПП (МГСН 1.02-02), п. 4.2.4";Наружная стена здания и сооружения;1.5;2.5;"Посадка (кустарник) допустима. Определяющее ограничение — наружная стена здания и сооружения: требуется не менее 1.5 м, фактически 2.5 м (СП 42.13330.2016, таблица 9.1; ППМ № 743-ПП, прил. 1, п. 3.6.3, табл. 3.6.1 (МГСН 1.01-99); ППМ № 623-ПП (МГСН 1.02-02), п. 4.2.4). Прочие проверенные отступы: газопровод — 24.5 м при норме 1.0 м; водопровод, дренаж — 28.5 м при норме 1.0 м."
S-0796;кустарник;Вейгела цветущая;32.625;58.625;СП 42.13330.2016;"таблица 9.1; ППМ № 743-ПП, прил. 1, п. 3.6.3, табл. 3.6.1 (МГСН 1.01-99); ППМ № 623-ПП (МГСН 1.02-02), п. 4.2.4";Наружная стена здания и сооружения;1.5;2.5;"Посадка (кустарник) допустима. Определяющее ограничение — наружная стена здания и сооружения: требуется не менее 1.5 м, фактически 2.5 м (СП 42.13330.2016, таблица 9.1; ППМ № 743-ПП, прил. 1, п. 3.6.3, табл. 3.6.1 (МГСН 1.01-99); ППМ № 623-ПП (МГСН 1.02-02), п. 4.2.4). Прочие проверенные отступы: газопровод — 24.5 м при норме 1.0 м; водопровод, дренаж — 28.5 м при норме 1.0 м."
S-0797;кустарник;Вейгела цветущая;34.625;58.625;СП 42.13330.2016;"таблица 9.1; ППМ № 743-ПП, прил. 1, п. 3.6.3, табл. 3.6.1 (МГСН 1.01-99); ППМ № 623-ПП (МГСН 1.02-02), п. 4.2.4";Наружная стена здания и сооружения;1.5;2.5;"Посадка (кустарник) допустима. Определяющее ограничение — наружная стена здания и сооружения: требуется не менее 1.5 м, фактически 2.5 м (СП 42.13330.2016, таблица 9.1; ППМ № 743-ПП, прил. 1, п. 3.6.3, табл. 3.6.1 (МГСН 1.01-99); ППМ № 623-ПП (МГСН 1.02-02), п. 4.2.4). Прочие проверенные отступы: газопровод — 24.5 м при норме 1.0 м; водопровод, дренаж — 28.5 м при норме 1.0 м."
S-0798;кустарник;Вейгела цветущая;36.625;58.625;СП 42.13330.2016;"таблица 9.1; ППМ № 743-ПП, прил. 1, п. 3.6.3, табл. 3.6.1 (МГСН 1.01-99); ППМ № 623-ПП (МГСН 1.02-02), п. 4.2.4";Наружная стена здания и сооружения;1.5;2.5;"Посадка (кустарник) допустима. Определяющее ограничение — наружная стена здания и сооружения: требуется не менее 1.5 м, фактически 2.5 м (СП 42.13330.2016, таблица 9.1; ППМ № 743-ПП, прил. 1, п. 3.6.3, табл. 3.6.1 (МГСН 1.01-99); ППМ № 623-ПП (МГСН 1.02-02), п. 4.2.4). Прочие проверенные отступы: газопровод — 23.5 м при норме 1.0 м; водопровод, дренаж — 28.5 м при норме 1.0 м; существующее сохраняемое дерево (от ствола) — 29.91 м при норме 1.0 м."
S-0799;кустарник;Вейгела цветущая;38.625;58.625;СП 42.13330.2016;"таблица 9.1; ППМ № 743-ПП, прил. 1, п. 3.6.3, табл. 3.6.1 (МГСН 1.01-99); ППМ № 623-ПП (МГСН 1.02-02), п. 4.2.4";Наружная стена здания и сооружения;1.5;2.5;"Посадка (кустарник) допустима. Определяющее ограничение — наружная стена здания и сооружения: требуется не менее 1.5 м, фактически 2.5 м (СП 42.13330.2016, таблица 9.1; ППМ № 743-ПП, прил. 1, п. 3.6.3, табл. 3.6.1 (МГСН 1.01-99); ППМ № 623-ПП (МГСН 1.02-02), п. 4.2.4). Прочие проверенные отступы: газопровод — 21.5 м при норме 1.0 м; водопровод, дренаж — 28.5 м при норме 1.0 м; существующее сохраняемое дерево (от ствола) — 28.71 м при норме 1.0 м."
S-0800;кустарник;Вейгела цветущая;40.625;58.625;СП 42.13330.2016;"таблица 9.1; ППМ № 743-ПП, прил. 1, п. 3.6.3, табл. 3.6.1 (МГСН 1.01-99); ППМ № 623-ПП (МГСН 1.02-02), п. 4.2.4";Наружная стена здания и сооружения;1.5;2.5;"Посадка (кустарник) допустима. Определяющее ограничение — наружная стена здания и сооружения: требуется не менее 1.5 м, фактически 2.5 м (СП 42.13330.2016, таблица 9.1; ППМ № 743-ПП, прил. 1, п. 3.6.3, табл. 3.6.1 (МГСН 1.01-99); ППМ № 623-ПП (МГСН 1.02-02), п. 4.2.4). Прочие проверенные отступы: газопровод — 19.5 м при норме 1.0 м; существующее сохраняемое дерево (от ствола) — 27.61 м при норме 1.0 м; водопровод, дренаж — 28.5 м при норме 1.0 м."
S-0801;кустарник;Туя западная 'Smaragd';42.625;58.625;СП 42.13330.2016;"таблица 9.1; ППМ № 743-ПП, прил. 1, п. 3.6.3, табл. 3.6.1 (МГСН 1.01-99); ППМ № 623-ПП (МГСН 1.02-02), п. 4.2.4";Наружная стена здания и сооружения;1.5;2.5;"Посадка (кустарник) допустима. Определяющее ограничение — наружная стена здания и сооружения: требуется не менее 1.5 м, фактически 2.5 м (СП 42.13330.2016, таблица 9.1; ППМ № 743-ПП, прил. 1, п. 3.6.3, табл. 3.6.1 (МГСН 1.01-99); ППМ № 623-ПП (МГСН 1.02-02), п. 4.2.4). Прочие проверенные отступы: газопровод — 17.5 м при норме 1.0 м; существующее сохраняемое дерево (от ствола) — 26.62 м при норме 1.0 м; водопровод, дренаж — 28.5 м при норме 1.0 м."
S-0802;кустарник;Туя западная 'Smaragd';44.625;58.625;СП 42.13330.2016;"таблица 9.1; ППМ № 743-ПП, прил. 1, п. 3.6.3, табл. 3.6.1 (МГСН 1.01-99); ППМ № 623-ПП (МГСН 1.02-02), п. 4.2.4";Наружная стена здания и сооружения;1.5;2.5;"Посадка (кустарник) допустима. Определяющее ограничение — наружная стена здания и сооружения: требуется не менее 1.5 м, фактически 2.5 м (СП 42.13330.2016, таблица 9.1; ППМ № 743-ПП, прил. 1, п. 3.6.3, табл. 3.6.1 (МГСН 1.01-99); ППМ № 623-ПП (МГСН 1.02-02), п. 4.2.4). Прочие проверенные отступы: газопровод — 15.5 м при норме 1.0 м; существующее сохраняемое дерево (от ствола) — 24.99 м при норме 1.0 м; водопровод, дренаж — 28.5 м при норме 1.0 м."
S-0803;кустарник;Туя западная 'Smaragd';62.125;58.625;СП 42.13330.2016;"таблица 9.1; ППМ № 743-ПП, прил. 1, п. 3.6.3, табл. 3.6.1 (МГСН 1.01-99); ППМ № 623-ПП (МГСН 1.02-02), п. 4.2.4";Газопровод;1.0;2.0;"Посадка (кустарник) допустима. Определяющее ограничение — газопровод: требуется не менее 1.0 м, фактически 2.0 м (СП 42.13330.2016, таблица 9.1; ППМ № 743-ПП, прил. 1, п. 3.6.3, табл. 3.6.1 (МГСН 1.01-99); ППМ № 623-ПП (МГСН 1.02-02), п. 4.2.4). Прочие проверенные отступы: существующее сохраняемое дерево (от ствола) — 10.4 м при норме 1.0 м; наружная стена здания и сооружения — 17.18 м при норме 1.5 м; канализация — 18.0 м при норме 1.0 м."
S-0804;кустарник;Туя западная 'Smaragd';46.375;59.125;СП 42.13330.2016;"таблица 9.1; ППМ № 743-ПП, прил. 1, п. 3.6.3, табл. 3.6.1 (МГСН 1.01-99); ППМ № 623-ПП (МГСН 1.02-02), п. 4.2.4";Наружная стена здания и сооружения;1.5;3.25;"Посадка (кустарник) допустима. Определяющее ограничение — наружная стена здания и сооружения: требуется не менее 1.5 м, фактически 3.25 м (СП 42.13330.2016, таблица 9.1; ППМ № 743-ПП, прил. 1, п. 3.6.3, табл. 3.6.1 (МГСН 1.01-99); ППМ № 623-ПП (МГСН 1.02-02), п. 4.2.4). Прочие проверенные отступы: газопровод — 13.75 м при норме 1.0 м; существующее сохраняемое дерево (от ствола) — 23.54 м при норме 1.0 м; водопровод, дренаж — 29.0 м при норме 1.0 м."
S-0805;кустарник;Туя западная 'Smaragd';78.125;59.125;СП 42.13330.2016;"таблица 9.1; ППМ № 743-ПП, прил. 1, п. 3.6.3, табл. 3.6.1 (МГСН 1.01-99); ППМ № 623-ПП (МГСН 1.02-02), п. 4.2.4";Канализация;1.0;2.0;"Посадка (кустарник) допустима. Определяющее ограничение — канализация: требуется не менее 1.0 м, фактически 2.0 м (СП 42.13330.2016, таблица 9.1; ППМ № 743-ПП, прил. 1, п. 3.6.3, табл. 3.6.1 (МГСН 1.01-99); ППМ № 623-ПП (МГСН 1.02-02), п. 4.2.4). Прочие проверенные отступы: существующее сохраняемое дерево (от ствола) — 13.45 м при норме 1.0 м; газопровод — 18.0 м при норме 1.0 м; водопровод, дренаж — 29.0 м при норме 1.0 м."
